Year,Höchster beruflicher Abschluss,Migrationshintergrund,Geschlecht,Units,Value
2025,Ohne Abschluss1),mit und ohne Migrationshintergrund,Insgesamt,%,21.3681062983007
2025,Abgeschlossene Berufsausbildung,mit und ohne Migrationshintergrund,Insgesamt,%,49.1450651729874
2025,Tertiärer Abschluss,mit und ohne Migrationshintergrund,Insgesamt,%,29.4868285287119
2024,Ohne Abschluss1),mit und ohne Migrationshintergrund,Insgesamt,%,24.8719514087932
2024,Abgeschlossene Berufsausbildung,mit und ohne Migrationshintergrund,Insgesamt,%,46.7814533903128
2024,Tertiärer Abschluss,mit und ohne Migrationshintergrund,Insgesamt,%,28.346595200894
2023,Ohne Abschluss1),mit und ohne Migrationshintergrund,Insgesamt,%,26.1978555872005
2023,Abgeschlossene Berufsausbildung,mit und ohne Migrationshintergrund,Insgesamt,%,46.4734461383816
2023,Tertiärer Abschluss,mit und ohne Migrationshintergrund,Insgesamt,%,27.3286982744178
2022,Ohne Abschluss1),mit und ohne Migrationshintergrund,Insgesamt,%,26.8960125097733
2022,Abgeschlossene Berufsausbildung,mit und ohne Migrationshintergrund,Insgesamt,%,47.0648521860406
2022,Tertiärer Abschluss,mit und ohne Migrationshintergrund,Insgesamt,%,26.0391353041861
2021,Ohne Abschluss1),mit und ohne Migrationshintergrund,Insgesamt,%,25.288056606597
2021,Abgeschlossene Berufsausbildung,mit und ohne Migrationshintergrund,Insgesamt,%,49.9230423908164
2021,Tertiärer Abschluss,mit und ohne Migrationshintergrund,Insgesamt,%,24.7889010025866
2019,Ohne Abschluss1),mit und ohne Migrationshintergrund,Insgesamt,%,21.64
2019,Abgeschlossene Berufsausbildung,mit und ohne Migrationshintergrund,Insgesamt,%,46.87
2019,Tertiärer Abschluss,mit und ohne Migrationshintergrund,Insgesamt,%,31.49
2018,Ohne Abschluss1),mit und ohne Migrationshintergrund,Insgesamt,%,21.82
2018,Abgeschlossene Berufsausbildung,mit und ohne Migrationshintergrund,Insgesamt,%,48.44
2018,Tertiärer Abschluss,mit und ohne Migrationshintergrund,Insgesamt,%,29.74
2017,Ohne Abschluss1),mit und ohne Migrationshintergrund,Insgesamt,%,21.83
2017,Abgeschlossene Berufsausbildung,mit und ohne Migrationshintergrund,Insgesamt,%,49.19
2017,Tertiärer Abschluss,mit und ohne Migrationshintergrund,Insgesamt,%,28.98
2016,Ohne Abschluss1),mit und ohne Migrationshintergrund,Insgesamt,%,22.14
2016,Abgeschlossene Berufsausbildung,mit und ohne Migrationshintergrund,Insgesamt,%,50.52
2016,Tertiärer Abschluss,mit und ohne Migrationshintergrund,Insgesamt,%,27.35
2015,Ohne Abschluss1),mit und ohne Migrationshintergrund,Insgesamt,%,19.34
2015,Abgeschlossene Berufsausbildung,mit und ohne Migrationshintergrund,Insgesamt,%,51.57
2015,Tertiärer Abschluss,mit und ohne Migrationshintergrund,Insgesamt,%,29.08
2014,Ohne Abschluss1),mit und ohne Migrationshintergrund,Insgesamt,%,19.53
2014,Abgeschlossene Berufsausbildung,mit und ohne Migrationshintergrund,Insgesamt,%,53.93
2014,Tertiärer Abschluss,mit und ohne Migrationshintergrund,Insgesamt,%,26.54
2013,Ohne Abschluss1),mit und ohne Migrationshintergrund,Insgesamt,%,19.95
2013,Abgeschlossene Berufsausbildung,mit und ohne Migrationshintergrund,Insgesamt,%,55.79
2013,Tertiärer Abschluss,mit und ohne Migrationshintergrund,Insgesamt,%,24.26
2012,Ohne Abschluss1),mit und ohne Migrationshintergrund,Insgesamt,%,19.93
2012,Abgeschlossene Berufsausbildung,mit und ohne Migrationshintergrund,Insgesamt,%,55.69
2012,Tertiärer Abschluss,mit und ohne Migrationshintergrund,Insgesamt,%,24.38
2011,Ohne Abschluss1),mit und ohne Migrationshintergrund,Insgesamt,%,19.59
2011,Abgeschlossene Berufsausbildung,mit und ohne Migrationshintergrund,Insgesamt,%,57.59
2011,Tertiärer Abschluss,mit und ohne Migrationshintergrund,Insgesamt,%,22.82
2005,Ohne Abschluss1),mit und ohne Migrationshintergrund,Insgesamt,%,24.1544454209996
2005,Abgeschlossene Berufsausbildung,mit und ohne Migrationshintergrund,Insgesamt,%,58.9145618861606
2005,Tertiärer Abschluss,mit und ohne Migrationshintergrund,Insgesamt,%,16.9309926928397
2025,Ohne Abschluss1),mit und ohne Migrationshintergrund,Männer,%,24.2059255976958
2025,Abgeschlossene Berufsausbildung,mit und ohne Migrationshintergrund,Männer,%,49.8318193719914
2025,Tertiärer Abschluss,mit und ohne Migrationshintergrund,Männer,%,25.9622550303128
2024,Ohne Abschluss1),mit und ohne Migrationshintergrund,Männer,%,27.1917234780529
2024,Abgeschlossene Berufsausbildung,mit und ohne Migrationshintergrund,Männer,%,48.1202408005422
2024,Tertiärer Abschluss,mit und ohne Migrationshintergrund,Männer,%,24.6880357214049
2023,Ohne Abschluss1),mit und ohne Migrationshintergrund,Männer,%,27.4257525420316
2023,Abgeschlossene Berufsausbildung,mit und ohne Migrationshintergrund,Männer,%,48.4143763213531
2023,Tertiärer Abschluss,mit und ohne Migrationshintergrund,Männer,%,24.1598711366153
2022,Ohne Abschluss1),mit und ohne Migrationshintergrund,Männer,%,28.540175833163
2022,Abgeschlossene Berufsausbildung,mit und ohne Migrationshintergrund,Männer,%,47.7898180331221
2022,Tertiärer Abschluss,mit und ohne Migrationshintergrund,Männer,%,23.670006133715
2021,Ohne Abschluss1),mit und ohne Migrationshintergrund,Männer,%,27.7355202460277
2021,Abgeschlossene Berufsausbildung,mit und ohne Migrationshintergrund,Männer,%,49.7488467452588
2021,Tertiärer Abschluss,mit und ohne Migrationshintergrund,Männer,%,22.5176832393644
2019,Ohne Abschluss1),mit und ohne Migrationshintergrund,Männer,%,23.17
2019,Abgeschlossene Berufsausbildung,mit und ohne Migrationshintergrund,Männer,%,48.72
2019,Tertiärer Abschluss,mit und ohne Migrationshintergrund,Männer,%,28.11
2018,Ohne Abschluss1),mit und ohne Migrationshintergrund,Männer,%,23.59
2018,Abgeschlossene Berufsausbildung,mit und ohne Migrationshintergrund,Männer,%,50.1
2018,Tertiärer Abschluss,mit und ohne Migrationshintergrund,Männer,%,26.32
2017,Ohne Abschluss1),mit und ohne Migrationshintergrund,Männer,%,23.47
2017,Abgeschlossene Berufsausbildung,mit und ohne Migrationshintergrund,Männer,%,50.81
2017,Tertiärer Abschluss,mit und ohne Migrationshintergrund,Männer,%,25.72
2016,Ohne Abschluss1),mit und ohne Migrationshintergrund,Männer,%,23.92
2016,Abgeschlossene Berufsausbildung,mit und ohne Migrationshintergrund,Männer,%,51.29
2016,Tertiärer Abschluss,mit und ohne Migrationshintergrund,Männer,%,24.79
2015,Ohne Abschluss1),mit und ohne Migrationshintergrund,Männer,%,20.13
2015,Abgeschlossene Berufsausbildung,mit und ohne Migrationshintergrund,Männer,%,53.84
2015,Tertiärer Abschluss,mit und ohne Migrationshintergrund,Männer,%,26.03
2014,Ohne Abschluss1),mit und ohne Migrationshintergrund,Männer,%,20.1
2014,Abgeschlossene Berufsausbildung,mit und ohne Migrationshintergrund,Männer,%,55.86
2014,Tertiärer Abschluss,mit und ohne Migrationshintergrund,Männer,%,24.05
2013,Ohne Abschluss1),mit und ohne Migrationshintergrund,Männer,%,20.03
2013,Abgeschlossene Berufsausbildung,mit und ohne Migrationshintergrund,Männer,%,56.53
2013,Tertiärer Abschluss,mit und ohne Migrationshintergrund,Männer,%,23.43
2012,Ohne Abschluss1),mit und ohne Migrationshintergrund,Männer,%,20.06
2012,Abgeschlossene Berufsausbildung,mit und ohne Migrationshintergrund,Männer,%,56.79
2012,Tertiärer Abschluss,mit und ohne Migrationshintergrund,Männer,%,23.15
2011,Ohne Abschluss1),mit und ohne Migrationshintergrund,Männer,%,20.45
2011,Abgeschlossene Berufsausbildung,mit und ohne Migrationshintergrund,Männer,%,58.22
2011,Tertiärer Abschluss,mit und ohne Migrationshintergrund,Männer,%,21.33
2005,Ohne Abschluss1),mit und ohne Migrationshintergrund,Männer,%,22.719256399342
2005,Abgeschlossene Berufsausbildung,mit und ohne Migrationshintergrund,Männer,%,59.5185574678739
2005,Tertiärer Abschluss,mit und ohne Migrationshintergrund,Männer,%,17.7621861327841
2025,Ohne Abschluss1),mit und ohne Migrationshintergrund,Frauen,%,18.2598336605705
2025,Abgeschlossene Berufsausbildung,mit und ohne Migrationshintergrund,Frauen,%,48.3928610823093
2025,Tertiärer Abschluss,mit und ohne Migrationshintergrund,Frauen,%,33.3473052571202
2024,Ohne Abschluss1),mit und ohne Migrationshintergrund,Frauen,%,22.3663826491092
2024,Abgeschlossene Berufsausbildung,mit und ohne Migrationshintergrund,Frauen,%,45.3373784318788
2024,Tertiärer Abschluss,mit und ohne Migrationshintergrund,Frauen,%,32.296238919012
2023,Ohne Abschluss1),mit und ohne Migrationshintergrund,Frauen,%,24.8674709308667
2023,Abgeschlossene Berufsausbildung,mit und ohne Migrationshintergrund,Frauen,%,44.3705141909727
2023,Tertiärer Abschluss,mit und ohne Migrationshintergrund,Frauen,%,30.7620148781605
2022,Ohne Abschluss1),mit und ohne Migrationshintergrund,Frauen,%,25.1393838686403
2022,Abgeschlossene Berufsausbildung,mit und ohne Migrationshintergrund,Frauen,%,46.2885628703238
2022,Tertiärer Abschluss,mit und ohne Migrationshintergrund,Frauen,%,28.5720532610359
2021,Ohne Abschluss1),mit und ohne Migrationshintergrund,Frauen,%,22.6229288553437
2021,Abgeschlossene Berufsausbildung,mit und ohne Migrationshintergrund,Frauen,%,50.1116520030369
2021,Tertiärer Abschluss,mit und ohne Migrationshintergrund,Frauen,%,27.2654191416194
2019,Ohne Abschluss1),mit und ohne Migrationshintergrund,Frauen,%,19.91
2019,Abgeschlossene Berufsausbildung,mit und ohne Migrationshintergrund,Frauen,%,44.77
2019,Tertiärer Abschluss,mit und ohne Migrationshintergrund,Frauen,%,35.31
2018,Ohne Abschluss1),mit und ohne Migrationshintergrund,Frauen,%,19.86
2018,Abgeschlossene Berufsausbildung,mit und ohne Migrationshintergrund,Frauen,%,46.61
2018,Tertiärer Abschluss,mit und ohne Migrationshintergrund,Frauen,%,33.52
2017,Ohne Abschluss1),mit und ohne Migrationshintergrund,Frauen,%,19.99
2017,Abgeschlossene Berufsausbildung,mit und ohne Migrationshintergrund,Frauen,%,47.38
2017,Tertiärer Abschluss,mit und ohne Migrationshintergrund,Frauen,%,32.63
2016,Ohne Abschluss1),mit und ohne Migrationshintergrund,Frauen,%,20.15
2016,Abgeschlossene Berufsausbildung,mit und ohne Migrationshintergrund,Frauen,%,49.65
2016,Tertiärer Abschluss,mit und ohne Migrationshintergrund,Frauen,%,30.2
2015,Ohne Abschluss1),mit und ohne Migrationshintergrund,Frauen,%,18.51
2015,Abgeschlossene Berufsausbildung,mit und ohne Migrationshintergrund,Frauen,%,49.21
2015,Tertiärer Abschluss,mit und ohne Migrationshintergrund,Frauen,%,32.28
2014,Ohne Abschluss1),mit und ohne Migrationshintergrund,Frauen,%,18.94
2014,Abgeschlossene Berufsausbildung,mit und ohne Migrationshintergrund,Frauen,%,51.96
2014,Tertiärer Abschluss,mit und ohne Migrationshintergrund,Frauen,%,29.1
2013,Ohne Abschluss1),mit und ohne Migrationshintergrund,Frauen,%,19.86
2013,Abgeschlossene Berufsausbildung,mit und ohne Migrationshintergrund,Frauen,%,55.05
2013,Tertiärer Abschluss,mit und ohne Migrationshintergrund,Frauen,%,25.09
2012,Ohne Abschluss1),mit und ohne Migrationshintergrund,Frauen,%,19.8
2012,Abgeschlossene Berufsausbildung,mit und ohne Migrationshintergrund,Frauen,%,54.6
2012,Tertiärer Abschluss,mit und ohne Migrationshintergrund,Frauen,%,25.6
2011,Ohne Abschluss1),mit und ohne Migrationshintergrund,Frauen,%,18.73
2011,Abgeschlossene Berufsausbildung,mit und ohne Migrationshintergrund,Frauen,%,56.97
2011,Tertiärer Abschluss,mit und ohne Migrationshintergrund,Frauen,%,24.3
2005,Ohne Abschluss1),mit und ohne Migrationshintergrund,Frauen,%,25.605238235645
2005,Abgeschlossene Berufsausbildung,mit und ohne Migrationshintergrund,Frauen,%,58.3039934476581
2005,Tertiärer Abschluss,mit und ohne Migrationshintergrund,Frauen,%,16.0907683166969
2025,Ohne Abschluss1),mit Migrationshintergrund,Insgesamt,%,40.0816670447548
2025,Abgeschlossene Berufsausbildung,mit Migrationshintergrund,Insgesamt,%,33.577470266066
2025,Tertiärer Abschluss,mit Migrationshintergrund,Insgesamt,%,26.3376219334349
2024,Ohne Abschluss1),mit Migrationshintergrund,Insgesamt,%,44.5073202829413
2024,Abgeschlossene Berufsausbildung,mit Migrationshintergrund,Insgesamt,%,31.5084717881231
2024,Tertiärer Abschluss,mit Migrationshintergrund,Insgesamt,%,23.9842079289357
2023,Ohne Abschluss1),mit Migrationshintergrund,Insgesamt,%,46.3927610662754
2023,Abgeschlossene Berufsausbildung,mit Migrationshintergrund,Insgesamt,%,29.4483457359466
2023,Tertiärer Abschluss,mit Migrationshintergrund,Insgesamt,%,24.1623868916606
2022,Ohne Abschluss1),mit Migrationshintergrund,Insgesamt,%,45.2615992102665
2022,Abgeschlossene Berufsausbildung,mit Migrationshintergrund,Insgesamt,%,30.5774925962488
2022,Tertiärer Abschluss,mit Migrationshintergrund,Insgesamt,%,24.1609081934847
2021,Ohne Abschluss1),mit Migrationshintergrund,Insgesamt,%,43.8962751346006
2021,Abgeschlossene Berufsausbildung,mit Migrationshintergrund,Insgesamt,%,33.7618576713182
2021,Tertiärer Abschluss,mit Migrationshintergrund,Insgesamt,%,22.3418671940812
2019,Ohne Abschluss1),mit Migrationshintergrund,Insgesamt,%,39.78
2019,Abgeschlossene Berufsausbildung,mit Migrationshintergrund,Insgesamt,%,34.21
2019,Tertiärer Abschluss,mit Migrationshintergrund,Insgesamt,%,26.02
2018,Ohne Abschluss1),mit Migrationshintergrund,Insgesamt,%,38.44
2018,Abgeschlossene Berufsausbildung,mit Migrationshintergrund,Insgesamt,%,36.17
2018,Tertiärer Abschluss,mit Migrationshintergrund,Insgesamt,%,25.4
2017,Ohne Abschluss1),mit Migrationshintergrund,Insgesamt,%,36.37
2017,Abgeschlossene Berufsausbildung,mit Migrationshintergrund,Insgesamt,%,39.16
2017,Tertiärer Abschluss,mit Migrationshintergrund,Insgesamt,%,24.48
2016,Ohne Abschluss1),mit Migrationshintergrund,Insgesamt,%,38.9
2016,Abgeschlossene Berufsausbildung,mit Migrationshintergrund,Insgesamt,%,37.78
2016,Tertiärer Abschluss,mit Migrationshintergrund,Insgesamt,%,23.32
2015,Ohne Abschluss1),mit Migrationshintergrund,Insgesamt,%,35.28
2015,Abgeschlossene Berufsausbildung,mit Migrationshintergrund,Insgesamt,%,41.94
2015,Tertiärer Abschluss,mit Migrationshintergrund,Insgesamt,%,22.79
2014,Ohne Abschluss1),mit Migrationshintergrund,Insgesamt,%,34.82
2014,Abgeschlossene Berufsausbildung,mit Migrationshintergrund,Insgesamt,%,43.53
2014,Tertiärer Abschluss,mit Migrationshintergrund,Insgesamt,%,21.65
2013,Ohne Abschluss1),mit Migrationshintergrund,Insgesamt,%,33.85
2013,Abgeschlossene Berufsausbildung,mit Migrationshintergrund,Insgesamt,%,45.58
2013,Tertiärer Abschluss,mit Migrationshintergrund,Insgesamt,%,20.57
2012,Ohne Abschluss1),mit Migrationshintergrund,Insgesamt,%,37.55
2012,Abgeschlossene Berufsausbildung,mit Migrationshintergrund,Insgesamt,%,44.77
2012,Tertiärer Abschluss,mit Migrationshintergrund,Insgesamt,%,17.68
2011,Ohne Abschluss1),mit Migrationshintergrund,Insgesamt,%,36.04
2011,Abgeschlossene Berufsausbildung,mit Migrationshintergrund,Insgesamt,%,46.69
2011,Tertiärer Abschluss,mit Migrationshintergrund,Insgesamt,%,17.27
2005,Ohne Abschluss1),mit Migrationshintergrund,Insgesamt,%,46.8547833338137
2005,Abgeschlossene Berufsausbildung,mit Migrationshintergrund,Insgesamt,%,41.5251248491722
2005,Tertiärer Abschluss,mit Migrationshintergrund,Insgesamt,%,11.6200918170141
2025,Ohne Abschluss1),mit Migrationshintergrund,Männer,%,44.9719490860831
2025,Abgeschlossene Berufsausbildung,mit Migrationshintergrund,Männer,%,32.6959039633227
2025,Tertiärer Abschluss,mit Migrationshintergrund,Männer,%,22.3321469505942
2024,Ohne Abschluss1),mit Migrationshintergrund,Männer,%,49.0535491905355
2024,Abgeschlossene Berufsausbildung,mit Migrationshintergrund,Männer,%,30.653798256538
2024,Tertiärer Abschluss,mit Migrationshintergrund,Männer,%,20.2926525529265
2023,Ohne Abschluss1),mit Migrationshintergrund,Männer,%,48.9495243128964
2023,Abgeschlossene Berufsausbildung,mit Migrationshintergrund,Männer,%,29.7700845665962
2023,Tertiärer Abschluss,mit Migrationshintergrund,Männer,%,21.2869978858351
2022,Ohne Abschluss1),mit Migrationshintergrund,Männer,%,47.3346136017482
2022,Abgeschlossene Berufsausbildung,mit Migrationshintergrund,Männer,%,30.2562744189127
2022,Tertiärer Abschluss,mit Migrationshintergrund,Männer,%,22.4091119793391
2021,Ohne Abschluss1),mit Migrationshintergrund,Männer,%,47.0663351031655
2021,Abgeschlossene Berufsausbildung,mit Migrationshintergrund,Männer,%,32.7441360306472
2021,Tertiärer Abschluss,mit Migrationshintergrund,Männer,%,20.1962497479669
2019,Ohne Abschluss1),mit Migrationshintergrund,Männer,%,42.48
2019,Abgeschlossene Berufsausbildung,mit Migrationshintergrund,Männer,%,34.56
2019,Tertiärer Abschluss,mit Migrationshintergrund,Männer,%,22.97
2018,Ohne Abschluss1),mit Migrationshintergrund,Männer,%,41.18
2018,Abgeschlossene Berufsausbildung,mit Migrationshintergrund,Männer,%,35.78
2018,Tertiärer Abschluss,mit Migrationshintergrund,Männer,%,23.04
2017,Ohne Abschluss1),mit Migrationshintergrund,Männer,%,39.1
2017,Abgeschlossene Berufsausbildung,mit Migrationshintergrund,Männer,%,38.63
2017,Tertiärer Abschluss,mit Migrationshintergrund,Männer,%,22.26
2016,Ohne Abschluss1),mit Migrationshintergrund,Männer,%,40.37
2016,Abgeschlossene Berufsausbildung,mit Migrationshintergrund,Männer,%,37.34
2016,Tertiärer Abschluss,mit Migrationshintergrund,Männer,%,22.3
2015,Ohne Abschluss1),mit Migrationshintergrund,Männer,%,34.89
2015,Abgeschlossene Berufsausbildung,mit Migrationshintergrund,Männer,%,45.3
2015,Tertiärer Abschluss,mit Migrationshintergrund,Männer,%,19.82
2014,Ohne Abschluss1),mit Migrationshintergrund,Männer,%,34.54
2014,Abgeschlossene Berufsausbildung,mit Migrationshintergrund,Männer,%,46.49
2014,Tertiärer Abschluss,mit Migrationshintergrund,Männer,%,18.97
2013,Ohne Abschluss1),mit Migrationshintergrund,Männer,%,32.41
2013,Abgeschlossene Berufsausbildung,mit Migrationshintergrund,Männer,%,48.37
2013,Tertiärer Abschluss,mit Migrationshintergrund,Männer,%,19.22
2012,Ohne Abschluss1),mit Migrationshintergrund,Männer,%,35.11
2012,Abgeschlossene Berufsausbildung,mit Migrationshintergrund,Männer,%,49.01
2012,Tertiärer Abschluss,mit Migrationshintergrund,Männer,%,15.88
2011,Ohne Abschluss1),mit Migrationshintergrund,Männer,%,35.87
2011,Abgeschlossene Berufsausbildung,mit Migrationshintergrund,Männer,%,47.69
2011,Tertiärer Abschluss,mit Migrationshintergrund,Männer,%,16.44
2005,Ohne Abschluss1),mit Migrationshintergrund,Männer,%,44.0526146489995
2005,Abgeschlossene Berufsausbildung,mit Migrationshintergrund,Männer,%,45.5549345516048
2005,Tertiärer Abschluss,mit Migrationshintergrund,Männer,%,10.3924507993957
2025,Ohne Abschluss1),mit Migrationshintergrund,Frauen,%,34.4047619047619
2025,Abgeschlossene Berufsausbildung,mit Migrationshintergrund,Frauen,%,34.6008403361344
2025,Tertiärer Abschluss,mit Migrationshintergrund,Frauen,%,30.9873949579832
2024,Ohne Abschluss1),mit Migrationshintergrund,Frauen,%,39.4140216253924
2024,Abgeschlossene Berufsausbildung,mit Migrationshintergrund,Frauen,%,32.4659923264737
2024,Tertiärer Abschluss,mit Migrationshintergrund,Frauen,%,28.1199860481339
2023,Ohne Abschluss1),mit Migrationshintergrund,Frauen,%,43.5233928968636
2023,Abgeschlossene Berufsausbildung,mit Migrationshintergrund,Frauen,%,29.087269222214
2023,Tertiärer Abschluss,mit Migrationshintergrund,Frauen,%,27.3893378809224
2022,Ohne Abschluss1),mit Migrationshintergrund,Frauen,%,42.9013043806077
2022,Abgeschlossene Berufsausbildung,mit Migrationshintergrund,Frauen,%,30.9432255145895
2022,Tertiärer Abschluss,mit Migrationshintergrund,Frauen,%,26.1554701048028
2021,Ohne Abschluss1),mit Migrationshintergrund,Frauen,%,40.099806825499
2021,Abgeschlossene Berufsausbildung,mit Migrationshintergrund,Frauen,%,34.9806825499034
2021,Tertiärer Abschluss,mit Migrationshintergrund,Frauen,%,24.9114616870573
2019,Ohne Abschluss1),mit Migrationshintergrund,Frauen,%,36.43
2019,Abgeschlossene Berufsausbildung,mit Migrationshintergrund,Frauen,%,33.77
2019,Tertiärer Abschluss,mit Migrationshintergrund,Frauen,%,29.8
2018,Ohne Abschluss1),mit Migrationshintergrund,Frauen,%,35.28
2018,Abgeschlossene Berufsausbildung,mit Migrationshintergrund,Frauen,%,36.61
2018,Tertiärer Abschluss,mit Migrationshintergrund,Frauen,%,28.11
2017,Ohne Abschluss1),mit Migrationshintergrund,Frauen,%,33.03
2017,Abgeschlossene Berufsausbildung,mit Migrationshintergrund,Frauen,%,39.79
2017,Tertiärer Abschluss,mit Migrationshintergrund,Frauen,%,27.18
2016,Ohne Abschluss1),mit Migrationshintergrund,Frauen,%,37.09
2016,Abgeschlossene Berufsausbildung,mit Migrationshintergrund,Frauen,%,38.32
2016,Tertiärer Abschluss,mit Migrationshintergrund,Frauen,%,24.59
2015,Ohne Abschluss1),mit Migrationshintergrund,Frauen,%,35.66
2015,Abgeschlossene Berufsausbildung,mit Migrationshintergrund,Frauen,%,38.6
2015,Tertiärer Abschluss,mit Migrationshintergrund,Frauen,%,25.74
2014,Ohne Abschluss1),mit Migrationshintergrund,Frauen,%,35.1
2014,Abgeschlossene Berufsausbildung,mit Migrationshintergrund,Frauen,%,40.51
2014,Tertiärer Abschluss,mit Migrationshintergrund,Frauen,%,24.39
2013,Ohne Abschluss1),mit Migrationshintergrund,Frauen,%,35.22
2013,Abgeschlossene Berufsausbildung,mit Migrationshintergrund,Frauen,%,42.93
2013,Tertiärer Abschluss,mit Migrationshintergrund,Frauen,%,21.86
2012,Ohne Abschluss1),mit Migrationshintergrund,Frauen,%,39.84
2012,Abgeschlossene Berufsausbildung,mit Migrationshintergrund,Frauen,%,40.79
2012,Tertiärer Abschluss,mit Migrationshintergrund,Frauen,%,19.37
2011,Ohne Abschluss1),mit Migrationshintergrund,Frauen,%,36.21
2011,Abgeschlossene Berufsausbildung,mit Migrationshintergrund,Frauen,%,45.69
2011,Tertiärer Abschluss,mit Migrationshintergrund,Frauen,%,18.1
2005,Ohne Abschluss1),mit Migrationshintergrund,Frauen,%,49.6560392107803
2005,Abgeschlossene Berufsausbildung,mit Migrationshintergrund,Frauen,%,37.4966278592614
2005,Tertiärer Abschluss,mit Migrationshintergrund,Frauen,%,12.8473329299583
2025,Ohne Abschluss1),ohne Migrationshintergrund,Insgesamt,%,12.3623717288918
2025,Abgeschlossene Berufsausbildung,ohne Migrationshintergrund,Insgesamt,%,56.6342285019182
2025,Tertiärer Abschluss,ohne Migrationshintergrund,Insgesamt,%,31.0018402420386
2024,Ohne Abschluss1),ohne Migrationshintergrund,Insgesamt,%,15.8631203960874
2024,Abgeschlossene Berufsausbildung,ohne Migrationshintergrund,Insgesamt,%,53.7887936239585
2024,Tertiärer Abschluss,ohne Migrationshintergrund,Insgesamt,%,30.3480859799541
2023,Ohne Abschluss1),ohne Migrationshintergrund,Insgesamt,%,17.555060480555
2023,Abgeschlossene Berufsausbildung,ohne Migrationshintergrund,Insgesamt,%,53.7596626844694
2023,Tertiärer Abschluss,ohne Migrationshintergrund,Insgesamt,%,28.6852768349756
2022,Ohne Abschluss1),ohne Migrationshintergrund,Insgesamt,%,19.0380640586576
2022,Abgeschlossene Berufsausbildung,ohne Migrationshintergrund,Insgesamt,%,54.1194574777847
2022,Tertiärer Abschluss,ohne Migrationshintergrund,Insgesamt,%,26.8424784635578
2021,Ohne Abschluss1),ohne Migrationshintergrund,Insgesamt,%,17.620068222296
2021,Abgeschlossene Berufsausbildung,ohne Migrationshintergrund,Insgesamt,%,56.5822440909228
2021,Tertiärer Abschluss,ohne Migrationshintergrund,Insgesamt,%,25.7976876867812
2019,Ohne Abschluss1),ohne Migrationshintergrund,Insgesamt,%,14.03
2019,Abgeschlossene Berufsausbildung,ohne Migrationshintergrund,Insgesamt,%,52.18
2019,Tertiärer Abschluss,ohne Migrationshintergrund,Insgesamt,%,33.79
2018,Ohne Abschluss1),ohne Migrationshintergrund,Insgesamt,%,14.77
2018,Abgeschlossene Berufsausbildung,ohne Migrationshintergrund,Insgesamt,%,53.64
2018,Tertiärer Abschluss,ohne Migrationshintergrund,Insgesamt,%,31.58
2017,Ohne Abschluss1),ohne Migrationshintergrund,Insgesamt,%,15.47
2017,Abgeschlossene Berufsausbildung,ohne Migrationshintergrund,Insgesamt,%,53.59
2017,Tertiärer Abschluss,ohne Migrationshintergrund,Insgesamt,%,30.95
2016,Ohne Abschluss1),ohne Migrationshintergrund,Insgesamt,%,16.14
2016,Abgeschlossene Berufsausbildung,ohne Migrationshintergrund,Insgesamt,%,55.07
2016,Tertiärer Abschluss,ohne Migrationshintergrund,Insgesamt,%,28.78
2015,Ohne Abschluss1),ohne Migrationshintergrund,Insgesamt,%,14.59
2015,Abgeschlossene Berufsausbildung,ohne Migrationshintergrund,Insgesamt,%,54.45
2015,Tertiärer Abschluss,ohne Migrationshintergrund,Insgesamt,%,30.96
2014,Ohne Abschluss1),ohne Migrationshintergrund,Insgesamt,%,14.99
2014,Abgeschlossene Berufsausbildung,ohne Migrationshintergrund,Insgesamt,%,57.02
2014,Tertiärer Abschluss,ohne Migrationshintergrund,Insgesamt,%,27.99
2013,Ohne Abschluss1),ohne Migrationshintergrund,Insgesamt,%,15.73
2013,Abgeschlossene Berufsausbildung,ohne Migrationshintergrund,Insgesamt,%,58.89
2013,Tertiärer Abschluss,ohne Migrationshintergrund,Insgesamt,%,25.38
2012,Ohne Abschluss1),ohne Migrationshintergrund,Insgesamt,%,14.73
2012,Abgeschlossene Berufsausbildung,ohne Migrationshintergrund,Insgesamt,%,58.91
2012,Tertiärer Abschluss,ohne Migrationshintergrund,Insgesamt,%,26.36
2011,Ohne Abschluss1),ohne Migrationshintergrund,Insgesamt,%,14.82
2011,Abgeschlossene Berufsausbildung,ohne Migrationshintergrund,Insgesamt,%,60.75
2011,Tertiärer Abschluss,ohne Migrationshintergrund,Insgesamt,%,24.43
2005,Ohne Abschluss1),ohne Migrationshintergrund,Insgesamt,%,17.6277665618852
2005,Abgeschlossene Berufsausbildung,ohne Migrationshintergrund,Insgesamt,%,63.9142755706801
2005,Tertiärer Abschluss,ohne Migrationshintergrund,Insgesamt,%,18.4579578674347
2025,Ohne Abschluss1),ohne Migrationshintergrund,Männer,%,13.7971698113208
2025,Abgeschlossene Berufsausbildung,ohne Migrationshintergrund,Männer,%,58.4179970972424
2025,Tertiärer Abschluss,ohne Migrationshintergrund,Männer,%,27.781809385583
2024,Ohne Abschluss1),ohne Migrationshintergrund,Männer,%,16.8997566481954
2024,Abgeschlossene Berufsausbildung,ohne Migrationshintergrund,Männer,%,56.3432726419796
2024,Tertiärer Abschluss,ohne Migrationshintergrund,Männer,%,26.756970709825
2023,Ohne Abschluss1),ohne Migrationshintergrund,Männer,%,17.9906745054881
2023,Abgeschlossene Berufsausbildung,ohne Migrationshintergrund,Männer,%,56.5901126589244
2023,Tertiärer Abschluss,ohne Migrationshintergrund,Männer,%,25.4221089518955
2022,Ohne Abschluss1),ohne Migrationshintergrund,Männer,%,20.1455233813482
2022,Abgeschlossene Berufsausbildung,ohne Migrationshintergrund,Männer,%,55.6212842734183
2022,Tertiärer Abschluss,ohne Migrationshintergrund,Männer,%,24.2331923452335
2021,Ohne Abschluss1),ohne Migrationshintergrund,Männer,%,19.2500590040123
2021,Abgeschlossene Berufsausbildung,ohne Migrationshintergrund,Männer,%,57.213240500354
2021,Tertiärer Abschluss,ohne Migrationshintergrund,Männer,%,23.5367004956337
2019,Ohne Abschluss1),ohne Migrationshintergrund,Männer,%,14.58
2019,Abgeschlossene Berufsausbildung,ohne Migrationshintergrund,Männer,%,55.02
2019,Tertiärer Abschluss,ohne Migrationshintergrund,Männer,%,30.4
2018,Ohne Abschluss1),ohne Migrationshintergrund,Männer,%,15.91
2018,Abgeschlossene Berufsausbildung,ohne Migrationshintergrund,Männer,%,56.34
2018,Tertiärer Abschluss,ohne Migrationshintergrund,Männer,%,27.75
2017,Ohne Abschluss1),ohne Migrationshintergrund,Männer,%,16.23
2017,Abgeschlossene Berufsausbildung,ohne Migrationshintergrund,Männer,%,56.45
2017,Tertiärer Abschluss,ohne Migrationshintergrund,Männer,%,27.32
2016,Ohne Abschluss1),ohne Migrationshintergrund,Männer,%,17.64
2016,Abgeschlossene Berufsausbildung,ohne Migrationshintergrund,Männer,%,56.62
2016,Tertiärer Abschluss,ohne Migrationshintergrund,Männer,%,25.74
2015,Ohne Abschluss1),ohne Migrationshintergrund,Männer,%,15.87
2015,Abgeschlossene Berufsausbildung,ohne Migrationshintergrund,Männer,%,56.3
2015,Tertiärer Abschluss,ohne Migrationshintergrund,Männer,%,27.82
2014,Ohne Abschluss1),ohne Migrationshintergrund,Männer,%,15.81
2014,Abgeschlossene Berufsausbildung,ohne Migrationshintergrund,Männer,%,58.63
2014,Tertiärer Abschluss,ohne Migrationshintergrund,Männer,%,25.55
2013,Ohne Abschluss1),ohne Migrationshintergrund,Männer,%,16.4
2013,Abgeschlossene Berufsausbildung,ohne Migrationshintergrund,Männer,%,58.93
2013,Tertiärer Abschluss,ohne Migrationshintergrund,Männer,%,24.67
2012,Ohne Abschluss1),ohne Migrationshintergrund,Männer,%,15.78
2012,Abgeschlossene Berufsausbildung,ohne Migrationshintergrund,Männer,%,59.0
2012,Tertiärer Abschluss,ohne Migrationshintergrund,Männer,%,25.22
2011,Ohne Abschluss1),ohne Migrationshintergrund,Männer,%,15.94
2011,Abgeschlossene Berufsausbildung,ohne Migrationshintergrund,Männer,%,61.29
2011,Tertiärer Abschluss,ohne Migrationshintergrund,Männer,%,22.76
2005,Ohne Abschluss1),ohne Migrationshintergrund,Männer,%,16.6292894947499
2005,Abgeschlossene Berufsausbildung,ohne Migrationshintergrund,Männer,%,63.504708417192
2005,Tertiärer Abschluss,ohne Migrationshintergrund,Männer,%,19.8660020880582
2025,Ohne Abschluss1),ohne Migrationshintergrund,Frauen,%,10.8341384863124
2025,Abgeschlossene Berufsausbildung,ohne Migrationshintergrund,Frauen,%,54.7342995169082
2025,Tertiärer Abschluss,ohne Migrationshintergrund,Frauen,%,34.4315619967794
2024,Ohne Abschluss1),ohne Migrationshintergrund,Frauen,%,14.7630751999004
2024,Abgeschlossene Berufsausbildung,ohne Migrationshintergrund,Frauen,%,51.0780622880433
2024,Tertiärer Abschluss,ohne Migrationshintergrund,Frauen,%,34.1588625120563
2023,Ohne Abschluss1),ohne Migrationshintergrund,Frauen,%,17.0901335311573
2023,Abgeschlossene Berufsausbildung,ohne Migrationshintergrund,Frauen,%,50.7387487636004
2023,Tertiärer Abschluss,ohne Migrationshintergrund,Frauen,%,32.1680267062315
2022,Ohne Abschluss1),ohne Migrationshintergrund,Frauen,%,17.8850772926033
2022,Abgeschlossene Berufsausbildung,ohne Migrationshintergrund,Frauen,%,52.5558908665394
2022,Tertiärer Abschluss,ohne Migrationshintergrund,Frauen,%,29.5590318408573
2021,Ohne Abschluss1),ohne Migrationshintergrund,Frauen,%,15.9126027566599
2021,Abgeschlossene Berufsausbildung,ohne Migrationshintergrund,Frauen,%,55.9212559490698
2021,Tertiärer Abschluss,ohne Migrationshintergrund,Frauen,%,28.1661412942704
2019,Ohne Abschluss1),ohne Migrationshintergrund,Frauen,%,13.44
2019,Abgeschlossene Berufsausbildung,ohne Migrationshintergrund,Frauen,%,49.09
2019,Tertiärer Abschluss,ohne Migrationshintergrund,Frauen,%,37.47
2018,Ohne Abschluss1),ohne Migrationshintergrund,Frauen,%,13.54
2018,Abgeschlossene Berufsausbildung,ohne Migrationshintergrund,Frauen,%,50.72
2018,Tertiärer Abschluss,ohne Migrationshintergrund,Frauen,%,35.74
2017,Ohne Abschluss1),ohne Migrationshintergrund,Frauen,%,14.64
2017,Abgeschlossene Berufsausbildung,ohne Migrationshintergrund,Frauen,%,50.49
2017,Tertiärer Abschluss,ohne Migrationshintergrund,Frauen,%,34.87
2016,Ohne Abschluss1),ohne Migrationshintergrund,Frauen,%,14.54
2016,Abgeschlossene Berufsausbildung,ohne Migrationshintergrund,Frauen,%,53.41
2016,Tertiärer Abschluss,ohne Migrationshintergrund,Frauen,%,32.06
2015,Ohne Abschluss1),ohne Migrationshintergrund,Frauen,%,13.22
2015,Abgeschlossene Berufsausbildung,ohne Migrationshintergrund,Frauen,%,52.48
2015,Tertiärer Abschluss,ohne Migrationshintergrund,Frauen,%,34.3
2014,Ohne Abschluss1),ohne Migrationshintergrund,Frauen,%,14.14
2014,Abgeschlossene Berufsausbildung,ohne Migrationshintergrund,Frauen,%,55.36
2014,Tertiärer Abschluss,ohne Migrationshintergrund,Frauen,%,30.5
2013,Ohne Abschluss1),ohne Migrationshintergrund,Frauen,%,15.04
2013,Abgeschlossene Berufsausbildung,ohne Migrationshintergrund,Frauen,%,58.85
2013,Tertiärer Abschluss,ohne Migrationshintergrund,Frauen,%,26.11
2012,Ohne Abschluss1),ohne Migrationshintergrund,Frauen,%,13.67
2012,Abgeschlossene Berufsausbildung,ohne Migrationshintergrund,Frauen,%,58.82
2012,Tertiärer Abschluss,ohne Migrationshintergrund,Frauen,%,27.51
2011,Ohne Abschluss1),ohne Migrationshintergrund,Frauen,%,13.71
2011,Abgeschlossene Berufsausbildung,ohne Migrationshintergrund,Frauen,%,60.21
2011,Tertiärer Abschluss,ohne Migrationshintergrund,Frauen,%,26.08
2005,Ohne Abschluss1),ohne Migrationshintergrund,Frauen,%,18.6403409415612
2005,Abgeschlossene Berufsausbildung,ohne Migrationshintergrund,Frauen,%,64.3296209742111
2005,Tertiärer Abschluss,ohne Migrationshintergrund,Frauen,%,17.0300380842277
