Year,Nationalität,Gebietseinheit,GeoCode,Value
2005,Ausländerinnen und Ausländer,"Braunschweig, Stadt",K03101,84
2005,Ausländerinnen und Ausländer,"Salzgitter, Stadt",K03102,41
2005,Ausländerinnen und Ausländer,"Wolfsburg, Stadt",K03103,42
2005,Ausländerinnen und Ausländer,Gifhorn,K03151,12
2005,Ausländerinnen und Ausländer,Goslar,K03153,44
2005,Ausländerinnen und Ausländer,Helmstedt,K03154,20
2005,Ausländerinnen und Ausländer,Northeim,K03155,41
2005,Ausländerinnen und Ausländer,Peine,K03157,38
2005,Ausländerinnen und Ausländer,Wolfenbüttel,K03158,18
2005,Ausländerinnen und Ausländer,Göttingen,K03159,128
2005,Ausländerinnen und Ausländer,Statistische Region Braunschweig,K031,468
2005,Ausländerinnen und Ausländer,Hannover  Region,K03241,404
2005,Ausländerinnen und Ausländer,"dav. Hannover, Lhst.",K03241001,270
2005,Ausländerinnen und Ausländer,"dav. Hannover, Umland",K03241999,134
2005,Ausländerinnen und Ausländer,Diepholz,K03251,50
2005,Ausländerinnen und Ausländer,Hameln-Pyrmont,K03252,35
2005,Ausländerinnen und Ausländer,Hildesheim,K03254,118
2005,Ausländerinnen und Ausländer,Holzminden,K03255,13
2005,Ausländerinnen und Ausländer,Nienburg (Weser),K03256,48
2005,Ausländerinnen und Ausländer,Schaumburg,K03257,33
2005,Ausländerinnen und Ausländer,Statistische Region Hannover,K032,701
2005,Ausländerinnen und Ausländer,Celle,K03351,40
2005,Ausländerinnen und Ausländer,Cuxhaven,K03352,45
2005,Ausländerinnen und Ausländer,Harburg,K03353,55
2005,Ausländerinnen und Ausländer,Lüchow-Dannenberg,K03354,5
2005,Ausländerinnen und Ausländer,Lüneburg,K03355,42
2005,Ausländerinnen und Ausländer,Osterholz,K03356,42
2005,Ausländerinnen und Ausländer,Rotenburg (Wümme),K03357,37
2005,Ausländerinnen und Ausländer,Heidekreis,K03358,42
2005,Ausländerinnen und Ausländer,Stade,K03359,43
2005,Ausländerinnen und Ausländer,Uelzen,K03360,28
2005,Ausländerinnen und Ausländer,Verden,K03361,44
2005,Ausländerinnen und Ausländer,Statistische Region Lüneburg,K033,423
2005,Ausländerinnen und Ausländer,"Delmenhorst, Stadt",K03401,18
2005,Ausländerinnen und Ausländer,Emden  Stadt,K03402,14
2005,Ausländerinnen und Ausländer,"Oldenburg(Oldb), Stadt",K03403,101
2005,Ausländerinnen und Ausländer,"Osnabrück, Stadt",K03404,60
2005,Ausländerinnen und Ausländer,"Wilhelmshaven, Stadt",K03405,26
2005,Ausländerinnen und Ausländer,Ammerland,K03451,14
2005,Ausländerinnen und Ausländer,Aurich,K03452,43
2005,Ausländerinnen und Ausländer,Cloppenburg,K03453,32
2005,Ausländerinnen und Ausländer,Emsland,K03454,87
2005,Ausländerinnen und Ausländer,Friesland,K03455,17
2005,Ausländerinnen und Ausländer,Grafschaft Bentheim,K03456,57
2005,Ausländerinnen und Ausländer,Leer,K03457,35
2005,Ausländerinnen und Ausländer,Oldenburg,K03458,28
2005,Ausländerinnen und Ausländer,Osnabrück,K03459,61
2005,Ausländerinnen und Ausländer,Vechta,K03460,86
2005,Ausländerinnen und Ausländer,Wesermarsch,K03461,17
2005,Ausländerinnen und Ausländer,Wittmund,K03462,16
2005,Ausländerinnen und Ausländer,Statistische Region Weser-Ems,K034,712
2005,Ausländerinnen und Ausländer,Niedersachsen,K030,2304
2006,Ausländerinnen und Ausländer,"Braunschweig, Stadt",K03101,72
2006,Ausländerinnen und Ausländer,"Salzgitter, Stadt",K03102,37
2006,Ausländerinnen und Ausländer,"Wolfsburg, Stadt",K03103,49
2006,Ausländerinnen und Ausländer,Gifhorn,K03151,8
2006,Ausländerinnen und Ausländer,Goslar,K03153,44
2006,Ausländerinnen und Ausländer,Helmstedt,K03154,12
2006,Ausländerinnen und Ausländer,Northeim,K03155,40
2006,Ausländerinnen und Ausländer,Peine,K03157,29
2006,Ausländerinnen und Ausländer,Wolfenbüttel,K03158,19
2006,Ausländerinnen und Ausländer,Göttingen,K03159,114
2006,Ausländerinnen und Ausländer,Statistische Region Braunschweig,K031,424
2006,Ausländerinnen und Ausländer,Hannover  Region,K03241,467
2006,Ausländerinnen und Ausländer,"dav. Hannover, Lhst.",K03241001,293
2006,Ausländerinnen und Ausländer,"dav. Hannover, Umland",K03241999,174
2006,Ausländerinnen und Ausländer,Diepholz,K03251,48
2006,Ausländerinnen und Ausländer,Hameln-Pyrmont,K03252,64
2006,Ausländerinnen und Ausländer,Hildesheim,K03254,107
2006,Ausländerinnen und Ausländer,Holzminden,K03255,16
2006,Ausländerinnen und Ausländer,Nienburg (Weser),K03256,36
2006,Ausländerinnen und Ausländer,Schaumburg,K03257,33
2006,Ausländerinnen und Ausländer,Statistische Region Hannover,K032,771
2006,Ausländerinnen und Ausländer,Celle,K03351,29
2006,Ausländerinnen und Ausländer,Cuxhaven,K03352,44
2006,Ausländerinnen und Ausländer,Harburg,K03353,47
2006,Ausländerinnen und Ausländer,Lüchow-Dannenberg,K03354,10
2006,Ausländerinnen und Ausländer,Lüneburg,K03355,29
2006,Ausländerinnen und Ausländer,Osterholz,K03356,28
2006,Ausländerinnen und Ausländer,Rotenburg (Wümme),K03357,41
2006,Ausländerinnen und Ausländer,Heidekreis,K03358,40
2006,Ausländerinnen und Ausländer,Stade,K03359,50
2006,Ausländerinnen und Ausländer,Uelzen,K03360,25
2006,Ausländerinnen und Ausländer,Verden,K03361,28
2006,Ausländerinnen und Ausländer,Statistische Region Lüneburg,K033,371
2006,Ausländerinnen und Ausländer,"Delmenhorst, Stadt",K03401,16
2006,Ausländerinnen und Ausländer,Emden  Stadt,K03402,15
2006,Ausländerinnen und Ausländer,"Oldenburg(Oldb), Stadt",K03403,97
2006,Ausländerinnen und Ausländer,"Osnabrück, Stadt",K03404,80
2006,Ausländerinnen und Ausländer,"Wilhelmshaven, Stadt",K03405,22
2006,Ausländerinnen und Ausländer,Ammerland,K03451,16
2006,Ausländerinnen und Ausländer,Aurich,K03452,37
2006,Ausländerinnen und Ausländer,Cloppenburg,K03453,20
2006,Ausländerinnen und Ausländer,Emsland,K03454,81
2006,Ausländerinnen und Ausländer,Friesland,K03455,19
2006,Ausländerinnen und Ausländer,Grafschaft Bentheim,K03456,86
2006,Ausländerinnen und Ausländer,Leer,K03457,23
2006,Ausländerinnen und Ausländer,Oldenburg,K03458,15
2006,Ausländerinnen und Ausländer,Osnabrück,K03459,59
2006,Ausländerinnen und Ausländer,Vechta,K03460,92
2006,Ausländerinnen und Ausländer,Wesermarsch,K03461,16
2006,Ausländerinnen und Ausländer,Wittmund,K03462,14
2006,Ausländerinnen und Ausländer,Statistische Region Weser-Ems,K034,708
2006,Ausländerinnen und Ausländer,Niedersachsen,K030,2274
2007,Ausländerinnen und Ausländer,"Braunschweig, Stadt",K03101,82
2007,Ausländerinnen und Ausländer,"Salzgitter, Stadt",K03102,32
2007,Ausländerinnen und Ausländer,"Wolfsburg, Stadt",K03103,43
2007,Ausländerinnen und Ausländer,Gifhorn,K03151,11
2007,Ausländerinnen und Ausländer,Goslar,K03153,28
2007,Ausländerinnen und Ausländer,Helmstedt,K03154,15
2007,Ausländerinnen und Ausländer,Northeim,K03155,49
2007,Ausländerinnen und Ausländer,Peine,K03157,27
2007,Ausländerinnen und Ausländer,Wolfenbüttel,K03158,26
2007,Ausländerinnen und Ausländer,Göttingen,K03159,113
2007,Ausländerinnen und Ausländer,Statistische Region Braunschweig,K031,426
2007,Ausländerinnen und Ausländer,Hannover  Region,K03241,421
2007,Ausländerinnen und Ausländer,"dav. Hannover, Lhst.",K03241001,262
2007,Ausländerinnen und Ausländer,"dav. Hannover, Umland",K03241999,159
2007,Ausländerinnen und Ausländer,Diepholz,K03251,43
2007,Ausländerinnen und Ausländer,Hameln-Pyrmont,K03252,66
2007,Ausländerinnen und Ausländer,Hildesheim,K03254,111
2007,Ausländerinnen und Ausländer,Holzminden,K03255,18
2007,Ausländerinnen und Ausländer,Nienburg (Weser),K03256,29
2007,Ausländerinnen und Ausländer,Schaumburg,K03257,47
2007,Ausländerinnen und Ausländer,Statistische Region Hannover,K032,735
2007,Ausländerinnen und Ausländer,Celle,K03351,35
2007,Ausländerinnen und Ausländer,Cuxhaven,K03352,49
2007,Ausländerinnen und Ausländer,Harburg,K03353,60
2007,Ausländerinnen und Ausländer,Lüchow-Dannenberg,K03354,10
2007,Ausländerinnen und Ausländer,Lüneburg,K03355,33
2007,Ausländerinnen und Ausländer,Osterholz,K03356,29
2007,Ausländerinnen und Ausländer,Rotenburg (Wümme),K03357,38
2007,Ausländerinnen und Ausländer,Heidekreis,K03358,23
2007,Ausländerinnen und Ausländer,Stade,K03359,31
2007,Ausländerinnen und Ausländer,Uelzen,K03360,20
2007,Ausländerinnen und Ausländer,Verden,K03361,46
2007,Ausländerinnen und Ausländer,Statistische Region Lüneburg,K033,374
2007,Ausländerinnen und Ausländer,"Delmenhorst, Stadt",K03401,28
2007,Ausländerinnen und Ausländer,Emden  Stadt,K03402,16
2007,Ausländerinnen und Ausländer,"Oldenburg(Oldb), Stadt",K03403,95
2007,Ausländerinnen und Ausländer,"Osnabrück, Stadt",K03404,75
2007,Ausländerinnen und Ausländer,"Wilhelmshaven, Stadt",K03405,16
2007,Ausländerinnen und Ausländer,Ammerland,K03451,20
2007,Ausländerinnen und Ausländer,Aurich,K03452,60
2007,Ausländerinnen und Ausländer,Cloppenburg,K03453,44
2007,Ausländerinnen und Ausländer,Emsland,K03454,89
2007,Ausländerinnen und Ausländer,Friesland,K03455,18
2007,Ausländerinnen und Ausländer,Grafschaft Bentheim,K03456,109
2007,Ausländerinnen und Ausländer,Leer,K03457,40
2007,Ausländerinnen und Ausländer,Oldenburg,K03458,30
2007,Ausländerinnen und Ausländer,Osnabrück,K03459,87
2007,Ausländerinnen und Ausländer,Vechta,K03460,86
2007,Ausländerinnen und Ausländer,Wesermarsch,K03461,28
2007,Ausländerinnen und Ausländer,Wittmund,K03462,9
2007,Ausländerinnen und Ausländer,Statistische Region Weser-Ems,K034,850
2007,Ausländerinnen und Ausländer,Niedersachsen,K030,2385
2008,Ausländerinnen und Ausländer,"Braunschweig, Stadt",K03101,67
2008,Ausländerinnen und Ausländer,"Salzgitter, Stadt",K03102,32
2008,Ausländerinnen und Ausländer,"Wolfsburg, Stadt",K03103,50
2008,Ausländerinnen und Ausländer,Gifhorn,K03151,34
2008,Ausländerinnen und Ausländer,Goslar,K03153,39
2008,Ausländerinnen und Ausländer,Helmstedt,K03154,16
2008,Ausländerinnen und Ausländer,Northeim,K03155,55
2008,Ausländerinnen und Ausländer,Peine,K03157,28
2008,Ausländerinnen und Ausländer,Wolfenbüttel,K03158,9
2008,Ausländerinnen und Ausländer,Göttingen,K03159,117
2008,Ausländerinnen und Ausländer,Statistische Region Braunschweig,K031,447
2008,Ausländerinnen und Ausländer,Hannover  Region,K03241,395
2008,Ausländerinnen und Ausländer,"dav. Hannover, Lhst.",K03241001,237
2008,Ausländerinnen und Ausländer,"dav. Hannover, Umland",K03241999,158
2008,Ausländerinnen und Ausländer,Diepholz,K03251,61
2008,Ausländerinnen und Ausländer,Hameln-Pyrmont,K03252,75
2008,Ausländerinnen und Ausländer,Hildesheim,K03254,109
2008,Ausländerinnen und Ausländer,Holzminden,K03255,10
2008,Ausländerinnen und Ausländer,Nienburg (Weser),K03256,34
2008,Ausländerinnen und Ausländer,Schaumburg,K03257,50
2008,Ausländerinnen und Ausländer,Statistische Region Hannover,K032,734
2008,Ausländerinnen und Ausländer,Celle,K03351,33
2008,Ausländerinnen und Ausländer,Cuxhaven,K03352,44
2008,Ausländerinnen und Ausländer,Harburg,K03353,62
2008,Ausländerinnen und Ausländer,Lüchow-Dannenberg,K03354,3
2008,Ausländerinnen und Ausländer,Lüneburg,K03355,21
2008,Ausländerinnen und Ausländer,Osterholz,K03356,22
2008,Ausländerinnen und Ausländer,Rotenburg (Wümme),K03357,23
2008,Ausländerinnen und Ausländer,Heidekreis,K03358,22
2008,Ausländerinnen und Ausländer,Stade,K03359,38
2008,Ausländerinnen und Ausländer,Uelzen,K03360,21
2008,Ausländerinnen und Ausländer,Verden,K03361,33
2008,Ausländerinnen und Ausländer,Statistische Region Lüneburg,K033,322
2008,Ausländerinnen und Ausländer,"Delmenhorst, Stadt",K03401,25
2008,Ausländerinnen und Ausländer,Emden  Stadt,K03402,17
2008,Ausländerinnen und Ausländer,"Oldenburg(Oldb), Stadt",K03403,80
2008,Ausländerinnen und Ausländer,"Osnabrück, Stadt",K03404,89
2008,Ausländerinnen und Ausländer,"Wilhelmshaven, Stadt",K03405,9
2008,Ausländerinnen und Ausländer,Ammerland,K03451,22
2008,Ausländerinnen und Ausländer,Aurich,K03452,33
2008,Ausländerinnen und Ausländer,Cloppenburg,K03453,39
2008,Ausländerinnen und Ausländer,Emsland,K03454,108
2008,Ausländerinnen und Ausländer,Friesland,K03455,15
2008,Ausländerinnen und Ausländer,Grafschaft Bentheim,K03456,100
2008,Ausländerinnen und Ausländer,Leer,K03457,36
2008,Ausländerinnen und Ausländer,Oldenburg,K03458,28
2008,Ausländerinnen und Ausländer,Osnabrück,K03459,83
2008,Ausländerinnen und Ausländer,Vechta,K03460,88
2008,Ausländerinnen und Ausländer,Wesermarsch,K03461,26
2008,Ausländerinnen und Ausländer,Wittmund,K03462,17
2008,Ausländerinnen und Ausländer,Statistische Region Weser-Ems,K034,815
2008,Ausländerinnen und Ausländer,Niedersachsen,K030,2318
2009,Ausländerinnen und Ausländer,"Braunschweig, Stadt",K03101,63
2009,Ausländerinnen und Ausländer,"Salzgitter, Stadt",K03102,20
2009,Ausländerinnen und Ausländer,"Wolfsburg, Stadt",K03103,28
2009,Ausländerinnen und Ausländer,Gifhorn,K03151,12
2009,Ausländerinnen und Ausländer,Goslar,K03153,43
2009,Ausländerinnen und Ausländer,Helmstedt,K03154,14
2009,Ausländerinnen und Ausländer,Northeim,K03155,35
2009,Ausländerinnen und Ausländer,Peine,K03157,23
2009,Ausländerinnen und Ausländer,Wolfenbüttel,K03158,25
2009,Ausländerinnen und Ausländer,Göttingen,K03159,115
2009,Ausländerinnen und Ausländer,Statistische Region Braunschweig,K031,378
2009,Ausländerinnen und Ausländer,Hannover  Region,K03241,394
2009,Ausländerinnen und Ausländer,"dav. Hannover, Lhst.",K03241001,246
2009,Ausländerinnen und Ausländer,"dav. Hannover, Umland",K03241999,148
2009,Ausländerinnen und Ausländer,Diepholz,K03251,61
2009,Ausländerinnen und Ausländer,Hameln-Pyrmont,K03252,39
2009,Ausländerinnen und Ausländer,Hildesheim,K03254,82
2009,Ausländerinnen und Ausländer,Holzminden,K03255,14
2009,Ausländerinnen und Ausländer,Nienburg (Weser),K03256,19
2009,Ausländerinnen und Ausländer,Schaumburg,K03257,6
2009,Ausländerinnen und Ausländer,Statistische Region Hannover,K032,615
2009,Ausländerinnen und Ausländer,Celle,K03351,32
2009,Ausländerinnen und Ausländer,Cuxhaven,K03352,47
2009,Ausländerinnen und Ausländer,Harburg,K03353,58
2009,Ausländerinnen und Ausländer,Lüchow-Dannenberg,K03354,10
2009,Ausländerinnen und Ausländer,Lüneburg,K03355,29
2009,Ausländerinnen und Ausländer,Osterholz,K03356,22
2009,Ausländerinnen und Ausländer,Rotenburg (Wümme),K03357,11
2009,Ausländerinnen und Ausländer,Heidekreis,K03358,22
2009,Ausländerinnen und Ausländer,Stade,K03359,48
2009,Ausländerinnen und Ausländer,Uelzen,K03360,21
2009,Ausländerinnen und Ausländer,Verden,K03361,19
2009,Ausländerinnen und Ausländer,Statistische Region Lüneburg,K033,319
2009,Ausländerinnen und Ausländer,"Delmenhorst, Stadt",K03401,24
2009,Ausländerinnen und Ausländer,Emden  Stadt,K03402,17
2009,Ausländerinnen und Ausländer,"Oldenburg(Oldb), Stadt",K03403,101
2009,Ausländerinnen und Ausländer,"Osnabrück, Stadt",K03404,49
2009,Ausländerinnen und Ausländer,"Wilhelmshaven, Stadt",K03405,14
2009,Ausländerinnen und Ausländer,Ammerland,K03451,19
2009,Ausländerinnen und Ausländer,Aurich,K03452,30
2009,Ausländerinnen und Ausländer,Cloppenburg,K03453,24
2009,Ausländerinnen und Ausländer,Emsland,K03454,85
2009,Ausländerinnen und Ausländer,Friesland,K03455,18
2009,Ausländerinnen und Ausländer,Grafschaft Bentheim,K03456,92
2009,Ausländerinnen und Ausländer,Leer,K03457,36
2009,Ausländerinnen und Ausländer,Oldenburg,K03458,24
2009,Ausländerinnen und Ausländer,Osnabrück,K03459,69
2009,Ausländerinnen und Ausländer,Vechta,K03460,63
2009,Ausländerinnen und Ausländer,Wesermarsch,K03461,19
2009,Ausländerinnen und Ausländer,Wittmund,K03462,9
2009,Ausländerinnen und Ausländer,Statistische Region Weser-Ems,K034,693
2009,Ausländerinnen und Ausländer,Niedersachsen,K030,2005
2010,Ausländerinnen und Ausländer,"Braunschweig, Stadt",K03101,87
2010,Ausländerinnen und Ausländer,"Salzgitter, Stadt",K03102,27
2010,Ausländerinnen und Ausländer,"Wolfsburg, Stadt",K03103,45
2010,Ausländerinnen und Ausländer,Gifhorn,K03151,8
2010,Ausländerinnen und Ausländer,Goslar,K03153,32
2010,Ausländerinnen und Ausländer,Helmstedt,K03154,8
2010,Ausländerinnen und Ausländer,Northeim,K03155,35
2010,Ausländerinnen und Ausländer,Peine,K03157,26
2010,Ausländerinnen und Ausländer,Wolfenbüttel,K03158,23
2010,Ausländerinnen und Ausländer,Göttingen,K03159,127
2010,Ausländerinnen und Ausländer,Statistische Region Braunschweig,K031,418
2010,Ausländerinnen und Ausländer,Hannover  Region,K03241,397
2010,Ausländerinnen und Ausländer,"dav. Hannover, Lhst.",K03241001,258
2010,Ausländerinnen und Ausländer,"dav. Hannover, Umland",K03241999,139
2010,Ausländerinnen und Ausländer,Diepholz,K03251,54
2010,Ausländerinnen und Ausländer,Hameln-Pyrmont,K03252,39
2010,Ausländerinnen und Ausländer,Hildesheim,K03254,91
2010,Ausländerinnen und Ausländer,Holzminden,K03255,14
2010,Ausländerinnen und Ausländer,Nienburg (Weser),K03256,15
2010,Ausländerinnen und Ausländer,Schaumburg,K03257,12
2010,Ausländerinnen und Ausländer,Statistische Region Hannover,K032,622
2010,Ausländerinnen und Ausländer,Celle,K03351,33
2010,Ausländerinnen und Ausländer,Cuxhaven,K03352,47
2010,Ausländerinnen und Ausländer,Harburg,K03353,60
2010,Ausländerinnen und Ausländer,Lüchow-Dannenberg,K03354,4
2010,Ausländerinnen und Ausländer,Lüneburg,K03355,21
2010,Ausländerinnen und Ausländer,Osterholz,K03356,24
2010,Ausländerinnen und Ausländer,Rotenburg (Wümme),K03357,10
2010,Ausländerinnen und Ausländer,Heidekreis,K03358,18
2010,Ausländerinnen und Ausländer,Stade,K03359,29
2010,Ausländerinnen und Ausländer,Uelzen,K03360,21
2010,Ausländerinnen und Ausländer,Verden,K03361,22
2010,Ausländerinnen und Ausländer,Statistische Region Lüneburg,K033,289
2010,Ausländerinnen und Ausländer,"Delmenhorst, Stadt",K03401,29
2010,Ausländerinnen und Ausländer,Emden  Stadt,K03402,12
2010,Ausländerinnen und Ausländer,"Oldenburg(Oldb), Stadt",K03403,113
2010,Ausländerinnen und Ausländer,"Osnabrück, Stadt",K03404,93
2010,Ausländerinnen und Ausländer,"Wilhelmshaven, Stadt",K03405,21
2010,Ausländerinnen und Ausländer,Ammerland,K03451,12
2010,Ausländerinnen und Ausländer,Aurich,K03452,9
2010,Ausländerinnen und Ausländer,Cloppenburg,K03453,23
2010,Ausländerinnen und Ausländer,Emsland,K03454,65
2010,Ausländerinnen und Ausländer,Friesland,K03455,12
2010,Ausländerinnen und Ausländer,Grafschaft Bentheim,K03456,87
2010,Ausländerinnen und Ausländer,Leer,K03457,46
2010,Ausländerinnen und Ausländer,Oldenburg,K03458,25
2010,Ausländerinnen und Ausländer,Osnabrück,K03459,75
2010,Ausländerinnen und Ausländer,Vechta,K03460,62
2010,Ausländerinnen und Ausländer,Wesermarsch,K03461,17
2010,Ausländerinnen und Ausländer,Wittmund,K03462,9
2010,Ausländerinnen und Ausländer,Statistische Region Weser-Ems,K034,710
2010,Ausländerinnen und Ausländer,Niedersachsen,K030,2039
2011,Ausländerinnen und Ausländer,"Braunschweig, Stadt",K03101,84
2011,Ausländerinnen und Ausländer,"Salzgitter, Stadt",K03102,28
2011,Ausländerinnen und Ausländer,"Wolfsburg, Stadt",K03103,53
2011,Ausländerinnen und Ausländer,Gifhorn,K03151,4
2011,Ausländerinnen und Ausländer,Goslar,K03153,39
2011,Ausländerinnen und Ausländer,Helmstedt,K03154,10
2011,Ausländerinnen und Ausländer,Northeim,K03155,36
2011,Ausländerinnen und Ausländer,Peine,K03157,30
2011,Ausländerinnen und Ausländer,Wolfenbüttel,K03158,13
2011,Ausländerinnen und Ausländer,Göttingen,K03159,126
2011,Ausländerinnen und Ausländer,Statistische Region Braunschweig,K031,423
2011,Ausländerinnen und Ausländer,Hannover  Region,K03241,415
2011,Ausländerinnen und Ausländer,"dav. Hannover, Lhst.",K03241001,284
2011,Ausländerinnen und Ausländer,"dav. Hannover, Umland",K03241999,131
2011,Ausländerinnen und Ausländer,Diepholz,K03251,45
2011,Ausländerinnen und Ausländer,Hameln-Pyrmont,K03252,43
2011,Ausländerinnen und Ausländer,Hildesheim,K03254,90
2011,Ausländerinnen und Ausländer,Holzminden,K03255,14
2011,Ausländerinnen und Ausländer,Nienburg (Weser),K03256,12
2011,Ausländerinnen und Ausländer,Schaumburg,K03257,6
2011,Ausländerinnen und Ausländer,Statistische Region Hannover,K032,625
2011,Ausländerinnen und Ausländer,Celle,K03351,40
2011,Ausländerinnen und Ausländer,Cuxhaven,K03352,45
2011,Ausländerinnen und Ausländer,Harburg,K03353,44
2011,Ausländerinnen und Ausländer,Lüchow-Dannenberg,K03354,5
2011,Ausländerinnen und Ausländer,Lüneburg,K03355,32
2011,Ausländerinnen und Ausländer,Osterholz,K03356,14
2011,Ausländerinnen und Ausländer,Rotenburg (Wümme),K03357,10
2011,Ausländerinnen und Ausländer,Heidekreis,K03358,18
2011,Ausländerinnen und Ausländer,Stade,K03359,26
2011,Ausländerinnen und Ausländer,Uelzen,K03360,17
2011,Ausländerinnen und Ausländer,Verden,K03361,20
2011,Ausländerinnen und Ausländer,Statistische Region Lüneburg,K033,271
2011,Ausländerinnen und Ausländer,"Delmenhorst, Stadt",K03401,20
2011,Ausländerinnen und Ausländer,Emden  Stadt,K03402,13
2011,Ausländerinnen und Ausländer,"Oldenburg(Oldb), Stadt",K03403,84
2011,Ausländerinnen und Ausländer,"Osnabrück, Stadt",K03404,82
2011,Ausländerinnen und Ausländer,"Wilhelmshaven, Stadt",K03405,24
2011,Ausländerinnen und Ausländer,Ammerland,K03451,27
2011,Ausländerinnen und Ausländer,Aurich,K03452,14
2011,Ausländerinnen und Ausländer,Cloppenburg,K03453,17
2011,Ausländerinnen und Ausländer,Emsland,K03454,84
2011,Ausländerinnen und Ausländer,Friesland,K03455,15
2011,Ausländerinnen und Ausländer,Grafschaft Bentheim,K03456,56
2011,Ausländerinnen und Ausländer,Leer,K03457,41
2011,Ausländerinnen und Ausländer,Oldenburg,K03458,21
2011,Ausländerinnen und Ausländer,Osnabrück,K03459,65
2011,Ausländerinnen und Ausländer,Vechta,K03460,53
2011,Ausländerinnen und Ausländer,Wesermarsch,K03461,19
2011,Ausländerinnen und Ausländer,Wittmund,K03462,12
2011,Ausländerinnen und Ausländer,Statistische Region Weser-Ems,K034,647
2011,Ausländerinnen und Ausländer,Niedersachsen,K030,1966
2012,Ausländerinnen und Ausländer,"Braunschweig, Stadt",K03101,110
2012,Ausländerinnen und Ausländer,"Salzgitter, Stadt",K03102,22
2012,Ausländerinnen und Ausländer,"Wolfsburg, Stadt",K03103,60
2012,Ausländerinnen und Ausländer,Gifhorn,K03151,35
2012,Ausländerinnen und Ausländer,Goslar,K03153,41
2012,Ausländerinnen und Ausländer,Helmstedt,K03154,11
2012,Ausländerinnen und Ausländer,Northeim,K03155,32
2012,Ausländerinnen und Ausländer,Peine,K03157,38
2012,Ausländerinnen und Ausländer,Wolfenbüttel,K03158,19
2012,Ausländerinnen und Ausländer,Göttingen,K03159,150
2012,Ausländerinnen und Ausländer,Statistische Region Braunschweig,K031,518
2012,Ausländerinnen und Ausländer,Hannover  Region,K03241,466
2012,Ausländerinnen und Ausländer,"dav. Hannover, Lhst.",K03241001,335
2012,Ausländerinnen und Ausländer,"dav. Hannover, Umland",K03241999,131
2012,Ausländerinnen und Ausländer,Diepholz,K03251,58
2012,Ausländerinnen und Ausländer,Hameln-Pyrmont,K03252,64
2012,Ausländerinnen und Ausländer,Hildesheim,K03254,93
2012,Ausländerinnen und Ausländer,Holzminden,K03255,11
2012,Ausländerinnen und Ausländer,Nienburg (Weser),K03256,24
2012,Ausländerinnen und Ausländer,Schaumburg,K03257,27
2012,Ausländerinnen und Ausländer,Statistische Region Hannover,K032,743
2012,Ausländerinnen und Ausländer,Celle,K03351,30
2012,Ausländerinnen und Ausländer,Cuxhaven,K03352,41
2012,Ausländerinnen und Ausländer,Harburg,K03353,42
2012,Ausländerinnen und Ausländer,Lüchow-Dannenberg,K03354,9
2012,Ausländerinnen und Ausländer,Lüneburg,K03355,30
2012,Ausländerinnen und Ausländer,Osterholz,K03356,14
2012,Ausländerinnen und Ausländer,Rotenburg (Wümme),K03357,27
2012,Ausländerinnen und Ausländer,Heidekreis,K03358,22
2012,Ausländerinnen und Ausländer,Stade,K03359,44
2012,Ausländerinnen und Ausländer,Uelzen,K03360,17
2012,Ausländerinnen und Ausländer,Verden,K03361,34
2012,Ausländerinnen und Ausländer,Statistische Region Lüneburg,K033,310
2012,Ausländerinnen und Ausländer,"Delmenhorst, Stadt",K03401,46
2012,Ausländerinnen und Ausländer,Emden  Stadt,K03402,16
2012,Ausländerinnen und Ausländer,"Oldenburg(Oldb), Stadt",K03403,107
2012,Ausländerinnen und Ausländer,"Osnabrück, Stadt",K03404,74
2012,Ausländerinnen und Ausländer,"Wilhelmshaven, Stadt",K03405,19
2012,Ausländerinnen und Ausländer,Ammerland,K03451,29
2012,Ausländerinnen und Ausländer,Aurich,K03452,30
2012,Ausländerinnen und Ausländer,Cloppenburg,K03453,62
2012,Ausländerinnen und Ausländer,Emsland,K03454,115
2012,Ausländerinnen und Ausländer,Friesland,K03455,16
2012,Ausländerinnen und Ausländer,Grafschaft Bentheim,K03456,74
2012,Ausländerinnen und Ausländer,Leer,K03457,36
2012,Ausländerinnen und Ausländer,Oldenburg,K03458,43
2012,Ausländerinnen und Ausländer,Osnabrück,K03459,81
2012,Ausländerinnen und Ausländer,Vechta,K03460,90
2012,Ausländerinnen und Ausländer,Wesermarsch,K03461,18
2012,Ausländerinnen und Ausländer,Wittmund,K03462,12
2012,Ausländerinnen und Ausländer,Statistische Region Weser-Ems,K034,868
2012,Ausländerinnen und Ausländer,Niedersachsen,K030,2439
2013,Ausländerinnen und Ausländer,"Braunschweig, Stadt",K03101,117
2013,Ausländerinnen und Ausländer,"Salzgitter, Stadt",K03102,43
2013,Ausländerinnen und Ausländer,"Wolfsburg, Stadt",K03103,73
2013,Ausländerinnen und Ausländer,Gifhorn,K03151,31
2013,Ausländerinnen und Ausländer,Goslar,K03153,59
2013,Ausländerinnen und Ausländer,Helmstedt,K03154,19
2013,Ausländerinnen und Ausländer,Northeim,K03155,40
2013,Ausländerinnen und Ausländer,Peine,K03157,28
2013,Ausländerinnen und Ausländer,Wolfenbüttel,K03158,21
2013,Ausländerinnen und Ausländer,Göttingen,K03159,158
2013,Ausländerinnen und Ausländer,Statistische Region Braunschweig,K031,589
2013,Ausländerinnen und Ausländer,Hannover  Region,K03241,531
2013,Ausländerinnen und Ausländer,"dav. Hannover, Lhst.",K03241001,351
2013,Ausländerinnen und Ausländer,"dav. Hannover, Umland",K03241999,180
2013,Ausländerinnen und Ausländer,Diepholz,K03251,75
2013,Ausländerinnen und Ausländer,Hameln-Pyrmont,K03252,73
2013,Ausländerinnen und Ausländer,Hildesheim,K03254,120
2013,Ausländerinnen und Ausländer,Holzminden,K03255,9
2013,Ausländerinnen und Ausländer,Nienburg (Weser),K03256,35
2013,Ausländerinnen und Ausländer,Schaumburg,K03257,49
2013,Ausländerinnen und Ausländer,Statistische Region Hannover,K032,892
2013,Ausländerinnen und Ausländer,Celle,K03351,67
2013,Ausländerinnen und Ausländer,Cuxhaven,K03352,48
2013,Ausländerinnen und Ausländer,Harburg,K03353,67
2013,Ausländerinnen und Ausländer,Lüchow-Dannenberg,K03354,15
2013,Ausländerinnen und Ausländer,Lüneburg,K03355,39
2013,Ausländerinnen und Ausländer,Osterholz,K03356,30
2013,Ausländerinnen und Ausländer,Rotenburg (Wümme),K03357,41
2013,Ausländerinnen und Ausländer,Heidekreis,K03358,49
2013,Ausländerinnen und Ausländer,Stade,K03359,53
2013,Ausländerinnen und Ausländer,Uelzen,K03360,19
2013,Ausländerinnen und Ausländer,Verden,K03361,35
2013,Ausländerinnen und Ausländer,Statistische Region Lüneburg,K033,463
2013,Ausländerinnen und Ausländer,"Delmenhorst, Stadt",K03401,23
2013,Ausländerinnen und Ausländer,Emden  Stadt,K03402,26
2013,Ausländerinnen und Ausländer,"Oldenburg(Oldb), Stadt",K03403,105
2013,Ausländerinnen und Ausländer,"Osnabrück, Stadt",K03404,102
2013,Ausländerinnen und Ausländer,"Wilhelmshaven, Stadt",K03405,18
2013,Ausländerinnen und Ausländer,Ammerland,K03451,25
2013,Ausländerinnen und Ausländer,Aurich,K03452,43
2013,Ausländerinnen und Ausländer,Cloppenburg,K03453,116
2013,Ausländerinnen und Ausländer,Emsland,K03454,147
2013,Ausländerinnen und Ausländer,Friesland,K03455,22
2013,Ausländerinnen und Ausländer,Grafschaft Bentheim,K03456,79
2013,Ausländerinnen und Ausländer,Leer,K03457,46
2013,Ausländerinnen und Ausländer,Oldenburg,K03458,64
2013,Ausländerinnen und Ausländer,Osnabrück,K03459,107
2013,Ausländerinnen und Ausländer,Vechta,K03460,113
2013,Ausländerinnen und Ausländer,Wesermarsch,K03461,27
2013,Ausländerinnen und Ausländer,Wittmund,K03462,9
2013,Ausländerinnen und Ausländer,Statistische Region Weser-Ems,K034,1072
2013,Ausländerinnen und Ausländer,Niedersachsen,K030,3016
2014,Ausländerinnen und Ausländer,"Braunschweig, Stadt",K03101,138
2014,Ausländerinnen und Ausländer,"Salzgitter, Stadt",K03102,71
2014,Ausländerinnen und Ausländer,"Wolfsburg, Stadt",K03103,99
2014,Ausländerinnen und Ausländer,Gifhorn,K03151,62
2014,Ausländerinnen und Ausländer,Goslar,K03153,54
2014,Ausländerinnen und Ausländer,Helmstedt,K03154,15
2014,Ausländerinnen und Ausländer,Northeim,K03155,55
2014,Ausländerinnen und Ausländer,Peine,K03157,43
2014,Ausländerinnen und Ausländer,Wolfenbüttel,K03158,37
2014,Ausländerinnen und Ausländer,Göttingen,K03159,185
2014,Ausländerinnen und Ausländer,Statistische Region Braunschweig,K031,759
2014,Ausländerinnen und Ausländer,Hannover  Region,K03241,770
2014,Ausländerinnen und Ausländer,"dav. Hannover, Lhst.",K03241001,493
2014,Ausländerinnen und Ausländer,"dav. Hannover, Umland",K03241999,277
2014,Ausländerinnen und Ausländer,Diepholz,K03251,102
2014,Ausländerinnen und Ausländer,Hameln-Pyrmont,K03252,101
2014,Ausländerinnen und Ausländer,Hildesheim,K03254,124
2014,Ausländerinnen und Ausländer,Holzminden,K03255,20
2014,Ausländerinnen und Ausländer,Nienburg (Weser),K03256,27
2014,Ausländerinnen und Ausländer,Schaumburg,K03257,85
2014,Ausländerinnen und Ausländer,Statistische Region Hannover,K032,1229
2014,Ausländerinnen und Ausländer,Celle,K03351,97
2014,Ausländerinnen und Ausländer,Cuxhaven,K03352,83
2014,Ausländerinnen und Ausländer,Harburg,K03353,84
2014,Ausländerinnen und Ausländer,Lüchow-Dannenberg,K03354,22
2014,Ausländerinnen und Ausländer,Lüneburg,K03355,52
2014,Ausländerinnen und Ausländer,Osterholz,K03356,42
2014,Ausländerinnen und Ausländer,Rotenburg (Wümme),K03357,58
2014,Ausländerinnen und Ausländer,Heidekreis,K03358,67
2014,Ausländerinnen und Ausländer,Stade,K03359,90
2014,Ausländerinnen und Ausländer,Uelzen,K03360,44
2014,Ausländerinnen und Ausländer,Verden,K03361,38
2014,Ausländerinnen und Ausländer,Statistische Region Lüneburg,K033,677
2014,Ausländerinnen und Ausländer,"Delmenhorst, Stadt",K03401,50
2014,Ausländerinnen und Ausländer,Emden  Stadt,K03402,29
2014,Ausländerinnen und Ausländer,"Oldenburg(Oldb), Stadt",K03403,136
2014,Ausländerinnen und Ausländer,"Osnabrück, Stadt",K03404,137
2014,Ausländerinnen und Ausländer,"Wilhelmshaven, Stadt",K03405,35
2014,Ausländerinnen und Ausländer,Ammerland,K03451,37
2014,Ausländerinnen und Ausländer,Aurich,K03452,62
2014,Ausländerinnen und Ausländer,Cloppenburg,K03453,159
2014,Ausländerinnen und Ausländer,Emsland,K03454,236
2014,Ausländerinnen und Ausländer,Friesland,K03455,29
2014,Ausländerinnen und Ausländer,Grafschaft Bentheim,K03456,108
2014,Ausländerinnen und Ausländer,Leer,K03457,78
2014,Ausländerinnen und Ausländer,Oldenburg,K03458,80
2014,Ausländerinnen und Ausländer,Osnabrück,K03459,185
2014,Ausländerinnen und Ausländer,Vechta,K03460,171
2014,Ausländerinnen und Ausländer,Wesermarsch,K03461,33
2014,Ausländerinnen und Ausländer,Wittmund,K03462,18
2014,Ausländerinnen und Ausländer,Statistische Region Weser-Ems,K034,1583
2014,Ausländerinnen und Ausländer,Niedersachsen,K030,4248
2015,Ausländerinnen und Ausländer,"Braunschweig, Stadt",K03101,167
2015,Ausländerinnen und Ausländer,"Salzgitter, Stadt",K03102,90
2015,Ausländerinnen und Ausländer,"Wolfsburg, Stadt",K03103,143
2015,Ausländerinnen und Ausländer,Gifhorn,K03151,86
2015,Ausländerinnen und Ausländer,Goslar,K03153,105
2015,Ausländerinnen und Ausländer,Helmstedt,K03154,33
2015,Ausländerinnen und Ausländer,Northeim,K03155,79
2015,Ausländerinnen und Ausländer,Peine,K03157,70
2015,Ausländerinnen und Ausländer,Wolfenbüttel,K03158,38
2015,Ausländerinnen und Ausländer,Göttingen,K03159,202
2015,Ausländerinnen und Ausländer,Statistische Region Braunschweig,K031,1013
2015,Ausländerinnen und Ausländer,Hannover  Region,K03241,933
2015,Ausländerinnen und Ausländer,"dav. Hannover, Lhst.",K03241001,569
2015,Ausländerinnen und Ausländer,"dav. Hannover, Umland",K03241999,364
2015,Ausländerinnen und Ausländer,Diepholz,K03251,127
2015,Ausländerinnen und Ausländer,Hameln-Pyrmont,K03252,109
2015,Ausländerinnen und Ausländer,Hildesheim,K03254,163
2015,Ausländerinnen und Ausländer,Holzminden,K03255,38
2015,Ausländerinnen und Ausländer,Nienburg (Weser),K03256,58
2015,Ausländerinnen und Ausländer,Schaumburg,K03257,83
2015,Ausländerinnen und Ausländer,Statistische Region Hannover,K032,1511
2015,Ausländerinnen und Ausländer,Celle,K03351,87
2015,Ausländerinnen und Ausländer,Cuxhaven,K03352,84
2015,Ausländerinnen und Ausländer,Harburg,K03353,90
2015,Ausländerinnen und Ausländer,Lüchow-Dannenberg,K03354,35
2015,Ausländerinnen und Ausländer,Lüneburg,K03355,62
2015,Ausländerinnen und Ausländer,Osterholz,K03356,60
2015,Ausländerinnen und Ausländer,Rotenburg (Wümme),K03357,62
2015,Ausländerinnen und Ausländer,Heidekreis,K03358,95
2015,Ausländerinnen und Ausländer,Stade,K03359,127
2015,Ausländerinnen und Ausländer,Uelzen,K03360,53
2015,Ausländerinnen und Ausländer,Verden,K03361,58
2015,Ausländerinnen und Ausländer,Statistische Region Lüneburg,K033,813
2015,Ausländerinnen und Ausländer,"Delmenhorst, Stadt",K03401,83
2015,Ausländerinnen und Ausländer,Emden  Stadt,K03402,40
2015,Ausländerinnen und Ausländer,"Oldenburg(Oldb), Stadt",K03403,140
2015,Ausländerinnen und Ausländer,"Osnabrück, Stadt",K03404,151
2015,Ausländerinnen und Ausländer,"Wilhelmshaven, Stadt",K03405,84
2015,Ausländerinnen und Ausländer,Ammerland,K03451,63
2015,Ausländerinnen und Ausländer,Aurich,K03452,97
2015,Ausländerinnen und Ausländer,Cloppenburg,K03453,180
2015,Ausländerinnen und Ausländer,Emsland,K03454,291
2015,Ausländerinnen und Ausländer,Friesland,K03455,62
2015,Ausländerinnen und Ausländer,Grafschaft Bentheim,K03456,132
2015,Ausländerinnen und Ausländer,Leer,K03457,93
2015,Ausländerinnen und Ausländer,Oldenburg,K03458,83
2015,Ausländerinnen und Ausländer,Osnabrück,K03459,199
2015,Ausländerinnen und Ausländer,Vechta,K03460,212
2015,Ausländerinnen und Ausländer,Wesermarsch,K03461,50
2015,Ausländerinnen und Ausländer,Wittmund,K03462,25
2015,Ausländerinnen und Ausländer,Statistische Region Weser-Ems,K034,1985
2015,Ausländerinnen und Ausländer,Niedersachsen,K030,5322
2016,Ausländerinnen und Ausländer,"Braunschweig, Stadt",K03101,222
2016,Ausländerinnen und Ausländer,"Salzgitter, Stadt",K03102,210
2016,Ausländerinnen und Ausländer,"Wolfsburg, Stadt",K03103,208
2016,Ausländerinnen und Ausländer,Gifhorn,K03151,106
2016,Ausländerinnen und Ausländer,Goslar,K03153,164
2016,Ausländerinnen und Ausländer,Helmstedt,K03154,75
2016,Ausländerinnen und Ausländer,Northeim,K03155,141
2016,Ausländerinnen und Ausländer,Peine,K03157,121
2016,Ausländerinnen und Ausländer,Wolfenbüttel,K03158,125
2016,Ausländerinnen und Ausländer,Göttingen,K03159,337
2016,Ausländerinnen und Ausländer,Statistische Region Braunschweig,K031,1709
2016,Ausländerinnen und Ausländer,Hannover  Region,K03241,1603
2016,Ausländerinnen und Ausländer,"dav. Hannover, Lhst.",K03241001,831
2016,Ausländerinnen und Ausländer,"dav. Hannover, Umland",K03241999,772
2016,Ausländerinnen und Ausländer,Diepholz,K03251,232
2016,Ausländerinnen und Ausländer,Hameln-Pyrmont,K03252,197
2016,Ausländerinnen und Ausländer,Hildesheim,K03254,284
2016,Ausländerinnen und Ausländer,Holzminden,K03255,71
2016,Ausländerinnen und Ausländer,Nienburg (Weser),K03256,154
2016,Ausländerinnen und Ausländer,Schaumburg,K03257,166
2016,Ausländerinnen und Ausländer,Statistische Region Hannover,K032,2707
2016,Ausländerinnen und Ausländer,Celle,K03351,182
2016,Ausländerinnen und Ausländer,Cuxhaven,K03352,168
2016,Ausländerinnen und Ausländer,Harburg,K03353,128
2016,Ausländerinnen und Ausländer,Lüchow-Dannenberg,K03354,52
2016,Ausländerinnen und Ausländer,Lüneburg,K03355,168
2016,Ausländerinnen und Ausländer,Osterholz,K03356,106
2016,Ausländerinnen und Ausländer,Rotenburg (Wümme),K03357,125
2016,Ausländerinnen und Ausländer,Heidekreis,K03358,160
2016,Ausländerinnen und Ausländer,Stade,K03359,243
2016,Ausländerinnen und Ausländer,Uelzen,K03360,71
2016,Ausländerinnen und Ausländer,Verden,K03361,132
2016,Ausländerinnen und Ausländer,Statistische Region Lüneburg,K033,1535
2016,Ausländerinnen und Ausländer,"Delmenhorst, Stadt",K03401,180
2016,Ausländerinnen und Ausländer,Emden  Stadt,K03402,80
2016,Ausländerinnen und Ausländer,"Oldenburg(Oldb), Stadt",K03403,211
2016,Ausländerinnen und Ausländer,"Osnabrück, Stadt",K03404,220
2016,Ausländerinnen und Ausländer,"Wilhelmshaven, Stadt",K03405,106
2016,Ausländerinnen und Ausländer,Ammerland,K03451,119
2016,Ausländerinnen und Ausländer,Aurich,K03452,162
2016,Ausländerinnen und Ausländer,Cloppenburg,K03453,260
2016,Ausländerinnen und Ausländer,Emsland,K03454,419
2016,Ausländerinnen und Ausländer,Friesland,K03455,126
2016,Ausländerinnen und Ausländer,Grafschaft Bentheim,K03456,185
2016,Ausländerinnen und Ausländer,Leer,K03457,170
2016,Ausländerinnen und Ausländer,Oldenburg,K03458,155
2016,Ausländerinnen und Ausländer,Osnabrück,K03459,335
2016,Ausländerinnen und Ausländer,Vechta,K03460,279
2016,Ausländerinnen und Ausländer,Wesermarsch,K03461,94
2016,Ausländerinnen und Ausländer,Wittmund,K03462,41
2016,Ausländerinnen und Ausländer,Statistische Region Weser-Ems,K034,3142
2016,Ausländerinnen und Ausländer,Niedersachsen,K030,9093
2017,Ausländerinnen und Ausländer,"Braunschweig, Stadt",K03101,185
2017,Ausländerinnen und Ausländer,"Salzgitter, Stadt",K03102,266
2017,Ausländerinnen und Ausländer,"Wolfsburg, Stadt",K03103,158
2017,Ausländerinnen und Ausländer,Gifhorn,K03151,115
2017,Ausländerinnen und Ausländer,Goslar,K03153,149
2017,Ausländerinnen und Ausländer,Helmstedt,K03154,86
2017,Ausländerinnen und Ausländer,Northeim,K03155,129
2017,Ausländerinnen und Ausländer,Peine,K03157,112
2017,Ausländerinnen und Ausländer,Wolfenbüttel,K03158,78
2017,Ausländerinnen und Ausländer,Göttingen,K03159,310
2017,Ausländerinnen und Ausländer,Statistische Region Braunschweig,K031,1588
2017,Ausländerinnen und Ausländer,Hannover  Region,K03241,1490
2017,Ausländerinnen und Ausländer,"dav. Hannover, Lhst.",K03241001,779
2017,Ausländerinnen und Ausländer,"dav. Hannover, Umland",K03241999,711
2017,Ausländerinnen und Ausländer,Diepholz,K03251,240
2017,Ausländerinnen und Ausländer,Hameln-Pyrmont,K03252,174
2017,Ausländerinnen und Ausländer,Hildesheim,K03254,226
2017,Ausländerinnen und Ausländer,Holzminden,K03255,61
2017,Ausländerinnen und Ausländer,Nienburg (Weser),K03256,116
2017,Ausländerinnen und Ausländer,Schaumburg,K03257,155
2017,Ausländerinnen und Ausländer,Statistische Region Hannover,K032,2462
2017,Ausländerinnen und Ausländer,Celle,K03351,168
2017,Ausländerinnen und Ausländer,Cuxhaven,K03352,165
2017,Ausländerinnen und Ausländer,Harburg,K03353,157
2017,Ausländerinnen und Ausländer,Lüchow-Dannenberg,K03354,30
2017,Ausländerinnen und Ausländer,Lüneburg,K03355,126
2017,Ausländerinnen und Ausländer,Osterholz,K03356,72
2017,Ausländerinnen und Ausländer,Rotenburg (Wümme),K03357,122
2017,Ausländerinnen und Ausländer,Heidekreis,K03358,124
2017,Ausländerinnen und Ausländer,Stade,K03359,222
2017,Ausländerinnen und Ausländer,Uelzen,K03360,52
2017,Ausländerinnen und Ausländer,Verden,K03361,110
2017,Ausländerinnen und Ausländer,Statistische Region Lüneburg,K033,1348
2017,Ausländerinnen und Ausländer,"Delmenhorst, Stadt",K03401,202
2017,Ausländerinnen und Ausländer,Emden  Stadt,K03402,68
2017,Ausländerinnen und Ausländer,"Oldenburg(Oldb), Stadt",K03403,221
2017,Ausländerinnen und Ausländer,"Osnabrück, Stadt",K03404,241
2017,Ausländerinnen und Ausländer,"Wilhelmshaven, Stadt",K03405,137
2017,Ausländerinnen und Ausländer,Ammerland,K03451,94
2017,Ausländerinnen und Ausländer,Aurich,K03452,153
2017,Ausländerinnen und Ausländer,Cloppenburg,K03453,242
2017,Ausländerinnen und Ausländer,Emsland,K03454,420
2017,Ausländerinnen und Ausländer,Friesland,K03455,85
2017,Ausländerinnen und Ausländer,Grafschaft Bentheim,K03456,156
2017,Ausländerinnen und Ausländer,Leer,K03457,160
2017,Ausländerinnen und Ausländer,Oldenburg,K03458,132
2017,Ausländerinnen und Ausländer,Osnabrück,K03459,341
2017,Ausländerinnen und Ausländer,Vechta,K03460,239
2017,Ausländerinnen und Ausländer,Wesermarsch,K03461,79
2017,Ausländerinnen und Ausländer,Wittmund,K03462,36
2017,Ausländerinnen und Ausländer,Statistische Region Weser-Ems,K034,3006
2017,Ausländerinnen und Ausländer,Niedersachsen,K030,8404
2018,Ausländerinnen und Ausländer,"Braunschweig, Stadt",K03101,232
2018,Ausländerinnen und Ausländer,"Salzgitter, Stadt",K03102,336
2018,Ausländerinnen und Ausländer,"Wolfsburg, Stadt",K03103,184
2018,Ausländerinnen und Ausländer,Gifhorn,K03151,129
2018,Ausländerinnen und Ausländer,Goslar,K03153,159
2018,Ausländerinnen und Ausländer,Helmstedt,K03154,53
2018,Ausländerinnen und Ausländer,Northeim,K03155,109
2018,Ausländerinnen und Ausländer,Peine,K03157,109
2018,Ausländerinnen und Ausländer,Wolfenbüttel,K03158,91
2018,Ausländerinnen und Ausländer,Göttingen,K03159,346
2018,Ausländerinnen und Ausländer,Statistische Region Braunschweig,K031,1748
2018,Ausländerinnen und Ausländer,Hannover  Region,K03241,1596
2018,Ausländerinnen und Ausländer,"dav. Hannover, Lhst.",K03241001,870
2018,Ausländerinnen und Ausländer,"dav. Hannover, Umland",K03241999,726
2018,Ausländerinnen und Ausländer,Diepholz,K03251,233
2018,Ausländerinnen und Ausländer,Hameln-Pyrmont,K03252,200
2018,Ausländerinnen und Ausländer,Hildesheim,K03254,270
2018,Ausländerinnen und Ausländer,Holzminden,K03255,52
2018,Ausländerinnen und Ausländer,Nienburg (Weser),K03256,109
2018,Ausländerinnen und Ausländer,Schaumburg,K03257,195
2018,Ausländerinnen und Ausländer,Statistische Region Hannover,K032,2655
2018,Ausländerinnen und Ausländer,Celle,K03351,176
2018,Ausländerinnen und Ausländer,Cuxhaven,K03352,143
2018,Ausländerinnen und Ausländer,Harburg,K03353,149
2018,Ausländerinnen und Ausländer,Lüchow-Dannenberg,K03354,41
2018,Ausländerinnen und Ausländer,Lüneburg,K03355,111
2018,Ausländerinnen und Ausländer,Osterholz,K03356,62
2018,Ausländerinnen und Ausländer,Rotenburg (Wümme),K03357,100
2018,Ausländerinnen und Ausländer,Heidekreis,K03358,160
2018,Ausländerinnen und Ausländer,Stade,K03359,251
2018,Ausländerinnen und Ausländer,Uelzen,K03360,67
2018,Ausländerinnen und Ausländer,Verden,K03361,127
2018,Ausländerinnen und Ausländer,Statistische Region Lüneburg,K033,1387
2018,Ausländerinnen und Ausländer,"Delmenhorst, Stadt",K03401,184
2018,Ausländerinnen und Ausländer,Emden  Stadt,K03402,79
2018,Ausländerinnen und Ausländer,"Oldenburg(Oldb), Stadt",K03403,223
2018,Ausländerinnen und Ausländer,"Osnabrück, Stadt",K03404,234
2018,Ausländerinnen und Ausländer,"Wilhelmshaven, Stadt",K03405,133
2018,Ausländerinnen und Ausländer,Ammerland,K03451,104
2018,Ausländerinnen und Ausländer,Aurich,K03452,138
2018,Ausländerinnen und Ausländer,Cloppenburg,K03453,299
2018,Ausländerinnen und Ausländer,Emsland,K03454,421
2018,Ausländerinnen und Ausländer,Friesland,K03455,63
2018,Ausländerinnen und Ausländer,Grafschaft Bentheim,K03456,160
2018,Ausländerinnen und Ausländer,Leer,K03457,183
2018,Ausländerinnen und Ausländer,Oldenburg,K03458,136
2018,Ausländerinnen und Ausländer,Osnabrück,K03459,350
2018,Ausländerinnen und Ausländer,Vechta,K03460,235
2018,Ausländerinnen und Ausländer,Wesermarsch,K03461,84
2018,Ausländerinnen und Ausländer,Wittmund,K03462,23
2018,Ausländerinnen und Ausländer,Statistische Region Weser-Ems,K034,3049
2018,Ausländerinnen und Ausländer,Niedersachsen,K030,8839
2019,Ausländerinnen und Ausländer,"Braunschweig, Stadt",K03101,239
2019,Ausländerinnen und Ausländer,"Salzgitter, Stadt",K03102,292
2019,Ausländerinnen und Ausländer,"Wolfsburg, Stadt",K03103,187
2019,Ausländerinnen und Ausländer,Gifhorn,K03151,128
2019,Ausländerinnen und Ausländer,Goslar,K03153,133
2019,Ausländerinnen und Ausländer,Helmstedt,K03154,75
2019,Ausländerinnen und Ausländer,Northeim,K03155,111
2019,Ausländerinnen und Ausländer,Peine,K03157,128
2019,Ausländerinnen und Ausländer,Wolfenbüttel,K03158,79
2019,Ausländerinnen und Ausländer,Göttingen,K03159,287
2019,Ausländerinnen und Ausländer,Statistische Region Braunschweig,K031,1659
2019,Ausländerinnen und Ausländer,Hannover  Region,K03241,1360
2019,Ausländerinnen und Ausländer,"dav. Hannover, Lhst.",K03241001,798
2019,Ausländerinnen und Ausländer,"dav. Hannover, Umland",K03241999,562
2019,Ausländerinnen und Ausländer,Diepholz,K03251,218
2019,Ausländerinnen und Ausländer,Hameln-Pyrmont,K03252,198
2019,Ausländerinnen und Ausländer,Hildesheim,K03254,262
2019,Ausländerinnen und Ausländer,Holzminden,K03255,50
2019,Ausländerinnen und Ausländer,Nienburg (Weser),K03256,142
2019,Ausländerinnen und Ausländer,Schaumburg,K03257,139
2019,Ausländerinnen und Ausländer,Statistische Region Hannover,K032,2369
2019,Ausländerinnen und Ausländer,Celle,K03351,160
2019,Ausländerinnen und Ausländer,Cuxhaven,K03352,131
2019,Ausländerinnen und Ausländer,Harburg,K03353,185
2019,Ausländerinnen und Ausländer,Lüchow-Dannenberg,K03354,30
2019,Ausländerinnen und Ausländer,Lüneburg,K03355,146
2019,Ausländerinnen und Ausländer,Osterholz,K03356,82
2019,Ausländerinnen und Ausländer,Rotenburg (Wümme),K03357,105
2019,Ausländerinnen und Ausländer,Heidekreis,K03358,185
2019,Ausländerinnen und Ausländer,Stade,K03359,218
2019,Ausländerinnen und Ausländer,Uelzen,K03360,57
2019,Ausländerinnen und Ausländer,Verden,K03361,113
2019,Ausländerinnen und Ausländer,Statistische Region Lüneburg,K033,1412
2019,Ausländerinnen und Ausländer,"Delmenhorst, Stadt",K03401,186
2019,Ausländerinnen und Ausländer,Emden  Stadt,K03402,77
2019,Ausländerinnen und Ausländer,"Oldenburg(Oldb), Stadt",K03403,214
2019,Ausländerinnen und Ausländer,"Osnabrück, Stadt",K03404,253
2019,Ausländerinnen und Ausländer,"Wilhelmshaven, Stadt",K03405,136
2019,Ausländerinnen und Ausländer,Ammerland,K03451,95
2019,Ausländerinnen und Ausländer,Aurich,K03452,132
2019,Ausländerinnen und Ausländer,Cloppenburg,K03453,299
2019,Ausländerinnen und Ausländer,Emsland,K03454,434
2019,Ausländerinnen und Ausländer,Friesland,K03455,50
2019,Ausländerinnen und Ausländer,Grafschaft Bentheim,K03456,148
2019,Ausländerinnen und Ausländer,Leer,K03457,196
2019,Ausländerinnen und Ausländer,Oldenburg,K03458,138
2019,Ausländerinnen und Ausländer,Osnabrück,K03459,385
2019,Ausländerinnen und Ausländer,Vechta,K03460,263
2019,Ausländerinnen und Ausländer,Wesermarsch,K03461,72
2019,Ausländerinnen und Ausländer,Wittmund,K03462,29
2019,Ausländerinnen und Ausländer,Statistische Region Weser-Ems,K034,3107
2019,Ausländerinnen und Ausländer,Niedersachsen,K030,8547
2020,Ausländerinnen und Ausländer,"Braunschweig, Stadt",K03101,239
2020,Ausländerinnen und Ausländer,"Salzgitter, Stadt",K03102,307
2020,Ausländerinnen und Ausländer,"Wolfsburg, Stadt",K03103,176
2020,Ausländerinnen und Ausländer,Gifhorn,K03151,136
2020,Ausländerinnen und Ausländer,Goslar,K03153,116
2020,Ausländerinnen und Ausländer,Helmstedt,K03154,70
2020,Ausländerinnen und Ausländer,Northeim,K03155,103
2020,Ausländerinnen und Ausländer,Peine,K03157,104
2020,Ausländerinnen und Ausländer,Wolfenbüttel,K03158,95
2020,Ausländerinnen und Ausländer,Göttingen,K03159,311
2020,Ausländerinnen und Ausländer,Statistische Region Braunschweig,K031,1657
2020,Ausländerinnen und Ausländer,Hannover  Region,K03241,1763
2020,Ausländerinnen und Ausländer,"dav. Hannover, Lhst.",K03241001,1020
2020,Ausländerinnen und Ausländer,"dav. Hannover, Umland",K03241999,743
2020,Ausländerinnen und Ausländer,Diepholz,K03251,228
2020,Ausländerinnen und Ausländer,Hameln-Pyrmont,K03252,202
2020,Ausländerinnen und Ausländer,Hildesheim,K03254,269
2020,Ausländerinnen und Ausländer,Holzminden,K03255,55
2020,Ausländerinnen und Ausländer,Nienburg (Weser),K03256,119
2020,Ausländerinnen und Ausländer,Schaumburg,K03257,129
2020,Ausländerinnen und Ausländer,Statistische Region Hannover,K032,2765
2020,Ausländerinnen und Ausländer,Celle,K03351,170
2020,Ausländerinnen und Ausländer,Cuxhaven,K03352,111
2020,Ausländerinnen und Ausländer,Harburg,K03353,196
2020,Ausländerinnen und Ausländer,Lüchow-Dannenberg,K03354,35
2020,Ausländerinnen und Ausländer,Lüneburg,K03355,137
2020,Ausländerinnen und Ausländer,Osterholz,K03356,61
2020,Ausländerinnen und Ausländer,Rotenburg (Wümme),K03357,117
2020,Ausländerinnen und Ausländer,Heidekreis,K03358,180
2020,Ausländerinnen und Ausländer,Stade,K03359,235
2020,Ausländerinnen und Ausländer,Uelzen,K03360,66
2020,Ausländerinnen und Ausländer,Verden,K03361,108
2020,Ausländerinnen und Ausländer,Statistische Region Lüneburg,K033,1416
2020,Ausländerinnen und Ausländer,"Delmenhorst, Stadt",K03401,179
2020,Ausländerinnen und Ausländer,Emden  Stadt,K03402,75
2020,Ausländerinnen und Ausländer,"Oldenburg(Oldb), Stadt",K03403,256
2020,Ausländerinnen und Ausländer,"Osnabrück, Stadt",K03404,242
2020,Ausländerinnen und Ausländer,"Wilhelmshaven, Stadt",K03405,150
2020,Ausländerinnen und Ausländer,Ammerland,K03451,81
2020,Ausländerinnen und Ausländer,Aurich,K03452,122
2020,Ausländerinnen und Ausländer,Cloppenburg,K03453,284
2020,Ausländerinnen und Ausländer,Emsland,K03454,434
2020,Ausländerinnen und Ausländer,Friesland,K03455,47
2020,Ausländerinnen und Ausländer,Grafschaft Bentheim,K03456,175
2020,Ausländerinnen und Ausländer,Leer,K03457,209
2020,Ausländerinnen und Ausländer,Oldenburg,K03458,120
2020,Ausländerinnen und Ausländer,Osnabrück,K03459,382
2020,Ausländerinnen und Ausländer,Vechta,K03460,288
2020,Ausländerinnen und Ausländer,Wesermarsch,K03461,83
2020,Ausländerinnen und Ausländer,Wittmund,K03462,39
2020,Ausländerinnen und Ausländer,Statistische Region Weser-Ems,K034,3166
2020,Ausländerinnen und Ausländer,Niedersachsen,K030,9004
2021,Ausländerinnen und Ausländer,"Braunschweig, Stadt",K03101,261
2021,Ausländerinnen und Ausländer,"Salzgitter, Stadt",K03102,290
2021,Ausländerinnen und Ausländer,"Wolfsburg, Stadt",K03103,213
2021,Ausländerinnen und Ausländer,Gifhorn,K03151,139
2021,Ausländerinnen und Ausländer,Goslar,K03153,141
2021,Ausländerinnen und Ausländer,Helmstedt,K03154,85
2021,Ausländerinnen und Ausländer,Northeim,K03155,106
2021,Ausländerinnen und Ausländer,Peine,K03157,143
2021,Ausländerinnen und Ausländer,Wolfenbüttel,K03158,73
2021,Ausländerinnen und Ausländer,Göttingen,K03159,315
2021,Ausländerinnen und Ausländer,Statistische Region Braunschweig,K031,1766
2021,Ausländerinnen und Ausländer,Hannover  Region,K03241,1751
2021,Ausländerinnen und Ausländer,"dav. Hannover, Lhst.",K03241001,1012
2021,Ausländerinnen und Ausländer,"dav. Hannover, Umland",K03241999,2763
2021,Ausländerinnen und Ausländer,Diepholz,K03251,215
2021,Ausländerinnen und Ausländer,Hameln-Pyrmont,K03252,200
2021,Ausländerinnen und Ausländer,Hildesheim,K03254,283
2021,Ausländerinnen und Ausländer,Holzminden,K03255,59
2021,Ausländerinnen und Ausländer,Nienburg (Weser),K03256,115
2021,Ausländerinnen und Ausländer,Schaumburg,K03257,155
2021,Ausländerinnen und Ausländer,Statistische Region Hannover,K032,2778
2021,Ausländerinnen und Ausländer,Celle,K03351,175
2021,Ausländerinnen und Ausländer,Cuxhaven,K03352,113
2021,Ausländerinnen und Ausländer,Harburg,K03353,229
2021,Ausländerinnen und Ausländer,Lüchow-Dannenberg,K03354,20
2021,Ausländerinnen und Ausländer,Lüneburg,K03355,136
2021,Ausländerinnen und Ausländer,Osterholz,K03356,64
2021,Ausländerinnen und Ausländer,Rotenburg (Wümme),K03357,119
2021,Ausländerinnen und Ausländer,Heidekreis,K03358,133
2021,Ausländerinnen und Ausländer,Stade,K03359,228
2021,Ausländerinnen und Ausländer,Uelzen,K03360,77
2021,Ausländerinnen und Ausländer,Verden,K03361,109
2021,Ausländerinnen und Ausländer,Statistische Region Lüneburg,K033,1403
2021,Ausländerinnen und Ausländer,"Delmenhorst, Stadt",K03401,220
2021,Ausländerinnen und Ausländer,Emden  Stadt,K03402,80
2021,Ausländerinnen und Ausländer,"Oldenburg(Oldb), Stadt",K03403,251
2021,Ausländerinnen und Ausländer,"Osnabrück, Stadt",K03404,256
2021,Ausländerinnen und Ausländer,"Wilhelmshaven, Stadt",K03405,120
2021,Ausländerinnen und Ausländer,Ammerland,K03451,90
2021,Ausländerinnen und Ausländer,Aurich,K03452,119
2021,Ausländerinnen und Ausländer,Cloppenburg,K03453,270
2021,Ausländerinnen und Ausländer,Emsland,K03454,439
2021,Ausländerinnen und Ausländer,Friesland,K03455,54
2021,Ausländerinnen und Ausländer,Grafschaft Bentheim,K03456,172
2021,Ausländerinnen und Ausländer,Leer,K03457,166
2021,Ausländerinnen und Ausländer,Oldenburg,K03458,123
2021,Ausländerinnen und Ausländer,Osnabrück,K03459,406
2021,Ausländerinnen und Ausländer,Vechta,K03460,276
2021,Ausländerinnen und Ausländer,Wesermarsch,K03461,73
2021,Ausländerinnen und Ausländer,Wittmund,K03462,37
2021,Ausländerinnen und Ausländer,Statistische Region Weser-Ems,K034,3152
2022,Ausländerinnen und Ausländer,"Braunschweig, Stadt",K03101,269
2022,Ausländerinnen und Ausländer,"Salzgitter, Stadt",K03102,288
2022,Ausländerinnen und Ausländer,"Wolfsburg, Stadt",K03103,209
2022,Ausländerinnen und Ausländer,Gifhorn,K03151,150
2022,Ausländerinnen und Ausländer,Goslar,K03153,120
2022,Ausländerinnen und Ausländer,Helmstedt,K03154,90
2022,Ausländerinnen und Ausländer,Northeim,K03155,111
2022,Ausländerinnen und Ausländer,Peine,K03157,128
2022,Ausländerinnen und Ausländer,Wolfenbüttel,K03158,106
2022,Ausländerinnen und Ausländer,Göttingen,K03159,366
2022,Ausländerinnen und Ausländer,Statistische Region Braunschweig,K031,1837
2022,Ausländerinnen und Ausländer,Region Hannover,K03241,1734
2022,Ausländerinnen und Ausländer,"dav. Hannover, Lhst.",K03241001,978
2022,Ausländerinnen und Ausländer,"dav. Hannover, Umland",K03241999,756
2022,Ausländerinnen und Ausländer,Diepholz,K03251,231
2022,Ausländerinnen und Ausländer,Hameln-Pyrmont,K03252,212
2022,Ausländerinnen und Ausländer,Hildesheim,K03254,281
2022,Ausländerinnen und Ausländer,Holzminden,K03255,85
2022,Ausländerinnen und Ausländer,Nienburg (Weser),K03256,127
2022,Ausländerinnen und Ausländer,Schaumburg,K03257,162
2022,Ausländerinnen und Ausländer,Statistische Region Hannover,K032,2832
2022,Ausländerinnen und Ausländer,Celle,K03351,139
2022,Ausländerinnen und Ausländer,Cuxhaven,K03352,136
2022,Ausländerinnen und Ausländer,Harburg,K03353,200
2022,Ausländerinnen und Ausländer,Lüchow-Dannenberg,K03354,37
2022,Ausländerinnen und Ausländer,Lüneburg,K03355,141
2022,Ausländerinnen und Ausländer,Osterholz,K03356,76
2022,Ausländerinnen und Ausländer,Rotenburg (Wümme),K03357,154
2022,Ausländerinnen und Ausländer,Heidekreis,K03358,169
2022,Ausländerinnen und Ausländer,Stade,K03359,256
2022,Ausländerinnen und Ausländer,Uelzen,K03360,84
2022,Ausländerinnen und Ausländer,Verden,K03361,146
2022,Ausländerinnen und Ausländer,Statistische Region Lüneburg,K033,1538
2022,Ausländerinnen und Ausländer,"Delmenhorst, Stadt",K03401,205
2022,Ausländerinnen und Ausländer,"Emden, Stadt",K03402,77
2022,Ausländerinnen und Ausländer,"Oldenburg (Oldb), Stadt",K03403,265
2022,Ausländerinnen und Ausländer,"Osnabrück, Stadt",K03404,235
2022,Ausländerinnen und Ausländer,"Wilhelmshaven, Stadt",K03405,118
2022,Ausländerinnen und Ausländer,Ammerland,K03451,97
2022,Ausländerinnen und Ausländer,Aurich,K03452,144
2022,Ausländerinnen und Ausländer,Cloppenburg,K03453,307
2022,Ausländerinnen und Ausländer,Emsland,K03454,471
2022,Ausländerinnen und Ausländer,Friesland,K03455,53
2022,Ausländerinnen und Ausländer,Grafschaft Bentheim,K03456,206
2022,Ausländerinnen und Ausländer,Leer,K03457,185
2022,Ausländerinnen und Ausländer,Oldenburg,K03458,147
2022,Ausländerinnen und Ausländer,Osnabrück,K03459,378
2022,Ausländerinnen und Ausländer,Vechta,K03460,270
2022,Ausländerinnen und Ausländer,Wesermarsch,K03461,103
2022,Ausländerinnen und Ausländer,Wittmund,K03462,41
2022,Ausländerinnen und Ausländer,Statistische Region Weser-Ems,K034,3302
2022,Ausländerinnen und Ausländer,Niedersachsen,K030,9509
2005,Deutsche,"Braunschweig, Stadt",K03101,1968
2005,Deutsche,"Salzgitter, Stadt",K03102,825
2005,Deutsche,"Wolfsburg, Stadt",K03103,853
2005,Deutsche,Gifhorn,K03151,1537
2005,Deutsche,Goslar,K03153,940
2005,Deutsche,Helmstedt,K03154,673
2005,Deutsche,Northeim,K03155,1037
2005,Deutsche,Peine,K03157,1089
2005,Deutsche,Wolfenbüttel,K03158,916
2005,Deutsche,Göttingen,K03159,2531
2005,Deutsche,Statistische Region Braunschweig,K031,12369
2005,Deutsche,Hannover  Region,K03241,9082
2005,Deutsche,"dav. Hannover, Lhst.",K03241001,4519
2005,Deutsche,"dav. Hannover, Umland",K03241999,4563
2005,Deutsche,Diepholz,K03251,1728
2005,Deutsche,Hameln-Pyrmont,K03252,1189
2005,Deutsche,Hildesheim,K03254,2221
2005,Deutsche,Holzminden,K03255,548
2005,Deutsche,Nienburg (Weser),K03256,1035
2005,Deutsche,Schaumburg,K03257,1187
2005,Deutsche,Statistische Region Hannover,K032,16990
2005,Deutsche,Celle,K03351,1602
2005,Deutsche,Cuxhaven,K03352,1438
2005,Deutsche,Harburg,K03353,1990
2005,Deutsche,Lüchow-Dannenberg,K03354,415
2005,Deutsche,Lüneburg,K03355,1445
2005,Deutsche,Osterholz,K03356,798
2005,Deutsche,Rotenburg (Wümme),K03357,1424
2005,Deutsche,Heidekreis,K03358,1175
2005,Deutsche,Stade,K03359,1633
2005,Deutsche,Uelzen,K03360,713
2005,Deutsche,Verden,K03361,1113
2005,Deutsche,Statistische Region Lüneburg,K033,13746
2005,Deutsche,"Delmenhorst, Stadt",K03401,604
2005,Deutsche,Emden  Stadt,K03402,390
2005,Deutsche,"Oldenburg(Oldb), Stadt",K03403,1311
2005,Deutsche,"Osnabrück, Stadt",K03404,1319
2005,Deutsche,"Wilhelmshaven, Stadt",K03405,563
2005,Deutsche,Ammerland,K03451,984
2005,Deutsche,Aurich,K03452,1616
2005,Deutsche,Cloppenburg,K03453,1683
2005,Deutsche,Emsland,K03454,2937
2005,Deutsche,Friesland,K03455,687
2005,Deutsche,Grafschaft Bentheim,K03456,1154
2005,Deutsche,Leer,K03457,1444
2005,Deutsche,Oldenburg,K03458,1060
2005,Deutsche,Osnabrück,K03459,3274
2005,Deutsche,Vechta,K03460,1344
2005,Deutsche,Wesermarsch,K03461,740
2005,Deutsche,Wittmund,K03462,474
2005,Deutsche,Statistische Region Weser-Ems,K034,21584
2005,Deutsche,Niedersachsen,K030,64689
2006,Deutsche,"Braunschweig, Stadt",K03101,1999
2006,Deutsche,"Salzgitter, Stadt",K03102,812
2006,Deutsche,"Wolfsburg, Stadt",K03103,893
2006,Deutsche,Gifhorn,K03151,1463
2006,Deutsche,Goslar,K03153,914
2006,Deutsche,Helmstedt,K03154,685
2006,Deutsche,Northeim,K03155,984
2006,Deutsche,Peine,K03157,1061
2006,Deutsche,Wolfenbüttel,K03158,894
2006,Deutsche,Göttingen,K03159,2487
2006,Deutsche,Statistische Region Braunschweig,K031,12192
2006,Deutsche,Hannover  Region,K03241,9079
2006,Deutsche,"dav. Hannover, Lhst.",K03241001,4537
2006,Deutsche,"dav. Hannover, Umland",K03241999,4542
2006,Deutsche,Diepholz,K03251,1630
2006,Deutsche,Hameln-Pyrmont,K03252,1111
2006,Deutsche,Hildesheim,K03254,2059
2006,Deutsche,Holzminden,K03255,521
2006,Deutsche,Nienburg (Weser),K03256,982
2006,Deutsche,Schaumburg,K03257,1276
2006,Deutsche,Statistische Region Hannover,K032,16658
2006,Deutsche,Celle,K03351,1467
2006,Deutsche,Cuxhaven,K03352,1435
2006,Deutsche,Harburg,K03353,1843
2006,Deutsche,Lüchow-Dannenberg,K03354,351
2006,Deutsche,Lüneburg,K03355,1496
2006,Deutsche,Osterholz,K03356,832
2006,Deutsche,Rotenburg (Wümme),K03357,1418
2006,Deutsche,Heidekreis,K03358,1178
2006,Deutsche,Stade,K03359,1672
2006,Deutsche,Uelzen,K03360,727
2006,Deutsche,Verden,K03361,1083
2006,Deutsche,Statistische Region Lüneburg,K033,13502
2006,Deutsche,"Delmenhorst, Stadt",K03401,623
2006,Deutsche,Emden  Stadt,K03402,430
2006,Deutsche,"Oldenburg(Oldb), Stadt",K03403,1318
2006,Deutsche,"Osnabrück, Stadt",K03404,1274
2006,Deutsche,"Wilhelmshaven, Stadt",K03405,583
2006,Deutsche,Ammerland,K03451,949
2006,Deutsche,Aurich,K03452,1522
2006,Deutsche,Cloppenburg,K03453,1663
2006,Deutsche,Emsland,K03454,2769
2006,Deutsche,Friesland,K03455,687
2006,Deutsche,Grafschaft Bentheim,K03456,1136
2006,Deutsche,Leer,K03457,1350
2006,Deutsche,Oldenburg,K03458,987
2006,Deutsche,Osnabrück,K03459,3073
2006,Deutsche,Vechta,K03460,1185
2006,Deutsche,Wesermarsch,K03461,685
2006,Deutsche,Wittmund,K03462,467
2006,Deutsche,Statistische Region Weser-Ems,K034,20701
2006,Deutsche,Niedersachsen,K030,63053
2007,Deutsche,"Braunschweig, Stadt",K03101,2110
2007,Deutsche,"Salzgitter, Stadt",K03102,784
2007,Deutsche,"Wolfsburg, Stadt",K03103,903
2007,Deutsche,Gifhorn,K03151,1509
2007,Deutsche,Goslar,K03153,903
2007,Deutsche,Helmstedt,K03154,712
2007,Deutsche,Northeim,K03155,986
2007,Deutsche,Peine,K03157,1013
2007,Deutsche,Wolfenbüttel,K03158,885
2007,Deutsche,Göttingen,K03159,2555
2007,Deutsche,Statistische Region Braunschweig,K031,12360
2007,Deutsche,Hannover  Region,K03241,9328
2007,Deutsche,"dav. Hannover, Lhst.",K03241001,4755
2007,Deutsche,"dav. Hannover, Umland",K03241999,4573
2007,Deutsche,Diepholz,K03251,1611
2007,Deutsche,Hameln-Pyrmont,K03252,1116
2007,Deutsche,Hildesheim,K03254,2071
2007,Deutsche,Holzminden,K03255,491
2007,Deutsche,Nienburg (Weser),K03256,979
2007,Deutsche,Schaumburg,K03257,1152
2007,Deutsche,Statistische Region Hannover,K032,16748
2007,Deutsche,Celle,K03351,1438
2007,Deutsche,Cuxhaven,K03352,1457
2007,Deutsche,Harburg,K03353,1955
2007,Deutsche,Lüchow-Dannenberg,K03354,337
2007,Deutsche,Lüneburg,K03355,1479
2007,Deutsche,Osterholz,K03356,824
2007,Deutsche,Rotenburg (Wümme),K03357,1418
2007,Deutsche,Heidekreis,K03358,1120
2007,Deutsche,Stade,K03359,1622
2007,Deutsche,Uelzen,K03360,685
2007,Deutsche,Verden,K03361,1102
2007,Deutsche,Statistische Region Lüneburg,K033,13437
2007,Deutsche,"Delmenhorst, Stadt",K03401,574
2007,Deutsche,Emden  Stadt,K03402,398
2007,Deutsche,"Oldenburg(Oldb), Stadt",K03403,1264
2007,Deutsche,"Osnabrück, Stadt",K03404,1389
2007,Deutsche,"Wilhelmshaven, Stadt",K03405,570
2007,Deutsche,Ammerland,K03451,872
2007,Deutsche,Aurich,K03452,1579
2007,Deutsche,Cloppenburg,K03453,1603
2007,Deutsche,Emsland,K03454,2756
2007,Deutsche,Friesland,K03455,730
2007,Deutsche,Grafschaft Bentheim,K03456,1027
2007,Deutsche,Leer,K03457,1364
2007,Deutsche,Oldenburg,K03458,931
2007,Deutsche,Osnabrück,K03459,2931
2007,Deutsche,Vechta,K03460,1281
2007,Deutsche,Wesermarsch,K03461,685
2007,Deutsche,Wittmund,K03462,442
2007,Deutsche,Statistische Region Weser-Ems,K034,20396
2007,Deutsche,Niedersachsen,K030,62941
2008,Deutsche,"Braunschweig, Stadt",K03101,2060
2008,Deutsche,"Salzgitter, Stadt",K03102,807
2008,Deutsche,"Wolfsburg, Stadt",K03103,894
2008,Deutsche,Gifhorn,K03151,1479
2008,Deutsche,Goslar,K03153,943
2008,Deutsche,Helmstedt,K03154,646
2008,Deutsche,Northeim,K03155,991
2008,Deutsche,Peine,K03157,1049
2008,Deutsche,Wolfenbüttel,K03158,831
2008,Deutsche,Göttingen,K03159,2380
2008,Deutsche,Statistische Region Braunschweig,K031,12080
2008,Deutsche,Hannover  Region,K03241,9406
2008,Deutsche,"dav. Hannover, Lhst.",K03241001,4732
2008,Deutsche,"dav. Hannover, Umland",K03241999,4674
2008,Deutsche,Diepholz,K03251,1637
2008,Deutsche,Hameln-Pyrmont,K03252,1120
2008,Deutsche,Hildesheim,K03254,2074
2008,Deutsche,Holzminden,K03255,498
2008,Deutsche,Nienburg (Weser),K03256,959
2008,Deutsche,Schaumburg,K03257,1121
2008,Deutsche,Statistische Region Hannover,K032,16815
2008,Deutsche,Celle,K03351,1422
2008,Deutsche,Cuxhaven,K03352,1514
2008,Deutsche,Harburg,K03353,1952
2008,Deutsche,Lüchow-Dannenberg,K03354,300
2008,Deutsche,Lüneburg,K03355,1452
2008,Deutsche,Osterholz,K03356,772
2008,Deutsche,Rotenburg (Wümme),K03357,1332
2008,Deutsche,Heidekreis,K03358,1094
2008,Deutsche,Stade,K03359,1635
2008,Deutsche,Uelzen,K03360,649
2008,Deutsche,Verden,K03361,1076
2008,Deutsche,Statistische Region Lüneburg,K033,13198
2008,Deutsche,"Delmenhorst, Stadt",K03401,583
2008,Deutsche,Emden  Stadt,K03402,394
2008,Deutsche,"Oldenburg(Oldb), Stadt",K03403,1298
2008,Deutsche,"Osnabrück, Stadt",K03404,1398
2008,Deutsche,"Wilhelmshaven, Stadt",K03405,574
2008,Deutsche,Ammerland,K03451,901
2008,Deutsche,Aurich,K03452,1520
2008,Deutsche,Cloppenburg,K03453,1518
2008,Deutsche,Emsland,K03454,2707
2008,Deutsche,Friesland,K03455,689
2008,Deutsche,Grafschaft Bentheim,K03456,1121
2008,Deutsche,Leer,K03457,1314
2008,Deutsche,Oldenburg,K03458,967
2008,Deutsche,Osnabrück,K03459,3118
2008,Deutsche,Vechta,K03460,1266
2008,Deutsche,Wesermarsch,K03461,673
2008,Deutsche,Wittmund,K03462,435
2008,Deutsche,Statistische Region Weser-Ems,K034,20476
2008,Deutsche,Niedersachsen,K030,62569
2009,Deutsche,"Braunschweig, Stadt",K03101,2050
2009,Deutsche,"Salzgitter, Stadt",K03102,749
2009,Deutsche,"Wolfsburg, Stadt",K03103,971
2009,Deutsche,Gifhorn,K03151,1383
2009,Deutsche,Goslar,K03153,824
2009,Deutsche,Helmstedt,K03154,586
2009,Deutsche,Northeim,K03155,889
2009,Deutsche,Peine,K03157,983
2009,Deutsche,Wolfenbüttel,K03158,758
2009,Deutsche,Göttingen,K03159,2357
2009,Deutsche,Statistische Region Braunschweig,K031,11550
2009,Deutsche,Hannover  Region,K03241,9130
2009,Deutsche,"dav. Hannover, Lhst.",K03241001,4682
2009,Deutsche,"dav. Hannover, Umland",K03241999,4448
2009,Deutsche,Diepholz,K03251,1502
2009,Deutsche,Hameln-Pyrmont,K03252,1033
2009,Deutsche,Hildesheim,K03254,1900
2009,Deutsche,Holzminden,K03255,523
2009,Deutsche,Nienburg (Weser),K03256,900
2009,Deutsche,Schaumburg,K03257,1100
2009,Deutsche,Statistische Region Hannover,K032,16088
2009,Deutsche,Celle,K03351,1399
2009,Deutsche,Cuxhaven,K03352,1424
2009,Deutsche,Harburg,K03353,1809
2009,Deutsche,Lüchow-Dannenberg,K03354,305
2009,Deutsche,Lüneburg,K03355,1467
2009,Deutsche,Osterholz,K03356,779
2009,Deutsche,Rotenburg (Wümme),K03357,1318
2009,Deutsche,Heidekreis,K03358,1086
2009,Deutsche,Stade,K03359,1592
2009,Deutsche,Uelzen,K03360,632
2009,Deutsche,Verden,K03361,1046
2009,Deutsche,Statistische Region Lüneburg,K033,12857
2009,Deutsche,"Delmenhorst, Stadt",K03401,520
2009,Deutsche,Emden  Stadt,K03402,419
2009,Deutsche,"Oldenburg(Oldb), Stadt",K03403,1322
2009,Deutsche,"Osnabrück, Stadt",K03404,1314
2009,Deutsche,"Wilhelmshaven, Stadt",K03405,535
2009,Deutsche,Ammerland,K03451,831
2009,Deutsche,Aurich,K03452,1440
2009,Deutsche,Cloppenburg,K03453,1549
2009,Deutsche,Emsland,K03454,2636
2009,Deutsche,Friesland,K03455,682
2009,Deutsche,Grafschaft Bentheim,K03456,1075
2009,Deutsche,Leer,K03457,1301
2009,Deutsche,Oldenburg,K03458,983
2009,Deutsche,Osnabrück,K03459,2811
2009,Deutsche,Vechta,K03460,1255
2009,Deutsche,Wesermarsch,K03461,628
2009,Deutsche,Wittmund,K03462,427
2009,Deutsche,Statistische Region Weser-Ems,K034,19728
2009,Deutsche,Niedersachsen,K030,60223
2010,Deutsche,"Braunschweig, Stadt",K03101,2152
2010,Deutsche,"Salzgitter, Stadt",K03102,755
2010,Deutsche,"Wolfsburg, Stadt",K03103,948
2010,Deutsche,Gifhorn,K03151,1385
2010,Deutsche,Goslar,K03153,847
2010,Deutsche,Helmstedt,K03154,652
2010,Deutsche,Northeim,K03155,931
2010,Deutsche,Peine,K03157,980
2010,Deutsche,Wolfenbüttel,K03158,825
2010,Deutsche,Göttingen,K03159,2303
2010,Deutsche,Statistische Region Braunschweig,K031,11778
2010,Deutsche,Hannover  Region,K03241,9392
2010,Deutsche,"dav. Hannover, Lhst.",K03241001,4848
2010,Deutsche,"dav. Hannover, Umland",K03241999,4544
2010,Deutsche,Diepholz,K03251,1554
2010,Deutsche,Hameln-Pyrmont,K03252,1010
2010,Deutsche,Hildesheim,K03254,1946
2010,Deutsche,Holzminden,K03255,506
2010,Deutsche,Nienburg (Weser),K03256,949
2010,Deutsche,Schaumburg,K03257,1109
2010,Deutsche,Statistische Region Hannover,K032,16466
2010,Deutsche,Celle,K03351,1370
2010,Deutsche,Cuxhaven,K03352,1352
2010,Deutsche,Harburg,K03353,1802
2010,Deutsche,Lüchow-Dannenberg,K03354,321
2010,Deutsche,Lüneburg,K03355,1489
2010,Deutsche,Osterholz,K03356,777
2010,Deutsche,Rotenburg (Wümme),K03357,1317
2010,Deutsche,Heidekreis,K03358,1134
2010,Deutsche,Stade,K03359,1698
2010,Deutsche,Uelzen,K03360,647
2010,Deutsche,Verden,K03361,1099
2010,Deutsche,Statistische Region Lüneburg,K033,13006
2010,Deutsche,"Delmenhorst, Stadt",K03401,565
2010,Deutsche,Emden  Stadt,K03402,458
2010,Deutsche,"Oldenburg(Oldb), Stadt",K03403,1289
2010,Deutsche,"Osnabrück, Stadt",K03404,1296
2010,Deutsche,"Wilhelmshaven, Stadt",K03405,594
2010,Deutsche,Ammerland,K03451,918
2010,Deutsche,Aurich,K03452,1477
2010,Deutsche,Cloppenburg,K03453,1528
2010,Deutsche,Emsland,K03454,2562
2010,Deutsche,Friesland,K03455,680
2010,Deutsche,Grafschaft Bentheim,K03456,1096
2010,Deutsche,Leer,K03457,1316
2010,Deutsche,Oldenburg,K03458,920
2010,Deutsche,Osnabrück,K03459,2892
2010,Deutsche,Vechta,K03460,1237
2010,Deutsche,Wesermarsch,K03461,600
2010,Deutsche,Wittmund,K03462,413
2010,Deutsche,Statistische Region Weser-Ems,K034,19841
2010,Deutsche,Niedersachsen,K030,61091
2011,Deutsche,"Braunschweig, Stadt",K03101,2134
2011,Deutsche,"Salzgitter, Stadt",K03102,766
2011,Deutsche,"Wolfsburg, Stadt",K03103,951
2011,Deutsche,Gifhorn,K03151,1268
2011,Deutsche,Goslar,K03153,763
2011,Deutsche,Helmstedt,K03154,546
2011,Deutsche,Northeim,K03155,872
2011,Deutsche,Peine,K03157,945
2011,Deutsche,Wolfenbüttel,K03158,850
2011,Deutsche,Göttingen,K03159,2289
2011,Deutsche,Statistische Region Braunschweig,K031,11384
2011,Deutsche,Hannover  Region,K03241,9302
2011,Deutsche,"dav. Hannover, Lhst.",K03241001,4793
2011,Deutsche,"dav. Hannover, Umland",K03241999,4509
2011,Deutsche,Diepholz,K03251,1510
2011,Deutsche,Hameln-Pyrmont,K03252,1014
2011,Deutsche,Hildesheim,K03254,1851
2011,Deutsche,Holzminden,K03255,436
2011,Deutsche,Nienburg (Weser),K03256,919
2011,Deutsche,Schaumburg,K03257,1053
2011,Deutsche,Statistische Region Hannover,K032,16085
2011,Deutsche,Celle,K03351,1355
2011,Deutsche,Cuxhaven,K03352,1358
2011,Deutsche,Harburg,K03353,1864
2011,Deutsche,Lüchow-Dannenberg,K03354,286
2011,Deutsche,Lüneburg,K03355,1411
2011,Deutsche,Osterholz,K03356,793
2011,Deutsche,Rotenburg (Wümme),K03357,1191
2011,Deutsche,Heidekreis,K03358,1017
2011,Deutsche,Stade,K03359,1572
2011,Deutsche,Uelzen,K03360,602
2011,Deutsche,Verden,K03361,1002
2011,Deutsche,Statistische Region Lüneburg,K033,12451
2011,Deutsche,"Delmenhorst, Stadt",K03401,584
2011,Deutsche,Emden  Stadt,K03402,402
2011,Deutsche,"Oldenburg(Oldb), Stadt",K03403,1299
2011,Deutsche,"Osnabrück, Stadt",K03404,1342
2011,Deutsche,"Wilhelmshaven, Stadt",K03405,534
2011,Deutsche,Ammerland,K03451,884
2011,Deutsche,Aurich,K03452,1422
2011,Deutsche,Cloppenburg,K03453,1524
2011,Deutsche,Emsland,K03454,2566
2011,Deutsche,Friesland,K03455,648
2011,Deutsche,Grafschaft Bentheim,K03456,1007
2011,Deutsche,Leer,K03457,1222
2011,Deutsche,Oldenburg,K03458,885
2011,Deutsche,Osnabrück,K03459,2879
2011,Deutsche,Vechta,K03460,1208
2011,Deutsche,Wesermarsch,K03461,588
2011,Deutsche,Wittmund,K03462,400
2011,Deutsche,Statistische Region Weser-Ems,K034,19394
2011,Deutsche,Niedersachsen,K030,59314
2012,Deutsche,"Braunschweig, Stadt",K03101,2171
2012,Deutsche,"Salzgitter, Stadt",K03102,763
2012,Deutsche,"Wolfsburg, Stadt",K03103,1019
2012,Deutsche,Gifhorn,K03151,1424
2012,Deutsche,Goslar,K03153,743
2012,Deutsche,Helmstedt,K03154,560
2012,Deutsche,Northeim,K03155,872
2012,Deutsche,Peine,K03157,979
2012,Deutsche,Wolfenbüttel,K03158,796
2012,Deutsche,Göttingen,K03159,2236
2012,Deutsche,Statistische Region Braunschweig,K031,11563
2012,Deutsche,Hannover  Region,K03241,9072
2012,Deutsche,"dav. Hannover, Lhst.",K03241001,4609
2012,Deutsche,"dav. Hannover, Umland",K03241999,4463
2012,Deutsche,Diepholz,K03251,1471
2012,Deutsche,Hameln-Pyrmont,K03252,919
2012,Deutsche,Hildesheim,K03254,1870
2012,Deutsche,Holzminden,K03255,466
2012,Deutsche,Nienburg (Weser),K03256,835
2012,Deutsche,Schaumburg,K03257,1027
2012,Deutsche,Statistische Region Hannover,K032,15660
2012,Deutsche,Celle,K03351,1296
2012,Deutsche,Cuxhaven,K03352,1331
2012,Deutsche,Harburg,K03353,1850
2012,Deutsche,Lüchow-Dannenberg,K03354,310
2012,Deutsche,Lüneburg,K03355,1398
2012,Deutsche,Osterholz,K03356,721
2012,Deutsche,Rotenburg (Wümme),K03357,1191
2012,Deutsche,Heidekreis,K03358,995
2012,Deutsche,Stade,K03359,1514
2012,Deutsche,Uelzen,K03360,611
2012,Deutsche,Verden,K03361,1062
2012,Deutsche,Statistische Region Lüneburg,K033,12279
2012,Deutsche,"Delmenhorst, Stadt",K03401,559
2012,Deutsche,Emden  Stadt,K03402,408
2012,Deutsche,"Oldenburg(Oldb), Stadt",K03403,1282
2012,Deutsche,"Osnabrück, Stadt",K03404,1342
2012,Deutsche,"Wilhelmshaven, Stadt",K03405,551
2012,Deutsche,Ammerland,K03451,893
2012,Deutsche,Aurich,K03452,1420
2012,Deutsche,Cloppenburg,K03453,1481
2012,Deutsche,Emsland,K03454,2542
2012,Deutsche,Friesland,K03455,659
2012,Deutsche,Grafschaft Bentheim,K03456,1009
2012,Deutsche,Leer,K03457,1323
2012,Deutsche,Oldenburg,K03458,909
2012,Deutsche,Osnabrück,K03459,2848
2012,Deutsche,Vechta,K03460,1290
2012,Deutsche,Wesermarsch,K03461,596
2012,Deutsche,Wittmund,K03462,425
2012,Deutsche,Statistische Region Weser-Ems,K034,19537
2012,Deutsche,Niedersachsen,K030,59039
2013,Deutsche,"Braunschweig, Stadt",K03101,2117
2013,Deutsche,"Salzgitter, Stadt",K03102,750
2013,Deutsche,"Wolfsburg, Stadt",K03103,1029
2013,Deutsche,Gifhorn,K03151,1386
2013,Deutsche,Goslar,K03153,768
2013,Deutsche,Helmstedt,K03154,652
2013,Deutsche,Northeim,K03155,915
2013,Deutsche,Peine,K03157,937
2013,Deutsche,Wolfenbüttel,K03158,782
2013,Deutsche,Göttingen,K03159,2241
2013,Deutsche,Statistische Region Braunschweig,K031,11577
2013,Deutsche,Hannover  Region,K03241,9427
2013,Deutsche,"dav. Hannover, Lhst.",K03241001,4855
2013,Deutsche,"dav. Hannover, Umland",K03241999,4572
2013,Deutsche,Diepholz,K03251,1436
2013,Deutsche,Hameln-Pyrmont,K03252,996
2013,Deutsche,Hildesheim,K03254,1931
2013,Deutsche,Holzminden,K03255,474
2013,Deutsche,Nienburg (Weser),K03256,908
2013,Deutsche,Schaumburg,K03257,1048
2013,Deutsche,Statistische Region Hannover,K032,16220
2013,Deutsche,Celle,K03351,1313
2013,Deutsche,Cuxhaven,K03352,1430
2013,Deutsche,Harburg,K03353,1944
2013,Deutsche,Lüchow-Dannenberg,K03354,305
2013,Deutsche,Lüneburg,K03355,1537
2013,Deutsche,Osterholz,K03356,753
2013,Deutsche,Rotenburg (Wümme),K03357,1168
2013,Deutsche,Heidekreis,K03358,1016
2013,Deutsche,Stade,K03359,1623
2013,Deutsche,Uelzen,K03360,610
2013,Deutsche,Verden,K03361,1074
2013,Deutsche,Statistische Region Lüneburg,K033,12773
2013,Deutsche,"Delmenhorst, Stadt",K03401,550
2013,Deutsche,Emden  Stadt,K03402,396
2013,Deutsche,"Oldenburg(Oldb), Stadt",K03403,1349
2013,Deutsche,"Osnabrück, Stadt",K03404,1356
2013,Deutsche,"Wilhelmshaven, Stadt",K03405,527
2013,Deutsche,Ammerland,K03451,852
2013,Deutsche,Aurich,K03452,1414
2013,Deutsche,Cloppenburg,K03453,1473
2013,Deutsche,Emsland,K03454,2464
2013,Deutsche,Friesland,K03455,630
2013,Deutsche,Grafschaft Bentheim,K03456,1079
2013,Deutsche,Leer,K03457,1312
2013,Deutsche,Oldenburg,K03458,885
2013,Deutsche,Osnabrück,K03459,2793
2013,Deutsche,Vechta,K03460,1232
2013,Deutsche,Wesermarsch,K03461,594
2013,Deutsche,Wittmund,K03462,387
2013,Deutsche,Statistische Region Weser-Ems,K034,19293
2013,Deutsche,Niedersachsen,K030,59863
2014,Deutsche,"Braunschweig, Stadt",K03101,2160
2014,Deutsche,"Salzgitter, Stadt",K03102,769
2014,Deutsche,"Wolfsburg, Stadt",K03103,1097
2014,Deutsche,Gifhorn,K03151,1483
2014,Deutsche,Goslar,K03153,832
2014,Deutsche,Helmstedt,K03154,656
2014,Deutsche,Northeim,K03155,941
2014,Deutsche,Peine,K03157,1026
2014,Deutsche,Wolfenbüttel,K03158,839
2014,Deutsche,Göttingen,K03159,2440
2014,Deutsche,Statistische Region Braunschweig,K031,12243
2014,Deutsche,Hannover  Region,K03241,9833
2014,Deutsche,"dav. Hannover, Lhst.",K03241001,5142
2014,Deutsche,"dav. Hannover, Umland",K03241999,4691
2014,Deutsche,Diepholz,K03251,1579
2014,Deutsche,Hameln-Pyrmont,K03252,1006
2014,Deutsche,Hildesheim,K03254,1970
2014,Deutsche,Holzminden,K03255,444
2014,Deutsche,Nienburg (Weser),K03256,859
2014,Deutsche,Schaumburg,K03257,1056
2014,Deutsche,Statistische Region Hannover,K032,16747
2014,Deutsche,Celle,K03351,1444
2014,Deutsche,Cuxhaven,K03352,1352
2014,Deutsche,Harburg,K03353,1974
2014,Deutsche,Lüchow-Dannenberg,K03354,326
2014,Deutsche,Lüneburg,K03355,1577
2014,Deutsche,Osterholz,K03356,805
2014,Deutsche,Rotenburg (Wümme),K03357,1260
2014,Deutsche,Heidekreis,K03358,991
2014,Deutsche,Stade,K03359,1573
2014,Deutsche,Uelzen,K03360,629
2014,Deutsche,Verden,K03361,1166
2014,Deutsche,Statistische Region Lüneburg,K033,13097
2014,Deutsche,"Delmenhorst, Stadt",K03401,643
2014,Deutsche,Emden  Stadt,K03402,420
2014,Deutsche,"Oldenburg(Oldb), Stadt",K03403,1394
2014,Deutsche,"Osnabrück, Stadt",K03404,1339
2014,Deutsche,"Wilhelmshaven, Stadt",K03405,527
2014,Deutsche,Ammerland,K03451,945
2014,Deutsche,Aurich,K03452,1413
2014,Deutsche,Cloppenburg,K03453,1538
2014,Deutsche,Emsland,K03454,2679
2014,Deutsche,Friesland,K03455,663
2014,Deutsche,Grafschaft Bentheim,K03456,1118
2014,Deutsche,Leer,K03457,1295
2014,Deutsche,Oldenburg,K03458,886
2014,Deutsche,Osnabrück,K03459,2934
2014,Deutsche,Vechta,K03460,1251
2014,Deutsche,Wesermarsch,K03461,612
2014,Deutsche,Wittmund,K03462,414
2014,Deutsche,Statistische Region Weser-Ems,K034,20071
2014,Deutsche,Niedersachsen,K030,62158
2015,Deutsche,"Braunschweig, Stadt",K03101,2241
2015,Deutsche,"Salzgitter, Stadt",K03102,774
2015,Deutsche,"Wolfsburg, Stadt",K03103,1117
2015,Deutsche,Gifhorn,K03151,1474
2015,Deutsche,Goslar,K03153,832
2015,Deutsche,Helmstedt,K03154,684
2015,Deutsche,Northeim,K03155,904
2015,Deutsche,Peine,K03157,974
2015,Deutsche,Wolfenbüttel,K03158,819
2015,Deutsche,Göttingen,K03159,2415
2015,Deutsche,Statistische Region Braunschweig,K031,12234
2015,Deutsche,Hannover  Region,K03241,9645
2015,Deutsche,"dav. Hannover, Lhst.",K03241001,4976
2015,Deutsche,"dav. Hannover, Umland",K03241999,4669
2015,Deutsche,Diepholz,K03251,1515
2015,Deutsche,Hameln-Pyrmont,K03252,1007
2015,Deutsche,Hildesheim,K03254,2025
2015,Deutsche,Holzminden,K03255,458
2015,Deutsche,Nienburg (Weser),K03256,912
2015,Deutsche,Schaumburg,K03257,1060
2015,Deutsche,Statistische Region Hannover,K032,16622
2015,Deutsche,Celle,K03351,1420
2015,Deutsche,Cuxhaven,K03352,1384
2015,Deutsche,Harburg,K03353,2070
2015,Deutsche,Lüchow-Dannenberg,K03354,291
2015,Deutsche,Lüneburg,K03355,1481
2015,Deutsche,Osterholz,K03356,808
2015,Deutsche,Rotenburg (Wümme),K03357,1253
2015,Deutsche,Heidekreis,K03358,1058
2015,Deutsche,Stade,K03359,1635
2015,Deutsche,Uelzen,K03360,591
2015,Deutsche,Verden,K03361,1169
2015,Deutsche,Statistische Region Lüneburg,K033,13160
2015,Deutsche,"Delmenhorst, Stadt",K03401,632
2015,Deutsche,Emden  Stadt,K03402,399
2015,Deutsche,"Oldenburg(Oldb), Stadt",K03403,1372
2015,Deutsche,"Osnabrück, Stadt",K03404,1347
2015,Deutsche,"Wilhelmshaven, Stadt",K03405,510
2015,Deutsche,Ammerland,K03451,944
2015,Deutsche,Aurich,K03452,1433
2015,Deutsche,Cloppenburg,K03453,1563
2015,Deutsche,Emsland,K03454,2598
2015,Deutsche,Friesland,K03455,704
2015,Deutsche,Grafschaft Bentheim,K03456,1086
2015,Deutsche,Leer,K03457,1301
2015,Deutsche,Oldenburg,K03458,890
2015,Deutsche,Osnabrück,K03459,2906
2015,Deutsche,Vechta,K03460,1151
2015,Deutsche,Wesermarsch,K03461,572
2015,Deutsche,Wittmund,K03462,437
2015,Deutsche,Statistische Region Weser-Ems,K034,19845
2015,Deutsche,Niedersachsen,K030,61861
2016,Deutsche,"Braunschweig, Stadt",K03101,2345
2016,Deutsche,"Salzgitter, Stadt",K03102,891
2016,Deutsche,"Wolfsburg, Stadt",K03103,1224
2016,Deutsche,Gifhorn,K03151,1718
2016,Deutsche,Goslar,K03153,823
2016,Deutsche,Helmstedt,K03154,700
2016,Deutsche,Northeim,K03155,927
2016,Deutsche,Peine,K03157,1138
2016,Deutsche,Wolfenbüttel,K03158,875
2016,Deutsche,Göttingen,K03159,2650
2016,Deutsche,Statistische Region Braunschweig,K031,13291
2016,Deutsche,Hannover  Region,K03241,10342
2016,Deutsche,"dav. Hannover, Lhst.",K03241001,5228
2016,Deutsche,"dav. Hannover, Umland",K03241999,5114
2016,Deutsche,Diepholz,K03251,1734
2016,Deutsche,Hameln-Pyrmont,K03252,1109
2016,Deutsche,Hildesheim,K03254,2004
2016,Deutsche,Holzminden,K03255,513
2016,Deutsche,Nienburg (Weser),K03256,949
2016,Deutsche,Schaumburg,K03257,1191
2016,Deutsche,Statistische Region Hannover,K032,17842
2016,Deutsche,Celle,K03351,1458
2016,Deutsche,Cuxhaven,K03352,1464
2016,Deutsche,Harburg,K03353,2151
2016,Deutsche,Lüchow-Dannenberg,K03354,297
2016,Deutsche,Lüneburg,K03355,1558
2016,Deutsche,Osterholz,K03356,863
2016,Deutsche,Rotenburg (Wümme),K03357,1291
2016,Deutsche,Heidekreis,K03358,1032
2016,Deutsche,Stade,K03359,1741
2016,Deutsche,Uelzen,K03360,623
2016,Deutsche,Verden,K03361,1171
2016,Deutsche,Statistische Region Lüneburg,K033,13649
2016,Deutsche,"Delmenhorst, Stadt",K03401,673
2016,Deutsche,Emden  Stadt,K03402,438
2016,Deutsche,"Oldenburg(Oldb), Stadt",K03403,1409
2016,Deutsche,"Osnabrück, Stadt",K03404,1452
2016,Deutsche,"Wilhelmshaven, Stadt",K03405,580
2016,Deutsche,Ammerland,K03451,1029
2016,Deutsche,Aurich,K03452,1513
2016,Deutsche,Cloppenburg,K03453,1631
2016,Deutsche,Emsland,K03454,2882
2016,Deutsche,Friesland,K03455,727
2016,Deutsche,Grafschaft Bentheim,K03456,1044
2016,Deutsche,Leer,K03457,1453
2016,Deutsche,Oldenburg,K03458,1058
2016,Deutsche,Osnabrück,K03459,3038
2016,Deutsche,Vechta,K03460,1313
2016,Deutsche,Wesermarsch,K03461,704
2016,Deutsche,Wittmund,K03462,396
2016,Deutsche,Statistische Region Weser-Ems,K034,21340
2016,Deutsche,Niedersachsen,K030,66122
2017,Deutsche,"Braunschweig, Stadt",K03101,2178
2017,Deutsche,"Salzgitter, Stadt",K03102,836
2017,Deutsche,"Wolfsburg, Stadt",K03103,1121
2017,Deutsche,Gifhorn,K03151,1534
2017,Deutsche,Goslar,K03153,808
2017,Deutsche,Helmstedt,K03154,745
2017,Deutsche,Northeim,K03155,895
2017,Deutsche,Peine,K03157,1116
2017,Deutsche,Wolfenbüttel,K03158,890
2017,Deutsche,Göttingen,K03159,2464
2017,Deutsche,Statistische Region Braunschweig,K031,12587
2017,Deutsche,Hannover  Region,K03241,9855
2017,Deutsche,"dav. Hannover, Lhst.",K03241001,4860
2017,Deutsche,"dav. Hannover, Umland",K03241999,4995
2017,Deutsche,Diepholz,K03251,1600
2017,Deutsche,Hameln-Pyrmont,K03252,1046
2017,Deutsche,Hildesheim,K03254,1960
2017,Deutsche,Holzminden,K03255,478
2017,Deutsche,Nienburg (Weser),K03256,923
2017,Deutsche,Schaumburg,K03257,1082
2017,Deutsche,Statistische Region Hannover,K032,16944
2017,Deutsche,Celle,K03351,1431
2017,Deutsche,Cuxhaven,K03352,1495
2017,Deutsche,Harburg,K03353,2135
2017,Deutsche,Lüchow-Dannenberg,K03354,318
2017,Deutsche,Lüneburg,K03355,1521
2017,Deutsche,Osterholz,K03356,884
2017,Deutsche,Rotenburg (Wümme),K03357,1307
2017,Deutsche,Heidekreis,K03358,1056
2017,Deutsche,Stade,K03359,1702
2017,Deutsche,Uelzen,K03360,652
2017,Deutsche,Verden,K03361,1266
2017,Deutsche,Statistische Region Lüneburg,K033,13767
2017,Deutsche,"Delmenhorst, Stadt",K03401,656
2017,Deutsche,Emden  Stadt,K03402,413
2017,Deutsche,"Oldenburg(Oldb), Stadt",K03403,1423
2017,Deutsche,"Osnabrück, Stadt",K03404,1433
2017,Deutsche,"Wilhelmshaven, Stadt",K03405,574
2017,Deutsche,Ammerland,K03451,960
2017,Deutsche,Aurich,K03452,1552
2017,Deutsche,Cloppenburg,K03453,1664
2017,Deutsche,Emsland,K03454,2828
2017,Deutsche,Friesland,K03455,707
2017,Deutsche,Grafschaft Bentheim,K03456,1146
2017,Deutsche,Leer,K03457,1419
2017,Deutsche,Oldenburg,K03458,1040
2017,Deutsche,Osnabrück,K03459,3094
2017,Deutsche,Vechta,K03460,1308
2017,Deutsche,Wesermarsch,K03461,681
2017,Deutsche,Wittmund,K03462,420
2017,Deutsche,Statistische Region Weser-Ems,K034,21318
2017,Deutsche,Niedersachsen,K030,64616
2018,Deutsche,"Braunschweig, Stadt",K03101,2236
2018,Deutsche,"Salzgitter, Stadt",K03102,854
2018,Deutsche,"Wolfsburg, Stadt",K03103,1146
2018,Deutsche,Gifhorn,K03151,1638
2018,Deutsche,Goslar,K03153,801
2018,Deutsche,Helmstedt,K03154,731
2018,Deutsche,Northeim,K03155,896
2018,Deutsche,Peine,K03157,1122
2018,Deutsche,Wolfenbüttel,K03158,907
2018,Deutsche,Göttingen,K03159,2525
2018,Deutsche,Statistische Region Braunschweig,K031,12856
2018,Deutsche,Hannover  Region,K03241,9767
2018,Deutsche,"dav. Hannover, Lhst.",K03241001,4767
2018,Deutsche,"dav. Hannover, Umland",K03241999,5000
2018,Deutsche,Diepholz,K03251,1620
2018,Deutsche,Hameln-Pyrmont,K03252,1044
2018,Deutsche,Hildesheim,K03254,2112
2018,Deutsche,Holzminden,K03255,548
2018,Deutsche,Nienburg (Weser),K03256,914
2018,Deutsche,Schaumburg,K03257,1117
2018,Deutsche,Statistische Region Hannover,K032,17122
2018,Deutsche,Celle,K03351,1422
2018,Deutsche,Cuxhaven,K03352,1554
2018,Deutsche,Harburg,K03353,2144
2018,Deutsche,Lüchow-Dannenberg,K03354,314
2018,Deutsche,Lüneburg,K03355,1522
2018,Deutsche,Osterholz,K03356,883
2018,Deutsche,Rotenburg (Wümme),K03357,1376
2018,Deutsche,Heidekreis,K03358,1091
2018,Deutsche,Stade,K03359,1704
2018,Deutsche,Uelzen,K03360,633
2018,Deutsche,Verden,K03361,1172
2018,Deutsche,Statistische Region Lüneburg,K033,13815
2018,Deutsche,"Delmenhorst, Stadt",K03401,641
2018,Deutsche,Emden  Stadt,K03402,389
2018,Deutsche,"Oldenburg(Oldb), Stadt",K03403,1409
2018,Deutsche,"Osnabrück, Stadt",K03404,1426
2018,Deutsche,"Wilhelmshaven, Stadt",K03405,527
2018,Deutsche,Ammerland,K03451,992
2018,Deutsche,Aurich,K03452,1498
2018,Deutsche,Cloppenburg,K03453,1604
2018,Deutsche,Emsland,K03454,2791
2018,Deutsche,Friesland,K03455,693
2018,Deutsche,Grafschaft Bentheim,K03456,1149
2018,Deutsche,Leer,K03457,1464
2018,Deutsche,Oldenburg,K03458,1024
2018,Deutsche,Osnabrück,K03459,3050
2018,Deutsche,Vechta,K03460,1317
2018,Deutsche,Wesermarsch,K03461,649
2018,Deutsche,Wittmund,K03462,397
2018,Deutsche,Statistische Region Weser-Ems,K034,21020
2018,Deutsche,Niedersachsen,K030,64813
2019,Deutsche,"Braunschweig, Stadt",K03101,2192
2019,Deutsche,"Salzgitter, Stadt",K03102,835
2019,Deutsche,"Wolfsburg, Stadt",K03103,1110
2019,Deutsche,Gifhorn,K03151,1655
2019,Deutsche,Goslar,K03153,796
2019,Deutsche,Helmstedt,K03154,734
2019,Deutsche,Northeim,K03155,920
2019,Deutsche,Peine,K03157,1119
2019,Deutsche,Wolfenbüttel,K03158,914
2019,Deutsche,Göttingen,K03159,2348
2019,Deutsche,Statistische Region Braunschweig,K031,12623
2019,Deutsche,Hannover  Region,K03241,9538
2019,Deutsche,"dav. Hannover, Lhst.",K03241001,4625
2019,Deutsche,"dav. Hannover, Umland",K03241999,4913
2019,Deutsche,Diepholz,K03251,1731
2019,Deutsche,Hameln-Pyrmont,K03252,1089
2019,Deutsche,Hildesheim,K03254,2077
2019,Deutsche,Holzminden,K03255,448
2019,Deutsche,Nienburg (Weser),K03256,923
2019,Deutsche,Schaumburg,K03257,1114
2019,Deutsche,Statistische Region Hannover,K032,16920
2019,Deutsche,Celle,K03351,1483
2019,Deutsche,Cuxhaven,K03352,1390
2019,Deutsche,Harburg,K03353,2094
2019,Deutsche,Lüchow-Dannenberg,K03354,328
2019,Deutsche,Lüneburg,K03355,1510
2019,Deutsche,Osterholz,K03356,908
2019,Deutsche,Rotenburg (Wümme),K03357,1370
2019,Deutsche,Heidekreis,K03358,1101
2019,Deutsche,Stade,K03359,1716
2019,Deutsche,Uelzen,K03360,671
2019,Deutsche,Verden,K03361,1156
2019,Deutsche,Statistische Region Lüneburg,K033,13727
2019,Deutsche,"Delmenhorst, Stadt",K03401,663
2019,Deutsche,Emden  Stadt,K03402,391
2019,Deutsche,"Oldenburg(Oldb), Stadt",K03403,1373
2019,Deutsche,"Osnabrück, Stadt",K03404,1372
2019,Deutsche,"Wilhelmshaven, Stadt",K03405,536
2019,Deutsche,Ammerland,K03451,1071
2019,Deutsche,Aurich,K03452,1524
2019,Deutsche,Cloppenburg,K03453,1683
2019,Deutsche,Emsland,K03454,2834
2019,Deutsche,Friesland,K03455,754
2019,Deutsche,Grafschaft Bentheim,K03456,1166
2019,Deutsche,Leer,K03457,1392
2019,Deutsche,Oldenburg,K03458,1034
2019,Deutsche,Osnabrück,K03459,3197
2019,Deutsche,Vechta,K03460,1403
2019,Deutsche,Wesermarsch,K03461,669
2019,Deutsche,Wittmund,K03462,407
2019,Deutsche,Statistische Region Weser-Ems,K034,21469
2019,Deutsche,Niedersachsen,K030,64739
2020,Deutsche,"Braunschweig, Stadt",K03101,2036
2020,Deutsche,"Salzgitter, Stadt",K03102,830
2020,Deutsche,"Wolfsburg, Stadt",K03103,1093
2020,Deutsche,Gifhorn,K03151,1610
2020,Deutsche,Goslar,K03153,806
2020,Deutsche,Helmstedt,K03154,786
2020,Deutsche,Northeim,K03155,959
2020,Deutsche,Peine,K03157,1246
2020,Deutsche,Wolfenbüttel,K03158,933
2020,Deutsche,Göttingen,K03159,2472
2020,Deutsche,Statistische Region Braunschweig,K031,12771
2020,Deutsche,Hannover  Region,K03241,9737
2020,Deutsche,"dav. Hannover, Lhst.",K03241001,4728
2020,Deutsche,"dav. Hannover, Umland",K03241999,5009
2020,Deutsche,Diepholz,K03251,1705
2020,Deutsche,Hameln-Pyrmont,K03252,1080
2020,Deutsche,Hildesheim,K03254,2048
2020,Deutsche,Holzminden,K03255,542
2020,Deutsche,Nienburg (Weser),K03256,991
2020,Deutsche,Schaumburg,K03257,1143
2020,Deutsche,Statistische Region Hannover,K032,17246
2020,Deutsche,Celle,K03351,1416
2020,Deutsche,Cuxhaven,K03352,1584
2020,Deutsche,Harburg,K03353,2003
2020,Deutsche,Lüchow-Dannenberg,K03354,300
2020,Deutsche,Lüneburg,K03355,1519
2020,Deutsche,Osterholz,K03356,877
2020,Deutsche,Rotenburg (Wümme),K03357,1369
2020,Deutsche,Heidekreis,K03358,1120
2020,Deutsche,Stade,K03359,1779
2020,Deutsche,Uelzen,K03360,651
2020,Deutsche,Verden,K03361,1163
2020,Deutsche,Statistische Region Lüneburg,K033,13781
2020,Deutsche,"Delmenhorst, Stadt",K03401,559
2020,Deutsche,Emden  Stadt,K03402,360
2020,Deutsche,"Oldenburg(Oldb), Stadt",K03403,1400
2020,Deutsche,"Osnabrück, Stadt",K03404,1282
2020,Deutsche,"Wilhelmshaven, Stadt",K03405,533
2020,Deutsche,Ammerland,K03451,1007
2020,Deutsche,Aurich,K03452,1471
2020,Deutsche,Cloppenburg,K03453,1752
2020,Deutsche,Emsland,K03454,2902
2020,Deutsche,Friesland,K03455,765
2020,Deutsche,Grafschaft Bentheim,K03456,1158
2020,Deutsche,Leer,K03457,1431
2020,Deutsche,Oldenburg,K03458,1030
2020,Deutsche,Osnabrück,K03459,3140
2020,Deutsche,Vechta,K03460,1380
2020,Deutsche,Wesermarsch,K03461,692
2020,Deutsche,Wittmund,K03462,455
2020,Deutsche,Statistische Region Weser-Ems,K034,21317
2020,Deutsche,Niedersachsen,K030,65115
2021,Deutsche,"Braunschweig, Stadt",K03101,2211
2021,Deutsche,"Salzgitter, Stadt",K03102,835
2021,Deutsche,"Wolfsburg, Stadt",K03103,1080
2021,Deutsche,Gifhorn,K03151,1684
2021,Deutsche,Goslar,K03153,800
2021,Deutsche,Helmstedt,K03154,749
2021,Deutsche,Northeim,K03155,1021
2021,Deutsche,Peine,K03157,1271
2021,Deutsche,Wolfenbüttel,K03158,963
2021,Deutsche,Göttingen,K03159,2426
2021,Deutsche,Statistische Region Braunschweig,K031,13040
2021,Deutsche,Hannover  Region,K03241,9775
2021,Deutsche,"dav. Hannover, Lhst.",K03241001,4749
2021,Deutsche,"dav. Hannover, Umland",K03241999,14524
2021,Deutsche,Diepholz,K03251,1852
2021,Deutsche,Hameln-Pyrmont,K03252,1158
2021,Deutsche,Hildesheim,K03254,2170
2021,Deutsche,Holzminden,K03255,501
2021,Deutsche,Nienburg (Weser),K03256,961
2021,Deutsche,Schaumburg,K03257,1173
2021,Deutsche,Statistische Region Hannover,K032,17590
2021,Deutsche,Celle,K03351,1483
2021,Deutsche,Cuxhaven,K03352,1623
2021,Deutsche,Harburg,K03353,2270
2021,Deutsche,Lüchow-Dannenberg,K03354,318
2021,Deutsche,Lüneburg,K03355,1504
2021,Deutsche,Osterholz,K03356,994
2021,Deutsche,Rotenburg (Wümme),K03357,1361
2021,Deutsche,Heidekreis,K03358,1135
2021,Deutsche,Stade,K03359,1778
2021,Deutsche,Uelzen,K03360,688
2021,Deutsche,Verden,K03361,1210
2021,Deutsche,Statistische Region Lüneburg,K033,14364
2021,Deutsche,"Delmenhorst, Stadt",K03401,636
2021,Deutsche,Emden  Stadt,K03402,337
2021,Deutsche,"Oldenburg(Oldb), Stadt",K03403,1396
2021,Deutsche,"Osnabrück, Stadt",K03404,1490
2021,Deutsche,"Wilhelmshaven, Stadt",K03405,549
2021,Deutsche,Ammerland,K03451,1068
2021,Deutsche,Aurich,K03452,1516
2021,Deutsche,Cloppenburg,K03453,1884
2021,Deutsche,Emsland,K03454,2894
2021,Deutsche,Friesland,K03455,777
2021,Deutsche,Grafschaft Bentheim,K03456,1302
2021,Deutsche,Leer,K03457,1544
2021,Deutsche,Oldenburg,K03458,1164
2021,Deutsche,Osnabrück,K03459,3326
2021,Deutsche,Vechta,K03460,1404
2021,Deutsche,Wesermarsch,K03461,650
2021,Deutsche,Wittmund,K03462,411
2021,Deutsche,Statistische Region Weser-Ems,K034,22348
2021,Deutsche,Niedersachsen,K030,67342
2022,Deutsche,"Braunschweig, Stadt",K03101,2050
2022,Deutsche,"Salzgitter, Stadt",K03102,751
2022,Deutsche,"Wolfsburg, Stadt",K03103,935
2022,Deutsche,Gifhorn,K03151,1567
2022,Deutsche,Goslar,K03153,806
2022,Deutsche,Helmstedt,K03154,660
2022,Deutsche,Northeim,K03155,881
2022,Deutsche,Peine,K03157,1189
2022,Deutsche,Wolfenbüttel,K03158,831
2022,Deutsche,Göttingen,K03159,2282
2022,Deutsche,Statistische Region Braunschweig,K031,11952
2022,Deutsche,Region Hannover,K03241,8802
2022,Deutsche,"dav. Hannover, Lhst.",K03241001,4088
2022,Deutsche,"dav. Hannover, Umland",K03241999,4714
2022,Deutsche,Diepholz,K03251,1708
2022,Deutsche,Hameln-Pyrmont,K03252,1066
2022,Deutsche,Hildesheim,K03254,1938
2022,Deutsche,Holzminden,K03255,495
2022,Deutsche,Nienburg (Weser),K03256,898
2022,Deutsche,Schaumburg,K03257,1119
2022,Deutsche,Statistische Region Hannover,K032,16026
2022,Deutsche,Celle,K03351,1432
2022,Deutsche,Cuxhaven,K03352,1514
2022,Deutsche,Harburg,K03353,1977
2022,Deutsche,Lüchow-Dannenberg,K03354,309
2022,Deutsche,Lüneburg,K03355,1364
2022,Deutsche,Osterholz,K03356,830
2022,Deutsche,Rotenburg (Wümme),K03357,1315
2022,Deutsche,Heidekreis,K03358,1066
2022,Deutsche,Stade,K03359,1749
2022,Deutsche,Uelzen,K03360,668
2022,Deutsche,Verden,K03361,1105
2022,Deutsche,Statistische Region Lüneburg,K033,13329
2022,Deutsche,"Delmenhorst, Stadt",K03401,556
2022,Deutsche,"Emden, Stadt",K03402,325
2022,Deutsche,"Oldenburg (Oldb), Stadt",K03403,1302
2022,Deutsche,"Osnabrück, Stadt",K03404,1214
2022,Deutsche,"Wilhelmshaven, Stadt",K03405,499
2022,Deutsche,Ammerland,K03451,1037
2022,Deutsche,Aurich,K03452,1354
2022,Deutsche,Cloppenburg,K03453,1695
2022,Deutsche,Emsland,K03454,2897
2022,Deutsche,Friesland,K03455,665
2022,Deutsche,Grafschaft Bentheim,K03456,1131
2022,Deutsche,Leer,K03457,1404
2022,Deutsche,Oldenburg,K03458,1082
2022,Deutsche,Osnabrück,K03459,2942
2022,Deutsche,Vechta,K03460,1297
2022,Deutsche,Wesermarsch,K03461,668
2022,Deutsche,Wittmund,K03462,405
2022,Deutsche,Statistische Region Weser-Ems,K034,20473
2022,Deutsche,Niedersachsen,K030,61780
