Year,Gebietseinheit,Geschlecht,Units,GeoCode,Value
2021,"Braunschweig, Stadt",männlich,Jahre,RH03101,35.9
2021,"Braunschweig, Stadt",weiblich,Jahre,RH03101,36.7
2021,"Braunschweig, Stadt",insgesamt,Jahre,RH03101,36.3
2021,"Salzgitter, Stadt",männlich,Jahre,RH03102,37.0
2021,"Salzgitter, Stadt",weiblich,Jahre,RH03102,38.7
2021,"Salzgitter, Stadt",insgesamt,Jahre,RH03102,37.8
2021,"Wolfsburg, Stadt",männlich,Jahre,RH03103,34.8
2021,"Wolfsburg, Stadt",weiblich,Jahre,RH03103,34.9
2021,"Wolfsburg, Stadt",insgesamt,Jahre,RH03103,34.8
2021,Gifhorn,männlich,Jahre,RH03151,37.4
2021,Gifhorn,weiblich,Jahre,RH03151,37.4
2021,Gifhorn,insgesamt,Jahre,RH03151,37.4
2021,Goslar,männlich,Jahre,RH03153,36.1
2021,Goslar,weiblich,Jahre,RH03153,37.1
2021,Goslar,insgesamt,Jahre,RH03153,36.6
2021,Helmstedt,männlich,Jahre,RH03154,35.3
2021,Helmstedt,weiblich,Jahre,RH03154,36.6
2021,Helmstedt,insgesamt,Jahre,RH03154,35.9
2021,Northeim,männlich,Jahre,RH03155,36.3
2021,Northeim,weiblich,Jahre,RH03155,36.3
2021,Northeim,insgesamt,Jahre,RH03155,36.3
2021,Peine,männlich,Jahre,RH03157,35.1
2021,Peine,weiblich,Jahre,RH03157,35.9
2021,Peine,insgesamt,Jahre,RH03157,35.5
2021,Wolfenbüttel,männlich,Jahre,RH03158,34.6
2021,Wolfenbüttel,weiblich,Jahre,RH03158,35.4
2021,Wolfenbüttel,insgesamt,Jahre,RH03158,35.0
2021,Göttingen,männlich,Jahre,RH03159,35.8
2021,Göttingen,weiblich,Jahre,RH03159,36.7
2021,Göttingen,insgesamt,Jahre,RH03159,36.2
2021,Statistische Region Braunschweig,männlich,Jahre,RH031,36.0
2021,Statistische Region Braunschweig,weiblich,Jahre,RH031,36.6
2021,Statistische Region Braunschweig,insgesamt,Jahre,RH031,36.3
2021,Hannover  Region,männlich,Jahre,RH03241,36.9
2021,Hannover  Region,weiblich,Jahre,RH03241,38.0
2021,Hannover  Region,insgesamt,Jahre,RH03241,37.5
2021,Diepholz,männlich,Jahre,RH03251,37.6
2021,Diepholz,weiblich,Jahre,RH03251,38.8
2021,Diepholz,insgesamt,Jahre,RH03251,38.2
2021,Hameln-Pyrmont,männlich,Jahre,RH03252,34.6
2021,Hameln-Pyrmont,weiblich,Jahre,RH03252,35.1
2021,Hameln-Pyrmont,insgesamt,Jahre,RH03252,34.8
2021,Hildesheim,männlich,Jahre,RH03254,35.9
2021,Hildesheim,weiblich,Jahre,RH03254,37.1
2021,Hildesheim,insgesamt,Jahre,RH03254,36.5
2021,Holzminden,männlich,Jahre,RH03255,35.4
2021,Holzminden,weiblich,Jahre,RH03255,36.9
2021,Holzminden,insgesamt,Jahre,RH03255,36.1
2021,Nienburg (Weser),männlich,Jahre,RH03256,37.4
2021,Nienburg (Weser),weiblich,Jahre,RH03256,38.8
2021,Nienburg (Weser),insgesamt,Jahre,RH03256,38.0
2021,Schaumburg,männlich,Jahre,RH03257,34.5
2021,Schaumburg,weiblich,Jahre,RH03257,34.3
2021,Schaumburg,insgesamt,Jahre,RH03257,34.4
2021,Statistische Region Hannover,männlich,Jahre,RH032,35.4
2021,Statistische Region Hannover,weiblich,Jahre,RH032,36.1
2021,Statistische Region Hannover,insgesamt,Jahre,RH032,35.7
2021,Celle,männlich,Jahre,RH03351,35.5
2021,Celle,weiblich,Jahre,RH03351,36.1
2021,Celle,insgesamt,Jahre,RH03351,35.8
2021,Cuxhaven,männlich,Jahre,RH03352,35.4
2021,Cuxhaven,weiblich,Jahre,RH03352,35.7
2021,Cuxhaven,insgesamt,Jahre,RH03352,35.6
2021,Harburg,männlich,Jahre,RH03353,36.6
2021,Harburg,weiblich,Jahre,RH03353,38.1
2021,Harburg,insgesamt,Jahre,RH03353,37.3
2021,Lüchow-Dannenberg,männlich,Jahre,RH03354,36.7
2021,Lüchow-Dannenberg,weiblich,Jahre,RH03354,38.1
2021,Lüchow-Dannenberg,insgesamt,Jahre,RH03354,37.3
2021,Lüneburg,männlich,Jahre,RH03355,34.6
2021,Lüneburg,weiblich,Jahre,RH03355,35.7
2021,Lüneburg,insgesamt,Jahre,RH03355,35.1
2021,Osterholz,männlich,Jahre,RH03356,34.6
2021,Osterholz,weiblich,Jahre,RH03356,35.0
2021,Osterholz,insgesamt,Jahre,RH03356,34.8
2021,Rotenburg (Wümme),männlich,Jahre,RH03357,34.8
2021,Rotenburg (Wümme),weiblich,Jahre,RH03357,36.1
2021,Rotenburg (Wümme),insgesamt,Jahre,RH03357,35.4
2021,Heidekreis,männlich,Jahre,RH03358,36.1
2021,Heidekreis,weiblich,Jahre,RH03358,35.9
2021,Heidekreis,insgesamt,Jahre,RH03358,36.0
2021,Stade,männlich,Jahre,RH03359,34.7
2021,Stade,weiblich,Jahre,RH03359,35.4
2021,Stade,insgesamt,Jahre,RH03359,35.0
2021,Uelzen,männlich,Jahre,RH03360,34.6
2021,Uelzen,weiblich,Jahre,RH03360,34.6
2021,Uelzen,insgesamt,Jahre,RH03360,34.6
2021,Verden,männlich,Jahre,RH03361,34.8
2021,Verden,weiblich,Jahre,RH03361,35.1
2021,Verden,insgesamt,Jahre,RH03361,35.0
2021,Statistische Region Lüneburg,männlich,Jahre,RH033,37.1
2021,Statistische Region Lüneburg,weiblich,Jahre,RH033,38.0
2021,Statistische Region Lüneburg,insgesamt,Jahre,RH033,37.5
2021,"Delmenhorst, Stadt",männlich,Jahre,RH03401,35.4
2021,"Delmenhorst, Stadt",weiblich,Jahre,RH03401,35.3
2021,"Delmenhorst, Stadt",insgesamt,Jahre,RH03401,35.4
2021,Emden  Stadt,männlich,Jahre,RH03402,34.1
2021,Emden  Stadt,weiblich,Jahre,RH03402,34.7
2021,Emden  Stadt,insgesamt,Jahre,RH03402,34.3
2021,"Oldenburg(Oldb), Stadt",männlich,Jahre,RH03403,32.7
2021,"Oldenburg(Oldb), Stadt",weiblich,Jahre,RH03403,32.0
2021,"Oldenburg(Oldb), Stadt",insgesamt,Jahre,RH03403,32.4
2021,"Osnabrück, Stadt",männlich,Jahre,RH03404,33.0
2021,"Osnabrück, Stadt",weiblich,Jahre,RH03404,33.8
2021,"Osnabrück, Stadt",insgesamt,Jahre,RH03404,33.4
2021,"Wilhelmshaven, Stadt",männlich,Jahre,RH03405,36.1
2021,"Wilhelmshaven, Stadt",weiblich,Jahre,RH03405,36.8
2021,"Wilhelmshaven, Stadt",insgesamt,Jahre,RH03405,36.4
2021,Ammerland,männlich,Jahre,RH03451,32.3
2021,Ammerland,weiblich,Jahre,RH03451,32.5
2021,Ammerland,insgesamt,Jahre,RH03451,32.4
2021,Aurich,männlich,Jahre,RH03452,34.8
2021,Aurich,weiblich,Jahre,RH03452,34.9
2021,Aurich,insgesamt,Jahre,RH03452,34.9
2021,Cloppenburg,männlich,Jahre,RH03453,34.2
2021,Cloppenburg,weiblich,Jahre,RH03453,34.7
2021,Cloppenburg,insgesamt,Jahre,RH03453,34.4
2021,Emsland,männlich,Jahre,RH03454,33.8
2021,Emsland,weiblich,Jahre,RH03454,32.9
2021,Emsland,insgesamt,Jahre,RH03454,33.4
2021,Friesland,männlich,Jahre,RH03455,36.1
2021,Friesland,weiblich,Jahre,RH03455,34.7
2021,Friesland,insgesamt,Jahre,RH03455,35.5
2021,Grafschaft Bentheim,männlich,Jahre,RH03456,35.1
2021,Grafschaft Bentheim,weiblich,Jahre,RH03456,35.2
2021,Grafschaft Bentheim,insgesamt,Jahre,RH03456,35.1
2021,Leer,männlich,Jahre,RH03457,41.4
2021,Leer,weiblich,Jahre,RH03457,41.2
2021,Leer,insgesamt,Jahre,RH03457,41.3
2021,Oldenburg,männlich,Jahre,RH03458,35.1
2021,Oldenburg,weiblich,Jahre,RH03458,34.8
2021,Oldenburg,insgesamt,Jahre,RH03458,35.0
2021,Osnabrück,männlich,Jahre,RH03459,34.4
2021,Osnabrück,weiblich,Jahre,RH03459,35.2
2021,Osnabrück,insgesamt,Jahre,RH03459,34.8
2021,Vechta,männlich,Jahre,RH03460,36.3
2021,Vechta,weiblich,Jahre,RH03460,36.4
2021,Vechta,insgesamt,Jahre,RH03460,36.4
2021,Wesermarsch,männlich,Jahre,RH03461,34.0
2021,Wesermarsch,weiblich,Jahre,RH03461,33.3
2021,Wesermarsch,insgesamt,Jahre,RH03461,33.7
2021,Wittmund,männlich,Jahre,RH03462,36.2
2021,Wittmund,weiblich,Jahre,RH03462,36.4
2021,Wittmund,insgesamt,Jahre,RH03462,36.3
2021,Statistische Region Weser-Ems,männlich,Jahre,RH034,35.6
2021,Statistische Region Weser-Ems,weiblich,Jahre,RH034,36.5
2021,Statistische Region Weser-Ems,insgesamt,Jahre,RH034,36.0
2021,Niedersachsen,männlich,Jahre,RH030,38.9
2021,Niedersachsen,weiblich,Jahre,RH030,39.8
2021,Niedersachsen,insgesamt,Jahre,RH030,39.3
2020,"Braunschweig, Stadt",männlich,Jahre,RH03101,35.8
2020,"Braunschweig, Stadt",weiblich,Jahre,RH03101,36.7
2020,"Braunschweig, Stadt",insgesamt,Jahre,RH03101,36.2
2020,"Salzgitter, Stadt",männlich,Jahre,RH03102,36.5
2020,"Salzgitter, Stadt",weiblich,Jahre,RH03102,38.4
2020,"Salzgitter, Stadt",insgesamt,Jahre,RH03102,37.4
2020,"Wolfsburg, Stadt",männlich,Jahre,RH03103,34.8
2020,"Wolfsburg, Stadt",weiblich,Jahre,RH03103,35.0
2020,"Wolfsburg, Stadt",insgesamt,Jahre,RH03103,34.9
2020,Gifhorn,männlich,Jahre,RH03151,37.3
2020,Gifhorn,weiblich,Jahre,RH03151,37.5
2020,Gifhorn,insgesamt,Jahre,RH03151,37.3
2020,Goslar,männlich,Jahre,RH03153,36.1
2020,Goslar,weiblich,Jahre,RH03153,37.3
2020,Goslar,insgesamt,Jahre,RH03153,36.7
2020,Helmstedt,männlich,Jahre,RH03154,35.0
2020,Helmstedt,weiblich,Jahre,RH03154,36.4
2020,Helmstedt,insgesamt,Jahre,RH03154,35.6
2020,Northeim,männlich,Jahre,RH03155,36.4
2020,Northeim,weiblich,Jahre,RH03155,36.5
2020,Northeim,insgesamt,Jahre,RH03155,36.4
2020,Peine,männlich,Jahre,RH03157,35.0
2020,Peine,weiblich,Jahre,RH03157,35.9
2020,Peine,insgesamt,Jahre,RH03157,35.4
2020,Wolfenbüttel,männlich,Jahre,RH03158,34.9
2020,Wolfenbüttel,weiblich,Jahre,RH03158,35.7
2020,Wolfenbüttel,insgesamt,Jahre,RH03158,35.3
2020,Göttingen,männlich,Jahre,RH03159,35.9
2020,Göttingen,weiblich,Jahre,RH03159,36.9
2020,Göttingen,insgesamt,Jahre,RH03159,36.4
2020,Statistische Region Braunschweig,männlich,Jahre,RH031,36.0
2020,Statistische Region Braunschweig,weiblich,Jahre,RH031,36.6
2020,Statistische Region Braunschweig,insgesamt,Jahre,RH031,36.3
2020,Hannover  Region,männlich,Jahre,RH03241,37.0
2020,Hannover  Region,weiblich,Jahre,RH03241,38.2
2020,Hannover  Region,insgesamt,Jahre,RH03241,37.6
2020,Diepholz,männlich,Jahre,RH03251,37.8
2020,Diepholz,weiblich,Jahre,RH03251,39.0
2020,Diepholz,insgesamt,Jahre,RH03251,38.3
2020,Hameln-Pyrmont,männlich,Jahre,RH03252,34.4
2020,Hameln-Pyrmont,weiblich,Jahre,RH03252,35.0
2020,Hameln-Pyrmont,insgesamt,Jahre,RH03252,34.7
2020,Hildesheim,männlich,Jahre,RH03254,36.1
2020,Hildesheim,weiblich,Jahre,RH03254,37.2
2020,Hildesheim,insgesamt,Jahre,RH03254,36.6
2020,Holzminden,männlich,Jahre,RH03255,35.3
2020,Holzminden,weiblich,Jahre,RH03255,36.8
2020,Holzminden,insgesamt,Jahre,RH03255,36.0
2020,Nienburg (Weser),männlich,Jahre,RH03256,37.2
2020,Nienburg (Weser),weiblich,Jahre,RH03256,39.1
2020,Nienburg (Weser),insgesamt,Jahre,RH03256,38.1
2020,Schaumburg,männlich,Jahre,RH03257,34.7
2020,Schaumburg,weiblich,Jahre,RH03257,34.5
2020,Schaumburg,insgesamt,Jahre,RH03257,34.6
2020,Statistische Region Hannover,männlich,Jahre,RH032,35.2
2020,Statistische Region Hannover,weiblich,Jahre,RH032,36.1
2020,Statistische Region Hannover,insgesamt,Jahre,RH032,35.6
2020,Celle,männlich,Jahre,RH03351,35.5
2020,Celle,weiblich,Jahre,RH03351,36.2
2020,Celle,insgesamt,Jahre,RH03351,35.8
2020,Cuxhaven,männlich,Jahre,RH03352,35.5
2020,Cuxhaven,weiblich,Jahre,RH03352,35.7
2020,Cuxhaven,insgesamt,Jahre,RH03352,35.6
2020,Harburg,männlich,Jahre,RH03353,36.5
2020,Harburg,weiblich,Jahre,RH03353,37.9
2020,Harburg,insgesamt,Jahre,RH03353,37.1
2020,Lüchow-Dannenberg,männlich,Jahre,RH03354,36.8
2020,Lüchow-Dannenberg,weiblich,Jahre,RH03354,38.4
2020,Lüchow-Dannenberg,insgesamt,Jahre,RH03354,37.5
2020,Lüneburg,männlich,Jahre,RH03355,34.6
2020,Lüneburg,weiblich,Jahre,RH03355,35.6
2020,Lüneburg,insgesamt,Jahre,RH03355,35.0
2020,Osterholz,männlich,Jahre,RH03356,34.3
2020,Osterholz,weiblich,Jahre,RH03356,35.2
2020,Osterholz,insgesamt,Jahre,RH03356,34.7
2020,Rotenburg (Wümme),männlich,Jahre,RH03357,34.7
2020,Rotenburg (Wümme),weiblich,Jahre,RH03357,36.1
2020,Rotenburg (Wümme),insgesamt,Jahre,RH03357,35.4
2020,Heidekreis,männlich,Jahre,RH03358,36.0
2020,Heidekreis,weiblich,Jahre,RH03358,35.9
2020,Heidekreis,insgesamt,Jahre,RH03358,35.9
2020,Stade,männlich,Jahre,RH03359,35.0
2020,Stade,weiblich,Jahre,RH03359,35.7
2020,Stade,insgesamt,Jahre,RH03359,35.3
2020,Uelzen,männlich,Jahre,RH03360,34.5
2020,Uelzen,weiblich,Jahre,RH03360,34.5
2020,Uelzen,insgesamt,Jahre,RH03360,34.5
2020,Verden,männlich,Jahre,RH03361,34.4
2020,Verden,weiblich,Jahre,RH03361,35.3
2020,Verden,insgesamt,Jahre,RH03361,34.8
2020,Statistische Region Lüneburg,männlich,Jahre,RH033,36.9
2020,Statistische Region Lüneburg,weiblich,Jahre,RH033,37.7
2020,Statistische Region Lüneburg,insgesamt,Jahre,RH033,37.3
2020,"Delmenhorst, Stadt",männlich,Jahre,RH03401,35.3
2020,"Delmenhorst, Stadt",weiblich,Jahre,RH03401,35.2
2020,"Delmenhorst, Stadt",insgesamt,Jahre,RH03401,35.3
2020,Emden  Stadt,männlich,Jahre,RH03402,34.2
2020,Emden  Stadt,weiblich,Jahre,RH03402,34.7
2020,Emden  Stadt,insgesamt,Jahre,RH03402,34.4
2020,"Oldenburg(Oldb), Stadt",männlich,Jahre,RH03403,33.0
2020,"Oldenburg(Oldb), Stadt",weiblich,Jahre,RH03403,31.9
2020,"Oldenburg(Oldb), Stadt",insgesamt,Jahre,RH03403,32.5
2020,"Osnabrück, Stadt",männlich,Jahre,RH03404,32.9
2020,"Osnabrück, Stadt",weiblich,Jahre,RH03404,33.6
2020,"Osnabrück, Stadt",insgesamt,Jahre,RH03404,33.2
2020,"Wilhelmshaven, Stadt",männlich,Jahre,RH03405,35.8
2020,"Wilhelmshaven, Stadt",weiblich,Jahre,RH03405,36.6
2020,"Wilhelmshaven, Stadt",insgesamt,Jahre,RH03405,36.2
2020,Ammerland,männlich,Jahre,RH03451,32.1
2020,Ammerland,weiblich,Jahre,RH03451,32.5
2020,Ammerland,insgesamt,Jahre,RH03451,32.3
2020,Aurich,männlich,Jahre,RH03452,34.6
2020,Aurich,weiblich,Jahre,RH03452,34.5
2020,Aurich,insgesamt,Jahre,RH03452,34.6
2020,Cloppenburg,männlich,Jahre,RH03453,33.9
2020,Cloppenburg,weiblich,Jahre,RH03453,34.7
2020,Cloppenburg,insgesamt,Jahre,RH03453,34.3
2020,Emsland,männlich,Jahre,RH03454,33.9
2020,Emsland,weiblich,Jahre,RH03454,32.7
2020,Emsland,insgesamt,Jahre,RH03454,33.4
2020,Friesland,männlich,Jahre,RH03455,36.1
2020,Friesland,weiblich,Jahre,RH03455,34.6
2020,Friesland,insgesamt,Jahre,RH03455,35.5
2020,Grafschaft Bentheim,männlich,Jahre,RH03456,34.7
2020,Grafschaft Bentheim,weiblich,Jahre,RH03456,35.4
2020,Grafschaft Bentheim,insgesamt,Jahre,RH03456,35.0
2020,Leer,männlich,Jahre,RH03457,41.7
2020,Leer,weiblich,Jahre,RH03457,41.2
2020,Leer,insgesamt,Jahre,RH03457,41.5
2020,Oldenburg,männlich,Jahre,RH03458,35.1
2020,Oldenburg,weiblich,Jahre,RH03458,34.8
2020,Oldenburg,insgesamt,Jahre,RH03458,35.0
2020,Osnabrück,männlich,Jahre,RH03459,34.4
2020,Osnabrück,weiblich,Jahre,RH03459,35.0
2020,Osnabrück,insgesamt,Jahre,RH03459,34.6
2020,Vechta,männlich,Jahre,RH03460,35.9
2020,Vechta,weiblich,Jahre,RH03460,36.0
2020,Vechta,insgesamt,Jahre,RH03460,35.9
2020,Wesermarsch,männlich,Jahre,RH03461,33.9
2020,Wesermarsch,weiblich,Jahre,RH03461,33.1
2020,Wesermarsch,insgesamt,Jahre,RH03461,33.6
2020,Wittmund,männlich,Jahre,RH03462,36.3
2020,Wittmund,weiblich,Jahre,RH03462,36.3
2020,Wittmund,insgesamt,Jahre,RH03462,36.3
2020,Statistische Region Weser-Ems,männlich,Jahre,RH034,35.5
2020,Statistische Region Weser-Ems,weiblich,Jahre,RH034,36.6
2020,Statistische Region Weser-Ems,insgesamt,Jahre,RH034,36.0
2020,Niedersachsen,männlich,Jahre,RH030,38.9
2020,Niedersachsen,weiblich,Jahre,RH030,39.7
2020,Niedersachsen,insgesamt,Jahre,RH030,39.3
2019,"Braunschweig, Stadt",männlich,Jahre,RH03101,35.5
2019,"Braunschweig, Stadt",weiblich,Jahre,RH03101,36.4
2019,"Braunschweig, Stadt",insgesamt,Jahre,RH03101,35.9
2019,"Salzgitter, Stadt",männlich,Jahre,RH03102,36.0
2019,"Salzgitter, Stadt",weiblich,Jahre,RH03102,37.8
2019,"Salzgitter, Stadt",insgesamt,Jahre,RH03102,36.8
2019,"Wolfsburg, Stadt",männlich,Jahre,RH03103,34.5
2019,"Wolfsburg, Stadt",weiblich,Jahre,RH03103,35.0
2019,"Wolfsburg, Stadt",insgesamt,Jahre,RH03103,34.7
2019,Gifhorn,männlich,Jahre,RH03151,37.3
2019,Gifhorn,weiblich,Jahre,RH03151,37.4
2019,Gifhorn,insgesamt,Jahre,RH03151,37.3
2019,Goslar,männlich,Jahre,RH03153,36.0
2019,Goslar,weiblich,Jahre,RH03153,37.3
2019,Goslar,insgesamt,Jahre,RH03153,36.6
2019,Helmstedt,männlich,Jahre,RH03154,34.1
2019,Helmstedt,weiblich,Jahre,RH03154,35.6
2019,Helmstedt,insgesamt,Jahre,RH03154,34.7
2019,Northeim,männlich,Jahre,RH03155,36.0
2019,Northeim,weiblich,Jahre,RH03155,36.4
2019,Northeim,insgesamt,Jahre,RH03155,36.2
2019,Peine,männlich,Jahre,RH03157,34.8
2019,Peine,weiblich,Jahre,RH03157,35.9
2019,Peine,insgesamt,Jahre,RH03157,35.3
2019,Wolfenbüttel,männlich,Jahre,RH03158,34.9
2019,Wolfenbüttel,weiblich,Jahre,RH03158,35.7
2019,Wolfenbüttel,insgesamt,Jahre,RH03158,35.3
2019,Göttingen,männlich,Jahre,RH03159,35.5
2019,Göttingen,weiblich,Jahre,RH03159,36.6
2019,Göttingen,insgesamt,Jahre,RH03159,36.0
2019,Statistische Region Braunschweig,männlich,Jahre,RH031,35.8
2019,Statistische Region Braunschweig,weiblich,Jahre,RH031,36.4
2019,Statistische Region Braunschweig,insgesamt,Jahre,RH031,36.1
2019,Hannover  Region,männlich,Jahre,RH03241,36.9
2019,Hannover  Region,weiblich,Jahre,RH03241,38.0
2019,Hannover  Region,insgesamt,Jahre,RH03241,37.4
2019,Diepholz,männlich,Jahre,RH03251,37.6
2019,Diepholz,weiblich,Jahre,RH03251,38.7
2019,Diepholz,insgesamt,Jahre,RH03251,38.1
2019,Hameln-Pyrmont,männlich,Jahre,RH03252,34.1
2019,Hameln-Pyrmont,weiblich,Jahre,RH03252,34.8
2019,Hameln-Pyrmont,insgesamt,Jahre,RH03252,34.4
2019,Hildesheim,männlich,Jahre,RH03254,36.0
2019,Hildesheim,weiblich,Jahre,RH03254,37.3
2019,Hildesheim,insgesamt,Jahre,RH03254,36.6
2019,Holzminden,männlich,Jahre,RH03255,35.2
2019,Holzminden,weiblich,Jahre,RH03255,36.6
2019,Holzminden,insgesamt,Jahre,RH03255,35.8
2019,Nienburg (Weser),männlich,Jahre,RH03256,37.0
2019,Nienburg (Weser),weiblich,Jahre,RH03256,39.1
2019,Nienburg (Weser),insgesamt,Jahre,RH03256,38.0
2019,Schaumburg,männlich,Jahre,RH03257,34.6
2019,Schaumburg,weiblich,Jahre,RH03257,34.2
2019,Schaumburg,insgesamt,Jahre,RH03257,34.4
2019,Statistische Region Hannover,männlich,Jahre,RH032,35.0
2019,Statistische Region Hannover,weiblich,Jahre,RH032,35.7
2019,Statistische Region Hannover,insgesamt,Jahre,RH032,35.4
2019,Celle,männlich,Jahre,RH03351,35.2
2019,Celle,weiblich,Jahre,RH03351,36.0
2019,Celle,insgesamt,Jahre,RH03351,35.5
2019,Cuxhaven,männlich,Jahre,RH03352,35.3
2019,Cuxhaven,weiblich,Jahre,RH03352,35.4
2019,Cuxhaven,insgesamt,Jahre,RH03352,35.3
2019,Harburg,männlich,Jahre,RH03353,35.8
2019,Harburg,weiblich,Jahre,RH03353,37.5
2019,Harburg,insgesamt,Jahre,RH03353,36.6
2019,Lüchow-Dannenberg,männlich,Jahre,RH03354,36.6
2019,Lüchow-Dannenberg,weiblich,Jahre,RH03354,38.4
2019,Lüchow-Dannenberg,insgesamt,Jahre,RH03354,37.4
2019,Lüneburg,männlich,Jahre,RH03355,34.3
2019,Lüneburg,weiblich,Jahre,RH03355,35.2
2019,Lüneburg,insgesamt,Jahre,RH03355,34.7
2019,Osterholz,männlich,Jahre,RH03356,34.0
2019,Osterholz,weiblich,Jahre,RH03356,34.6
2019,Osterholz,insgesamt,Jahre,RH03356,34.3
2019,Rotenburg (Wümme),männlich,Jahre,RH03357,34.6
2019,Rotenburg (Wümme),weiblich,Jahre,RH03357,35.9
2019,Rotenburg (Wümme),insgesamt,Jahre,RH03357,35.2
2019,Heidekreis,männlich,Jahre,RH03358,35.6
2019,Heidekreis,weiblich,Jahre,RH03358,35.9
2019,Heidekreis,insgesamt,Jahre,RH03358,35.7
2019,Stade,männlich,Jahre,RH03359,35.0
2019,Stade,weiblich,Jahre,RH03359,35.4
2019,Stade,insgesamt,Jahre,RH03359,35.2
2019,Uelzen,männlich,Jahre,RH03360,34.3
2019,Uelzen,weiblich,Jahre,RH03360,34.4
2019,Uelzen,insgesamt,Jahre,RH03360,34.4
2019,Verden,männlich,Jahre,RH03361,34.1
2019,Verden,weiblich,Jahre,RH03361,35.2
2019,Verden,insgesamt,Jahre,RH03361,34.6
2019,Statistische Region Lüneburg,männlich,Jahre,RH033,36.8
2019,Statistische Region Lüneburg,weiblich,Jahre,RH033,37.5
2019,Statistische Region Lüneburg,insgesamt,Jahre,RH033,37.1
2019,"Delmenhorst, Stadt",männlich,Jahre,RH03401,35.2
2019,"Delmenhorst, Stadt",weiblich,Jahre,RH03401,35.0
2019,"Delmenhorst, Stadt",insgesamt,Jahre,RH03401,35.1
2019,Emden  Stadt,männlich,Jahre,RH03402,34.1
2019,Emden  Stadt,weiblich,Jahre,RH03402,34.7
2019,Emden  Stadt,insgesamt,Jahre,RH03402,34.4
2019,"Oldenburg(Oldb), Stadt",männlich,Jahre,RH03403,32.5
2019,"Oldenburg(Oldb), Stadt",weiblich,Jahre,RH03403,31.8
2019,"Oldenburg(Oldb), Stadt",insgesamt,Jahre,RH03403,32.2
2019,"Osnabrück, Stadt",männlich,Jahre,RH03404,32.8
2019,"Osnabrück, Stadt",weiblich,Jahre,RH03404,33.6
2019,"Osnabrück, Stadt",insgesamt,Jahre,RH03404,33.2
2019,"Wilhelmshaven, Stadt",männlich,Jahre,RH03405,35.5
2019,"Wilhelmshaven, Stadt",weiblich,Jahre,RH03405,36.1
2019,"Wilhelmshaven, Stadt",insgesamt,Jahre,RH03405,35.8
2019,Ammerland,männlich,Jahre,RH03451,32.1
2019,Ammerland,weiblich,Jahre,RH03451,32.2
2019,Ammerland,insgesamt,Jahre,RH03451,32.1
2019,Aurich,männlich,Jahre,RH03452,34.1
2019,Aurich,weiblich,Jahre,RH03452,34.2
2019,Aurich,insgesamt,Jahre,RH03452,34.1
2019,Cloppenburg,männlich,Jahre,RH03453,33.7
2019,Cloppenburg,weiblich,Jahre,RH03453,34.4
2019,Cloppenburg,insgesamt,Jahre,RH03453,34.0
2019,Emsland,männlich,Jahre,RH03454,33.9
2019,Emsland,weiblich,Jahre,RH03454,32.4
2019,Emsland,insgesamt,Jahre,RH03454,33.3
2019,Friesland,männlich,Jahre,RH03455,35.8
2019,Friesland,weiblich,Jahre,RH03455,34.5
2019,Friesland,insgesamt,Jahre,RH03455,35.3
2019,Grafschaft Bentheim,männlich,Jahre,RH03456,34.2
2019,Grafschaft Bentheim,weiblich,Jahre,RH03456,34.8
2019,Grafschaft Bentheim,insgesamt,Jahre,RH03456,34.4
2019,Leer,männlich,Jahre,RH03457,41.7
2019,Leer,weiblich,Jahre,RH03457,41.0
2019,Leer,insgesamt,Jahre,RH03457,41.4
2019,Oldenburg,männlich,Jahre,RH03458,35.1
2019,Oldenburg,weiblich,Jahre,RH03458,35.0
2019,Oldenburg,insgesamt,Jahre,RH03458,35.0
2019,Osnabrück,männlich,Jahre,RH03459,34.1
2019,Osnabrück,weiblich,Jahre,RH03459,34.6
2019,Osnabrück,insgesamt,Jahre,RH03459,34.4
2019,Vechta,männlich,Jahre,RH03460,35.8
2019,Vechta,weiblich,Jahre,RH03460,35.9
2019,Vechta,insgesamt,Jahre,RH03460,35.8
2019,Wesermarsch,männlich,Jahre,RH03461,33.7
2019,Wesermarsch,weiblich,Jahre,RH03461,33.0
2019,Wesermarsch,insgesamt,Jahre,RH03461,33.4
2019,Wittmund,männlich,Jahre,RH03462,36.4
2019,Wittmund,weiblich,Jahre,RH03462,36.3
2019,Wittmund,insgesamt,Jahre,RH03462,36.4
2019,Statistische Region Weser-Ems,männlich,Jahre,RH034,35.1
2019,Statistische Region Weser-Ems,weiblich,Jahre,RH034,36.5
2019,Statistische Region Weser-Ems,insgesamt,Jahre,RH034,35.7
2019,Niedersachsen,männlich,Jahre,RH030,38.8
2019,Niedersachsen,weiblich,Jahre,RH030,39.4
2019,Niedersachsen,insgesamt,Jahre,RH030,39.1
2018,"Braunschweig, Stadt",männlich,Jahre,RH03101,36.4
2018,"Braunschweig, Stadt",weiblich,Jahre,RH03101,38.1
2018,"Braunschweig, Stadt",insgesamt,Jahre,RH03101,37.2
2018,"Salzgitter, Stadt",männlich,Jahre,RH03102,34.6
2018,"Salzgitter, Stadt",weiblich,Jahre,RH03102,35.1
2018,"Salzgitter, Stadt",insgesamt,Jahre,RH03102,34.8
2018,"Wolfsburg, Stadt",männlich,Jahre,RH03103,37.5
2018,"Wolfsburg, Stadt",weiblich,Jahre,RH03103,37.5
2018,"Wolfsburg, Stadt",insgesamt,Jahre,RH03103,37.5
2018,Gifhorn,männlich,Jahre,RH03151,36.3
2018,Gifhorn,weiblich,Jahre,RH03151,37.8
2018,Gifhorn,insgesamt,Jahre,RH03151,37.0
2018,Goslar,männlich,Jahre,RH03153,34.0
2018,Goslar,weiblich,Jahre,RH03153,35.7
2018,Goslar,insgesamt,Jahre,RH03153,34.7
2018,Helmstedt,männlich,Jahre,RH03154,35.8
2018,Helmstedt,weiblich,Jahre,RH03154,36.4
2018,Helmstedt,insgesamt,Jahre,RH03154,36.1
2018,Northeim,männlich,Jahre,RH03155,34.9
2018,Northeim,weiblich,Jahre,RH03155,36.0
2018,Northeim,insgesamt,Jahre,RH03155,35.4
2018,Peine,männlich,Jahre,RH03157,34.8
2018,Peine,weiblich,Jahre,RH03157,35.8
2018,Peine,insgesamt,Jahre,RH03157,35.2
2018,Wolfenbüttel,männlich,Jahre,RH03158,35.5
2018,Wolfenbüttel,weiblich,Jahre,RH03158,36.7
2018,Wolfenbüttel,insgesamt,Jahre,RH03158,36.0
2018,Göttingen,männlich,Jahre,RH03159,35.2
2018,Göttingen,weiblich,Jahre,RH03159,36.0
2018,Göttingen,insgesamt,Jahre,RH03159,35.6
2018,Statistische Region Braunschweig,männlich,Jahre,RH031,35.6
2018,Statistische Region Braunschweig,weiblich,Jahre,RH031,36.6
2018,Statistische Region Braunschweig,insgesamt,Jahre,RH031,36.1
2018,Hannover  Region,männlich,Jahre,RH03241,37.3
2018,Hannover  Region,weiblich,Jahre,RH03241,38.5
2018,Hannover  Region,insgesamt,Jahre,RH03241,37.9
2018,Diepholz,männlich,Jahre,RH03251,33.9
2018,Diepholz,weiblich,Jahre,RH03251,34.7
2018,Diepholz,insgesamt,Jahre,RH03251,34.3
2018,Hameln-Pyrmont,männlich,Jahre,RH03252,36.2
2018,Hameln-Pyrmont,weiblich,Jahre,RH03252,37.5
2018,Hameln-Pyrmont,insgesamt,Jahre,RH03252,36.9
2018,Hildesheim,männlich,Jahre,RH03254,35.2
2018,Hildesheim,weiblich,Jahre,RH03254,36.8
2018,Hildesheim,insgesamt,Jahre,RH03254,35.9
2018,Holzminden,männlich,Jahre,RH03255,36.6
2018,Holzminden,weiblich,Jahre,RH03255,38.8
2018,Holzminden,insgesamt,Jahre,RH03255,37.6
2018,Nienburg (Weser),männlich,Jahre,RH03256,34.6
2018,Nienburg (Weser),weiblich,Jahre,RH03256,34.5
2018,Nienburg (Weser),insgesamt,Jahre,RH03256,34.5
2018,Schaumburg,männlich,Jahre,RH03257,36.5
2018,Schaumburg,weiblich,Jahre,RH03257,37.2
2018,Schaumburg,insgesamt,Jahre,RH03257,36.9
2018,Statistische Region Hannover,männlich,Jahre,RH032,36.7
2018,Statistische Region Hannover,weiblich,Jahre,RH032,37.9
2018,Statistische Region Hannover,insgesamt,Jahre,RH032,37.2
2018,Celle,männlich,Jahre,RH03351,35.2
2018,Celle,weiblich,Jahre,RH03351,35.3
2018,Celle,insgesamt,Jahre,RH03351,35.2
2018,Cuxhaven,männlich,Jahre,RH03352,35.4
2018,Cuxhaven,weiblich,Jahre,RH03352,37.1
2018,Cuxhaven,insgesamt,Jahre,RH03352,36.2
2018,Harburg,männlich,Jahre,RH03353,36.6
2018,Harburg,weiblich,Jahre,RH03353,38.7
2018,Harburg,insgesamt,Jahre,RH03353,37.5
2018,Lüchow-Dannenberg,männlich,Jahre,RH03354,34.4
2018,Lüchow-Dannenberg,weiblich,Jahre,RH03354,34.8
2018,Lüchow-Dannenberg,insgesamt,Jahre,RH03354,34.6
2018,Lüneburg,männlich,Jahre,RH03355,34.0
2018,Lüneburg,weiblich,Jahre,RH03355,34.8
2018,Lüneburg,insgesamt,Jahre,RH03355,34.3
2018,Osterholz,männlich,Jahre,RH03356,34.4
2018,Osterholz,weiblich,Jahre,RH03356,35.9
2018,Osterholz,insgesamt,Jahre,RH03356,35.1
2018,Rotenburg (Wümme),männlich,Jahre,RH03357,35.6
2018,Rotenburg (Wümme),weiblich,Jahre,RH03357,35.8
2018,Rotenburg (Wümme),insgesamt,Jahre,RH03357,35.7
2018,Heidekreis,männlich,Jahre,RH03358,35.4
2018,Heidekreis,weiblich,Jahre,RH03358,36.1
2018,Heidekreis,insgesamt,Jahre,RH03358,35.7
2018,Stade,männlich,Jahre,RH03359,34.2
2018,Stade,weiblich,Jahre,RH03359,34.4
2018,Stade,insgesamt,Jahre,RH03359,34.3
2018,Uelzen,männlich,Jahre,RH03360,34.1
2018,Uelzen,weiblich,Jahre,RH03360,35.0
2018,Uelzen,insgesamt,Jahre,RH03360,34.5
2018,Verden,männlich,Jahre,RH03361,35.0
2018,Verden,weiblich,Jahre,RH03361,36.4
2018,Verden,insgesamt,Jahre,RH03361,35.6
2018,Statistische Region Lüneburg,männlich,Jahre,RH033,35.1
2018,Statistische Region Lüneburg,weiblich,Jahre,RH033,36.0
2018,Statistische Region Lüneburg,insgesamt,Jahre,RH033,35.5
2018,"Delmenhorst, Stadt",männlich,Jahre,RH03401,33.9
2018,"Delmenhorst, Stadt",weiblich,Jahre,RH03401,34.7
2018,"Delmenhorst, Stadt",insgesamt,Jahre,RH03401,34.3
2018,Emden  Stadt,männlich,Jahre,RH03402,32.7
2018,Emden  Stadt,weiblich,Jahre,RH03402,32.0
2018,Emden  Stadt,insgesamt,Jahre,RH03402,32.4
2018,"Oldenburg(Oldb), Stadt",männlich,Jahre,RH03403,32.9
2018,"Oldenburg(Oldb), Stadt",weiblich,Jahre,RH03403,33.7
2018,"Oldenburg(Oldb), Stadt",insgesamt,Jahre,RH03403,33.3
2018,"Osnabrück, Stadt",männlich,Jahre,RH03404,35.6
2018,"Osnabrück, Stadt",weiblich,Jahre,RH03404,36.2
2018,"Osnabrück, Stadt",insgesamt,Jahre,RH03404,35.9
2018,"Wilhelmshaven, Stadt",männlich,Jahre,RH03405,32.0
2018,"Wilhelmshaven, Stadt",weiblich,Jahre,RH03405,32.8
2018,"Wilhelmshaven, Stadt",insgesamt,Jahre,RH03405,32.3
2018,Ammerland,männlich,Jahre,RH03451,34.0
2018,Ammerland,weiblich,Jahre,RH03451,34.4
2018,Ammerland,insgesamt,Jahre,RH03451,34.2
2018,Aurich,männlich,Jahre,RH03452,33.5
2018,Aurich,weiblich,Jahre,RH03452,34.3
2018,Aurich,insgesamt,Jahre,RH03452,33.8
2018,Cloppenburg,männlich,Jahre,RH03453,33.8
2018,Cloppenburg,weiblich,Jahre,RH03453,32.1
2018,Cloppenburg,insgesamt,Jahre,RH03453,33.1
2018,Emsland,männlich,Jahre,RH03454,35.8
2018,Emsland,weiblich,Jahre,RH03454,34.5
2018,Emsland,insgesamt,Jahre,RH03454,35.3
2018,Friesland,männlich,Jahre,RH03455,33.9
2018,Friesland,weiblich,Jahre,RH03455,34.8
2018,Friesland,insgesamt,Jahre,RH03455,34.3
2018,Grafschaft Bentheim,männlich,Jahre,RH03456,41.3
2018,Grafschaft Bentheim,weiblich,Jahre,RH03456,40.9
2018,Grafschaft Bentheim,insgesamt,Jahre,RH03456,41.1
2018,Leer,männlich,Jahre,RH03457,35.5
2018,Leer,weiblich,Jahre,RH03457,35.7
2018,Leer,insgesamt,Jahre,RH03457,35.6
2018,Oldenburg,männlich,Jahre,RH03458,33.7
2018,Oldenburg,weiblich,Jahre,RH03458,34.3
2018,Oldenburg,insgesamt,Jahre,RH03458,34.0
2018,Osnabrück,männlich,Jahre,RH03459,35.9
2018,Osnabrück,weiblich,Jahre,RH03459,35.8
2018,Osnabrück,insgesamt,Jahre,RH03459,35.9
2018,Vechta,männlich,Jahre,RH03460,33.5
2018,Vechta,weiblich,Jahre,RH03460,33.0
2018,Vechta,insgesamt,Jahre,RH03460,33.3
2018,Wesermarsch,männlich,Jahre,RH03461,36.3
2018,Wesermarsch,weiblich,Jahre,RH03461,36.3
2018,Wesermarsch,insgesamt,Jahre,RH03461,36.3
2018,Wittmund,männlich,Jahre,RH03462,32.7
2018,Wittmund,weiblich,Jahre,RH03462,34.0
2018,Wittmund,insgesamt,Jahre,RH03462,33.3
2018,Statistische Region Weser-Ems,männlich,Jahre,RH034,35.1
2018,Statistische Region Weser-Ems,weiblich,Jahre,RH034,35.1
2018,Statistische Region Weser-Ems,insgesamt,Jahre,RH034,35.1
2018,Niedersachsen,männlich,Jahre,RH030,35.7
2018,Niedersachsen,weiblich,Jahre,RH030,36.5
2018,Niedersachsen,insgesamt,Jahre,RH030,36.1
2017,"Braunschweig, Stadt",männlich,Jahre,RH03101,36.3
2017,"Braunschweig, Stadt",weiblich,Jahre,RH03101,38.0
2017,"Braunschweig, Stadt",insgesamt,Jahre,RH03101,37.1
2017,"Salzgitter, Stadt",männlich,Jahre,RH03102,35.0
2017,"Salzgitter, Stadt",weiblich,Jahre,RH03102,35.6
2017,"Salzgitter, Stadt",insgesamt,Jahre,RH03102,35.3
2017,"Wolfsburg, Stadt",männlich,Jahre,RH03103,37.5
2017,"Wolfsburg, Stadt",weiblich,Jahre,RH03103,37.6
2017,"Wolfsburg, Stadt",insgesamt,Jahre,RH03103,37.5
2017,Gifhorn,männlich,Jahre,RH03151,36.1
2017,Gifhorn,weiblich,Jahre,RH03151,38.1
2017,Gifhorn,insgesamt,Jahre,RH03151,37.0
2017,Goslar,männlich,Jahre,RH03153,34.2
2017,Goslar,weiblich,Jahre,RH03153,35.6
2017,Goslar,insgesamt,Jahre,RH03153,34.8
2017,Helmstedt,männlich,Jahre,RH03154,35.3
2017,Helmstedt,weiblich,Jahre,RH03154,36.0
2017,Helmstedt,insgesamt,Jahre,RH03154,35.6
2017,Northeim,männlich,Jahre,RH03155,34.7
2017,Northeim,weiblich,Jahre,RH03155,35.9
2017,Northeim,insgesamt,Jahre,RH03155,35.3
2017,Peine,männlich,Jahre,RH03157,34.6
2017,Peine,weiblich,Jahre,RH03157,35.6
2017,Peine,insgesamt,Jahre,RH03157,35.1
2017,Wolfenbüttel,männlich,Jahre,RH03158,35.0
2017,Wolfenbüttel,weiblich,Jahre,RH03158,36.4
2017,Wolfenbüttel,insgesamt,Jahre,RH03158,35.6
2017,Göttingen,männlich,Jahre,RH03159,35.1
2017,Göttingen,weiblich,Jahre,RH03159,35.9
2017,Göttingen,insgesamt,Jahre,RH03159,35.5
2017,Statistische Region Braunschweig,männlich,Jahre,RH031,35.6
2017,Statistische Region Braunschweig,weiblich,Jahre,RH031,36.6
2017,Statistische Region Braunschweig,insgesamt,Jahre,RH031,36.1
2017,Hannover  Region,männlich,Jahre,RH03241,37.2
2017,Hannover  Region,weiblich,Jahre,RH03241,38.4
2017,Hannover  Region,insgesamt,Jahre,RH03241,37.8
2017,Diepholz,männlich,Jahre,RH03251,33.9
2017,Diepholz,weiblich,Jahre,RH03251,35.0
2017,Diepholz,insgesamt,Jahre,RH03251,34.4
2017,Hameln-Pyrmont,männlich,Jahre,RH03252,36.6
2017,Hameln-Pyrmont,weiblich,Jahre,RH03252,37.7
2017,Hameln-Pyrmont,insgesamt,Jahre,RH03252,37.2
2017,Hildesheim,männlich,Jahre,RH03254,35.2
2017,Hildesheim,weiblich,Jahre,RH03254,37.0
2017,Hildesheim,insgesamt,Jahre,RH03254,36.0
2017,Holzminden,männlich,Jahre,RH03255,36.8
2017,Holzminden,weiblich,Jahre,RH03255,38.8
2017,Holzminden,insgesamt,Jahre,RH03255,37.7
2017,Nienburg (Weser),männlich,Jahre,RH03256,34.2
2017,Nienburg (Weser),weiblich,Jahre,RH03256,34.3
2017,Nienburg (Weser),insgesamt,Jahre,RH03256,34.2
2017,Schaumburg,männlich,Jahre,RH03257,36.2
2017,Schaumburg,weiblich,Jahre,RH03257,37.2
2017,Schaumburg,insgesamt,Jahre,RH03257,36.7
2017,Statistische Region Hannover,männlich,Jahre,RH032,36.6
2017,Statistische Region Hannover,weiblich,Jahre,RH032,37.8
2017,Statistische Region Hannover,insgesamt,Jahre,RH032,37.2
2017,Celle,männlich,Jahre,RH03351,35.4
2017,Celle,weiblich,Jahre,RH03351,35.4
2017,Celle,insgesamt,Jahre,RH03351,35.4
2017,Cuxhaven,männlich,Jahre,RH03352,35.0
2017,Cuxhaven,weiblich,Jahre,RH03352,36.8
2017,Cuxhaven,insgesamt,Jahre,RH03352,35.8
2017,Harburg,männlich,Jahre,RH03353,36.3
2017,Harburg,weiblich,Jahre,RH03353,38.8
2017,Harburg,insgesamt,Jahre,RH03353,37.4
2017,Lüchow-Dannenberg,männlich,Jahre,RH03354,34.3
2017,Lüchow-Dannenberg,weiblich,Jahre,RH03354,34.8
2017,Lüchow-Dannenberg,insgesamt,Jahre,RH03354,34.5
2017,Lüneburg,männlich,Jahre,RH03355,33.6
2017,Lüneburg,weiblich,Jahre,RH03355,34.8
2017,Lüneburg,insgesamt,Jahre,RH03355,34.1
2017,Osterholz,männlich,Jahre,RH03356,34.1
2017,Osterholz,weiblich,Jahre,RH03356,35.8
2017,Osterholz,insgesamt,Jahre,RH03356,34.9
2017,Rotenburg (Wümme),männlich,Jahre,RH03357,35.2
2017,Rotenburg (Wümme),weiblich,Jahre,RH03357,35.7
2017,Rotenburg (Wümme),insgesamt,Jahre,RH03357,35.4
2017,Heidekreis,männlich,Jahre,RH03358,35.4
2017,Heidekreis,weiblich,Jahre,RH03358,36.3
2017,Heidekreis,insgesamt,Jahre,RH03358,35.8
2017,Stade,männlich,Jahre,RH03359,34.3
2017,Stade,weiblich,Jahre,RH03359,34.6
2017,Stade,insgesamt,Jahre,RH03359,34.4
2017,Uelzen,männlich,Jahre,RH03360,34.2
2017,Uelzen,weiblich,Jahre,RH03360,35.0
2017,Uelzen,insgesamt,Jahre,RH03360,34.6
2017,Verden,männlich,Jahre,RH03361,34.7
2017,Verden,weiblich,Jahre,RH03361,36.6
2017,Verden,insgesamt,Jahre,RH03361,35.5
2017,Statistische Region Lüneburg,männlich,Jahre,RH033,34.9
2017,Statistische Region Lüneburg,weiblich,Jahre,RH033,36.1
2017,Statistische Region Lüneburg,insgesamt,Jahre,RH033,35.4
2017,"Delmenhorst, Stadt",männlich,Jahre,RH03401,34.0
2017,"Delmenhorst, Stadt",weiblich,Jahre,RH03401,34.8
2017,"Delmenhorst, Stadt",insgesamt,Jahre,RH03401,34.4
2017,Emden  Stadt,männlich,Jahre,RH03402,32.7
2017,Emden  Stadt,weiblich,Jahre,RH03402,32.0
2017,Emden  Stadt,insgesamt,Jahre,RH03402,32.4
2017,"Oldenburg(Oldb), Stadt",männlich,Jahre,RH03403,32.6
2017,"Oldenburg(Oldb), Stadt",weiblich,Jahre,RH03403,33.7
2017,"Oldenburg(Oldb), Stadt",insgesamt,Jahre,RH03403,33.1
2017,"Osnabrück, Stadt",männlich,Jahre,RH03404,35.5
2017,"Osnabrück, Stadt",weiblich,Jahre,RH03404,36.2
2017,"Osnabrück, Stadt",insgesamt,Jahre,RH03404,35.8
2017,"Wilhelmshaven, Stadt",männlich,Jahre,RH03405,32.1
2017,"Wilhelmshaven, Stadt",weiblich,Jahre,RH03405,33.1
2017,"Wilhelmshaven, Stadt",insgesamt,Jahre,RH03405,32.5
2017,Ammerland,männlich,Jahre,RH03451,33.8
2017,Ammerland,weiblich,Jahre,RH03451,34.3
2017,Ammerland,insgesamt,Jahre,RH03451,34.0
2017,Aurich,männlich,Jahre,RH03452,33.0
2017,Aurich,weiblich,Jahre,RH03452,34.0
2017,Aurich,insgesamt,Jahre,RH03452,33.4
2017,Cloppenburg,männlich,Jahre,RH03453,33.5
2017,Cloppenburg,weiblich,Jahre,RH03453,32.2
2017,Cloppenburg,insgesamt,Jahre,RH03453,33.0
2017,Emsland,männlich,Jahre,RH03454,35.6
2017,Emsland,weiblich,Jahre,RH03454,34.6
2017,Emsland,insgesamt,Jahre,RH03454,35.2
2017,Friesland,männlich,Jahre,RH03455,33.1
2017,Friesland,weiblich,Jahre,RH03455,34.0
2017,Friesland,insgesamt,Jahre,RH03455,33.5
2017,Grafschaft Bentheim,männlich,Jahre,RH03456,41.2
2017,Grafschaft Bentheim,weiblich,Jahre,RH03456,40.7
2017,Grafschaft Bentheim,insgesamt,Jahre,RH03456,41.0
2017,Leer,männlich,Jahre,RH03457,35.6
2017,Leer,weiblich,Jahre,RH03457,35.9
2017,Leer,insgesamt,Jahre,RH03457,35.7
2017,Oldenburg,männlich,Jahre,RH03458,33.4
2017,Oldenburg,weiblich,Jahre,RH03458,34.0
2017,Oldenburg,insgesamt,Jahre,RH03458,33.7
2017,Osnabrück,männlich,Jahre,RH03459,35.8
2017,Osnabrück,weiblich,Jahre,RH03459,35.6
2017,Osnabrück,insgesamt,Jahre,RH03459,35.7
2017,Vechta,männlich,Jahre,RH03460,33.3
2017,Vechta,weiblich,Jahre,RH03460,33.1
2017,Vechta,insgesamt,Jahre,RH03460,33.2
2017,Wesermarsch,männlich,Jahre,RH03461,36.2
2017,Wesermarsch,weiblich,Jahre,RH03461,36.0
2017,Wesermarsch,insgesamt,Jahre,RH03461,36.1
2017,Wittmund,männlich,Jahre,RH03462,32.3
2017,Wittmund,weiblich,Jahre,RH03462,33.5
2017,Wittmund,insgesamt,Jahre,RH03462,32.9
2017,Statistische Region Weser-Ems,männlich,Jahre,RH034,35.0
2017,Statistische Region Weser-Ems,weiblich,Jahre,RH034,35.0
2017,Statistische Region Weser-Ems,insgesamt,Jahre,RH034,35.0
2017,Niedersachsen,männlich,Jahre,RH030,35.6
2017,Niedersachsen,weiblich,Jahre,RH030,36.5
2017,Niedersachsen,insgesamt,Jahre,RH030,36.0
2016,"Braunschweig, Stadt",männlich,Jahre,RH03101,35.9
2016,"Braunschweig, Stadt",weiblich,Jahre,RH03101,37.7
2016,"Braunschweig, Stadt",insgesamt,Jahre,RH03101,36.7
2016,"Salzgitter, Stadt",männlich,Jahre,RH03102,35.8
2016,"Salzgitter, Stadt",weiblich,Jahre,RH03102,36.6
2016,"Salzgitter, Stadt",insgesamt,Jahre,RH03102,36.2
2016,"Wolfsburg, Stadt",männlich,Jahre,RH03103,37.4
2016,"Wolfsburg, Stadt",weiblich,Jahre,RH03103,37.5
2016,"Wolfsburg, Stadt",insgesamt,Jahre,RH03103,37.5
2016,Gifhorn,männlich,Jahre,RH03151,36.0
2016,Gifhorn,weiblich,Jahre,RH03151,37.9
2016,Gifhorn,insgesamt,Jahre,RH03151,36.9
2016,Goslar,männlich,Jahre,RH03153,34.6
2016,Goslar,weiblich,Jahre,RH03153,36.3
2016,Goslar,insgesamt,Jahre,RH03153,35.3
2016,Helmstedt,männlich,Jahre,RH03154,34.9
2016,Helmstedt,weiblich,Jahre,RH03154,36.0
2016,Helmstedt,insgesamt,Jahre,RH03154,35.4
2016,Northeim,männlich,Jahre,RH03155,34.7
2016,Northeim,weiblich,Jahre,RH03155,35.9
2016,Northeim,insgesamt,Jahre,RH03155,35.3
2016,Peine,männlich,Jahre,RH03157,34.6
2016,Peine,weiblich,Jahre,RH03157,35.8
2016,Peine,insgesamt,Jahre,RH03157,35.1
2016,Wolfenbüttel,männlich,Jahre,RH03158,34.5
2016,Wolfenbüttel,weiblich,Jahre,RH03158,35.7
2016,Wolfenbüttel,insgesamt,Jahre,RH03158,35.1
2016,Göttingen,männlich,Jahre,RH03159,34.9
2016,Göttingen,weiblich,Jahre,RH03159,35.8
2016,Göttingen,insgesamt,Jahre,RH03159,35.4
2016,Statistische Region Braunschweig,männlich,Jahre,RH031,35.5
2016,Statistische Region Braunschweig,weiblich,Jahre,RH031,36.7
2016,Statistische Region Braunschweig,insgesamt,Jahre,RH031,36.1
2016,Hannover  Region,männlich,Jahre,RH03241,37.1
2016,Hannover  Region,weiblich,Jahre,RH03241,38.4
2016,Hannover  Region,insgesamt,Jahre,RH03241,37.7
2016,Diepholz,männlich,Jahre,RH03251,34.0
2016,Diepholz,weiblich,Jahre,RH03251,35.2
2016,Diepholz,insgesamt,Jahre,RH03251,34.5
2016,Hameln-Pyrmont,männlich,Jahre,RH03252,36.8
2016,Hameln-Pyrmont,weiblich,Jahre,RH03252,38.3
2016,Hameln-Pyrmont,insgesamt,Jahre,RH03252,37.5
2016,Hildesheim,männlich,Jahre,RH03254,35.2
2016,Hildesheim,weiblich,Jahre,RH03254,37.2
2016,Hildesheim,insgesamt,Jahre,RH03254,36.1
2016,Holzminden,männlich,Jahre,RH03255,36.3
2016,Holzminden,weiblich,Jahre,RH03255,38.7
2016,Holzminden,insgesamt,Jahre,RH03255,37.4
2016,Nienburg (Weser),männlich,Jahre,RH03256,33.7
2016,Nienburg (Weser),weiblich,Jahre,RH03256,34.0
2016,Nienburg (Weser),insgesamt,Jahre,RH03256,33.9
2016,Schaumburg,männlich,Jahre,RH03257,36.6
2016,Schaumburg,weiblich,Jahre,RH03257,37.6
2016,Schaumburg,insgesamt,Jahre,RH03257,37.0
2016,Statistische Region Hannover,männlich,Jahre,RH032,36.6
2016,Statistische Region Hannover,weiblich,Jahre,RH032,37.9
2016,Statistische Region Hannover,insgesamt,Jahre,RH032,37.2
2016,Celle,männlich,Jahre,RH03351,35.3
2016,Celle,weiblich,Jahre,RH03351,35.7
2016,Celle,insgesamt,Jahre,RH03351,35.5
2016,Cuxhaven,männlich,Jahre,RH03352,34.6
2016,Cuxhaven,weiblich,Jahre,RH03352,36.7
2016,Cuxhaven,insgesamt,Jahre,RH03352,35.5
2016,Harburg,männlich,Jahre,RH03353,36.4
2016,Harburg,weiblich,Jahre,RH03353,39.7
2016,Harburg,insgesamt,Jahre,RH03353,37.7
2016,Lüchow-Dannenberg,männlich,Jahre,RH03354,34.2
2016,Lüchow-Dannenberg,weiblich,Jahre,RH03354,34.7
2016,Lüchow-Dannenberg,insgesamt,Jahre,RH03354,34.4
2016,Lüneburg,männlich,Jahre,RH03355,33.6
2016,Lüneburg,weiblich,Jahre,RH03355,35.1
2016,Lüneburg,insgesamt,Jahre,RH03355,34.2
2016,Osterholz,männlich,Jahre,RH03356,34.0
2016,Osterholz,weiblich,Jahre,RH03356,35.7
2016,Osterholz,insgesamt,Jahre,RH03356,34.8
2016,Rotenburg (Wümme),männlich,Jahre,RH03357,34.7
2016,Rotenburg (Wümme),weiblich,Jahre,RH03357,35.7
2016,Rotenburg (Wümme),insgesamt,Jahre,RH03357,35.1
2016,Heidekreis,männlich,Jahre,RH03358,34.4
2016,Heidekreis,weiblich,Jahre,RH03358,35.2
2016,Heidekreis,insgesamt,Jahre,RH03358,34.7
2016,Stade,männlich,Jahre,RH03359,34.3
2016,Stade,weiblich,Jahre,RH03359,34.8
2016,Stade,insgesamt,Jahre,RH03359,34.5
2016,Uelzen,männlich,Jahre,RH03360,33.9
2016,Uelzen,weiblich,Jahre,RH03360,35.0
2016,Uelzen,insgesamt,Jahre,RH03360,34.4
2016,Verden,männlich,Jahre,RH03361,34.4
2016,Verden,weiblich,Jahre,RH03361,36.6
2016,Verden,insgesamt,Jahre,RH03361,35.3
2016,Statistische Region Lüneburg,männlich,Jahre,RH033,34.7
2016,Statistische Region Lüneburg,weiblich,Jahre,RH033,36.1
2016,Statistische Region Lüneburg,insgesamt,Jahre,RH033,35.3
2016,"Delmenhorst, Stadt",männlich,Jahre,RH03401,34.6
2016,"Delmenhorst, Stadt",weiblich,Jahre,RH03401,35.7
2016,"Delmenhorst, Stadt",insgesamt,Jahre,RH03401,35.1
2016,Emden  Stadt,männlich,Jahre,RH03402,32.6
2016,Emden  Stadt,weiblich,Jahre,RH03402,32.2
2016,Emden  Stadt,insgesamt,Jahre,RH03402,32.4
2016,"Oldenburg(Oldb), Stadt",männlich,Jahre,RH03403,32.9
2016,"Oldenburg(Oldb), Stadt",weiblich,Jahre,RH03403,34.0
2016,"Oldenburg(Oldb), Stadt",insgesamt,Jahre,RH03403,33.5
2016,"Osnabrück, Stadt",männlich,Jahre,RH03404,35.5
2016,"Osnabrück, Stadt",weiblich,Jahre,RH03404,36.5
2016,"Osnabrück, Stadt",insgesamt,Jahre,RH03404,36.0
2016,"Wilhelmshaven, Stadt",männlich,Jahre,RH03405,33.0
2016,"Wilhelmshaven, Stadt",weiblich,Jahre,RH03405,34.5
2016,"Wilhelmshaven, Stadt",insgesamt,Jahre,RH03405,33.7
2016,Ammerland,männlich,Jahre,RH03451,33.6
2016,Ammerland,weiblich,Jahre,RH03451,34.4
2016,Ammerland,insgesamt,Jahre,RH03451,33.9
2016,Aurich,männlich,Jahre,RH03452,32.8
2016,Aurich,weiblich,Jahre,RH03452,33.9
2016,Aurich,insgesamt,Jahre,RH03452,33.3
2016,Cloppenburg,männlich,Jahre,RH03453,33.1
2016,Cloppenburg,weiblich,Jahre,RH03453,31.6
2016,Cloppenburg,insgesamt,Jahre,RH03453,32.5
2016,Emsland,männlich,Jahre,RH03454,35.5
2016,Emsland,weiblich,Jahre,RH03454,34.5
2016,Emsland,insgesamt,Jahre,RH03454,35.1
2016,Friesland,männlich,Jahre,RH03455,32.8
2016,Friesland,weiblich,Jahre,RH03455,33.4
2016,Friesland,insgesamt,Jahre,RH03455,33.1
2016,Grafschaft Bentheim,männlich,Jahre,RH03456,40.8
2016,Grafschaft Bentheim,weiblich,Jahre,RH03456,40.6
2016,Grafschaft Bentheim,insgesamt,Jahre,RH03456,40.7
2016,Leer,männlich,Jahre,RH03457,35.6
2016,Leer,weiblich,Jahre,RH03457,35.8
2016,Leer,insgesamt,Jahre,RH03457,35.7
2016,Oldenburg,männlich,Jahre,RH03458,32.9
2016,Oldenburg,weiblich,Jahre,RH03458,33.8
2016,Oldenburg,insgesamt,Jahre,RH03458,33.2
2016,Osnabrück,männlich,Jahre,RH03459,35.8
2016,Osnabrück,weiblich,Jahre,RH03459,35.7
2016,Osnabrück,insgesamt,Jahre,RH03459,35.8
2016,Vechta,männlich,Jahre,RH03460,33.0
2016,Vechta,weiblich,Jahre,RH03460,33.0
2016,Vechta,insgesamt,Jahre,RH03460,33.0
2016,Wesermarsch,männlich,Jahre,RH03461,35.5
2016,Wesermarsch,weiblich,Jahre,RH03461,35.6
2016,Wesermarsch,insgesamt,Jahre,RH03461,35.6
2016,Wittmund,männlich,Jahre,RH03462,31.8
2016,Wittmund,weiblich,Jahre,RH03462,32.8
2016,Wittmund,insgesamt,Jahre,RH03462,32.3
2016,Statistische Region Weser-Ems,männlich,Jahre,RH034,34.9
2016,Statistische Region Weser-Ems,weiblich,Jahre,RH034,35.1
2016,Statistische Region Weser-Ems,insgesamt,Jahre,RH034,35.0
2016,Niedersachsen,männlich,Jahre,RH030,35.5
2016,Niedersachsen,weiblich,Jahre,RH030,36.5
2016,Niedersachsen,insgesamt,Jahre,RH030,36.0
2016,"Braunschweig, Stadt",männlich,Jahre,RH03101,35.9
2016,"Braunschweig, Stadt",weiblich,Jahre,RH03101,37.7
2016,"Braunschweig, Stadt",insgesamt,Jahre,RH03101,36.7
2016,"Salzgitter, Stadt",männlich,Jahre,RH03102,35.8
2016,"Salzgitter, Stadt",weiblich,Jahre,RH03102,36.6
2016,"Salzgitter, Stadt",insgesamt,Jahre,RH03102,36.2
2016,"Wolfsburg, Stadt",männlich,Jahre,RH03103,37.4
2016,"Wolfsburg, Stadt",weiblich,Jahre,RH03103,37.5
2016,"Wolfsburg, Stadt",insgesamt,Jahre,RH03103,37.5
2016,Gifhorn,männlich,Jahre,RH03151,36.0
2016,Gifhorn,weiblich,Jahre,RH03151,37.9
2016,Gifhorn,insgesamt,Jahre,RH03151,36.9
2016,Goslar,männlich,Jahre,RH03153,34.6
2016,Goslar,weiblich,Jahre,RH03153,36.3
2016,Goslar,insgesamt,Jahre,RH03153,35.3
2016,Helmstedt,männlich,Jahre,RH03154,34.9
2016,Helmstedt,weiblich,Jahre,RH03154,36.0
2016,Helmstedt,insgesamt,Jahre,RH03154,35.4
2016,Northeim,männlich,Jahre,RH03155,34.7
2016,Northeim,weiblich,Jahre,RH03155,35.9
2016,Northeim,insgesamt,Jahre,RH03155,35.3
2016,Peine,männlich,Jahre,RH03157,34.6
2016,Peine,weiblich,Jahre,RH03157,35.8
2016,Peine,insgesamt,Jahre,RH03157,35.1
2016,Wolfenbüttel,männlich,Jahre,RH03158,34.5
2016,Wolfenbüttel,weiblich,Jahre,RH03158,35.7
2016,Wolfenbüttel,insgesamt,Jahre,RH03158,35.1
2016,Göttingen,männlich,Jahre,RH03159,34.9
2016,Göttingen,weiblich,Jahre,RH03159,35.8
2016,Göttingen,insgesamt,Jahre,RH03159,35.4
2016,Statistische Region Braunschweig,männlich,Jahre,RH031,35.5
2016,Statistische Region Braunschweig,weiblich,Jahre,RH031,36.7
2016,Statistische Region Braunschweig,insgesamt,Jahre,RH031,36.1
2016,Hannover  Region,männlich,Jahre,RH03241,37.1
2016,Hannover  Region,weiblich,Jahre,RH03241,38.4
2016,Hannover  Region,insgesamt,Jahre,RH03241,37.7
2016,Diepholz,männlich,Jahre,RH03251,34.0
2016,Diepholz,weiblich,Jahre,RH03251,35.2
2016,Diepholz,insgesamt,Jahre,RH03251,34.5
2016,Hameln-Pyrmont,männlich,Jahre,RH03252,36.8
2016,Hameln-Pyrmont,weiblich,Jahre,RH03252,38.3
2016,Hameln-Pyrmont,insgesamt,Jahre,RH03252,37.5
2016,Hildesheim,männlich,Jahre,RH03254,35.2
2016,Hildesheim,weiblich,Jahre,RH03254,37.2
2016,Hildesheim,insgesamt,Jahre,RH03254,36.1
2016,Holzminden,männlich,Jahre,RH03255,36.3
2016,Holzminden,weiblich,Jahre,RH03255,38.7
2016,Holzminden,insgesamt,Jahre,RH03255,37.4
2016,Nienburg (Weser),männlich,Jahre,RH03256,33.7
2016,Nienburg (Weser),weiblich,Jahre,RH03256,34.0
2016,Nienburg (Weser),insgesamt,Jahre,RH03256,33.9
2016,Schaumburg,männlich,Jahre,RH03257,36.6
2016,Schaumburg,weiblich,Jahre,RH03257,37.6
2016,Schaumburg,insgesamt,Jahre,RH03257,37.0
2016,Statistische Region Hannover,männlich,Jahre,RH032,36.6
2016,Statistische Region Hannover,weiblich,Jahre,RH032,37.9
2016,Statistische Region Hannover,insgesamt,Jahre,RH032,37.2
2016,Celle,männlich,Jahre,RH03351,35.3
2016,Celle,weiblich,Jahre,RH03351,35.7
2016,Celle,insgesamt,Jahre,RH03351,35.5
2016,Cuxhaven,männlich,Jahre,RH03352,34.6
2016,Cuxhaven,weiblich,Jahre,RH03352,36.7
2016,Cuxhaven,insgesamt,Jahre,RH03352,35.5
2016,Harburg,männlich,Jahre,RH03353,36.4
2016,Harburg,weiblich,Jahre,RH03353,39.7
2016,Harburg,insgesamt,Jahre,RH03353,37.7
2016,Lüchow-Dannenberg,männlich,Jahre,RH03354,34.2
2016,Lüchow-Dannenberg,weiblich,Jahre,RH03354,34.7
2016,Lüchow-Dannenberg,insgesamt,Jahre,RH03354,34.4
2016,Lüneburg,männlich,Jahre,RH03355,33.6
2016,Lüneburg,weiblich,Jahre,RH03355,35.1
2016,Lüneburg,insgesamt,Jahre,RH03355,34.2
2016,Osterholz,männlich,Jahre,RH03356,34.0
2016,Osterholz,weiblich,Jahre,RH03356,35.7
2016,Osterholz,insgesamt,Jahre,RH03356,34.8
2016,Rotenburg (Wümme),männlich,Jahre,RH03357,34.7
2016,Rotenburg (Wümme),weiblich,Jahre,RH03357,35.7
2016,Rotenburg (Wümme),insgesamt,Jahre,RH03357,35.1
2016,Heidekreis,männlich,Jahre,RH03358,34.4
2016,Heidekreis,weiblich,Jahre,RH03358,35.2
2016,Heidekreis,insgesamt,Jahre,RH03358,34.7
2016,Stade,männlich,Jahre,RH03359,34.3
2016,Stade,weiblich,Jahre,RH03359,34.8
2016,Stade,insgesamt,Jahre,RH03359,34.5
2016,Uelzen,männlich,Jahre,RH03360,33.9
2016,Uelzen,weiblich,Jahre,RH03360,35.0
2016,Uelzen,insgesamt,Jahre,RH03360,34.4
2016,Verden,männlich,Jahre,RH03361,34.4
2016,Verden,weiblich,Jahre,RH03361,36.6
2016,Verden,insgesamt,Jahre,RH03361,35.3
2016,Statistische Region Lüneburg,männlich,Jahre,RH033,34.7
2016,Statistische Region Lüneburg,weiblich,Jahre,RH033,36.1
2016,Statistische Region Lüneburg,insgesamt,Jahre,RH033,35.3
2016,"Delmenhorst, Stadt",männlich,Jahre,RH03401,34.6
2016,"Delmenhorst, Stadt",weiblich,Jahre,RH03401,35.7
2016,"Delmenhorst, Stadt",insgesamt,Jahre,RH03401,35.1
2016,Emden  Stadt,männlich,Jahre,RH03402,32.6
2016,Emden  Stadt,weiblich,Jahre,RH03402,32.2
2016,Emden  Stadt,insgesamt,Jahre,RH03402,32.4
2016,"Oldenburg(Oldb), Stadt",männlich,Jahre,RH03403,32.9
2016,"Oldenburg(Oldb), Stadt",weiblich,Jahre,RH03403,34.0
2016,"Oldenburg(Oldb), Stadt",insgesamt,Jahre,RH03403,33.5
2016,"Osnabrück, Stadt",männlich,Jahre,RH03404,35.5
2016,"Osnabrück, Stadt",weiblich,Jahre,RH03404,36.5
2016,"Osnabrück, Stadt",insgesamt,Jahre,RH03404,36.0
2016,"Wilhelmshaven, Stadt",männlich,Jahre,RH03405,33.0
2016,"Wilhelmshaven, Stadt",weiblich,Jahre,RH03405,34.5
2016,"Wilhelmshaven, Stadt",insgesamt,Jahre,RH03405,33.7
2016,Ammerland,männlich,Jahre,RH03451,33.6
2016,Ammerland,weiblich,Jahre,RH03451,34.4
2016,Ammerland,insgesamt,Jahre,RH03451,33.9
2016,Aurich,männlich,Jahre,RH03452,32.8
2016,Aurich,weiblich,Jahre,RH03452,33.9
2016,Aurich,insgesamt,Jahre,RH03452,33.3
2016,Cloppenburg,männlich,Jahre,RH03453,33.1
2016,Cloppenburg,weiblich,Jahre,RH03453,31.6
2016,Cloppenburg,insgesamt,Jahre,RH03453,32.5
2016,Emsland,männlich,Jahre,RH03454,35.5
2016,Emsland,weiblich,Jahre,RH03454,34.5
2016,Emsland,insgesamt,Jahre,RH03454,35.1
2016,Friesland,männlich,Jahre,RH03455,32.8
2016,Friesland,weiblich,Jahre,RH03455,33.4
2016,Friesland,insgesamt,Jahre,RH03455,33.1
2016,Grafschaft Bentheim,männlich,Jahre,RH03456,40.8
2016,Grafschaft Bentheim,weiblich,Jahre,RH03456,40.6
2016,Grafschaft Bentheim,insgesamt,Jahre,RH03456,40.7
2016,Leer,männlich,Jahre,RH03457,35.6
2016,Leer,weiblich,Jahre,RH03457,35.8
2016,Leer,insgesamt,Jahre,RH03457,35.7
2016,Oldenburg,männlich,Jahre,RH03458,32.9
2016,Oldenburg,weiblich,Jahre,RH03458,33.8
2016,Oldenburg,insgesamt,Jahre,RH03458,33.2
2016,Osnabrück,männlich,Jahre,RH03459,35.8
2016,Osnabrück,weiblich,Jahre,RH03459,35.7
2016,Osnabrück,insgesamt,Jahre,RH03459,35.8
2016,Vechta,männlich,Jahre,RH03460,33.0
2016,Vechta,weiblich,Jahre,RH03460,33.0
2016,Vechta,insgesamt,Jahre,RH03460,33.0
2016,Wesermarsch,männlich,Jahre,RH03461,35.5
2016,Wesermarsch,weiblich,Jahre,RH03461,35.6
2016,Wesermarsch,insgesamt,Jahre,RH03461,35.6
2016,Wittmund,männlich,Jahre,RH03462,31.8
2016,Wittmund,weiblich,Jahre,RH03462,32.8
2016,Wittmund,insgesamt,Jahre,RH03462,32.3
2016,Statistische Region Weser-Ems,männlich,Jahre,RH034,34.9
2016,Statistische Region Weser-Ems,weiblich,Jahre,RH034,35.1
2016,Statistische Region Weser-Ems,insgesamt,Jahre,RH034,35.0
2016,Niedersachsen,männlich,Jahre,RH030,35.5
2016,Niedersachsen,weiblich,Jahre,RH030,36.5
2016,Niedersachsen,insgesamt,Jahre,RH030,36.0
2015,"Braunschweig, Stadt",männlich,Jahre,RH03101,36.7
2015,"Braunschweig, Stadt",weiblich,Jahre,RH03101,38.4
2015,"Braunschweig, Stadt",insgesamt,Jahre,RH03101,37.5
2015,"Salzgitter, Stadt",männlich,Jahre,RH03102,38.6
2015,"Salzgitter, Stadt",weiblich,Jahre,RH03102,39.2
2015,"Salzgitter, Stadt",insgesamt,Jahre,RH03102,38.9
2015,"Wolfsburg, Stadt",männlich,Jahre,RH03103,38.1
2015,"Wolfsburg, Stadt",weiblich,Jahre,RH03103,37.7
2015,"Wolfsburg, Stadt",insgesamt,Jahre,RH03103,37.9
2015,Gifhorn,männlich,Jahre,RH03151,37.2
2015,Gifhorn,weiblich,Jahre,RH03151,38.1
2015,Gifhorn,insgesamt,Jahre,RH03151,37.6
2015,Goslar,männlich,Jahre,RH03153,35.7
2015,Goslar,weiblich,Jahre,RH03153,36.2
2015,Goslar,insgesamt,Jahre,RH03153,35.9
2015,Helmstedt,männlich,Jahre,RH03154,35.4
2015,Helmstedt,weiblich,Jahre,RH03154,37.5
2015,Helmstedt,insgesamt,Jahre,RH03154,36.3
2015,Northeim,männlich,Jahre,RH03155,36.6
2015,Northeim,weiblich,Jahre,RH03155,37.5
2015,Northeim,insgesamt,Jahre,RH03155,37.0
2015,Peine,männlich,Jahre,RH03157,36.4
2015,Peine,weiblich,Jahre,RH03157,36.8
2015,Peine,insgesamt,Jahre,RH03157,36.6
2015,Wolfenbüttel,männlich,Jahre,RH03158,39.3
2015,Wolfenbüttel,weiblich,Jahre,RH03158,39.9
2015,Wolfenbüttel,insgesamt,Jahre,RH03158,39.6
2015,Göttingen,männlich,Jahre,RH03159,35.0
2015,Göttingen,weiblich,Jahre,RH03159,36.5
2015,Göttingen,insgesamt,Jahre,RH03159,35.7
2015,Statistische Region Braunschweig,männlich,Jahre,RH031,36.7
2015,Statistische Region Braunschweig,weiblich,Jahre,RH031,37.6
2015,Statistische Region Braunschweig,insgesamt,Jahre,RH031,37.1
2015,Hannover  Region,männlich,Jahre,RH03241,37.6
2015,Hannover  Region,weiblich,Jahre,RH03241,38.8
2015,Hannover  Region,insgesamt,Jahre,RH03241,38.1
2015,Diepholz,männlich,Jahre,RH03251,37.9
2015,Diepholz,weiblich,Jahre,RH03251,39.1
2015,Diepholz,insgesamt,Jahre,RH03251,38.4
2015,Hameln-Pyrmont,männlich,Jahre,RH03252,35.2
2015,Hameln-Pyrmont,weiblich,Jahre,RH03252,36.1
2015,Hameln-Pyrmont,insgesamt,Jahre,RH03252,35.6
2015,Hildesheim,männlich,Jahre,RH03254,38.5
2015,Hildesheim,weiblich,Jahre,RH03254,39.4
2015,Hildesheim,insgesamt,Jahre,RH03254,38.9
2015,Holzminden,männlich,Jahre,RH03255,36.2
2015,Holzminden,weiblich,Jahre,RH03255,37.9
2015,Holzminden,insgesamt,Jahre,RH03255,37.0
2015,Nienburg (Weser),männlich,Jahre,RH03256,38.1
2015,Nienburg (Weser),weiblich,Jahre,RH03256,40.3
2015,Nienburg (Weser),insgesamt,Jahre,RH03256,39.1
2015,Schaumburg,männlich,Jahre,RH03257,36.1
2015,Schaumburg,weiblich,Jahre,RH03257,36.2
2015,Schaumburg,insgesamt,Jahre,RH03257,36.2
2015,Statistische Region Hannover,männlich,Jahre,RH032,35.7
2015,Statistische Region Hannover,weiblich,Jahre,RH032,36.9
2015,Statistische Region Hannover,insgesamt,Jahre,RH032,36.3
2015,Celle,männlich,Jahre,RH03351,35.9
2015,Celle,weiblich,Jahre,RH03351,37.1
2015,Celle,insgesamt,Jahre,RH03351,36.5
2015,Cuxhaven,männlich,Jahre,RH03352,37.6
2015,Cuxhaven,weiblich,Jahre,RH03352,37.4
2015,Cuxhaven,insgesamt,Jahre,RH03352,37.5
2015,Harburg,männlich,Jahre,RH03353,35.4
2015,Harburg,weiblich,Jahre,RH03353,37.6
2015,Harburg,insgesamt,Jahre,RH03353,36.4
2015,Lüchow-Dannenberg,männlich,Jahre,RH03354,38.4
2015,Lüchow-Dannenberg,weiblich,Jahre,RH03354,40.6
2015,Lüchow-Dannenberg,insgesamt,Jahre,RH03354,39.4
2015,Lüneburg,männlich,Jahre,RH03355,33.7
2015,Lüneburg,weiblich,Jahre,RH03355,33.6
2015,Lüneburg,insgesamt,Jahre,RH03355,33.7
2015,Osterholz,männlich,Jahre,RH03356,35.7
2015,Osterholz,weiblich,Jahre,RH03356,37.0
2015,Osterholz,insgesamt,Jahre,RH03356,36.3
2015,Rotenburg (Wümme),männlich,Jahre,RH03357,34.5
2015,Rotenburg (Wümme),weiblich,Jahre,RH03357,35.5
2015,Rotenburg (Wümme),insgesamt,Jahre,RH03357,35.0
2015,Heidekreis,männlich,Jahre,RH03358,35.4
2015,Heidekreis,weiblich,Jahre,RH03358,36.4
2015,Heidekreis,insgesamt,Jahre,RH03358,35.8
2015,Stade,männlich,Jahre,RH03359,36.5
2015,Stade,weiblich,Jahre,RH03359,36.7
2015,Stade,insgesamt,Jahre,RH03359,36.6
2015,Uelzen,männlich,Jahre,RH03360,34.8
2015,Uelzen,weiblich,Jahre,RH03360,35.4
2015,Uelzen,insgesamt,Jahre,RH03360,35.0
2015,Verden,männlich,Jahre,RH03361,36.0
2015,Verden,weiblich,Jahre,RH03361,37.0
2015,Verden,insgesamt,Jahre,RH03361,36.5
2015,Statistische Region Lüneburg,männlich,Jahre,RH033,39.0
2015,Statistische Region Lüneburg,weiblich,Jahre,RH033,39.4
2015,Statistische Region Lüneburg,insgesamt,Jahre,RH033,39.2
2015,"Delmenhorst, Stadt",männlich,Jahre,RH03401,36.0
2015,"Delmenhorst, Stadt",weiblich,Jahre,RH03401,36.1
2015,"Delmenhorst, Stadt",insgesamt,Jahre,RH03401,36.1
2015,Emden  Stadt,männlich,Jahre,RH03402,36.1
2015,Emden  Stadt,weiblich,Jahre,RH03402,37.2
2015,Emden  Stadt,insgesamt,Jahre,RH03402,36.6
2015,"Oldenburg(Oldb), Stadt",männlich,Jahre,RH03403,33.1
2015,"Oldenburg(Oldb), Stadt",weiblich,Jahre,RH03403,32.7
2015,"Oldenburg(Oldb), Stadt",insgesamt,Jahre,RH03403,33.0
2015,"Osnabrück, Stadt",männlich,Jahre,RH03404,33.6
2015,"Osnabrück, Stadt",weiblich,Jahre,RH03404,34.8
2015,"Osnabrück, Stadt",insgesamt,Jahre,RH03404,34.2
2015,"Wilhelmshaven, Stadt",männlich,Jahre,RH03405,37.5
2015,"Wilhelmshaven, Stadt",weiblich,Jahre,RH03405,37.7
2015,"Wilhelmshaven, Stadt",insgesamt,Jahre,RH03405,37.6
2015,Ammerland,männlich,Jahre,RH03451,34.7
2015,Ammerland,weiblich,Jahre,RH03451,36.4
2015,Ammerland,insgesamt,Jahre,RH03451,35.5
2015,Aurich,männlich,Jahre,RH03452,35.0
2015,Aurich,weiblich,Jahre,RH03452,36.0
2015,Aurich,insgesamt,Jahre,RH03452,35.5
2015,Cloppenburg,männlich,Jahre,RH03453,33.9
2015,Cloppenburg,weiblich,Jahre,RH03453,34.8
2015,Cloppenburg,insgesamt,Jahre,RH03453,34.3
2015,Emsland,männlich,Jahre,RH03454,33.8
2015,Emsland,weiblich,Jahre,RH03454,32.6
2015,Emsland,insgesamt,Jahre,RH03454,33.3
2015,Friesland,männlich,Jahre,RH03455,36.4
2015,Friesland,weiblich,Jahre,RH03455,35.6
2015,Friesland,insgesamt,Jahre,RH03455,36.1
2015,Grafschaft Bentheim,männlich,Jahre,RH03456,35.1
2015,Grafschaft Bentheim,weiblich,Jahre,RH03456,35.8
2015,Grafschaft Bentheim,insgesamt,Jahre,RH03456,35.4
2015,Leer,männlich,Jahre,RH03457,41.4
2015,Leer,weiblich,Jahre,RH03457,40.8
2015,Leer,insgesamt,Jahre,RH03457,41.1
2015,Oldenburg,männlich,Jahre,RH03458,36.9
2015,Oldenburg,weiblich,Jahre,RH03458,36.7
2015,Oldenburg,insgesamt,Jahre,RH03458,36.8
2015,Osnabrück,männlich,Jahre,RH03459,33.6
2015,Osnabrück,weiblich,Jahre,RH03459,34.8
2015,Osnabrück,insgesamt,Jahre,RH03459,34.1
2015,Vechta,männlich,Jahre,RH03460,37.3
2015,Vechta,weiblich,Jahre,RH03460,36.8
2015,Vechta,insgesamt,Jahre,RH03460,37.1
2015,Wesermarsch,männlich,Jahre,RH03461,33.8
2015,Wesermarsch,weiblich,Jahre,RH03461,33.6
2015,Wesermarsch,insgesamt,Jahre,RH03461,33.7
2015,Wittmund,männlich,Jahre,RH03462,36.4
2015,Wittmund,weiblich,Jahre,RH03462,36.7
2015,Wittmund,insgesamt,Jahre,RH03462,36.5
2015,Statistische Region Weser-Ems,männlich,Jahre,RH034,35.0
2015,Statistische Region Weser-Ems,weiblich,Jahre,RH034,37.2
2015,Statistische Region Weser-Ems,insgesamt,Jahre,RH034,36.0
2015,Niedersachsen,männlich,Jahre,RH030,36.7
2015,Niedersachsen,weiblich,Jahre,RH030,37.5
2015,Niedersachsen,insgesamt,Jahre,RH030,37.0
