Year,Land der Staatsangehörigkeit,Ausländerinnen und Ausländer,Units,Value
2020,Europa,Insgesamt,Anzahl,552325.0
2020,Türkei,Insgesamt,Anzahl,88085.0
2020,Polen,Insgesamt,Anzahl,98355.0
2020,Serbien,Insgesamt,Anzahl,19300.0
2020,Niederlande,Insgesamt,Anzahl,29725.0
2020,Rumänien,Insgesamt,Anzahl,64675.0
2020,Italien,Insgesamt,Anzahl,28950.0
2020,Russische Föderation,Insgesamt,Anzahl,22335.0
2020,Griechenland,Insgesamt,Anzahl,18695.0
2020,Bulgarien,Insgesamt,Anzahl,31155.0
2020,Spanien,Insgesamt,Anzahl,11855.0
2020,Ukraine,Insgesamt,Anzahl,11410.0
2020,Vereinigtes Königreich,Insgesamt,Anzahl,6180.0
2020,Portugal,Insgesamt,Anzahl,8700.0
2020,Kroatien,Insgesamt,Anzahl,11915.0
2020,Ungarn,Insgesamt,Anzahl,9380.0
2020,EU Staaten,Insgesamt,Anzahl,351275.0
2020,Afrika,Insgesamt,Anzahl,43135.0
2020,Amerika,Insgesamt,Anzahl,17255.0
2020,Asien,Insgesamt,Anzahl,231560.0
2020,Syrien,Insgesamt,Anzahl,87680.0
2020,Irak ,Insgesamt,Anzahl,42860.0
2020,Afghanistan,Insgesamt,Anzahl,21830.0
2020,China,Insgesamt,Anzahl,10165.0
2020,Vietnam,Insgesamt,Anzahl,8785.0
2020,Australien und Ozeanien,Insgesamt,Anzahl,1030.0
2020,Staatenlos,Insgesamt,Anzahl,3465.0
2020,Ungeklärt und ohne Angabe,Insgesamt,Anzahl,9090.0
2020,Insgesamt,Insgesamt,Anzahl,857895.0
2019,Europa,Insgesamt,Anzahl,542155.0
2019,Türkei,Insgesamt,Anzahl,88735.0
2019,Polen,Insgesamt,Anzahl,98015.0
2019,Serbien,Insgesamt,Anzahl,19115.0
2019,Niederlande,Insgesamt,Anzahl,29865.0
2019,Rumänien,Insgesamt,Anzahl,58980.0
2019,Italien,Insgesamt,Anzahl,28825.0
2019,Russische Föderation,Insgesamt,Anzahl,22260.0
2019,Griechenland,Insgesamt,Anzahl,18815.0
2019,Bulgarien,Insgesamt,Anzahl,28360.0
2019,Spanien,Insgesamt,Anzahl,11970.0
2019,Ukraine,Insgesamt,Anzahl,11345.0
2019,Vereinigtes Königreich,Insgesamt,Anzahl,6750.0
2019,Portugal,Insgesamt,Anzahl,8740.0
2019,Kroatien,Insgesamt,Anzahl,11915.0
2019,Ungarn,Insgesamt,Anzahl,9465.0
2019,EU Staaten,Insgesamt,Anzahl,359185.0
2019,Afrika,Insgesamt,Anzahl,42015.0
2019,Amerika,Insgesamt,Anzahl,17580.0
2019,Asien,Insgesamt,Anzahl,226045.0
2019,Syrien,Insgesamt,Anzahl,84805.0
2019,Irak ,Insgesamt,Anzahl,41035.0
2019,Afghanistan,Insgesamt,Anzahl,21190.0
2019,China,Insgesamt,Anzahl,10490.0
2019,Vietnam,Insgesamt,Anzahl,8760.0
2019,Australien und Ozeanien,Insgesamt,Anzahl,1065.0
2019,Staatenlos,Insgesamt,Anzahl,3540.0
2019,Ungeklärt und ohne Angabe,Insgesamt,Anzahl,8730.0
2019,Insgesamt,Insgesamt,Anzahl,841165.0
2018,Europa,Insgesamt,Anzahl,528900.0
2018,Türkei,Insgesamt,Anzahl,89275.0
2018,Polen,Insgesamt,Anzahl,97145.0
2018,Serbien,Insgesamt,Anzahl,18830.0
2018,Niederlande,Insgesamt,Anzahl,29910.0
2018,Rumänien,Insgesamt,Anzahl,52635.0
2018,Italien,Insgesamt,Anzahl,28535.0
2018,Russische Föderation,Insgesamt,Anzahl,21820.0
2018,Griechenland,Insgesamt,Anzahl,18790.0
2018,Bulgarien,Insgesamt,Anzahl,25990.0
2018,Spanien,Insgesamt,Anzahl,11845.0
2018,Ukraine,Insgesamt,Anzahl,11030.0
2018,Vereinigtes Königreich,Insgesamt,Anzahl,8915.0
2018,Portugal,Insgesamt,Anzahl,8725.0
2018,Kroatien,Insgesamt,Anzahl,11405.0
2018,Ungarn,Insgesamt,Anzahl,9430.0
2018,EU Staaten,Insgesamt,Anzahl,339980.0
2018,Afrika,Insgesamt,Anzahl,39055.0
2018,Amerika,Insgesamt,Anzahl,16515.0
2018,Asien,Insgesamt,Anzahl,215705.0
2018,Syrien,Insgesamt,Anzahl,79930.0
2018,Irak ,Insgesamt,Anzahl,39155.0
2018,Afghanistan,Insgesamt,Anzahl,20695.0
2018,China,Insgesamt,Anzahl,10150.0
2018,Vietnam,Insgesamt,Anzahl,8655.0
2018,Australien und Ozeanien,Insgesamt,Anzahl,1015.0
2018,Staatenlos,Insgesamt,Anzahl,3290.0
2018,Ungeklärt und ohne Angabe,Insgesamt,Anzahl,8600.0
2018,Insgesamt,Insgesamt,Anzahl,813080.0
2017,Europa,Insgesamt,Anzahl,509435.0
2017,Türkei,Insgesamt,Anzahl,89675.0
2017,Polen,Insgesamt,Anzahl,94210.0
2017,Serbien,Insgesamt,Anzahl,18770.0
2017,Niederlande,Insgesamt,Anzahl,30230.0
2017,Rumänien,Insgesamt,Anzahl,43860.0
2017,Italien,Insgesamt,Anzahl,28090.0
2017,Russische Föderation,Insgesamt,Anzahl,21365.0
2017,Griechenland,Insgesamt,Anzahl,18580.0
2017,Bulgarien,Insgesamt,Anzahl,23270.0
2017,Spanien,Insgesamt,Anzahl,11785.0
2017,Ukraine,Insgesamt,Anzahl,10595.0
2017,Vereinigtes Königreich,Insgesamt,Anzahl,9425.0
2017,Portugal,Insgesamt,Anzahl,8745.0
2017,Kroatien,Insgesamt,Anzahl,10455.0
2017,Ungarn,Insgesamt,Anzahl,9130.0
2017,EU Staaten,Insgesamt,Anzahl,324745.0
2017,Afrika,Insgesamt,Anzahl,36290.0
2017,Amerika,Insgesamt,Anzahl,15560.0
2017,Asien,Insgesamt,Anzahl,203165.0
2017,Syrien,Insgesamt,Anzahl,74755.0
2017,Irak ,Insgesamt,Anzahl,36340.0
2017,Afghanistan,Insgesamt,Anzahl,20080.0
2017,China,Insgesamt,Anzahl,9670.0
2017,Vietnam,Insgesamt,Anzahl,8560.0
2017,Australien und Ozeanien,Insgesamt,Anzahl,1015.0
2017,Staatenlos,Insgesamt,Anzahl,3290.0
2017,Ungeklärt und ohne Angabe,Insgesamt,Anzahl,8600.0
2017,Insgesamt,Insgesamt,Anzahl,813080.0
2016,Europa,Insgesamt,Anzahl,494310.0
2016,Türkei,Insgesamt,Anzahl,90185.0
2016,Polen,Insgesamt,Anzahl,90175.0
2016,Serbien,Insgesamt,Anzahl,18620.0
2016,Niederlande,Insgesamt,Anzahl,30465.0
2016,Rumänien,Insgesamt,Anzahl,37250.0
2016,Italien,Insgesamt,Anzahl,27765.0
2016,Russische Föderation,Insgesamt,Anzahl,21275.0
2016,Griechenland,Insgesamt,Anzahl,18300.0
2016,Bulgarien,Insgesamt,Anzahl,20670.0
2016,Spanien,Insgesamt,Anzahl,11770.0
2016,Ukraine,Insgesamt,Anzahl,10390.0
2016,Vereinigtes Königreich,Insgesamt,Anzahl,10025.0
2016,Portugal,Insgesamt,Anzahl,8940.0
2016,Kroatien,Insgesamt,Anzahl,9605.0
2016,Ungarn,Insgesamt,Anzahl,8955.0
2016,EU Staaten,Insgesamt,Anzahl,309960.0
2016,Afrika,Insgesamt,Anzahl,34265.0
2016,Amerika,Insgesamt,Anzahl,15115.0
2016,Asien,Insgesamt,Anzahl,189460.0
2016,Syrien,Insgesamt,Anzahl,68005.0
2016,Irak ,Insgesamt,Anzahl,32755.0
2016,Afghanistan,Insgesamt,Anzahl,19775.0
2016,China,Insgesamt,Anzahl,8990.0
2016,Vietnam,Insgesamt,Anzahl,8360.0
2016,Australien und Ozeanien,Insgesamt,Anzahl,945.0
2016,Staatenlos,Insgesamt,Anzahl,2630.0
2016,Ungeklärt und ohne Angabe,Insgesamt,Anzahl,8460.0
2016,Insgesamt,Insgesamt,Anzahl,745185.0
2015,Europa,Insgesamt,Anzahl,478323.0
2015,Türkei,Insgesamt,Anzahl,90914.0
2015,Polen,Insgesamt,Anzahl,83950.0
2015,Serbien,Insgesamt,Anzahl,45555.0
2015,Niederlande,Insgesamt,Anzahl,30377.0
2015,Rumänien,Insgesamt,Anzahl,29065.0
2015,Italien,Insgesamt,Anzahl,26951.0
2015,Russische Föderation,Insgesamt,Anzahl,20388.0
2015,Griechenland,Insgesamt,Anzahl,17522.0
2015,Bulgarien,Insgesamt,Anzahl,17304.0
2015,Spanien,Insgesamt,Anzahl,11532.0
2015,Ukraine,Insgesamt,Anzahl,10295.0
2015,Vereinigtes Königreich,Insgesamt,Anzahl,10250.0
2015,Portugal,Insgesamt,Anzahl,8700.0
2015,Kroatien,Insgesamt,Anzahl,8505.0
2015,Ungarn,Insgesamt,Anzahl,8435.0
2015,EU Staaten,Insgesamt,Anzahl,285857.0
2015,Afrika,Insgesamt,Anzahl,29314.0
2015,Amerika,Insgesamt,Anzahl,14766.0
2015,Asien,Insgesamt,Anzahl,130614.0
2015,Syrien,Insgesamt,Anzahl,41324.0
2015,Irak ,Insgesamt,Anzahl,17474.0
2015,Afghanistan,Insgesamt,Anzahl,9085.0
2015,China,Insgesamt,Anzahl,8348.0
2015,Vietnam,Insgesamt,Anzahl,8165.0
2015,Australien und Ozeanien,Insgesamt,Anzahl,952.0
2015,Staatenlos,Insgesamt,Anzahl,2082.0
2015,Ungeklärt und ohne Angabe,Insgesamt,Anzahl,7766.0
2015,Insgesamt,Insgesamt,Anzahl,663817.0
2014,Europa,Insgesamt,Anzahl,438357.0
2014,Türkei,Insgesamt,Anzahl,92271.0
2014,Polen,Insgesamt,Anzahl,75160.0
2014,Serbien,Insgesamt,Anzahl,38734.0
2014,Niederlande,Insgesamt,Anzahl,30232.0
2014,Italien,Insgesamt,Anzahl,25773.0
2014,Rumänien,Insgesamt,Anzahl,21893.0
2014,Russische Föderation,Insgesamt,Anzahl,19594.0
2014,Griechenland,Insgesamt,Anzahl,16895.0
2014,Bulgarien,Insgesamt,Anzahl,13006.0
2014,Spanien,Insgesamt,Anzahl,10942.0
2014,Ukraine,Insgesamt,Anzahl,10200.0
2014,Vereinigtes Königreich,Insgesamt,Anzahl,10157.0
2014,Portugal,Insgesamt,Anzahl,8582.0
2014,Ungarn,Insgesamt,Anzahl,7503.0
2014,Kroatien,Insgesamt,Anzahl,7429.0
2014,Österreich,Insgesamt,Anzahl,6510.0
2014,EU Staaten,Insgesamt,Anzahl,258650.0
2014,Afrika,Insgesamt,Anzahl,20797.0
2014,Amerika,Insgesamt,Anzahl,14015.0
2014,Asien,Insgesamt,Anzahl,89132.0
2014,Syrien,Insgesamt,Anzahl,16986.0
2014,Irak,Insgesamt,Anzahl,10070.0
2014,Vietnam,Insgesamt,Anzahl,8051.0
2014,China,Insgesamt,Anzahl,7487.0
2014,Australien und Ozeanien ,Insgesamt,Anzahl,969.0
2014,Staatenlos,Insgesamt,Anzahl,1814.0
2014,Ungeklärt und ohne Angabe,Insgesamt,Anzahl,5799.0
2014,Insgesamt,Insgesamt,Anzahl,570883.0
2013,Europa,Insgesamt,Anzahl,408277.0
2013,Türkei,Insgesamt,Anzahl,93726.0
2013,Polen,Insgesamt,Anzahl,65850.0
2013,Serbien,Insgesamt,Anzahl,34926.0
2013,Niederlande,Insgesamt,Anzahl,30260.0
2013,Italien,Insgesamt,Anzahl,24509.0
2013,Russische Föderation,Insgesamt,Anzahl,19399.0
2013,Griechenland,Insgesamt,Anzahl,16257.0
2013,Rumänien,Insgesamt,Anzahl,15614.0
2013,Spanien,Insgesamt,Anzahl,10389.0
2013,Vereinigtes Königreich,Insgesamt,Anzahl,10242.0
2013,Ukraine,Insgesamt,Anzahl,9884.0
2013,Bulgarien,Insgesamt,Anzahl,9641.0
2013,Portugal,Insgesamt,Anzahl,8255.0
2013,Kroatien,Insgesamt,Anzahl,6823.0
2013,Ungarn,Insgesamt,Anzahl,6680.0
2013,Österreich,Insgesamt,Anzahl,6438.0
2013,EU-Staaten,Insgesamt,Anzahl,233984.0
2013,Afrika,Insgesamt,Anzahl,17408.0
2013,Amerika,Insgesamt,Anzahl,13537.0
2013,Asien,Insgesamt,Anzahl,78630.0
2013,Syrien,Insgesamt,Anzahl,9582.0
2013,Irak,Insgesamt,Anzahl,9544.0
2013,Vietnam,Insgesamt,Anzahl,8076.0
2013,China,Insgesamt,Anzahl,6880.0
2013,Australien und Ozeanien ,Insgesamt,Anzahl,982.0
2013,Staatenlos,Insgesamt,Anzahl,1707.0
2013,Ungeklärt und ohne Angabe,Insgesamt,Anzahl,5148.0
2013,Insgesamt,Insgesamt,Anzahl,525689.0
2012,Europa,Insgesamt,Anzahl,383378.0
2012,Türkei,Insgesamt,Anzahl,95470.0
2012,Polen,Insgesamt,Anzahl,56054.0
2012,Serbien2),Insgesamt,Anzahl,33752.0
2012,Niederlande,Insgesamt,Anzahl,30048.0
2012,Italien,Insgesamt,Anzahl,23272.0
2012,Russische Föderation,Insgesamt,Anzahl,18118.0
2012,Griechenland,Insgesamt,Anzahl,15427.0
2012,Rumänien,Insgesamt,Anzahl,12237.0
2012,Vereinigtes Königreich,Insgesamt,Anzahl,10052.0
2012,Ukraine,Insgesamt,Anzahl,9974.0
2012,Spanien,Insgesamt,Anzahl,9238.0
2012,Bulgarien,Insgesamt,Anzahl,7755.0
2012,Portugal,Insgesamt,Anzahl,7436.0
2012,Kroatien,Insgesamt,Anzahl,6495.0
2012,Österreich,Insgesamt,Anzahl,6309.0
2012,Bosnien und Herzegowina,Insgesamt,Anzahl,5935.0
2012,EU-Staaten,Insgesamt,Anzahl,204205.0
2012,Afrika,Insgesamt,Anzahl,14464.0
2012,Amerika,Insgesamt,Anzahl,12960.0
2012,Asien,Insgesamt,Anzahl,73247.0
2012,Irak,Insgesamt,Anzahl,9379.0
2012,Vietnam,Insgesamt,Anzahl,8303.0
2012,Syrien,Insgesamt,Anzahl,7200.0
2012,China,Insgesamt,Anzahl,6161.0
2012,Australien und Ozeanien ,Insgesamt,Anzahl,924.0
2012,Staatenlos,Insgesamt,Anzahl,1694.0
2012,Ungeklärt und ohne Angabe,Insgesamt,Anzahl,5405.0
2012,Insgesamt,Insgesamt,Anzahl,492072.0
2020,Europa,Männer,Geschlecht in Prozent,53.4060562169013
2020,Türkei,Männer,Geschlecht in Prozent,51.2970426292785
2020,Polen,Männer,Geschlecht in Prozent,54.3947943673428
2020,Serbien,Männer,Geschlecht in Prozent,50.7512953367876
2020,Niederlande,Männer,Geschlecht in Prozent,56.6021867115223
2020,Rumänien,Männer,Geschlecht in Prozent,59.9922690374952
2020,Italien,Männer,Geschlecht in Prozent,60.4145077720207
2020,Russische Föderation,Männer,Geschlecht in Prozent,36.5345869711216
2020,Griechenland,Männer,Geschlecht in Prozent,56.5926718373897
2020,Bulgarien,Männer,Geschlecht in Prozent,54.4535387578238
2020,Spanien,Männer,Geschlecht in Prozent,52.6360185575706
2020,Ukraine,Männer,Geschlecht in Prozent,36.3716038562664
2020,Vereinigtes Königreich,Männer,Geschlecht in Prozent,69.57928802589
2020,Portugal,Männer,Geschlecht in Prozent,53.9655172413793
2020,Kroatien,Männer,Geschlecht in Prozent,56.105749055812
2020,Ungarn,Männer,Geschlecht in Prozent,59.1151385927505
2020,EU Staaten,Männer,Geschlecht in Prozent,55.7526154722084
2020,Afrika,Männer,Geschlecht in Prozent,63.1969398400371
2020,Amerika,Männer,Geschlecht in Prozent,45.4940596928427
2020,Asien,Männer,Geschlecht in Prozent,54.4740024183797
2020,Syrien,Männer,Geschlecht in Prozent,56.5921532846715
2020,Irak ,Männer,Geschlecht in Prozent,55.0279981334578
2020,Afghanistan,Männer,Geschlecht in Prozent,62.963811268896
2020,China,Männer,Geschlecht in Prozent,49.7294638465322
2020,Vietnam,Männer,Geschlecht in Prozent,45.1906659077974
2020,Australien und Ozeanien,Männer,Geschlecht in Prozent,57.2815533980583
2020,Staatenlos,Männer,Geschlecht in Prozent,56.5656565656566
2020,Ungeklärt und ohne Angabe,Männer,Geschlecht in Prozent,58.1958195819582
2020,Insgesamt,Männer,Geschlecht in Prozent,54.0951981303073
2019,Europa,Männer,Geschlecht in Prozent,53.6719203917699
2019,Türkei,Männer,Geschlecht in Prozent,51.2988110666592
2019,Polen,Männer,Geschlecht in Prozent,54.7416211804316
2019,Serbien,Männer,Geschlecht in Prozent,50.9547475804342
2019,Niederlande,Männer,Geschlecht in Prozent,56.6214632512975
2019,Rumänien,Männer,Geschlecht in Prozent,60.6052899287894
2019,Italien,Männer,Geschlecht in Prozent,60.5724197745013
2019,Russische Föderation,Männer,Geschlecht in Prozent,36.7475292003594
2019,Griechenland,Männer,Geschlecht in Prozent,56.7100717512623
2019,Bulgarien,Männer,Geschlecht in Prozent,54.8483779971791
2019,Spanien,Männer,Geschlecht in Prozent,52.7986633249791
2019,Ukraine,Männer,Geschlecht in Prozent,36.9766416923755
2019,Vereinigtes Königreich,Männer,Geschlecht in Prozent,69.8518518518518
2019,Portugal,Männer,Geschlecht in Prozent,54.1189931350114
2019,Kroatien,Männer,Geschlecht in Prozent,56.9869911875787
2019,Ungarn,Männer,Geschlecht in Prozent,60.1162176439514
2019,EU Staaten,Männer,Geschlecht in Prozent,51.533085504769
2019,Afrika,Männer,Geschlecht in Prozent,63.9414494823277
2019,Amerika,Männer,Geschlecht in Prozent,45.6200227531286
2019,Asien,Männer,Geschlecht in Prozent,54.7280408768166
2019,Syrien,Männer,Geschlecht in Prozent,56.9070219916279
2019,Irak ,Männer,Geschlecht in Prozent,55.1967832338248
2019,Afghanistan,Männer,Geschlecht in Prozent,63.4025483718735
2019,China,Männer,Geschlecht in Prozent,50.5243088655863
2019,Vietnam,Männer,Geschlecht in Prozent,45.3196347031964
2019,Australien und Ozeanien,Männer,Geschlecht in Prozent,56.3380281690141
2019,Staatenlos,Männer,Geschlecht in Prozent,56.638418079096
2019,Ungeklärt und ohne Angabe,Männer,Geschlecht in Prozent,58.5337915234823
2019,Insgesamt,Männer,Geschlecht in Prozent,54.366860247395
2018,Europa,Männer,Geschlecht in Prozent,53.8788050671204
2018,Türkei,Männer,Geschlecht in Prozent,51.223746849622
2018,Polen,Männer,Geschlecht in Prozent,55.3193679551186
2018,Serbien,Männer,Geschlecht in Prozent,50.6107275624004
2018,Niederlande,Männer,Geschlecht in Prozent,56.486125041792
2018,Rumänien,Männer,Geschlecht in Prozent,61.480003799753
2018,Italien,Männer,Geschlecht in Prozent,61.1704923777817
2018,Russische Föderation,Männer,Geschlecht in Prozent,37.0302474793767
2018,Griechenland,Männer,Geschlecht in Prozent,57.0516232038318
2018,Bulgarien,Männer,Geschlecht in Prozent,55.617545209696
2018,Spanien,Männer,Geschlecht in Prozent,52.7226677923174
2018,Ukraine,Männer,Geschlecht in Prozent,36.7180417044424
2018,Vereinigtes Königreich,Männer,Geschlecht in Prozent,69.209197980931
2018,Portugal,Männer,Geschlecht in Prozent,53.9255014326648
2018,Kroatien,Männer,Geschlecht in Prozent,56.7295046032442
2018,Ungarn,Männer,Geschlecht in Prozent,61.0816542948038
2018,EU Staaten,Männer,Geschlecht in Prozent,55.8972553461815
2018,Afrika,Männer,Geschlecht in Prozent,65.4077582895916
2018,Amerika,Männer,Geschlecht in Prozent,45.0802300938541
2018,Asien,Männer,Geschlecht in Prozent,55.2792007602976
2018,Syrien,Männer,Geschlecht in Prozent,57.8130864506443
2018,Irak ,Männer,Geschlecht in Prozent,55.7016983782403
2018,Afghanistan,Männer,Geschlecht in Prozent,64.0009664170089
2018,China,Männer,Geschlecht in Prozent,50.4926108374384
2018,Vietnam,Männer,Geschlecht in Prozent,45.7538994800693
2018,Australien und Ozeanien,Männer,Geschlecht in Prozent,55.1724137931034
2018,Staatenlos,Männer,Geschlecht in Prozent,56.838905775076
2018,Ungeklärt und ohne Angabe,Männer,Geschlecht in Prozent,59.4767441860465
2018,Insgesamt,Männer,Geschlecht in Prozent,54.6981846804742
2017,Europa,Männer,Geschlecht in Prozent,53.7428720052607
2017,Türkei,Männer,Geschlecht in Prozent,51.2071368831893
2017,Polen,Männer,Geschlecht in Prozent,55.2648338817535
2017,Serbien,Männer,Geschlecht in Prozent,50.4528502930208
2017,Niederlande,Männer,Geschlecht in Prozent,56.235527621568
2017,Rumänien,Männer,Geschlecht in Prozent,61.6165070679435
2017,Italien,Männer,Geschlecht in Prozent,61.3029547881809
2017,Russische Föderation,Männer,Geschlecht in Prozent,37.1869880645916
2017,Griechenland,Männer,Geschlecht in Prozent,56.8622174381055
2017,Bulgarien,Männer,Geschlecht in Prozent,55.8874086807048
2017,Spanien,Männer,Geschlecht in Prozent,52.948663555367
2017,Ukraine,Männer,Geschlecht in Prozent,36.6210476639924
2017,Vereinigtes Königreich,Männer,Geschlecht in Prozent,69.0716180371353
2017,Portugal,Männer,Geschlecht in Prozent,54.0308747855918
2017,Kroatien,Männer,Geschlecht in Prozent,56.336681013869
2017,Ungarn,Männer,Geschlecht in Prozent,62.3767798466594
2017,EU Staaten,Männer,Geschlecht in Prozent,55.8653712913209
2017,Afrika,Männer,Geschlecht in Prozent,67.0019289060347
2017,Amerika,Männer,Geschlecht in Prozent,44.8264781491003
2017,Asien,Männer,Geschlecht in Prozent,55.7970122806586
2017,Syrien,Männer,Geschlecht in Prozent,58.7318574008428
2017,Irak ,Männer,Geschlecht in Prozent,56.4804623004953
2017,Afghanistan,Männer,Geschlecht in Prozent,64.5916334661355
2017,China,Männer,Geschlecht in Prozent,49.8448810754912
2017,Vietnam,Männer,Geschlecht in Prozent,45.8528037383178
2017,Australien und Ozeanien,Männer,Geschlecht in Prozent,55.1724137931034
2017,Staatenlos,Männer,Geschlecht in Prozent,56.838905775076
2017,Ungeklärt und ohne Angabe,Männer,Geschlecht in Prozent,59.4767441860465
2017,Insgesamt,Männer,Geschlecht in Prozent,54.6981846804742
2016,Europa,Männer,Geschlecht in Prozent,53.5504035928871
2016,Türkei,Männer,Geschlecht in Prozent,51.1005156068082
2016,Polen,Männer,Geschlecht in Prozent,55.176046576102
2016,Serbien,Männer,Geschlecht in Prozent,49.9462943071966
2016,Niederlande,Männer,Geschlecht in Prozent,56.2448711636304
2016,Rumänien,Männer,Geschlecht in Prozent,61.8389261744966
2016,Italien,Männer,Geschlecht in Prozent,61.6063389159013
2016,Russische Föderation,Männer,Geschlecht in Prozent,37.4148061104583
2016,Griechenland,Männer,Geschlecht in Prozent,56.9945355191257
2016,Bulgarien,Männer,Geschlecht in Prozent,55.8538945331398
2016,Spanien,Männer,Geschlecht in Prozent,52.9736618521665
2016,Ukraine,Männer,Geschlecht in Prozent,36.2848893166506
2016,Vereinigtes Königreich,Männer,Geschlecht in Prozent,68.3790523690773
2016,Portugal,Männer,Geschlecht in Prozent,54.6979865771812
2016,Kroatien,Männer,Geschlecht in Prozent,55.0234252993233
2016,Ungarn,Männer,Geschlecht in Prozent,63.2049134561697
2016,EU Staaten,Männer,Geschlecht in Prozent,55.713640469738
2016,Afrika,Männer,Geschlecht in Prozent,69.1376039690646
2016,Amerika,Männer,Geschlecht in Prozent,44.8891829308634
2016,Asien,Männer,Geschlecht in Prozent,56.7797952074316
2016,Syrien,Männer,Geschlecht in Prozent,60.4146753915153
2016,Irak ,Männer,Geschlecht in Prozent,58.0216760799878
2016,Afghanistan,Männer,Geschlecht in Prozent,65.2338811630847
2016,China,Männer,Geschlecht in Prozent,49.2769744160178
2016,Vietnam,Männer,Geschlecht in Prozent,46.4114832535885
2016,Australien und Ozeanien,Männer,Geschlecht in Prozent,55.026455026455
2016,Staatenlos,Männer,Geschlecht in Prozent,58.93536121673
2016,Ungeklärt und ohne Angabe,Männer,Geschlecht in Prozent,61.2884160756501
2016,Insgesamt,Männer,Geschlecht in Prozent,55.0212363372854
2015,Europa,Männer,Geschlecht in Prozent,53.3798291112909
2015,Türkei,Männer,Geschlecht in Prozent,51.1010405438106
2015,Polen,Männer,Geschlecht in Prozent,55.1185229303157
2015,Serbien,Männer,Geschlecht in Prozent,51.0196465810559
2015,Niederlande,Männer,Geschlecht in Prozent,56.3255094314778
2015,Rumänien,Männer,Geschlecht in Prozent,61.4932048856012
2015,Italien,Männer,Geschlecht in Prozent,61.852992467812
2015,Russische Föderation,Männer,Geschlecht in Prozent,37.3160682754561
2015,Griechenland,Männer,Geschlecht in Prozent,57.0882319369935
2015,Bulgarien,Männer,Geschlecht in Prozent,56.5822931114193
2015,Spanien,Männer,Geschlecht in Prozent,52.670828997572
2015,Ukraine,Männer,Geschlecht in Prozent,36.2797474502186
2015,Vereinigtes Königreich,Männer,Geschlecht in Prozent,68.0487804878049
2015,Portugal,Männer,Geschlecht in Prozent,54.0689655172414
2015,Kroatien,Männer,Geschlecht in Prozent,54.4620811287478
2015,Ungarn,Männer,Geschlecht in Prozent,64.5168938944873
2015,EU Staaten,Männer,Geschlecht in Prozent,56.4684440122159
2015,Afrika,Männer,Geschlecht in Prozent,69.2194855700348
2015,Amerika,Männer,Geschlecht in Prozent,45.0291209535419
2015,Asien,Männer,Geschlecht in Prozent,55.4266770790268
2015,Syrien,Männer,Geschlecht in Prozent,61.6760236182364
2015,Irak ,Männer,Geschlecht in Prozent,60.2609591392927
2015,Afghanistan,Männer,Geschlecht in Prozent,64.105668684645
2015,China,Männer,Geschlecht in Prozent,49.4010541447053
2015,Vietnam,Männer,Geschlecht in Prozent,46.9320269442743
2015,Australien und Ozeanien,Männer,Geschlecht in Prozent,55.7773109243698
2015,Staatenlos,Männer,Geschlecht in Prozent,58.35734870317
2015,Ungeklärt und ohne Angabe,Männer,Geschlecht in Prozent,60.5459696111254
2015,Insgesamt,Männer,Geschlecht in Prozent,54.3991792918832
2014,Europa,Männer,Geschlecht in Prozent,53.0172895607918
2014,Türkei,Männer,Geschlecht in Prozent,51.111400114879
2014,Polen,Männer,Geschlecht in Prozent,54.8602980308675
2014,Serbien,Männer,Geschlecht in Prozent,50.5344142097382
2014,Niederlande,Männer,Geschlecht in Prozent,56.2053453294522
2014,Italien,Männer,Geschlecht in Prozent,62.0300314282389
2014,Rumänien,Männer,Geschlecht in Prozent,61.4717032841548
2014,Russische Föderation,Männer,Geschlecht in Prozent,37.3685822190467
2014,Griechenland,Männer,Geschlecht in Prozent,57.0050310742823
2014,Bulgarien,Männer,Geschlecht in Prozent,56.3662924803937
2014,Spanien,Männer,Geschlecht in Prozent,52.5680862730762
2014,Ukraine,Männer,Geschlecht in Prozent,36.6372549019608
2014,Vereinigtes Königreich,Männer,Geschlecht in Prozent,67.8940632076401
2014,Portugal,Männer,Geschlecht in Prozent,54.7424842694011
2014,Ungarn,Männer,Geschlecht in Prozent,65.4138344662135
2014,Kroatien,Männer,Geschlecht in Prozent,53.8968905640059
2014,Österreich,Männer,Geschlecht in Prozent,52.9953917050691
2014,EU Staaten,Männer,Geschlecht in Prozent,56.2172820413686
2014,Afrika,Männer,Geschlecht in Prozent,63.7351541087657
2014,Amerika,Männer,Geschlecht in Prozent,44.3382090617196
2014,Asien,Männer,Geschlecht in Prozent,51.0534936947449
2014,Syrien,Männer,Geschlecht in Prozent,57.0469798657718
2014,Irak,Männer,Geschlecht in Prozent,54.8659384309831
2014,Vietnam,Männer,Geschlecht in Prozent,47.3108930567631
2014,China,Männer,Geschlecht in Prozent,50.6878589555229
2014,Australien und Ozeanien ,Männer,Geschlecht in Prozent,56.140350877193
2014,Staatenlos,Männer,Geschlecht in Prozent,58.0485115766262
2014,Ungeklärt und ohne Angabe,Männer,Geschlecht in Prozent,58.4583548887739
2014,Insgesamt,Männer,Geschlecht in Prozent,52.9646179690059
2013,Europa,Männer,Geschlecht in Prozent,52.719844615298
2013,Türkei,Männer,Geschlecht in Prozent,51.1747007233852
2013,Polen,Männer,Geschlecht in Prozent,54.3097949886105
2013,Serbien,Männer,Geschlecht in Prozent,50.6900303498826
2013,Niederlande,Männer,Geschlecht in Prozent,56.2458691341705
2013,Italien,Männer,Geschlecht in Prozent,62.3526051654494
2013,Russische Föderation,Männer,Geschlecht in Prozent,37.5277076137945
2013,Griechenland,Männer,Geschlecht in Prozent,56.6955772897829
2013,Rumänien,Männer,Geschlecht in Prozent,60.8364288459075
2013,Spanien,Männer,Geschlecht in Prozent,52.1128116276831
2013,Vereinigtes Königreich,Männer,Geschlecht in Prozent,67.5649287248584
2013,Ukraine,Männer,Geschlecht in Prozent,36.7159044921085
2013,Bulgarien,Männer,Geschlecht in Prozent,56.5916398713826
2013,Portugal,Männer,Geschlecht in Prozent,55.1181102362205
2013,Kroatien,Männer,Geschlecht in Prozent,51.9859299428404
2013,Ungarn,Männer,Geschlecht in Prozent,67.0658682634731
2013,Österreich,Männer,Geschlecht in Prozent,52.5163094128611
2013,EU-Staaten,Männer,Geschlecht in Prozent,55.9080962800875
2013,Afrika,Männer,Geschlecht in Prozent,62.1955422794118
2013,Amerika,Männer,Geschlecht in Prozent,44.1161261727118
2013,Asien,Männer,Geschlecht in Prozent,49.989825766247
2013,Syrien,Männer,Geschlecht in Prozent,54.7902316844083
2013,Irak,Männer,Geschlecht in Prozent,54.4949706621961
2013,Vietnam,Männer,Geschlecht in Prozent,47.9940564635958
2013,China,Männer,Geschlecht in Prozent,50.843023255814
2013,Australien und Ozeanien ,Männer,Geschlecht in Prozent,55.7026476578411
2013,Staatenlos,Männer,Geschlecht in Prozent,59.6367896895138
2013,Ungeklärt und ohne Angabe,Männer,Geschlecht in Prozent,58.2750582750583
2013,Insgesamt,Männer,Geschlecht in Prozent,52.4861657748212
2012,Europa,Männer,Geschlecht in Prozent,52.3339889091184
2012,Türkei,Männer,Geschlecht in Prozent,51.327118466534
2012,Polen,Männer,Geschlecht in Prozent,53.1041495700574
2012,Serbien2),Männer,Geschlecht in Prozent,50.6814410997867
2012,Niederlande,Männer,Geschlecht in Prozent,56.2699680511182
2012,Italien,Männer,Geschlecht in Prozent,62.5644551392231
2012,Russische Föderation,Männer,Geschlecht in Prozent,37.1729771497958
2012,Griechenland,Männer,Geschlecht in Prozent,56.6344720295586
2012,Rumänien,Männer,Geschlecht in Prozent,59.8512707362916
2012,Vereinigtes Königreich,Männer,Geschlecht in Prozent,67.3995224830879
2012,Ukraine,Männer,Geschlecht in Prozent,37.2668939242029
2012,Spanien,Männer,Geschlecht in Prozent,51.9592985494696
2012,Bulgarien,Männer,Geschlecht in Prozent,56.1186331399097
2012,Portugal,Männer,Geschlecht in Prozent,53.9537385691232
2012,Kroatien,Männer,Geschlecht in Prozent,51.4395688991532
2012,Österreich,Männer,Geschlecht in Prozent,52.7975907433825
2012,Bosnien und Herzegowina,Männer,Geschlecht in Prozent,51.9797809604044
2012,EU-Staaten,Männer,Geschlecht in Prozent,55.5275336059352
2012,Afrika,Männer,Geschlecht in Prozent,60.7024336283186
2012,Amerika,Männer,Geschlecht in Prozent,43.3487654320988
2012,Asien,Männer,Geschlecht in Prozent,49.3672095785493
2012,Irak,Männer,Geschlecht in Prozent,54.963215694637
2012,Vietnam,Männer,Geschlecht in Prozent,48.3439720582922
2012,Syrien,Männer,Geschlecht in Prozent,54.125
2012,China,Männer,Geschlecht in Prozent,50.7547476059081
2012,Australien und Ozeanien ,Männer,Geschlecht in Prozent,56.0606060606061
2012,Staatenlos,Männer,Geschlecht in Prozent,58.3825265643448
2012,Ungeklärt und ohne Angabe,Männer,Geschlecht in Prozent,58.3348751156337
2012,Insgesamt,Männer,Geschlecht in Prozent,51.9954396917524
2020,Europa,Frauen,Geschlecht in Prozent,46.5948490472095
2020,Türkei,Frauen,Geschlecht in Prozent,48.7029573707215
2020,Polen,Frauen,Geschlecht in Prozent,45.6052056326572
2020,Serbien,Frauen,Geschlecht in Prozent,49.2487046632124
2020,Niederlande,Frauen,Geschlecht in Prozent,43.380992430614
2020,Rumänien,Frauen,Geschlecht in Prozent,40.0077309625048
2020,Italien,Frauen,Geschlecht in Prozent,39.5854922279793
2020,Russische Föderation,Frauen,Geschlecht in Prozent,63.443026639803
2020,Griechenland,Frauen,Geschlecht in Prozent,43.4073281626103
2020,Bulgarien,Frauen,Geschlecht in Prozent,45.5464612421762
2020,Spanien,Frauen,Geschlecht in Prozent,47.3639814424294
2020,Ukraine,Frauen,Geschlecht in Prozent,63.6283961437336
2020,Vereinigtes Königreich,Frauen,Geschlecht in Prozent,30.42071197411
2020,Portugal,Frauen,Geschlecht in Prozent,45.9770114942529
2020,Kroatien,Frauen,Geschlecht in Prozent,43.894250944188
2020,Ungarn,Frauen,Geschlecht in Prozent,40.8848614072495
2020,EU Staaten,Frauen,Geschlecht in Prozent,44.2431143690841
2020,Afrika,Frauen,Geschlecht in Prozent,36.8030601599629
2020,Amerika,Frauen,Geschlecht in Prozent,54.5059403071573
2020,Asien,Frauen,Geschlecht in Prozent,45.5259975816203
2020,Syrien,Frauen,Geschlecht in Prozent,43.4078467153285
2020,Irak ,Frauen,Geschlecht in Prozent,44.9720018665422
2020,Afghanistan,Frauen,Geschlecht in Prozent,37.036188731104
2020,China,Frauen,Geschlecht in Prozent,50.3197245450074
2020,Vietnam,Frauen,Geschlecht in Prozent,54.8093340922026
2020,Australien und Ozeanien,Frauen,Geschlecht in Prozent,42.7184466019417
2020,Staatenlos,Frauen,Geschlecht in Prozent,43.4343434343434
2020,Ungeklärt und ohne Angabe,Frauen,Geschlecht in Prozent,41.7491749174918
2020,Insgesamt,Frauen,Geschlecht in Prozent,45.9048018696927
2019,Europa,Frauen,Geschlecht in Prozent,46.3280796082301
2019,Türkei,Frauen,Geschlecht in Prozent,48.7011889333408
2019,Polen,Frauen,Geschlecht in Prozent,45.2634800795797
2019,Serbien,Frauen,Geschlecht in Prozent,49.0452524195658
2019,Niederlande,Frauen,Geschlecht in Prozent,43.3785367487025
2019,Rumänien,Frauen,Geschlecht in Prozent,39.3947100712106
2019,Italien,Frauen,Geschlecht in Prozent,39.4102341717259
2019,Russische Föderation,Frauen,Geschlecht in Prozent,63.230008984726
2019,Griechenland,Frauen,Geschlecht in Prozent,43.2899282487377
2019,Bulgarien,Frauen,Geschlecht in Prozent,45.1339915373766
2019,Spanien,Frauen,Geschlecht in Prozent,47.2013366750209
2019,Ukraine,Frauen,Geschlecht in Prozent,63.0233583076245
2019,Vereinigtes Königreich,Frauen,Geschlecht in Prozent,30.0740740740741
2019,Portugal,Frauen,Geschlecht in Prozent,45.8810068649886
2019,Kroatien,Frauen,Geschlecht in Prozent,42.9710449013848
2019,Ungarn,Frauen,Geschlecht in Prozent,39.8837823560486
2019,EU Staaten,Frauen,Geschlecht in Prozent,48.5004221353715
2019,Afrika,Frauen,Geschlecht in Prozent,36.0704510293943
2019,Amerika,Frauen,Geschlecht in Prozent,54.3799772468714
2019,Asien,Frauen,Geschlecht in Prozent,45.2719591231834
2019,Syrien,Frauen,Geschlecht in Prozent,43.0929780083721
2019,Irak ,Frauen,Geschlecht in Prozent,44.8032167661752
2019,Afghanistan,Frauen,Geschlecht in Prozent,36.5974516281265
2019,China,Frauen,Geschlecht in Prozent,49.5233555767398
2019,Vietnam,Frauen,Geschlecht in Prozent,54.6803652968037
2019,Australien und Ozeanien,Frauen,Geschlecht in Prozent,43.1924882629108
2019,Staatenlos,Frauen,Geschlecht in Prozent,43.2203389830509
2019,Ungeklärt und ohne Angabe,Frauen,Geschlecht in Prozent,41.4662084765178
2019,Insgesamt,Frauen,Geschlecht in Prozent,45.633139752605
2018,Europa,Frauen,Geschlecht in Prozent,46.1211949328796
2018,Türkei,Frauen,Geschlecht in Prozent,48.776253150378
2018,Polen,Frauen,Geschlecht in Prozent,44.6806320448814
2018,Serbien,Frauen,Geschlecht in Prozent,49.3627190653213
2018,Niederlande,Frauen,Geschlecht in Prozent,43.513874958208
2018,Rumänien,Frauen,Geschlecht in Prozent,38.519996200247
2018,Italien,Frauen,Geschlecht in Prozent,38.8119852812336
2018,Russische Föderation,Frauen,Geschlecht in Prozent,62.9697525206233
2018,Griechenland,Frauen,Geschlecht in Prozent,42.9483767961682
2018,Bulgarien,Frauen,Geschlecht in Prozent,44.382454790304
2018,Spanien,Frauen,Geschlecht in Prozent,47.2773322076826
2018,Ukraine,Frauen,Geschlecht in Prozent,63.2819582955576
2018,Vereinigtes Königreich,Frauen,Geschlecht in Prozent,30.790802019069
2018,Portugal,Frauen,Geschlecht in Prozent,46.0744985673352
2018,Kroatien,Frauen,Geschlecht in Prozent,43.2266549758878
2018,Ungarn,Frauen,Geschlecht in Prozent,38.9183457051962
2018,EU Staaten,Frauen,Geschlecht in Prozent,44.1058061750884
2018,Afrika,Frauen,Geschlecht in Prozent,34.5922417104084
2018,Amerika,Frauen,Geschlecht in Prozent,54.9197699061459
2018,Asien,Frauen,Geschlecht in Prozent,44.7231172202777
2018,Syrien,Frauen,Geschlecht in Prozent,42.1869135493557
2018,Irak ,Frauen,Geschlecht in Prozent,44.2855318605542
2018,Afghanistan,Frauen,Geschlecht in Prozent,36.0231940082145
2018,China,Frauen,Geschlecht in Prozent,49.5073891625616
2018,Vietnam,Frauen,Geschlecht in Prozent,54.2461005199307
2018,Australien und Ozeanien,Frauen,Geschlecht in Prozent,44.8275862068966
2018,Staatenlos,Frauen,Geschlecht in Prozent,43.161094224924
2018,Ungeklärt und ohne Angabe,Frauen,Geschlecht in Prozent,40.4651162790698
2018,Insgesamt,Frauen,Geschlecht in Prozent,45.3018153195258
2017,Europa,Frauen,Geschlecht in Prozent,46.2571279947393
2017,Türkei,Frauen,Geschlecht in Prozent,48.7872874268191
2017,Polen,Frauen,Geschlecht in Prozent,44.7351661182465
2017,Serbien,Frauen,Geschlecht in Prozent,49.5471497069792
2017,Niederlande,Frauen,Geschlecht in Prozent,43.764472378432
2017,Rumänien,Frauen,Geschlecht in Prozent,38.3948928408573
2017,Italien,Frauen,Geschlecht in Prozent,38.6970452118192
2017,Russische Föderation,Frauen,Geschlecht in Prozent,62.8130119354084
2017,Griechenland,Frauen,Geschlecht in Prozent,43.1377825618945
2017,Bulgarien,Frauen,Geschlecht in Prozent,44.1125913192952
2017,Spanien,Frauen,Geschlecht in Prozent,47.0937632583793
2017,Ukraine,Frauen,Geschlecht in Prozent,63.3789523360076
2017,Vereinigtes Königreich,Frauen,Geschlecht in Prozent,30.8753315649867
2017,Portugal,Frauen,Geschlecht in Prozent,46.0263007432819
2017,Kroatien,Frauen,Geschlecht in Prozent,43.663318986131
2017,Ungarn,Frauen,Geschlecht in Prozent,37.6232201533406
2017,EU Staaten,Frauen,Geschlecht in Prozent,44.1392477174398
2017,Afrika,Frauen,Geschlecht in Prozent,32.9980710939653
2017,Amerika,Frauen,Geschlecht in Prozent,55.1735218508997
2017,Asien,Frauen,Geschlecht in Prozent,44.2029877193414
2017,Syrien,Frauen,Geschlecht in Prozent,41.2681425991573
2017,Irak ,Frauen,Geschlecht in Prozent,43.5195376995047
2017,Afghanistan,Frauen,Geschlecht in Prozent,35.4332669322709
2017,China,Frauen,Geschlecht in Prozent,50.1551189245088
2017,Vietnam,Frauen,Geschlecht in Prozent,54.2056074766355
2017,Australien und Ozeanien,Frauen,Geschlecht in Prozent,44.8275862068966
2017,Staatenlos,Frauen,Geschlecht in Prozent,43.161094224924
2017,Ungeklärt und ohne Angabe,Frauen,Geschlecht in Prozent,40.4651162790698
2017,Insgesamt,Frauen,Geschlecht in Prozent,45.3018153195258
2016,Europa,Frauen,Geschlecht in Prozent,46.4495964071129
2016,Türkei,Frauen,Geschlecht in Prozent,48.90502855242
2016,Polen,Frauen,Geschlecht in Prozent,44.823953423898
2016,Serbien,Frauen,Geschlecht in Prozent,50.0537056928034
2016,Niederlande,Frauen,Geschlecht in Prozent,43.7715411127523
2016,Rumänien,Frauen,Geschlecht in Prozent,38.1610738255034
2016,Italien,Frauen,Geschlecht in Prozent,38.4116693679092
2016,Russische Föderation,Frauen,Geschlecht in Prozent,62.5851938895417
2016,Griechenland,Frauen,Geschlecht in Prozent,43.0327868852459
2016,Bulgarien,Frauen,Geschlecht in Prozent,44.1461054668602
2016,Spanien,Frauen,Geschlecht in Prozent,47.0263381478335
2016,Ukraine,Frauen,Geschlecht in Prozent,63.6669874879692
2016,Vereinigtes Königreich,Frauen,Geschlecht in Prozent,31.6209476309227
2016,Portugal,Frauen,Geschlecht in Prozent,45.2460850111857
2016,Kroatien,Frauen,Geschlecht in Prozent,44.9765747006767
2016,Ungarn,Frauen,Geschlecht in Prozent,36.7950865438303
2016,EU Staaten,Frauen,Geschlecht in Prozent,44.2895857530004
2016,Afrika,Frauen,Geschlecht in Prozent,30.8478038815117
2016,Amerika,Frauen,Geschlecht in Prozent,55.1108170691366
2016,Asien,Frauen,Geschlecht in Prozent,43.2202047925684
2016,Syrien,Frauen,Geschlecht in Prozent,39.5853246084847
2016,Irak ,Frauen,Geschlecht in Prozent,41.9783239200122
2016,Afghanistan,Frauen,Geschlecht in Prozent,34.7661188369153
2016,China,Frauen,Geschlecht in Prozent,50.6674082313682
2016,Vietnam,Frauen,Geschlecht in Prozent,53.5885167464115
2016,Australien und Ozeanien,Frauen,Geschlecht in Prozent,44.973544973545
2016,Staatenlos,Frauen,Geschlecht in Prozent,41.06463878327
2016,Ungeklärt und ohne Angabe,Frauen,Geschlecht in Prozent,38.7115839243499
2016,Insgesamt,Frauen,Geschlecht in Prozent,44.9787636627146
2015,Europa,Frauen,Geschlecht in Prozent,46.6201708887091
2015,Türkei,Frauen,Geschlecht in Prozent,48.8989594561894
2015,Polen,Frauen,Geschlecht in Prozent,44.8814770696843
2015,Serbien,Frauen,Geschlecht in Prozent,48.9803534189441
2015,Niederlande,Frauen,Geschlecht in Prozent,43.6744905685222
2015,Rumänien,Frauen,Geschlecht in Prozent,38.5067951143988
2015,Italien,Frauen,Geschlecht in Prozent,38.147007532188
2015,Russische Föderation,Frauen,Geschlecht in Prozent,62.6839317245439
2015,Griechenland,Frauen,Geschlecht in Prozent,42.9117680630065
2015,Bulgarien,Frauen,Geschlecht in Prozent,43.4177068885807
2015,Spanien,Frauen,Geschlecht in Prozent,47.329171002428
2015,Ukraine,Frauen,Geschlecht in Prozent,63.7202525497814
2015,Vereinigtes Königreich,Frauen,Geschlecht in Prozent,31.9512195121951
2015,Portugal,Frauen,Geschlecht in Prozent,45.9310344827586
2015,Kroatien,Frauen,Geschlecht in Prozent,45.5379188712522
2015,Ungarn,Frauen,Geschlecht in Prozent,35.4831061055127
2015,EU Staaten,Frauen,Geschlecht in Prozent,43.5315559877841
2015,Afrika,Frauen,Geschlecht in Prozent,30.7805144299652
2015,Amerika,Frauen,Geschlecht in Prozent,54.9708790464581
2015,Asien,Frauen,Geschlecht in Prozent,44.5733229209733
2015,Syrien,Frauen,Geschlecht in Prozent,38.3239763817636
2015,Irak ,Frauen,Geschlecht in Prozent,39.7390408607073
2015,Afghanistan,Frauen,Geschlecht in Prozent,35.894331315355
2015,China,Frauen,Geschlecht in Prozent,50.5989458552947
2015,Vietnam,Frauen,Geschlecht in Prozent,53.0679730557257
2015,Australien und Ozeanien,Frauen,Geschlecht in Prozent,44.2226890756303
2015,Staatenlos,Frauen,Geschlecht in Prozent,41.64265129683
2015,Ungeklärt und ohne Angabe,Frauen,Geschlecht in Prozent,39.4540303888746
2015,Insgesamt,Frauen,Geschlecht in Prozent,45.6008207081168
2014,Europa,Frauen,Geschlecht in Prozent,46.9827104392082
2014,Türkei,Frauen,Geschlecht in Prozent,48.888599885121
2014,Polen,Frauen,Geschlecht in Prozent,45.1397019691325
2014,Serbien,Frauen,Geschlecht in Prozent,49.4655857902618
2014,Niederlande,Frauen,Geschlecht in Prozent,43.7946546705478
2014,Italien,Frauen,Geschlecht in Prozent,37.9699685717612
2014,Rumänien,Frauen,Geschlecht in Prozent,38.5282967158452
2014,Russische Föderation,Frauen,Geschlecht in Prozent,62.6314177809534
2014,Griechenland,Frauen,Geschlecht in Prozent,42.9949689257177
2014,Bulgarien,Frauen,Geschlecht in Prozent,43.6337075196063
2014,Spanien,Frauen,Geschlecht in Prozent,47.4319137269238
2014,Ukraine,Frauen,Geschlecht in Prozent,63.3627450980392
2014,Vereinigtes Königreich,Frauen,Geschlecht in Prozent,32.1059367923599
2014,Portugal,Frauen,Geschlecht in Prozent,45.2575157305989
2014,Ungarn,Frauen,Geschlecht in Prozent,34.5861655337865
2014,Kroatien,Frauen,Geschlecht in Prozent,46.1031094359941
2014,Österreich,Frauen,Geschlecht in Prozent,47.0046082949309
2014,EU Staaten,Frauen,Geschlecht in Prozent,43.7827179586314
2014,Afrika,Frauen,Geschlecht in Prozent,36.2648458912343
2014,Amerika,Frauen,Geschlecht in Prozent,55.6617909382804
2014,Asien,Frauen,Geschlecht in Prozent,48.9465063052551
2014,Syrien,Frauen,Geschlecht in Prozent,42.9530201342282
2014,Irak,Frauen,Geschlecht in Prozent,45.1340615690169
2014,Vietnam,Frauen,Geschlecht in Prozent,52.6891069432369
2014,China,Frauen,Geschlecht in Prozent,49.3121410444771
2014,Australien und Ozeanien ,Frauen,Geschlecht in Prozent,43.859649122807
2014,Staatenlos,Frauen,Geschlecht in Prozent,41.9514884233738
2014,Ungeklärt und ohne Angabe,Frauen,Geschlecht in Prozent,41.5416451112261
2014,Insgesamt,Frauen,Geschlecht in Prozent,47.0353820309941
2013,Europa,Frauen,Geschlecht in Prozent,47.2801553847021
2013,Türkei,Frauen,Geschlecht in Prozent,48.8252992766148
2013,Polen,Frauen,Geschlecht in Prozent,45.6902050113895
2013,Serbien,Frauen,Geschlecht in Prozent,49.3099696501174
2013,Niederlande,Frauen,Geschlecht in Prozent,43.7541308658295
2013,Italien,Frauen,Geschlecht in Prozent,37.6473948345506
2013,Russische Föderation,Frauen,Geschlecht in Prozent,62.4722923862055
2013,Griechenland,Frauen,Geschlecht in Prozent,43.3044227102171
2013,Rumänien,Frauen,Geschlecht in Prozent,39.1635711540925
2013,Spanien,Frauen,Geschlecht in Prozent,47.8871883723169
2013,Vereinigtes Königreich,Frauen,Geschlecht in Prozent,32.4350712751416
2013,Ukraine,Frauen,Geschlecht in Prozent,63.2840955078916
2013,Bulgarien,Frauen,Geschlecht in Prozent,43.4083601286174
2013,Portugal,Frauen,Geschlecht in Prozent,44.8818897637795
2013,Kroatien,Frauen,Geschlecht in Prozent,48.0140700571596
2013,Ungarn,Frauen,Geschlecht in Prozent,32.9341317365269
2013,Österreich,Frauen,Geschlecht in Prozent,47.4836905871389
2013,EU-Staaten,Frauen,Geschlecht in Prozent,44.0919037199125
2013,Afrika,Frauen,Geschlecht in Prozent,37.8044577205882
2013,Amerika,Frauen,Geschlecht in Prozent,55.8838738272882
2013,Asien,Frauen,Geschlecht in Prozent,50.010174233753
2013,Syrien,Frauen,Geschlecht in Prozent,45.2097683155917
2013,Irak,Frauen,Geschlecht in Prozent,45.5050293378039
2013,Vietnam,Frauen,Geschlecht in Prozent,52.0059435364042
2013,China,Frauen,Geschlecht in Prozent,49.156976744186
2013,Australien und Ozeanien ,Frauen,Geschlecht in Prozent,44.2973523421589
2013,Staatenlos,Frauen,Geschlecht in Prozent,40.3632103104862
2013,Ungeklärt und ohne Angabe,Frauen,Geschlecht in Prozent,41.7249417249417
2013,Insgesamt,Frauen,Geschlecht in Prozent,47.5138342251788
2012,Europa,Frauen,Geschlecht in Prozent,47.6660110908816
2012,Türkei,Frauen,Geschlecht in Prozent,48.672881533466
2012,Polen,Frauen,Geschlecht in Prozent,46.8958504299426
2012,Serbien2),Frauen,Geschlecht in Prozent,49.3185589002133
2012,Niederlande,Frauen,Geschlecht in Prozent,43.7300319488818
2012,Italien,Frauen,Geschlecht in Prozent,37.4355448607769
2012,Russische Föderation,Frauen,Geschlecht in Prozent,62.8270228502042
2012,Griechenland,Frauen,Geschlecht in Prozent,43.3655279704414
2012,Rumänien,Frauen,Geschlecht in Prozent,40.1487292637084
2012,Vereinigtes Königreich,Frauen,Geschlecht in Prozent,32.6004775169121
2012,Ukraine,Frauen,Geschlecht in Prozent,62.7331060757971
2012,Spanien,Frauen,Geschlecht in Prozent,48.0407014505304
2012,Bulgarien,Frauen,Geschlecht in Prozent,43.8813668600903
2012,Portugal,Frauen,Geschlecht in Prozent,46.0462614308768
2012,Kroatien,Frauen,Geschlecht in Prozent,48.5604311008468
2012,Österreich,Frauen,Geschlecht in Prozent,47.2024092566175
2012,Bosnien und Herzegowina,Frauen,Geschlecht in Prozent,48.0202190395956
2012,EU-Staaten,Frauen,Geschlecht in Prozent,44.4724663940648
2012,Afrika,Frauen,Geschlecht in Prozent,39.2975663716814
2012,Amerika,Frauen,Geschlecht in Prozent,56.6512345679012
2012,Asien,Frauen,Geschlecht in Prozent,50.6327904214507
2012,Irak,Frauen,Geschlecht in Prozent,45.036784305363
2012,Vietnam,Frauen,Geschlecht in Prozent,51.6560279417078
2012,Syrien,Frauen,Geschlecht in Prozent,45.875
2012,China,Frauen,Geschlecht in Prozent,49.2452523940919
2012,Australien und Ozeanien ,Frauen,Geschlecht in Prozent,43.9393939393939
2012,Staatenlos,Frauen,Geschlecht in Prozent,41.6174734356553
2012,Ungeklärt und ohne Angabe,Frauen,Geschlecht in Prozent,41.6651248843663
2012,Insgesamt,Frauen,Geschlecht in Prozent,48.0045603082476
2020,Europa,Veränderung in Prozent gegenüber 2005,Veränderung ggegnüber 2005 in Prozentpunkten,56.5751203388197
2020,Türkei,Veränderung in Prozent gegenüber 2005,Veränderung ggegnüber 2005 in Prozentpunkten,-21.0693740031183
2020,Polen,Veränderung in Prozent gegenüber 2005,Veränderung ggegnüber 2005 in Prozentpunkten,203.443062968562
2020,Serbien,Veränderung in Prozent gegenüber 2005,Veränderung ggegnüber 2005 in Prozentpunkten,0.0
2020,Niederlande,Veränderung in Prozent gegenüber 2005,Veränderung ggegnüber 2005 in Prozentpunkten,33.0930419987463
2020,Rumänien,Veränderung in Prozent gegenüber 2005,Veränderung ggegnüber 2005 in Prozentpunkten,1812.32998225902
2020,Italien,Veränderung in Prozent gegenüber 2005,Veränderung ggegnüber 2005 in Prozentpunkten,20.9121663951886
2020,Russische Föderation,Veränderung in Prozent gegenüber 2005,Veränderung ggegnüber 2005 in Prozentpunkten,22.2295189624035
2020,Griechenland,Veränderung in Prozent gegenüber 2005,Veränderung ggegnüber 2005 in Prozentpunkten,16.0675482709381
2020,Bulgarien,Veränderung in Prozent gegenüber 2005,Veränderung ggegnüber 2005 in Prozentpunkten,1534.57502623295
2020,Spanien,Veränderung in Prozent gegenüber 2005,Veränderung ggegnüber 2005 in Prozentpunkten,26.4398464163823
2020,Ukraine,Veränderung in Prozent gegenüber 2005,Veränderung ggegnüber 2005 in Prozentpunkten,-1.73957974509128
2020,Vereinigtes Königreich,Veränderung in Prozent gegenüber 2005,Veränderung ggegnüber 2005 in Prozentpunkten,-40.3590040532716
2020,Portugal,Veränderung in Prozent gegenüber 2005,Veränderung ggegnüber 2005 in Prozentpunkten,20.0331125827815
2020,Kroatien,Veränderung in Prozent gegenüber 2005,Veränderung ggegnüber 2005 in Prozentpunkten,84.2715743891123
2020,Ungarn,Veränderung in Prozent gegenüber 2005,Veränderung ggegnüber 2005 in Prozentpunkten,310.144293834718
2020,EU Staaten,Veränderung in Prozent gegenüber 2005,Veränderung ggegnüber 2005 in Prozentpunkten,138.488852076148
2020,Afrika,Veränderung in Prozent gegenüber 2005,Veränderung ggegnüber 2005 in Prozentpunkten,202.298689466676
2020,Amerika,Veränderung in Prozent gegenüber 2005,Veränderung ggegnüber 2005 in Prozentpunkten,46.2659998304654
2020,Asien,Veränderung in Prozent gegenüber 2005,Veränderung ggegnüber 2005 in Prozentpunkten,214.901950118313
2020,Syrien,Veränderung in Prozent gegenüber 2005,Veränderung ggegnüber 2005 in Prozentpunkten,1506.44924880909
2020,Irak ,Veränderung in Prozent gegenüber 2005,Veränderung ggegnüber 2005 in Prozentpunkten,475.456498388829
2020,Afghanistan,Veränderung in Prozent gegenüber 2005,Veränderung ggegnüber 2005 in Prozentpunkten,555.358751125788
2020,China,Veränderung in Prozent gegenüber 2005,Veränderung ggegnüber 2005 in Prozentpunkten,83.6163294797688
2020,Vietnam,Veränderung in Prozent gegenüber 2005,Veränderung ggegnüber 2005 in Prozentpunkten,-9.11442168425409
2020,Australien und Ozeanien,Veränderung in Prozent gegenüber 2005,Veränderung ggegnüber 2005 in Prozentpunkten,54.4227886056971
2020,Staatenlos,Veränderung in Prozent gegenüber 2005,Veränderung ggegnüber 2005 in Prozentpunkten,113.888888888889
2020,Ungeklärt und ohne Angabe,Veränderung in Prozent gegenüber 2005,Veränderung ggegnüber 2005 in Prozentpunkten,32.7976625273923
2020,Insgesamt,Veränderung in Prozent gegenüber 2005,Veränderung ggegnüber 2005 in Prozentpunkten,85.8983804492444
2019,Europa,Veränderung in Prozent gegenüber 2005,Veränderung ggegnüber 2005 in Prozentpunkten,53.6920913724579
2019,Türkei,Veränderung in Prozent gegenüber 2005,Veränderung ggegnüber 2005 in Prozentpunkten,-20.4869262890016
2019,Polen,Veränderung in Prozent gegenüber 2005,Veränderung ggegnüber 2005 in Prozentpunkten,202.394101132262
2019,Serbien,Veränderung in Prozent gegenüber 2005,Veränderung ggegnüber 2005 in Prozentpunkten,0.0
2019,Niederlande,Veränderung in Prozent gegenüber 2005,Veränderung ggegnüber 2005 in Prozentpunkten,33.7198889585386
2019,Rumänien,Veränderung in Prozent gegenüber 2005,Veränderung ggegnüber 2005 in Prozentpunkten,1643.93849793022
2019,Italien,Veränderung in Prozent gegenüber 2005,Veränderung ggegnüber 2005 in Prozentpunkten,20.3900931378691
2019,Russische Föderation,Veränderung in Prozent gegenüber 2005,Veränderung ggegnüber 2005 in Prozentpunkten,21.8190773272041
2019,Griechenland,Veränderung in Prozent gegenüber 2005,Veränderung ggegnüber 2005 in Prozentpunkten,16.8125659651083
2019,Bulgarien,Veränderung in Prozent gegenüber 2005,Veränderung ggegnüber 2005 in Prozentpunkten,1387.93284365163
2019,Spanien,Veränderung in Prozent gegenüber 2005,Veränderung ggegnüber 2005 in Prozentpunkten,27.6663822525597
2019,Ukraine,Veränderung in Prozent gegenüber 2005,Veränderung ggegnüber 2005 in Prozentpunkten,-2.29934550465036
2019,Vereinigtes Königreich,Veränderung in Prozent gegenüber 2005,Veränderung ggegnüber 2005 in Prozentpunkten,-34.8581354950782
2019,Portugal,Veränderung in Prozent gegenüber 2005,Veränderung ggegnüber 2005 in Prozentpunkten,20.5849889624724
2019,Kroatien,Veränderung in Prozent gegenüber 2005,Veränderung ggegnüber 2005 in Prozentpunkten,84.2715743891123
2019,Ungarn,Veränderung in Prozent gegenüber 2005,Veränderung ggegnüber 2005 in Prozentpunkten,313.860953213817
2019,EU Staaten,Veränderung in Prozent gegenüber 2005,Veränderung ggegnüber 2005 in Prozentpunkten,194.021981882347
2019,Afrika,Veränderung in Prozent gegenüber 2005,Veränderung ggegnüber 2005 in Prozentpunkten,194.449505921929
2019,Amerika,Veränderung in Prozent gegenüber 2005,Veränderung ggegnüber 2005 in Prozentpunkten,49.0209375264898
2019,Asien,Veränderung in Prozent gegenüber 2005,Veränderung ggegnüber 2005 in Prozentpunkten,207.40201811407
2019,Syrien,Veränderung in Prozent gegenüber 2005,Veränderung ggegnüber 2005 in Prozentpunkten,1453.77427629168
2019,Irak ,Veränderung in Prozent gegenüber 2005,Veränderung ggegnüber 2005 in Prozentpunkten,450.953276047261
2019,Afghanistan,Veränderung in Prozent gegenüber 2005,Veränderung ggegnüber 2005 in Prozentpunkten,536.145301711198
2019,China,Veränderung in Prozent gegenüber 2005,Veränderung ggegnüber 2005 in Prozentpunkten,89.4869942196532
2019,Vietnam,Veränderung in Prozent gegenüber 2005,Veränderung ggegnüber 2005 in Prozentpunkten,-9.37306021104904
2019,Australien und Ozeanien,Veränderung in Prozent gegenüber 2005,Veränderung ggegnüber 2005 in Prozentpunkten,59.6701649175412
2019,Staatenlos,Veränderung in Prozent gegenüber 2005,Veränderung ggegnüber 2005 in Prozentpunkten,118.518518518519
2019,Ungeklärt und ohne Angabe,Veränderung in Prozent gegenüber 2005,Veränderung ggegnüber 2005 in Prozentpunkten,27.5383491599708
2019,Insgesamt,Veränderung in Prozent gegenüber 2005,Veränderung ggegnüber 2005 in Prozentpunkten,82.2731350463503
2018,Europa,Veränderung in Prozent gegenüber 2005,Veränderung ggegnüber 2005 in Prozentpunkten,49.9345152712655
2018,Türkei,Veränderung in Prozent gegenüber 2005,Veränderung ggegnüber 2005 in Prozentpunkten,-20.0030466495815
2018,Polen,Veränderung in Prozent gegenüber 2005,Veränderung ggegnüber 2005 in Prozentpunkten,199.709992904082
2018,Serbien,Veränderung in Prozent gegenüber 2005,Veränderung ggegnüber 2005 in Prozentpunkten,-49.6470210717724
2018,Niederlande,Veränderung in Prozent gegenüber 2005,Veränderung ggegnüber 2005 in Prozentpunkten,33.9213754813289
2018,Rumänien,Veränderung in Prozent gegenüber 2005,Veränderung ggegnüber 2005 in Prozentpunkten,1456.3276167948
2018,Italien,Veränderung in Prozent gegenüber 2005,Veränderung ggegnüber 2005 in Prozentpunkten,19.1788831808879
2018,Russische Föderation,Veränderung in Prozent gegenüber 2005,Veränderung ggegnüber 2005 in Prozentpunkten,19.4111530673672
2018,Griechenland,Veränderung in Prozent gegenüber 2005,Veränderung ggegnüber 2005 in Prozentpunkten,16.6573539454895
2018,Bulgarien,Veränderung in Prozent gegenüber 2005,Veränderung ggegnüber 2005 in Prozentpunkten,1263.58866736621
2018,Spanien,Veränderung in Prozent gegenüber 2005,Veränderung ggegnüber 2005 in Prozentpunkten,26.3331911262799
2018,Ukraine,Veränderung in Prozent gegenüber 2005,Veränderung ggegnüber 2005 in Prozentpunkten,-5.01205649328281
2018,Vereinigtes Königreich,Veränderung in Prozent gegenüber 2005,Veränderung ggegnüber 2005 in Prozentpunkten,-13.9644856205366
2018,Portugal,Veränderung in Prozent gegenüber 2005,Veränderung ggegnüber 2005 in Prozentpunkten,20.3780353200883
2018,Kroatien,Veränderung in Prozent gegenüber 2005,Veränderung ggegnüber 2005 in Prozentpunkten,76.3841633158058
2018,Ungarn,Veränderung in Prozent gegenüber 2005,Veränderung ggegnüber 2005 in Prozentpunkten,312.330564057718
2018,EU Staaten,Veränderung in Prozent gegenüber 2005,Veränderung ggegnüber 2005 in Prozentpunkten,95.3278237573554
2018,Afrika,Veränderung in Prozent gegenüber 2005,Veränderung ggegnüber 2005 in Prozentpunkten,173.705235125096
2018,Amerika,Veränderung in Prozent gegenüber 2005,Veränderung ggegnüber 2005 in Prozentpunkten,39.9932186149021
2018,Asien,Veränderung in Prozent gegenüber 2005,Veränderung ggegnüber 2005 in Prozentpunkten,193.340495553077
2018,Syrien,Veränderung in Prozent gegenüber 2005,Veränderung ggegnüber 2005 in Prozentpunkten,1364.45584463173
2018,Irak ,Veränderung in Prozent gegenüber 2005,Veränderung ggegnüber 2005 in Prozentpunkten,425.711600429646
2018,Afghanistan,Veränderung in Prozent gegenüber 2005,Veränderung ggegnüber 2005 in Prozentpunkten,521.284899429601
2018,China,Veränderung in Prozent gegenüber 2005,Veränderung ggegnüber 2005 in Prozentpunkten,83.3453757225433
2018,Vietnam,Veränderung in Prozent gegenüber 2005,Veränderung ggegnüber 2005 in Prozentpunkten,-10.4593420235878
2018,Australien und Ozeanien,Veränderung in Prozent gegenüber 2005,Veränderung ggegnüber 2005 in Prozentpunkten,52.1739130434783
2018,Staatenlos,Veränderung in Prozent gegenüber 2005,Veränderung ggegnüber 2005 in Prozentpunkten,103.086419753086
2018,Ungeklärt und ohne Angabe,Veränderung in Prozent gegenüber 2005,Veränderung ggegnüber 2005 in Prozentpunkten,25.6391526661797
2018,Insgesamt,Veränderung in Prozent gegenüber 2005,Veränderung ggegnüber 2005 in Prozentpunkten,76.1873599632492
2017,Europa,Veränderung in Prozent gegenüber 2005,Veränderung ggegnüber 2005 in Prozentpunkten,44.4165055534452
2017,Türkei,Veränderung in Prozent gegenüber 2005,Veränderung ggegnüber 2005 in Prozentpunkten,-19.6446172870481
2017,Polen,Veränderung in Prozent gegenüber 2005,Veränderung ggegnüber 2005 in Prozentpunkten,190.654984111313
2017,Serbien,Veränderung in Prozent gegenüber 2005,Veränderung ggegnüber 2005 in Prozentpunkten,-49.8074660391486
2017,Niederlande,Veränderung in Prozent gegenüber 2005,Veränderung ggegnüber 2005 in Prozentpunkten,35.3541685322826
2017,Rumänien,Veränderung in Prozent gegenüber 2005,Veränderung ggegnüber 2005 in Prozentpunkten,1196.86575990538
2017,Italien,Veränderung in Prozent gegenüber 2005,Veränderung ggegnüber 2005 in Prozentpunkten,17.3203023848306
2017,Russische Föderation,Veränderung in Prozent gegenüber 2005,Veränderung ggegnüber 2005 in Prozentpunkten,16.9211404804903
2017,Griechenland,Veränderung in Prozent gegenüber 2005,Veränderung ggegnüber 2005 in Prozentpunkten,15.3535729806916
2017,Bulgarien,Veränderung in Prozent gegenüber 2005,Veränderung ggegnüber 2005 in Prozentpunkten,1120.8814270724
2017,Spanien,Veränderung in Prozent gegenüber 2005,Veränderung ggegnüber 2005 in Prozentpunkten,25.6932593856655
2017,Ukraine,Veränderung in Prozent gegenüber 2005,Veränderung ggegnüber 2005 in Prozentpunkten,-8.75818119187048
2017,Vereinigtes Königreich,Veränderung in Prozent gegenüber 2005,Veränderung ggegnüber 2005 in Prozentpunkten,-9.04265585794248
2017,Portugal,Veränderung in Prozent gegenüber 2005,Veränderung ggegnüber 2005 in Prozentpunkten,20.6539735099338
2017,Kroatien,Veränderung in Prozent gegenüber 2005,Veränderung ggegnüber 2005 in Prozentpunkten,61.6919270027838
2017,Ungarn,Veränderung in Prozent gegenüber 2005,Veränderung ggegnüber 2005 in Prozentpunkten,299.21294271972
2017,EU Staaten,Veränderung in Prozent gegenüber 2005,Veränderung ggegnüber 2005 in Prozentpunkten,94.1976032148495
2017,Afrika,Veränderung in Prozent gegenüber 2005,Veränderung ggegnüber 2005 in Prozentpunkten,154.327563249001
2017,Amerika,Veränderung in Prozent gegenüber 2005,Veränderung ggegnüber 2005 in Prozentpunkten,31.8979401542765
2017,Asien,Veränderung in Prozent gegenüber 2005,Veränderung ggegnüber 2005 in Prozentpunkten,176.287159681236
2017,Syrien,Veränderung in Prozent gegenüber 2005,Veränderung ggegnüber 2005 in Prozentpunkten,1269.6408941004
2017,Irak ,Veränderung in Prozent gegenüber 2005,Veränderung ggegnüber 2005 in Prozentpunkten,387.916219119227
2017,Afghanistan,Veränderung in Prozent gegenüber 2005,Veränderung ggegnüber 2005 in Prozentpunkten,502.821975382768
2017,China,Veränderung in Prozent gegenüber 2005,Veränderung ggegnüber 2005 in Prozentpunkten,74.6748554913295
2017,Vietnam,Veränderung in Prozent gegenüber 2005,Veränderung ggegnüber 2005 in Prozentpunkten,-11.4421684254087
2017,Australien und Ozeanien,Veränderung in Prozent gegenüber 2005,Veränderung ggegnüber 2005 in Prozentpunkten,52.1739130434783
2017,Staatenlos,Veränderung in Prozent gegenüber 2005,Veränderung ggegnüber 2005 in Prozentpunkten,103.086419753086
2017,Ungeklärt und ohne Angabe,Veränderung in Prozent gegenüber 2005,Veränderung ggegnüber 2005 in Prozentpunkten,25.6391526661797
2017,Insgesamt,Veränderung in Prozent gegenüber 2005,Veränderung ggegnüber 2005 in Prozentpunkten,76.1873599632492
2016,Europa,Veränderung in Prozent gegenüber 2005,Veränderung ggegnüber 2005 in Prozentpunkten,40.1288149815452
2016,Türkei,Veränderung in Prozent gegenüber 2005,Veränderung ggegnüber 2005 in Prozentpunkten,-19.1876198498181
2016,Polen,Veränderung in Prozent gegenüber 2005,Veränderung ggegnüber 2005 in Prozentpunkten,178.206275259927
2016,Serbien,Veränderung in Prozent gegenüber 2005,Veränderung ggegnüber 2005 in Prozentpunkten,-50.208578457589
2016,Niederlande,Veränderung in Prozent gegenüber 2005,Veränderung ggegnüber 2005 in Prozentpunkten,36.4063759290767
2016,Rumänien,Veränderung in Prozent gegenüber 2005,Veränderung ggegnüber 2005 in Prozentpunkten,1001.41927853341
2016,Italien,Veränderung in Prozent gegenüber 2005,Veränderung ggegnüber 2005 in Prozentpunkten,15.9629119158
2016,Russische Föderation,Veränderung in Prozent gegenüber 2005,Veränderung ggegnüber 2005 in Prozentpunkten,16.428610518251
2016,Griechenland,Veränderung in Prozent gegenüber 2005,Veränderung ggegnüber 2005 in Prozentpunkten,13.6151983609611
2016,Bulgarien,Veränderung in Prozent gegenüber 2005,Veränderung ggegnüber 2005 in Prozentpunkten,984.470094438615
2016,Spanien,Veränderung in Prozent gegenüber 2005,Veränderung ggegnüber 2005 in Prozentpunkten,25.5332764505119
2016,Ukraine,Veränderung in Prozent gegenüber 2005,Veränderung ggegnüber 2005 in Prozentpunkten,-10.5235962797106
2016,Vereinigtes Königreich,Veränderung in Prozent gegenüber 2005,Veränderung ggegnüber 2005 in Prozentpunkten,-3.25226790194944
2016,Portugal,Veränderung in Prozent gegenüber 2005,Veränderung ggegnüber 2005 in Prozentpunkten,23.3443708609272
2016,Kroatien,Veränderung in Prozent gegenüber 2005,Veränderung ggegnüber 2005 in Prozentpunkten,48.5462418806063
2016,Ungarn,Veränderung in Prozent gegenüber 2005,Veränderung ggegnüber 2005 in Prozentpunkten,291.560996939222
2016,EU Staaten,Veränderung in Prozent gegenüber 2005,Veränderung ggegnüber 2005 in Prozentpunkten,85.3561689709611
2016,Afrika,Veränderung in Prozent gegenüber 2005,Veränderung ggegnüber 2005 in Prozentpunkten,140.135959072114
2016,Amerika,Veränderung in Prozent gegenüber 2005,Veränderung ggegnüber 2005 in Prozentpunkten,28.1257946935661
2016,Asien,Veränderung in Prozent gegenüber 2005,Veränderung ggegnüber 2005 in Prozentpunkten,157.649522669785
2016,Syrien,Veränderung in Prozent gegenüber 2005,Veränderung ggegnüber 2005 in Prozentpunkten,1145.96921949432
2016,Irak ,Veränderung in Prozent gegenüber 2005,Veränderung ggegnüber 2005 in Prozentpunkten,339.782491944146
2016,Afghanistan,Veränderung in Prozent gegenüber 2005,Veränderung ggegnüber 2005 in Prozentpunkten,493.665565896127
2016,China,Veränderung in Prozent gegenüber 2005,Veränderung ggegnüber 2005 in Prozentpunkten,62.3916184971098
2016,Vietnam,Veränderung in Prozent gegenüber 2005,Veränderung ggegnüber 2005 in Prozentpunkten,-13.5112766397683
2016,Australien und Ozeanien,Veränderung in Prozent gegenüber 2005,Veränderung ggegnüber 2005 in Prozentpunkten,41.6791604197901
2016,Staatenlos,Veränderung in Prozent gegenüber 2005,Veränderung ggegnüber 2005 in Prozentpunkten,62.3456790123457
2016,Ungeklärt und ohne Angabe,Veränderung in Prozent gegenüber 2005,Veränderung ggegnüber 2005 in Prozentpunkten,23.5938641344047
2016,Insgesamt,Veränderung in Prozent gegenüber 2005,Veränderung ggegnüber 2005 in Prozentpunkten,61.4751043368596
2015,Europa,Veränderung in Prozent gegenüber 2005,Veränderung ggegnüber 2005 in Prozentpunkten,35.5967614825062
2015,Türkei,Veränderung in Prozent gegenüber 2005,Veränderung ggegnüber 2005 in Prozentpunkten,-18.534382336601
2015,Polen,Veränderung in Prozent gegenüber 2005,Veränderung ggegnüber 2005 in Prozentpunkten,159.001018110018
2015,Serbien,Veränderung in Prozent gegenüber 2005,Veränderung ggegnüber 2005 in Prozentpunkten,21.8178414803722
2015,Niederlande,Veränderung in Prozent gegenüber 2005,Veränderung ggegnüber 2005 in Prozentpunkten,36.0123578400645
2015,Rumänien,Veränderung in Prozent gegenüber 2005,Veränderung ggegnüber 2005 in Prozentpunkten,759.402720283856
2015,Italien,Veränderung in Prozent gegenüber 2005,Veränderung ggegnüber 2005 in Prozentpunkten,12.5631708641357
2015,Russische Föderation,Veränderung in Prozent gegenüber 2005,Veränderung ggegnüber 2005 in Prozentpunkten,11.5744541126252
2015,Griechenland,Veränderung in Prozent gegenüber 2005,Veränderung ggegnüber 2005 in Prozentpunkten,8.78500031042404
2015,Bulgarien,Veränderung in Prozent gegenüber 2005,Veränderung ggegnüber 2005 in Prozentpunkten,807.869884575026
2015,Spanien,Veränderung in Prozent gegenüber 2005,Veränderung ggegnüber 2005 in Prozentpunkten,22.9948805460751
2015,Ukraine,Veränderung in Prozent gegenüber 2005,Veränderung ggegnüber 2005 in Prozentpunkten,-11.3417154667585
2015,Vereinigtes Königreich,Veränderung in Prozent gegenüber 2005,Veränderung ggegnüber 2005 in Prozentpunkten,-1.08087241845204
2015,Portugal,Veränderung in Prozent gegenüber 2005,Veränderung ggegnüber 2005 in Prozentpunkten,20.0331125827815
2015,Kroatien,Veränderung in Prozent gegenüber 2005,Veränderung ggegnüber 2005 in Prozentpunkten,31.5341787813177
2015,Ungarn,Veränderung in Prozent gegenüber 2005,Veränderung ggegnüber 2005 in Prozentpunkten,268.823786620026
2015,EU Staaten,Veränderung in Prozent gegenüber 2005,Veränderung ggegnüber 2005 in Prozentpunkten,95.5580639644262
2015,Afrika,Veränderung in Prozent gegenüber 2005,Veränderung ggegnüber 2005 in Prozentpunkten,105.438362884575
2015,Amerika,Veränderung in Prozent gegenüber 2005,Veränderung ggegnüber 2005 in Prozentpunkten,25.1674154446046
2015,Asien,Veränderung in Prozent gegenüber 2005,Veränderung ggegnüber 2005 in Prozentpunkten,77.6239562651291
2015,Syrien,Veränderung in Prozent gegenüber 2005,Veränderung ggegnüber 2005 in Prozentpunkten,657.127152803225
2015,Irak ,Veränderung in Prozent gegenüber 2005,Veränderung ggegnüber 2005 in Prozentpunkten,134.613319011815
2015,Afghanistan,Veränderung in Prozent gegenüber 2005,Veränderung ggegnüber 2005 in Prozentpunkten,172.74091864305
2015,China,Veränderung in Prozent gegenüber 2005,Veränderung ggegnüber 2005 in Prozentpunkten,50.7947976878613
2015,Vietnam,Veränderung in Prozent gegenüber 2005,Veränderung ggegnüber 2005 in Prozentpunkten,-15.5286571487689
2015,Australien und Ozeanien,Veränderung in Prozent gegenüber 2005,Veränderung ggegnüber 2005 in Prozentpunkten,42.7286356821589
2015,Staatenlos,Veränderung in Prozent gegenüber 2005,Veränderung ggegnüber 2005 in Prozentpunkten,28.5185185185185
2015,Ungeklärt und ohne Angabe,Veränderung in Prozent gegenüber 2005,Veränderung ggegnüber 2005 in Prozentpunkten,13.4550766983199
2015,Insgesamt,Veränderung in Prozent gegenüber 2005,Veränderung ggegnüber 2005 in Prozentpunkten,43.8433668627001
2014,Europa,Veränderung in Prozent gegenüber 2005,Veränderung ggegnüber 2005 in Prozentpunkten,24.26705296042
2014,Türkei,Veränderung in Prozent gegenüber 2005,Veränderung ggegnüber 2005 in Prozentpunkten,-17.3184107242065
2014,Polen,Veränderung in Prozent gegenüber 2005,Veränderung ggegnüber 2005 in Prozentpunkten,131.882269459785
2014,Serbien,Veränderung in Prozent gegenüber 2005,Veränderung ggegnüber 2005 in Prozentpunkten,3.57792277248903
2014,Niederlande,Veränderung in Prozent gegenüber 2005,Veränderung ggegnüber 2005 in Prozentpunkten,35.3631234888511
2014,Italien,Veränderung in Prozent gegenüber 2005,Veränderung ggegnüber 2005 in Prozentpunkten,7.643152487157
2014,Rumänien,Veränderung in Prozent gegenüber 2005,Veränderung ggegnüber 2005 in Prozentpunkten,547.338852749852
2014,Russische Föderation,Veränderung in Prozent gegenüber 2005,Veränderung ggegnüber 2005 in Prozentpunkten,7.22924533464675
2014,Griechenland,Veränderung in Prozent gegenüber 2005,Veränderung ggegnüber 2005 in Prozentpunkten,4.89228285838455
2014,Bulgarien,Veränderung in Prozent gegenüber 2005,Veränderung ggegnüber 2005 in Prozentpunkten,582.371458551941
2014,Spanien,Veränderung in Prozent gegenüber 2005,Veränderung ggegnüber 2005 in Prozentpunkten,16.7022184300341
2014,Ukraine,Veränderung in Prozent gegenüber 2005,Veränderung ggegnüber 2005 in Prozentpunkten,-12.1598346538064
2014,Vereinigtes Königreich,Veränderung in Prozent gegenüber 2005,Veränderung ggegnüber 2005 in Prozentpunkten,-1.97838255163096
2014,Portugal,Veränderung in Prozent gegenüber 2005,Veränderung ggegnüber 2005 in Prozentpunkten,18.4050772626932
2014,Ungarn,Veränderung in Prozent gegenüber 2005,Veränderung ggegnüber 2005 in Prozentpunkten,228.071709663314
2014,Kroatien,Veränderung in Prozent gegenüber 2005,Veränderung ggegnüber 2005 in Prozentpunkten,14.8932879678317
2014,Österreich,Veränderung in Prozent gegenüber 2005,Veränderung ggegnüber 2005 in Prozentpunkten,4.62873674059787
2014,EU Staaten,Veränderung in Prozent gegenüber 2005,Veränderung ggegnüber 2005 in Prozentpunkten,76.9454421070635
2014,Afrika,Veränderung in Prozent gegenüber 2005,Veränderung ggegnüber 2005 in Prozentpunkten,45.7495269465274
2014,Amerika,Veränderung in Prozent gegenüber 2005,Veränderung ggegnüber 2005 in Prozentpunkten,18.8013901839451
2014,Asien,Veränderung in Prozent gegenüber 2005,Veränderung ggegnüber 2005 in Prozentpunkten,21.2119563739223
2014,Syrien,Veränderung in Prozent gegenüber 2005,Veränderung ggegnüber 2005 in Prozentpunkten,211.212898497618
2014,Irak,Veränderung in Prozent gegenüber 2005,Veränderung ggegnüber 2005 in Prozentpunkten,35.204081632653
2014,Vietnam,Veränderung in Prozent gegenüber 2005,Veränderung ggegnüber 2005 in Prozentpunkten,-16.7080488309539
2014,China,Veränderung in Prozent gegenüber 2005,Veränderung ggegnüber 2005 in Prozentpunkten,35.2420520231214
2014,Australien und Ozeanien ,Veränderung in Prozent gegenüber 2005,Veränderung ggegnüber 2005 in Prozentpunkten,45.2773613193403
2014,Staatenlos,Veränderung in Prozent gegenüber 2005,Veränderung ggegnüber 2005 in Prozentpunkten,11.9753086419753
2014,Ungeklärt und ohne Angabe,Veränderung in Prozent gegenüber 2005,Veränderung ggegnüber 2005 in Prozentpunkten,-15.2812271731191
2014,Insgesamt,Veränderung in Prozent gegenüber 2005,Veränderung ggegnüber 2005 in Prozentpunkten,23.705377844615
2013,Europa,Veränderung in Prozent gegenüber 2005,Veränderung ggegnüber 2005 in Prozentpunkten,15.7398640412299
2013,Türkei,Veränderung in Prozent gegenüber 2005,Veränderung ggegnüber 2005 in Prozentpunkten,-16.0146239179914
2013,Polen,Veränderung in Prozent gegenüber 2005,Veränderung ggegnüber 2005 in Prozentpunkten,103.159226236387
2013,Serbien,Veränderung in Prozent gegenüber 2005,Veränderung ggegnüber 2005 in Prozentpunkten,-6.60498449031982
2013,Niederlande,Veränderung in Prozent gegenüber 2005,Veränderung ggegnüber 2005 in Prozentpunkten,35.4884928808095
2013,Italien,Veränderung in Prozent gegenüber 2005,Veränderung ggegnüber 2005 in Prozentpunkten,2.36394770914255
2013,Russische Föderation,Veränderung in Prozent gegenüber 2005,Veränderung ggegnüber 2005 in Prozentpunkten,6.16209708312812
2013,Griechenland,Veränderung in Prozent gegenüber 2005,Veränderung ggegnüber 2005 in Prozentpunkten,0.931272117712794
2013,Rumänien,Veränderung in Prozent gegenüber 2005,Veränderung ggegnüber 2005 in Prozentpunkten,361.679479597871
2013,Spanien,Veränderung in Prozent gegenüber 2005,Veränderung ggegnüber 2005 in Prozentpunkten,10.804180887372
2013,Vereinigtes Königreich,Veränderung in Prozent gegenüber 2005,Veränderung ggegnüber 2005 in Prozentpunkten,-1.15807759119862
2013,Ukraine,Veränderung in Prozent gegenüber 2005,Veränderung ggegnüber 2005 in Prozentpunkten,-14.8811574233551
2013,Bulgarien,Veränderung in Prozent gegenüber 2005,Veränderung ggegnüber 2005 in Prozentpunkten,405.823714585519
2013,Portugal,Veränderung in Prozent gegenüber 2005,Veränderung ggegnüber 2005 in Prozentpunkten,13.8934878587196
2013,Kroatien,Veränderung in Prozent gegenüber 2005,Veränderung ggegnüber 2005 in Prozentpunkten,5.52118775131456
2013,Ungarn,Veränderung in Prozent gegenüber 2005,Veränderung ggegnüber 2005 in Prozentpunkten,192.085701792742
2013,Österreich,Veränderung in Prozent gegenüber 2005,Veränderung ggegnüber 2005 in Prozentpunkten,3.4715525554484
2013,EU-Staaten,Veränderung in Prozent gegenüber 2005,Veränderung ggegnüber 2005 in Prozentpunkten,60.0711475970583
2013,Afrika,Veränderung in Prozent gegenüber 2005,Veränderung ggegnüber 2005 in Prozentpunkten,21.9987385240732
2013,Amerika,Veränderung in Prozent gegenüber 2005,Veränderung ggegnüber 2005 in Prozentpunkten,14.7495125879461
2013,Asien,Veränderung in Prozent gegenüber 2005,Veränderung ggegnüber 2005 in Prozentpunkten,6.93012756004026
2013,Syrien,Veränderung in Prozent gegenüber 2005,Veränderung ggegnüber 2005 in Prozentpunkten,75.5588127519238
2013,Irak,Veränderung in Prozent gegenüber 2005,Veränderung ggegnüber 2005 in Prozentpunkten,28.1417830290011
2013,Vietnam,Veränderung in Prozent gegenüber 2005,Veränderung ggegnüber 2005 in Prozentpunkten,-16.4494103041589
2013,China,Veränderung in Prozent gegenüber 2005,Veränderung ggegnüber 2005 in Prozentpunkten,24.2774566473989
2013,Australien und Ozeanien ,Veränderung in Prozent gegenüber 2005,Veränderung ggegnüber 2005 in Prozentpunkten,47.2263868065967
2013,Staatenlos,Veränderung in Prozent gegenüber 2005,Veränderung ggegnüber 2005 in Prozentpunkten,5.37037037037038
2013,Ungeklärt und ohne Angabe,Veränderung in Prozent gegenüber 2005,Veränderung ggegnüber 2005 in Prozentpunkten,-24.7918188458729
2013,Insgesamt,Veränderung in Prozent gegenüber 2005,Veränderung ggegnüber 2005 in Prozentpunkten,13.9122313569642
2012,Europa,Veränderung in Prozent gegenüber 2005,Veränderung ggegnüber 2005 in Prozentpunkten,8.68140403794146
2012,Türkei,Veränderung in Prozent gegenüber 2005,Veränderung ggegnüber 2005 in Prozentpunkten,-14.4518718973458
2012,Polen,Veränderung in Prozent gegenüber 2005,Veränderung ggegnüber 2005 in Prozentpunkten,72.9367846234535
2012,Serbien2),Veränderung in Prozent gegenüber 2005,Veränderung ggegnüber 2005 in Prozentpunkten,-9.74435768531394
2012,Niederlande,Veränderung in Prozent gegenüber 2005,Veränderung ggegnüber 2005 in Prozentpunkten,34.5392674845527
2012,Italien,Veränderung in Prozent gegenüber 2005,Veränderung ggegnüber 2005 in Prozentpunkten,-2.8024892452909
2012,Russische Föderation,Veränderung in Prozent gegenüber 2005,Veränderung ggegnüber 2005 in Prozentpunkten,-0.848246046078913
2012,Griechenland,Veränderung in Prozent gegenüber 2005,Veränderung ggegnüber 2005 in Prozentpunkten,-4.22176693363134
2012,Rumänien,Veränderung in Prozent gegenüber 2005,Veränderung ggegnüber 2005 in Prozentpunkten,261.827321111768
2012,Vereinigtes Königreich,Veränderung in Prozent gegenüber 2005,Veränderung ggegnüber 2005 in Prozentpunkten,-2.99170044392974
2012,Ukraine,Veränderung in Prozent gegenüber 2005,Veränderung ggegnüber 2005 in Prozentpunkten,-14.1060971408887
2012,Spanien,Veränderung in Prozent gegenüber 2005,Veränderung ggegnüber 2005 in Prozentpunkten,-1.47184300341297
2012,Bulgarien,Veränderung in Prozent gegenüber 2005,Veränderung ggegnüber 2005 in Prozentpunkten,306.873032528856
2012,Portugal,Veränderung in Prozent gegenüber 2005,Veränderung ggegnüber 2005 in Prozentpunkten,2.59381898454747
2012,Kroatien,Veränderung in Prozent gegenüber 2005,Veränderung ggegnüber 2005 in Prozentpunkten,0.44849984534487
2012,Österreich,Veränderung in Prozent gegenüber 2005,Veränderung ggegnüber 2005 in Prozentpunkten,1.39826422372226
2012,Bosnien und Herzegowina,Veränderung in Prozent gegenüber 2005,Veränderung ggegnüber 2005 in Prozentpunkten,-8.169580690082
2012,EU-Staaten,Veränderung in Prozent gegenüber 2005,Veränderung ggegnüber 2005 in Prozentpunkten,39.6989909355225
2012,Afrika,Veränderung in Prozent gegenüber 2005,Veränderung ggegnüber 2005 in Prozentpunkten,1.36659892073727
2012,Amerika,Veränderung in Prozent gegenüber 2005,Veränderung ggegnüber 2005 in Prozentpunkten,9.85843858608119
2012,Asien,Veränderung in Prozent gegenüber 2005,Veränderung ggegnüber 2005 in Prozentpunkten,-0.390295645551717
2012,Irak,Veränderung in Prozent gegenüber 2005,Veränderung ggegnüber 2005 in Prozentpunkten,25.9264232008593
2012,Vietnam,Veränderung in Prozent gegenüber 2005,Veränderung ggegnüber 2005 in Prozentpunkten,-14.1009724808607
2012,Syrien,Veränderung in Prozent gegenüber 2005,Veränderung ggegnüber 2005 in Prozentpunkten,31.916452913155
2012,China,Veränderung in Prozent gegenüber 2005,Veränderung ggegnüber 2005 in Prozentpunkten,11.2897398843931
2012,Australien und Ozeanien ,Veränderung in Prozent gegenüber 2005,Veränderung ggegnüber 2005 in Prozentpunkten,38.5307346326837
2012,Staatenlos,Veränderung in Prozent gegenüber 2005,Veränderung ggegnüber 2005 in Prozentpunkten,4.5679012345679
2012,Ungeklärt und ohne Angabe,Veränderung in Prozent gegenüber 2005,Veränderung ggegnüber 2005 in Prozentpunkten,-21.0372534696859
2012,Insgesamt,Veränderung in Prozent gegenüber 2005,Veränderung ggegnüber 2005 in Prozentpunkten,6.62772001750866
