Year,Gebietseinheit,GeoCode,Value
2005,Braunschweig  Stadt,K03101,8.26629918498979
2005,Salzgitter  Stadt,K03102,9.95210069992388
2005,Wolfsburg  Stadt,K03103,9.88952054059852
2005,Gifhorn,K03151,4.34231993519607
2005,Goslar,K03153,4.95602567149988
2005,Helmstedt,K03154,3.73200748856766
2005,Northeim,K03155,3.95800668075533
2005,Peine,K03157,5.07798277617197
2005,Wolfenbüttel,K03158,3.863672307449
2005,Göttingen,K03159,5.87466113857439
2005,Statistische Region Braunschweig,K031,6.03089488528782
2005,Hannover  Region,K03241,10.2047507272652
2005,dav. Hannover  Lhst.,K03241001,14.5456237675213
2005,dav. Hannover  Umland,K03241999,6.55158008792227
2005,Diepholz,K03251,3.83023734852562
2005,Hameln-Pyrmont,K03252,6.89064064064064
2005,Hildesheim,K03254,5.03401079675065
2005,Holzminden,K03255,4.4059139094946
2005,Nienburg (Weser),K03256,4.36005402399301
2005,Schaumburg,K03257,5.80343929885175
2005,Statistische Region Hannover,K032,7.74497566683411
2005,Celle,K03351,4.27802503781982
2005,Cuxhaven,K03352,4.25281084978273
2005,Harburg,K03353,4.55325501288111
2005,Lüchow-Dannenberg,K03354,2.47896868671133
2005,Lüneburg,K03355,3.9346560952115
2005,Osterholz,K03356,3.53376322721991
2005,Rotenburg (Wümme),K03357,3.99150871872631
2005,Heidekreis,K03358,4.16952858885042
2005,Stade,K03359,4.07380073800738
2005,Uelzen,K03360,2.87394264493501
2005,Verden,K03361,5.02371647623878
2005,Statistische Region Lüneburg,K033,4.09369456491952
2005,Delmenhorst  Stadt,K03401,8.89272353654039
2005,Emden  Stadt,K03402,5.38370765867719
2005,Oldenburg(Oldb)  Stadt,K03403,6.23340585879608
2005,Osnabrück  Stadt,K03404,9.24035796696253
2005,Wilhelmshaven  Stadt,K03405,4.60910570662581
2005,Ammerland,K03451,2.83714870007162
2005,Aurich,K03452,2.80758226037196
2005,Cloppenburg,K03453,4.07409311111397
2005,Emsland,K03454,4.05659038724491
2005,Friesland,K03455,2.71762710527354
2005,Grafschaft Bentheim,K03456,9.89646092738876
2005,Leer,K03457,3.94956863125242
2005,Oldenburg,K03458,3.41602309692916
2005,Osnabrück,K03459,4.53610943416173
2005,Vechta,K03460,6.72275889154916
2005,Wesermarsch,K03461,5.58335556148306
2005,Wittmund,K03462,2.28974704075646
2005,Statistische Region Weser-Ems,K034,5.03312718974542
2005,Niedersachsen,K030,5.77294367512615
2006,Braunschweig  Stadt,K03101,8.26261778569013
2006,Salzgitter  Stadt,K03102,9.81952843013172
2006,Wolfsburg  Stadt,K03103,9.91011926004
2006,Gifhorn,K03151,4.21262587584441
2006,Goslar,K03153,4.894558186775
2006,Helmstedt,K03154,3.73303634038692
2006,Northeim,K03155,3.85392609699769
2006,Peine,K03157,4.97548033209617
2006,Wolfenbüttel,K03158,3.71575287851242
2006,Göttingen,K03159,5.7528875300131
2006,Statistische Region Braunschweig,K031,5.9493499722252
2006,Hannover  Region,K03241,10.1936440662951
2006,dav. Hannover  Lhst.,K03241001,14.505474074404
2006,dav. Hannover  Umland,K03241999,6.55831124914072
2006,Diepholz,K03251,3.77844628283335
2006,Hameln-Pyrmont,K03252,6.69175207049125
2006,Hildesheim,K03254,4.90958121827411
2006,Holzminden,K03255,4.25814171262096
2006,Nienburg (Weser),K03256,4.30657865365605
2006,Schaumburg,K03257,5.53452567697703
2006,Statistische Region Hannover,K032,7.67826731405997
2006,Celle,K03351,4.1739952510773
2006,Cuxhaven,K03352,4.15501750434548
2006,Harburg,K03353,4.39426895381218
2006,Lüchow-Dannenberg,K03354,2.49027084397972
2006,Lüneburg,K03355,3.83500278557866
2006,Osterholz,K03356,3.51206243666554
2006,Rotenburg (Wümme),K03357,3.95009638817153
2006,Heidekreis,K03358,4.20926079559037
2006,Stade,K03359,4.01781637767474
2006,Uelzen,K03360,2.84268800928902
2006,Verden,K03361,5.00877094763558
2006,Statistische Region Lüneburg,K033,4.02751010312765
2006,Delmenhorst  Stadt,K03401,8.61125862984599
2006,Emden  Stadt,K03402,5.14862200919949
2006,Oldenburg(Oldb)  Stadt,K03403,6.14045014459952
2006,Osnabrück  Stadt,K03404,9.02834008097166
2006,Wilhelmshaven  Stadt,K03405,4.48083867772987
2006,Ammerland,K03451,2.85013633323616
2006,Aurich,K03452,2.8966843975359
2006,Cloppenburg,K03453,4.19160143624273
2006,Emsland,K03454,4.54730498613627
2006,Friesland,K03455,2.71760613487232
2006,Grafschaft Bentheim,K03456,10.4212399881341
2006,Leer,K03457,4.05208440431335
2006,Oldenburg,K03458,3.49109560218819
2006,Osnabrück,K03459,4.54249457338454
2006,Vechta,K03460,6.71054213246784
2006,Wesermarsch,K03461,5.6877994285346
2006,Wittmund,K03462,2.18229607982154
2006,Statistische Region Weser-Ems,K034,5.11058966355332
2006,Niedersachsen,K030,5.74690094874093
2007,Braunschweig  Stadt,K03101,8.085513201253
2007,Salzgitter  Stadt,K03102,9.70755791872389
2007,Wolfsburg  Stadt,K03103,9.80926430517711
2007,Gifhorn,K03151,4.14160469263364
2007,Goslar,K03153,4.88280854339561
2007,Helmstedt,K03154,3.64865287730388
2007,Northeim,K03155,3.77523534475577
2007,Peine,K03157,4.85774183887391
2007,Wolfenbüttel,K03158,3.63331514937586
2007,Göttingen,K03159,5.58814837356149
2007,Statistische Region Braunschweig,K031,5.83940175764915
2007,Hannover  Region,K03241,10.1508885976502
2007,dav. Hannover  Lhst.,K03241001,14.4723965340524
2007,dav. Hannover  Umland,K03241999,6.49247512132948
2007,Diepholz,K03251,3.82491563711409
2007,Hameln-Pyrmont,K03252,6.57578848017635
2007,Hildesheim,K03254,4.81215980708398
2007,Holzminden,K03255,4.22190978016635
2007,Nienburg (Weser),K03256,4.25637535529845
2007,Schaumburg,K03257,5.41809809224472
2007,Statistische Region Hannover,K032,7.63301513648897
2007,Celle,K03351,4.08248902630925
2007,Cuxhaven,K03352,4.10381751612601
2007,Harburg,K03353,4.31099521091649
2007,Lüchow-Dannenberg,K03354,2.57802437332805
2007,Lüneburg,K03355,3.71560542945394
2007,Osterholz,K03356,3.47447172942607
2007,Rotenburg (Wümme),K03357,3.93459902831457
2007,Heidekreis,K03358,4.18442819636959
2007,Stade,K03359,4.0585313383158
2007,Uelzen,K03360,2.80778887928071
2007,Verden,K03361,4.91601067527866
2007,Statistische Region Lüneburg,K033,3.97982049599913
2007,Delmenhorst  Stadt,K03401,8.41551873294736
2007,Emden  Stadt,K03402,5.1494759639556
2007,Oldenburg(Oldb)  Stadt,K03403,6.13300075832116
2007,Osnabrück  Stadt,K03404,8.98323816540799
2007,Wilhelmshaven  Stadt,K03405,4.47245474012069
2007,Ammerland,K03451,2.88360489059389
2007,Aurich,K03452,2.88344815626429
2007,Cloppenburg,K03453,4.38904583746914
2007,Emsland,K03454,4.95195083133195
2007,Friesland,K03455,2.71088222744818
2007,Grafschaft Bentheim,K03456,10.7880535225845
2007,Leer,K03457,4.27650707501454
2007,Oldenburg,K03458,3.51063576757498
2007,Osnabrück,K03459,4.69720107453769
2007,Vechta,K03460,6.65530787774173
2007,Wesermarsch,K03461,5.57966789747576
2007,Wittmund,K03462,2.1509473173773
2007,Statistische Region Weser-Ems,K034,5.21647174459854
2007,Niedersachsen,K030,5.73403311019353
2008,Braunschweig  Stadt,K03101,7.88660715737444
2008,Salzgitter  Stadt,K03102,9.75934420577842
2008,Wolfsburg  Stadt,K03103,9.80935472631037
2008,Gifhorn,K03151,4.05029781601588
2008,Goslar,K03153,4.84721623673788
2008,Helmstedt,K03154,3.57541899441341
2008,Northeim,K03155,3.66284666352822
2008,Peine,K03157,4.81249952870382
2008,Wolfenbüttel,K03158,3.63002676629226
2008,Göttingen,K03159,5.46688324681898
2008,Statistische Region Braunschweig,K031,5.76448481168036
2008,Hannover  Region,K03241,9.95878020564756
2008,dav. Hannover  Lhst.,K03241001,14.2625654566134
2008,dav. Hannover  Umland,K03241999,6.29373723733075
2008,Diepholz,K03251,3.78068747405296
2008,Hameln-Pyrmont,K03252,6.53013465645341
2008,Hildesheim,K03254,4.76831680405214
2008,Holzminden,K03255,4.14025462099824
2008,Nienburg (Weser),K03256,4.27910656194251
2008,Schaumburg,K03257,5.21442465223874
2008,Statistische Region Hannover,K032,7.51025623249042
2008,Celle,K03351,4.13534669405429
2008,Cuxhaven,K03352,4.07571589717203
2008,Harburg,K03353,4.36151079136691
2008,Lüchow-Dannenberg,K03354,2.74592214550185
2008,Lüneburg,K03355,3.62015047135606
2008,Osterholz,K03356,3.42620414984976
2008,Rotenburg (Wümme),K03357,3.8893580311416
2008,Heidekreis,K03358,4.07622592192738
2008,Stade,K03359,4.0987145171694
2008,Uelzen,K03360,2.6859068885612
2008,Verden,K03361,4.90041928721174
2008,Statistische Region Lüneburg,K033,3.96541877106734
2008,Delmenhorst  Stadt,K03401,8.35440328557478
2008,Emden  Stadt,K03402,5.01338194794616
2008,Oldenburg(Oldb)  Stadt,K03403,5.8766276305692
2008,Osnabrück  Stadt,K03404,8.93156792376566
2008,Wilhelmshaven  Stadt,K03405,4.44411688838118
2008,Ammerland,K03451,2.87100134925108
2008,Aurich,K03452,2.72361007704046
2008,Cloppenburg,K03453,4.63921458910904
2008,Emsland,K03454,5.21215713266034
2008,Friesland,K03455,2.64687409652367
2008,Grafschaft Bentheim,K03456,11.3631667503026
2008,Leer,K03457,4.32805689100135
2008,Oldenburg,K03458,3.51746424970026
2008,Osnabrück,K03459,4.81972777721949
2008,Vechta,K03460,6.71642900688445
2008,Wesermarsch,K03461,5.52039839944328
2008,Wittmund,K03462,2.14812495651569
2008,Statistische Region Weser-Ems,K034,5.28127902053902
2008,Niedersachsen,K030,5.70186343844482
2009,Braunschweig  Stadt,K03101,7.84114793856103
2009,Salzgitter  Stadt,K03102,9.72681398990778
2009,Wolfsburg  Stadt,K03103,9.73998629333906
2009,Gifhorn,K03151,4.07451666349157
2009,Goslar,K03153,4.86660215648327
2009,Helmstedt,K03154,3.56964101253421
2009,Northeim,K03155,3.63919660199355
2009,Peine,K03157,4.84681901473506
2009,Wolfenbüttel,K03158,3.57637248994349
2009,Göttingen,K03159,5.57987000313459
2009,Statistische Region Braunschweig,K031,5.78238656044337
2009,Hannover  Region,K03241,9.90133261137683
2009,dav. Hannover  Lhst.,K03241001,14.1051431379399
2009,dav. Hannover  Umland,K03241999,6.30695097292613
2009,Diepholz,K03251,3.79106322027393
2009,Hameln-Pyrmont,K03252,6.54404372148179
2009,Hildesheim,K03254,4.73236783564282
2009,Holzminden,K03255,4.09344886225605
2009,Nienburg (Weser),K03256,4.21501109855353
2009,Schaumburg,K03257,5.22794999567223
2009,Statistische Region Hannover,K032,7.48226321390564
2009,Celle,K03351,4.16854954336753
2009,Cuxhaven,K03352,4.06783704793526
2009,Harburg,K03353,4.46821157541608
2009,Lüchow-Dannenberg,K03354,2.94573331455361
2009,Lüneburg,K03355,3.61157239525084
2009,Osterholz,K03356,3.38573048050058
2009,Rotenburg (Wümme),K03357,3.83508874585528
2009,Heidekreis,K03358,4.14414543065839
2009,Stade,K03359,4.13247897964986
2009,Uelzen,K03360,2.67611301732537
2009,Verden,K03361,4.86394455778231
2009,Statistische Region Lüneburg,K033,3.9871780186508
2009,Delmenhorst  Stadt,K03401,8.30738672965428
2009,Emden  Stadt,K03402,4.60110738516728
2009,Oldenburg(Oldb)  Stadt,K03403,5.81154623328003
2009,Osnabrück  Stadt,K03404,8.9007669068092
2009,Wilhelmshaven  Stadt,K03405,4.64522967326867
2009,Ammerland,K03451,2.93319264446846
2009,Aurich,K03452,2.70409000227546
2009,Cloppenburg,K03453,4.8982260993232
2009,Emsland,K03454,5.3478463612032
2009,Friesland,K03455,2.68600214319336
2009,Grafschaft Bentheim,K03456,11.5836448805284
2009,Leer,K03457,4.23084622991197
2009,Oldenburg,K03458,3.78917761572556
2009,Osnabrück,K03459,4.86450304714106
2009,Vechta,K03460,6.94462985211884
2009,Wesermarsch,K03461,5.43692725917481
2009,Wittmund,K03462,2.14493561708282
2009,Statistische Region Weser-Ems,K034,5.34406084650208
2009,Niedersachsen,K030,5.72135937085176
2010,Braunschweig  Stadt,K03101,7.89980190222087
2010,Salzgitter  Stadt,K03102,9.58063949059515
2010,Wolfsburg  Stadt,K03103,9.71914599303423
2010,Gifhorn,K03151,4.0685113210498
2010,Goslar,K03153,4.88064105612038
2010,Helmstedt,K03154,3.62467146365634
2010,Northeim,K03155,3.66244786423127
2010,Peine,K03157,4.84708817243556
2010,Wolfenbüttel,K03158,3.63815142576204
2010,Göttingen,K03159,5.50521446493763
2010,Statistische Region Braunschweig,K031,5.7828254427667
2010,Hannover  Region,K03241,9.89471173805129
2010,dav. Hannover  Lhst.,K03241001,14.0520312386404
2010,dav. Hannover  Umland,K03241999,6.3292115436365
2010,Diepholz,K03251,3.83174594255425
2010,Hameln-Pyrmont,K03252,6.74562741344063
2010,Hildesheim,K03254,4.82118109568119
2010,Holzminden,K03255,4.18214090660841
2010,Nienburg (Weser),K03256,4.22237860661506
2010,Schaumburg,K03257,5.19310739809258
2010,Statistische Region Hannover,K032,7.51854738672032
2010,Celle,K03351,4.24807313138555
2010,Cuxhaven,K03352,4.05608987149812
2010,Harburg,K03353,4.52995122899687
2010,Lüchow-Dannenberg,K03354,3.02155934407575
2010,Lüneburg,K03355,3.60166742817818
2010,Osterholz,K03356,3.36622689406128
2010,Rotenburg (Wümme),K03357,3.76663005004272
2010,Heidekreis,K03358,4.23619565995846
2010,Stade,K03359,4.18399853904998
2010,Uelzen,K03360,2.71750691342268
2010,Verden,K03361,4.89247795573151
2010,Statistische Region Lüneburg,K033,4.01545172723931
2010,Delmenhorst  Stadt,K03401,8.20591439060798
2010,Emden  Stadt,K03402,4.75433973961562
2010,Oldenburg(Oldb)  Stadt,K03403,5.85609195118793
2010,Osnabrück  Stadt,K03404,8.96118060675485
2010,Wilhelmshaven  Stadt,K03405,5.25552112537504
2010,Ammerland,K03451,3.00498288193621
2010,Aurich,K03452,2.83148184411502
2010,Cloppenburg,K03453,5.33648558099549
2010,Emsland,K03454,5.63477460901564
2010,Friesland,K03455,2.6195305126609
2010,Grafschaft Bentheim,K03456,11.6892637378098
2010,Leer,K03457,4.32895176224158
2010,Oldenburg,K03458,4.11684291573042
2010,Osnabrück,K03459,4.93986628215532
2010,Vechta,K03460,7.31085732858599
2010,Wesermarsch,K03461,5.24721279689772
2010,Wittmund,K03462,2.28002793296089
2010,Statistische Region Weser-Ems,K034,5.50187148780758
2010,Niedersachsen,K030,5.78600716088682
2011,Braunschweig  Stadt,K03101,8.29023619011684
2011,Salzgitter  Stadt,K03102,9.94441514180225
2011,Wolfsburg  Stadt,K03103,9.99263787441372
2011,Gifhorn,K03151,4.1758113130249
2011,Goslar,K03153,5.05749596990865
2011,Helmstedt,K03154,3.73299310375169
2011,Northeim,K03155,3.73143074804419
2011,Peine,K03157,4.89302039718818
2011,Wolfenbüttel,K03158,3.74423915299979
2011,Göttingen,K03159,5.82683715914343
2011,Statistische Region Braunschweig,K031,6.0006929074702
2011,Hannover  Region,K03241,10.4013762193562
2011,dav. Hannover  Lhst.,K03241001,14.8763947908182
2011,dav. Hannover  Umland,K03241999,6.58065402675229
2011,Diepholz,K03251,3.9981882762402
2011,Hameln-Pyrmont,K03252,6.90174098573368
2011,Hildesheim,K03254,5.01441839765832
2011,Holzminden,K03255,4.23757774588203
2011,Nienburg (Weser),K03256,4.32655078672049
2011,Schaumburg,K03257,5.31185918255576
2011,Statistische Region Hannover,K032,7.84926754213538
2011,Celle,K03351,4.36740999920479
2011,Cuxhaven,K03352,4.10569618655831
2011,Harburg,K03353,4.60778454375619
2011,Lüchow-Dannenberg,K03354,2.966464284259
2011,Lüneburg,K03355,3.80399003921344
2011,Osterholz,K03356,3.57355515057469
2011,Rotenburg (Wümme),K03357,3.91350458127289
2011,Heidekreis,K03358,4.40649068140396
2011,Stade,K03359,4.52644601903827
2011,Uelzen,K03360,2.74752369109386
2011,Verden,K03361,4.96756002910502
2011,Statistische Region Lüneburg,K033,4.15229313663566
2011,Delmenhorst  Stadt,K03401,8.50962324845974
2011,Emden  Stadt,K03402,4.98916706788637
2011,Oldenburg(Oldb)  Stadt,K03403,5.96616488909743
2011,Osnabrück  Stadt,K03404,9.84318471584915
2011,Wilhelmshaven  Stadt,K03405,5.55988872422848
2011,Ammerland,K03451,3.17843850412459
2011,Aurich,K03452,2.92909438550074
2011,Cloppenburg,K03453,5.68271705694017
2011,Emsland,K03454,6.1687749090279
2011,Friesland,K03455,2.79489459108699
2011,Grafschaft Bentheim,K03456,12.1574212893553
2011,Leer,K03457,4.55634760444171
2011,Oldenburg,K03458,4.62459585678362
2011,Osnabrück,K03459,5.2571500322472
2011,Vechta,K03460,8.07822104375075
2011,Wesermarsch,K03461,5.22635629474907
2011,Wittmund,K03462,2.49063140776356
2011,Statistische Region Weser-Ems,K034,5.84852200430975
2011,Niedersachsen,K030,6.05438233100981
2012,Braunschweig  Stadt,K03101,8.47036997860032
2012,Salzgitter  Stadt,K03102,10.1106070645803
2012,Wolfsburg  Stadt,K03103,10.4141001001988
2012,Gifhorn,K03151,4.41598690173377
2012,Goslar,K03153,5.35069056290794
2012,Helmstedt,K03154,3.76586164551781
2012,Northeim,K03155,3.77571666986663
2012,Peine,K03157,5.00434458311226
2012,Wolfenbüttel,K03158,3.90452642007376
2012,Göttingen,K03159,6.09567877368849
2012,Statistische Region Braunschweig,K031,6.21215133179679
2012,Hannover  Region,K03241,10.7278405644056
2012,dav. Hannover  Lhst.,K03241001,15.2570229335761
2012,dav. Hannover  Umland,K03241999,6.83732695334298
2012,Diepholz,K03251,4.38019563983574
2012,Hameln-Pyrmont,K03252,6.96280936094579
2012,Hildesheim,K03254,5.23626194021719
2012,Holzminden,K03255,4.23963896824411
2012,Nienburg (Weser),K03256,4.46995217300894
2012,Schaumburg,K03257,5.4415883208685
2012,Statistische Region Hannover,K032,8.12656836907755
2012,Celle,K03351,4.52972579194791
2012,Cuxhaven,K03352,4.13659317338034
2012,Harburg,K03353,4.70051715250179
2012,Lüchow-Dannenberg,K03354,3.27215500327011
2012,Lüneburg,K03355,3.98143930767479
2012,Osterholz,K03356,3.77292087785157
2012,Rotenburg (Wümme),K03357,4.11484732352578
2012,Heidekreis,K03358,4.67695843030964
2012,Stade,K03359,4.82891423492816
2012,Uelzen,K03360,2.83833148349695
2012,Verden,K03361,5.04734009944827
2012,Statistische Region Lüneburg,K033,4.31659681455163
2012,Delmenhorst  Stadt,K03401,8.99059629287384
2012,Emden  Stadt,K03402,5.59586741975036
2012,Oldenburg(Oldb)  Stadt,K03403,6.34572476647884
2012,Osnabrück  Stadt,K03404,10.2714859437751
2012,Wilhelmshaven  Stadt,K03405,5.87758834672415
2012,Ammerland,K03451,3.61383757142013
2012,Aurich,K03452,3.07275288874127
2012,Cloppenburg,K03453,6.68612098754632
2012,Emsland,K03454,6.74817407425165
2012,Friesland,K03455,2.76079607919693
2012,Grafschaft Bentheim,K03456,12.5460150240924
2012,Leer,K03457,4.79105004811147
2012,Oldenburg,K03458,5.04572891167582
2012,Osnabrück,K03459,5.5107235392816
2012,Vechta,K03460,8.3791641066371
2012,Wesermarsch,K03461,5.23865089872764
2012,Wittmund,K03462,2.56555835491998
2012,Statistische Region Weser-Ems,K034,6.22560350175354
2012,Niedersachsen,K030,6.3256500357694
2013,Braunschweig  Stadt,K03101,8.94805179045978
2013,Salzgitter  Stadt,K03102,10.7905536829027
2013,Wolfsburg  Stadt,K03103,11.4464669230832
2013,Gifhorn,K03151,4.66015454147835
2013,Goslar,K03153,5.76567295205067
2013,Helmstedt,K03154,4.0719728387689
2013,Northeim,K03155,4.01452536369105
2013,Peine,K03157,5.28171990134233
2013,Wolfenbüttel,K03158,4.21267723102585
2013,Göttingen,K03159,6.4703018047496
2013,Statistische Region Braunschweig,K031,6.63823799824247
2013,Hannover  Region,K03241,11.3406924001765
2013,dav. Hannover  Lhst.,K03241001,15.9585714120366
2013,dav. Hannover  Umland,K03241999,7.35851881425292
2013,Diepholz,K03251,5.12538401085947
2013,Hameln-Pyrmont,K03252,7.25457683327129
2013,Hildesheim,K03254,5.59269121627283
2013,Holzminden,K03255,4.30457587267137
2013,Nienburg (Weser),K03256,4.86366063680662
2013,Schaumburg,K03257,5.69026793231319
2013,Statistische Region Hannover,K032,8.6500793919619
2013,Celle,K03351,4.85269321910317
2013,Cuxhaven,K03352,4.40472617963755
2013,Harburg,K03353,4.79719686582589
2013,Lüchow-Dannenberg,K03354,3.86685843435381
2013,Lüneburg,K03355,4.25175553254455
2013,Osterholz,K03356,4.04844789956891
2013,Rotenburg (Wümme),K03357,4.46599052743819
2013,Heidekreis,K03358,5.3284012594403
2013,Stade,K03359,5.37869689999796
2013,Uelzen,K03360,3.28186582355234
2013,Verden,K03361,5.32995115469692
2013,Statistische Region Lüneburg,K033,4.66052248863758
2013,Delmenhorst  Stadt,K03401,9.6729325338951
2013,Emden  Stadt,K03402,6.4651536453103
2013,Oldenburg(Oldb)  Stadt,K03403,6.75270972996679
2013,Osnabrück  Stadt,K03404,10.6208617215238
2013,Wilhelmshaven  Stadt,K03405,5.86308894992605
2013,Ammerland,K03451,3.75467967862701
2013,Aurich,K03452,3.5224368912316
2013,Cloppenburg,K03453,7.04974528019179
2013,Emsland,K03454,7.22020855050703
2013,Friesland,K03455,2.90134201229749
2013,Grafschaft Bentheim,K03456,12.9437903020692
2013,Leer,K03457,5.09005291519006
2013,Oldenburg,K03458,5.62896531984926
2013,Osnabrück,K03459,5.86608126702103
2013,Vechta,K03460,8.79586848302382
2013,Wesermarsch,K03461,5.56449887989553
2013,Wittmund,K03462,2.92730496453901
2013,Statistische Region Weser-Ems,K034,6.61104627515743
2013,Niedersachsen,K030,6.74776996105158
2014,Braunschweig  Stadt,K03101,9.27759132723278
2014,Salzgitter  Stadt,K03102,11.7414061394822
2014,Wolfsburg  Stadt,K03103,12.3745194144375
2014,Gifhorn,K03151,5.13848882294643
2014,Goslar,K03153,6.29043539080259
2014,Helmstedt,K03154,4.51005412064945
2014,Northeim,K03155,4.42403196295881
2014,Peine,K03157,5.66687850782153
2014,Wolfenbüttel,K03158,4.52534677385763
2014,Göttingen,K03159,6.90771420332456
2014,Statistische Region Braunschweig,K031,7.12351416739568
2014,Hannover  Region,K03241,12.1035923467049
2014,dav. Hannover  Lhst.,K03241001,16.9086895245225
2014,dav. Hannover  Umland,K03241999,7.94050248595703
2014,Diepholz,K03251,5.50989374351589
2014,Hameln-Pyrmont,K03252,7.89172806180783
2014,Hildesheim,K03254,5.97769473400497
2014,Holzminden,K03255,4.38282146756628
2014,Nienburg (Weser),K03256,5.26535764141402
2014,Schaumburg,K03257,6.11240511527331
2014,Statistische Region Hannover,K032,9.25800590301805
2014,Celle,K03351,5.39461957231333
2014,Cuxhaven,K03352,4.97339763297372
2014,Harburg,K03353,4.90825819028626
2014,Lüchow-Dannenberg,K03354,4.60515514693811
2014,Lüneburg,K03355,4.69565803213528
2014,Osterholz,K03356,4.56567758602131
2014,Rotenburg (Wümme),K03357,4.91961295584582
2014,Heidekreis,K03358,5.74522760646109
2014,Stade,K03359,5.83647340059155
2014,Uelzen,K03360,3.87753558190051
2014,Verden,K03361,5.73809255714447
2014,Statistische Region Lüneburg,K033,5.10015109836891
2014,Delmenhorst  Stadt,K03401,10.8804342013796
2014,Emden  Stadt,K03402,7.27967050543826
2014,Oldenburg(Oldb)  Stadt,K03403,7.16127949685222
2014,Osnabrück  Stadt,K03404,11.2481436866224
2014,Wilhelmshaven  Stadt,K03405,6.21971562475177
2014,Ammerland,K03451,4.13035683014085
2014,Aurich,K03452,4.20376812519282
2014,Cloppenburg,K03453,7.9882968894364
2014,Emsland,K03454,7.99950594919511
2014,Friesland,K03455,3.17525815735994
2014,Grafschaft Bentheim,K03456,13.4676800988618
2014,Leer,K03457,5.61730666007273
2014,Oldenburg,K03458,6.15940314516002
2014,Osnabrück,K03459,6.27184642885607
2014,Vechta,K03460,9.82934852846149
2014,Wesermarsch,K03461,5.94829042978651
2014,Wittmund,K03462,3.47547710429969
2014,Statistische Region Weser-Ems,K034,7.2206958795249
2014,Niedersachsen,K030,7.29534995353748
2015,Braunschweig  Stadt,K03101,10.3865310863926
2015,Salzgitter  Stadt,K03102,13.4093135072567
2015,Wolfsburg  Stadt,K03103,13.6772945302108
2015,Gifhorn,K03151,5.65827616888149
2015,Goslar,K03153,7.68251396163083
2015,Helmstedt,K03154,5.70601092896175
2015,Northeim,K03155,5.3107579172103
2015,Peine,K03157,6.84628174123337
2015,Wolfenbüttel,K03158,5.51739529347584
2015,Göttingen,K03159,7.90411392696942
2015,Statistische Region Braunschweig,K031,8.19271363890064
2015,Hannover  Region,K03241,13.5166944667496
2015,dav. Hannover  Lhst.,K03241001,18.2945826748571
2015,dav. Hannover  Umland,K03241999,9.36425190832215
2015,Diepholz,K03251,6.46147231465211
2015,Hameln-Pyrmont,K03252,9.0780342727659
2015,Hildesheim,K03254,7.06249661619534
2015,Holzminden,K03255,5.37964526437712
2015,Nienburg (Weser),K03256,6.17746534916108
2015,Schaumburg,K03257,6.86017182438575
2015,Statistische Region Hannover,K032,10.4851122502099
2015,Celle,K03351,6.16617314056785
2015,Cuxhaven,K03352,5.98829901616836
2015,Harburg,K03353,5.27643659167668
2015,Lüchow-Dannenberg,K03354,5.51986913501436
2015,Lüneburg,K03355,5.21140555226623
2015,Osterholz,K03356,5.35574357935886
2015,Rotenburg (Wümme),K03357,5.95823660208388
2015,Heidekreis,K03358,6.69166714196087
2015,Stade,K03359,7.34001819508733
2015,Uelzen,K03360,4.4925964501616
2015,Verden,K03361,6.81570054587991
2015,Statistische Region Lüneburg,K033,5.96216754540818
2015,Delmenhorst  Stadt,K03401,13.1402067528792
2015,Emden  Stadt,K03402,9.0267092752594
2015,Oldenburg(Oldb)  Stadt,K03403,8.28846975523408
2015,Osnabrück  Stadt,K03404,11.9585229336896
2015,Wilhelmshaven  Stadt,K03405,7.86762286992565
2015,Ammerland,K03451,5.01008770123935
2015,Aurich,K03452,5.17391740971147
2015,Cloppenburg,K03453,9.040635205847
2015,Emsland,K03454,9.46044921875
2015,Friesland,K03455,4.06230847803882
2015,Grafschaft Bentheim,K03456,14.6164732939217
2015,Leer,K03457,6.47635304509752
2015,Oldenburg,K03458,7.28803806917144
2015,Osnabrück,K03459,6.88870333082923
2015,Vechta,K03460,11.3856933544166
2015,Wesermarsch,K03461,7.20424926321451
2015,Wittmund,K03462,4.47413989120739
2015,Statistische Region Weser-Ems,K034,8.33098307170648
2015,Niedersachsen,K030,8.37455004346757
2016,Braunschweig  Stadt,K03101,11.3404673720277
2016,Salzgitter  Stadt,K03102,16.2875718640275
2016,Wolfsburg  Stadt,K03103,14.3411697293982
2016,Gifhorn,K03151,6.20318285083176
2016,Goslar,K03153,8.51216489465788
2016,Helmstedt,K03154,6.7659292563994
2016,Northeim,K03155,6.17094528852631
2016,Peine,K03157,7.45230449920664
2016,Wolfenbüttel,K03158,6.02957718520479
2016,Göttingen,K03159,8.59326148526869
2016,Statistische Region Braunschweig,K031,9.09715350063831
2016,Hannover  Region,K03241,14.6892138939671
2016,dav. Hannover  Lhst.,K03241001,19.6044394066779
2016,dav. Hannover  Umland,K03241999,10.4362200326061
2016,Diepholz,K03251,7.22515133762937
2016,Hameln-Pyrmont,K03252,10.160860621185
2016,Hildesheim,K03254,7.90299314821493
2016,Holzminden,K03255,6.01314501468326
2016,Nienburg (Weser),K03256,7.71997399241171
2016,Schaumburg,K03257,7.9941122728657
2016,Statistische Region Hannover,K032,11.5671858002146
2016,Celle,K03351,7.10601558558053
2016,Cuxhaven,K03352,6.6517340313082
2016,Harburg,K03353,6.3976574546791
2016,Lüchow-Dannenberg,K03354,5.78597030209933
2016,Lüneburg,K03355,6.49761845764159
2016,Osterholz,K03356,5.51044855583655
2016,Rotenburg (Wümme),K03357,6.56171192125946
2016,Heidekreis,K03358,7.97759970209322
2016,Stade,K03359,8.10611095130878
2016,Uelzen,K03360,5.40011402631211
2016,Verden,K03361,7.40198171405015
2016,Statistische Region Lüneburg,K033,6.80890521701111
2016,Delmenhorst  Stadt,K03401,14.5694074891297
2016,Emden  Stadt,K03402,9.81460206790001
2016,Oldenburg(Oldb)  Stadt,K03403,9.31742612137999
2016,Osnabrück  Stadt,K03404,13.9300298653014
2016,Wilhelmshaven  Stadt,K03405,9.08780724662406
2016,Ammerland,K03451,5.81101566447701
2016,Aurich,K03452,5.81640061873244
2016,Cloppenburg,K03453,10.4532031579582
2016,Emsland,K03454,10.6132405698977
2016,Friesland,K03455,4.82171346116717
2016,Grafschaft Bentheim,K03456,15.478382558739
2016,Leer,K03457,7.32230628874374
2016,Oldenburg,K03458,8.38713663464212
2016,Osnabrück,K03459,8.17345768262746
2016,Vechta,K03460,12.6475789533976
2016,Wesermarsch,K03461,8.13153827199212
2016,Wittmund,K03462,4.500624109984
2016,Statistische Region Weser-Ems,K034,9.43556962757691
2016,Niedersachsen,K030,9.37848656220326
2017,Braunschweig  Stadt,K03101,11.4586147252473
2017,Salzgitter  Stadt,K03102,18.0156483146497
2017,Wolfsburg  Stadt,K03103,14.8651484093807
2017,Gifhorn,K03151,6.36284191707743
2017,Goslar,K03153,9.29028881312562
2017,Helmstedt,K03154,6.99411251635412
2017,Northeim,K03155,6.34367061016491
2017,Peine,K03157,7.80921960290324
2017,Wolfenbüttel,K03158,6.09862417695559
2017,Göttingen,K03159,8.84405687319599
2017,Statistische Region Braunschweig,K031,9.47338340851295
2017,Hannover  Region,K03241,15.1968247771488
2017,dav. Hannover  Lhst.,K03241001,20.1780731542759
2017,dav. Hannover  Umland,K03241999,10.8813919373589
2017,Diepholz,K03251,7.43708682850953
2017,Hameln-Pyrmont,K03252,10.6509953066839
2017,Hildesheim,K03254,8.23272122614228
2017,Holzminden,K03255,6.11435960868099
2017,Nienburg (Weser),K03256,8.24071787272578
2017,Schaumburg,K03257,8.57913771590355
2017,Statistische Region Hannover,K032,12.019150047572
2017,Celle,K03351,7.51269830614665
2017,Cuxhaven,K03352,6.67087329631499
2017,Harburg,K03353,6.94800625022365
2017,Lüchow-Dannenberg,K03354,5.34565833281635
2017,Lüneburg,K03355,6.61728530038813
2017,Osterholz,K03356,5.62309358560629
2017,Rotenburg (Wümme),K03357,6.63802126370297
2017,Heidekreis,K03358,7.85052372770473
2017,Stade,K03359,8.55924353722627
2017,Uelzen,K03360,5.75239368584491
2017,Verden,K03361,7.69456036313054
2017,Statistische Region Lüneburg,K033,7.03560110263094
2017,Delmenhorst  Stadt,K03401,16.0085654209827
2017,Emden  Stadt,K03402,10.7099808326911
2017,Oldenburg(Oldb)  Stadt,K03403,9.93230828161191
2017,Osnabrück  Stadt,K03404,14.5491379415236
2017,Wilhelmshaven  Stadt,K03405,10.2468682845013
2017,Ammerland,K03451,6.15998119584688
2017,Aurich,K03452,5.89631953840241
2017,Cloppenburg,K03453,10.1533422658925
2017,Emsland,K03454,11.2564733218801
2017,Friesland,K03455,4.84219715965039
2017,Grafschaft Bentheim,K03456,15.5602499650373
2017,Leer,K03457,7.52015436885159
2017,Oldenburg,K03458,8.75511837689726
2017,Osnabrück,K03459,8.68478688156343
2017,Vechta,K03460,13.2631279351074
2017,Wesermarsch,K03461,8.22830311608366
2017,Wittmund,K03462,4.57421868114435
2017,Statistische Region Weser-Ems,K034,9.85214529793277
2017,Niedersachsen,K030,9.75614656950623
2018,Braunschweig  Stadt,K03101,11.973805036006
2018,Salzgitter  Stadt,K03102,18.9141289019324
2018,Wolfsburg  Stadt,K03103,15.5657223864488
2018,Gifhorn,K03151,6.71327876307412
2018,Goslar,K03153,9.82016436276585
2018,Helmstedt,K03154,7.10241273943947
2018,Northeim,K03155,6.63201898090611
2018,Peine,K03157,8.23722614115627
2018,Wolfenbüttel,K03158,6.26458819606536
2018,Göttingen,K03159,9.19609600273109
2018,Statistische Region Braunschweig,K031,9.90856905178916
2018,Hannover  Region,K03241,15.6847128255807
2018,dav. Hannover  Lhst.,K03241001,20.6767546109414
2018,dav. Hannover  Umland,K03241999,11.3492565643784
2018,Diepholz,K03251,8.09872467563605
2018,Hameln-Pyrmont,K03252,11.1302580119683
2018,Hildesheim,K03254,8.70951647541161
2018,Holzminden,K03255,6.10073969707644
2018,Nienburg (Weser),K03256,8.59242416753168
2018,Schaumburg,K03257,8.86355137817608
2018,Statistische Region Hannover,K032,12.4897374413028
2018,Celle,K03351,7.89667814190549
2018,Cuxhaven,K03352,6.72761120612674
2018,Harburg,K03353,7.48884387758331
2018,Lüchow-Dannenberg,K03354,5.50346935403932
2018,Lüneburg,K03355,6.9585323822612
2018,Osterholz,K03356,5.77887012517949
2018,Rotenburg (Wümme),K03357,6.81839038267413
2018,Heidekreis,K03358,8.26088512038925
2018,Stade,K03359,9.13580368484801
2018,Uelzen,K03360,6.05474657563842
2018,Verden,K03361,8.02313000760278
2018,Statistische Region Lüneburg,K033,7.37588213083767
2018,Delmenhorst  Stadt,K03401,16.7124099630188
2018,Emden  Stadt,K03402,11.0170335690806
2018,Oldenburg(Oldb)  Stadt,K03403,10.3234052672255
2018,Osnabrück  Stadt,K03404,14.8529875931726
2018,Wilhelmshaven  Stadt,K03405,11.0254595033955
2018,Ammerland,K03451,6.50837020738126
2018,Aurich,K03452,6.06537861868442
2018,Cloppenburg,K03453,11.1693081701585
2018,Emsland,K03454,11.9220529575596
2018,Friesland,K03455,4.90554539914686
2018,Grafschaft Bentheim,K03456,15.7862736336266
2018,Leer,K03457,8.01488731457108
2018,Oldenburg,K03458,8.9093619375461
2018,Osnabrück,K03459,9.12988361322315
2018,Vechta,K03460,13.9761861043235
2018,Wesermarsch,K03461,8.41194258891497
2018,Wittmund,K03462,4.70271790724658
2018,Statistische Region Weser-Ems,K034,10.3037896388318
2018,Niedersachsen,K030,10.1858477499634
2019,Braunschweig  Stadt,K03101,12.6079565046551
2019,Salzgitter  Stadt,K03102,19.3449099155248
2019,Wolfsburg  Stadt,K03103,16.2095665388234
2019,Gifhorn,K03151,6.98492547713329
2019,Goslar,K03153,10.2867372993279
2019,Helmstedt,K03154,7.1579569974917
2019,Northeim,K03155,6.97357977094909
2019,Peine,K03157,8.41240050147996
2019,Wolfenbüttel,K03158,6.41604387152865
2019,Göttingen,K03159,9.84232044436129
2019,Statistische Region Braunschweig,K031,10.3452880974639
2019,Hannover  Region,K03241,16.0148299866478
2019,dav. Hannover  Lhst.,K03241001,21.1277180239326
2019,dav. Hannover  Umland,K03241999,11.5883842048405
2019,Diepholz,K03251,8.54257931078958
2019,Hameln-Pyrmont,K03252,11.3834492322399
2019,Hildesheim,K03254,9.06216803170218
2019,Holzminden,K03255,6.06744443498254
2019,Nienburg (Weser),K03256,8.52211879067469
2019,Schaumburg,K03257,9.03244202255734
2019,Statistische Region Hannover,K032,12.7841980264757
2019,Celle,K03351,8.00509465898744
2019,Cuxhaven,K03352,6.73860572213414
2019,Harburg,K03353,8.36572587459862
2019,Lüchow-Dannenberg,K03354,5.75270594067586
2019,Lüneburg,K03355,7.12505227029581
2019,Osterholz,K03356,5.89407344989818
2019,Rotenburg (Wümme),K03357,7.07342687230587
2019,Heidekreis,K03358,8.90362756179224
2019,Stade,K03359,9.47866139884212
2019,Uelzen,K03360,6.23992033683664
2019,Verden,K03361,8.14902321104329
2019,Statistische Region Lüneburg,K033,7.69175646451276
2019,Delmenhorst  Stadt,K03401,17.0450882553927
2019,Emden  Stadt,K03402,11.3697834231563
2019,Oldenburg(Oldb)  Stadt,K03403,10.8145992654234
2019,Osnabrück  Stadt,K03404,15.3039921089736
2019,Wilhelmshaven  Stadt,K03405,11.5456899157565
2019,Ammerland,K03451,6.82770164745833
2019,Aurich,K03452,6.05185192995034
2019,Cloppenburg,K03453,11.0673650414221
2019,Emsland,K03454,12.3656538840326
2019,Friesland,K03455,4.90355000810504
2019,Grafschaft Bentheim,K03456,16.0612997769061
2019,Leer,K03457,8.69954789289981
2019,Oldenburg,K03458,9.56910382764153
2019,Osnabrück,K03459,9.34009159964254
2019,Vechta,K03460,14.5048804739031
2019,Wesermarsch,K03461,8.78272354740752
2019,Wittmund,K03462,4.82204967853002
2019,Statistische Region Weser-Ems,K034,10.6355858125891
2019,Niedersachsen,K030,10.5229703533123
2020,Braunschweig  Stadt,K03101,12.5
2020,Salzgitter  Stadt,K03102,20.0
2020,Wolfsburg  Stadt,K03103,16.4
2020,Gifhorn,K03151,7.3
2020,Goslar,K03153,10.3
2020,Helmstedt,K03154,7.4
2020,Northeim,K03155,7.1
2020,Peine,K03157,8.8
2020,Wolfenbüttel,K03158,6.6
2020,Göttingen,K03159,10.0
2020,Statistische Region Braunschweig,K031,10.5
2020,Hannover  Region,K03241,16.1
2020,dav. Hannover  Lhst.,K03241001,21.0
2020,dav. Hannover  Umland,K03241999,11.838443474048
2020,Diepholz,K03251,8.9
2020,Hameln-Pyrmont,K03252,11.8
2020,Hildesheim,K03254,9.3
2020,Holzminden,K03255,6.4
2020,Nienburg (Weser),K03256,8.7
2020,Schaumburg,K03257,9.3
2020,Statistische Region Hannover,K032,12.9
2020,Celle,K03351,8.0
2020,Cuxhaven,K03352,6.7
2020,Harburg,K03353,8.9
2020,Lüchow-Dannenberg,K03354,6.0
2020,Lüneburg,K03355,7.1
2020,Osterholz,K03356,6.1
2020,Rotenburg (Wümme),K03357,7.3
2020,Heidekreis,K03358,9.0
2020,Stade,K03359,9.7
2020,Uelzen,K03360,6.5
2020,Verden,K03361,8.3
2020,Statistische Region Lüneburg,K033,7.9
2020,Delmenhorst  Stadt,K03401,17.7
2020,Emden  Stadt,K03402,12.1
2020,Oldenburg(Oldb)  Stadt,K03403,11.3
2020,Osnabrück  Stadt,K03404,15.5
2020,Wilhelmshaven  Stadt,K03405,11.7
2020,Ammerland,K03451,7.0
2020,Aurich,K03452,6.0
2020,Cloppenburg,K03453,11.9
2020,Emsland,K03454,12.5
2020,Friesland,K03455,5.0
2020,Grafschaft Bentheim,K03456,16.3
2020,Leer,K03457,8.9
2020,Oldenburg,K03458,9.8
2020,Osnabrück,K03459,9.7
2020,Vechta,K03460,14.9
2020,Wesermarsch,K03461,8.8
2020,Wittmund,K03462,5.1
2020,Statistische Region Weser-Ems,K034,10.9
2020,Niedersachsen,K030,10.7
2020,Wittmund,K03462,5.1
2020,Statistische Region Weser-Ems,K034,10.9
2020,Niedersachsen,K030,10.7
