Year,Gebietseinheit,Nationalität,GeoCode,Value
2005,Braunschweig  Stadt,Ausländerinnen und Ausländer,K03101,84
2005,Salzgitter  Stadt,Ausländerinnen und Ausländer,K03102,41
2005,Wolfsburg  Stadt,Ausländerinnen und Ausländer,K03103,42
2005,Gifhorn,Ausländerinnen und Ausländer,K03151,12
2005,Goslar,Ausländerinnen und Ausländer,K03153,44
2005,Helmstedt,Ausländerinnen und Ausländer,K03154,20
2005,Northeim,Ausländerinnen und Ausländer,K03155,41
2005,Peine,Ausländerinnen und Ausländer,K03157,38
2005,Wolfenbüttel,Ausländerinnen und Ausländer,K03158,18
2005,Göttingen,Ausländerinnen und Ausländer,K03159,128
2005,Statistische Region Braunschweig,Ausländerinnen und Ausländer,K031,468
2005,Hannover  Region,Ausländerinnen und Ausländer,K03241,404
2005,dav. Hannover  Lhst.,Ausländerinnen und Ausländer,K03241001,270
2005,dav. Hannover  Umland,Ausländerinnen und Ausländer,K03241999,134
2005,Diepholz,Ausländerinnen und Ausländer,K03251,50
2005,Hameln-Pyrmont,Ausländerinnen und Ausländer,K03252,35
2005,Hildesheim,Ausländerinnen und Ausländer,K03254,118
2005,Holzminden,Ausländerinnen und Ausländer,K03255,13
2005,Nienburg (Weser),Ausländerinnen und Ausländer,K03256,48
2005,Schaumburg,Ausländerinnen und Ausländer,K03257,33
2005,Statistische Region Hannover,Ausländerinnen und Ausländer,K032,701
2005,Celle,Ausländerinnen und Ausländer,K03351,40
2005,Cuxhaven,Ausländerinnen und Ausländer,K03352,45
2005,Harburg,Ausländerinnen und Ausländer,K03353,55
2005,Lüchow-Dannenberg,Ausländerinnen und Ausländer,K03354,5
2005,Lüneburg,Ausländerinnen und Ausländer,K03355,42
2005,Osterholz,Ausländerinnen und Ausländer,K03356,42
2005,Rotenburg (Wümme),Ausländerinnen und Ausländer,K03357,37
2005,Heidekreis,Ausländerinnen und Ausländer,K03358,42
2005,Stade,Ausländerinnen und Ausländer,K03359,43
2005,Uelzen,Ausländerinnen und Ausländer,K03360,28
2005,Verden,Ausländerinnen und Ausländer,K03361,44
2005,Statistische Region Lüneburg,Ausländerinnen und Ausländer,K033,423
2005,Delmenhorst  Stadt,Ausländerinnen und Ausländer,K03401,18
2005,Emden  Stadt,Ausländerinnen und Ausländer,K03402,14
2005,Oldenburg(Oldb)  Stadt,Ausländerinnen und Ausländer,K03403,101
2005,Osnabrück  Stadt,Ausländerinnen und Ausländer,K03404,60
2005,Wilhelmshaven  Stadt,Ausländerinnen und Ausländer,K03405,26
2005,Ammerland,Ausländerinnen und Ausländer,K03451,14
2005,Aurich,Ausländerinnen und Ausländer,K03452,43
2005,Cloppenburg,Ausländerinnen und Ausländer,K03453,32
2005,Emsland,Ausländerinnen und Ausländer,K03454,87
2005,Friesland,Ausländerinnen und Ausländer,K03455,17
2005,Grafschaft Bentheim,Ausländerinnen und Ausländer,K03456,57
2005,Leer,Ausländerinnen und Ausländer,K03457,35
2005,Oldenburg,Ausländerinnen und Ausländer,K03458,28
2005,Osnabrück,Ausländerinnen und Ausländer,K03459,61
2005,Vechta,Ausländerinnen und Ausländer,K03460,86
2005,Wesermarsch,Ausländerinnen und Ausländer,K03461,17
2005,Wittmund,Ausländerinnen und Ausländer,K03462,16
2005,Statistische Region Weser-Ems,Ausländerinnen und Ausländer,K034,712
2005,Niedersachsen,Ausländerinnen und Ausländer,K030,2304
2006,Braunschweig  Stadt,Ausländerinnen und Ausländer,K03101,72
2006,Salzgitter  Stadt,Ausländerinnen und Ausländer,K03102,37
2006,Wolfsburg  Stadt,Ausländerinnen und Ausländer,K03103,49
2006,Gifhorn,Ausländerinnen und Ausländer,K03151,8
2006,Goslar,Ausländerinnen und Ausländer,K03153,44
2006,Helmstedt,Ausländerinnen und Ausländer,K03154,12
2006,Northeim,Ausländerinnen und Ausländer,K03155,40
2006,Peine,Ausländerinnen und Ausländer,K03157,29
2006,Wolfenbüttel,Ausländerinnen und Ausländer,K03158,19
2006,Göttingen,Ausländerinnen und Ausländer,K03159,114
2006,Statistische Region Braunschweig,Ausländerinnen und Ausländer,K031,424
2006,Hannover  Region,Ausländerinnen und Ausländer,K03241,467
2006,dav. Hannover  Lhst.,Ausländerinnen und Ausländer,K03241001,293
2006,dav. Hannover  Umland,Ausländerinnen und Ausländer,K03241999,174
2006,Diepholz,Ausländerinnen und Ausländer,K03251,48
2006,Hameln-Pyrmont,Ausländerinnen und Ausländer,K03252,64
2006,Hildesheim,Ausländerinnen und Ausländer,K03254,107
2006,Holzminden,Ausländerinnen und Ausländer,K03255,16
2006,Nienburg (Weser),Ausländerinnen und Ausländer,K03256,36
2006,Schaumburg,Ausländerinnen und Ausländer,K03257,33
2006,Statistische Region Hannover,Ausländerinnen und Ausländer,K032,771
2006,Celle,Ausländerinnen und Ausländer,K03351,29
2006,Cuxhaven,Ausländerinnen und Ausländer,K03352,44
2006,Harburg,Ausländerinnen und Ausländer,K03353,47
2006,Lüchow-Dannenberg,Ausländerinnen und Ausländer,K03354,10
2006,Lüneburg,Ausländerinnen und Ausländer,K03355,29
2006,Osterholz,Ausländerinnen und Ausländer,K03356,28
2006,Rotenburg (Wümme),Ausländerinnen und Ausländer,K03357,41
2006,Heidekreis,Ausländerinnen und Ausländer,K03358,40
2006,Stade,Ausländerinnen und Ausländer,K03359,50
2006,Uelzen,Ausländerinnen und Ausländer,K03360,25
2006,Verden,Ausländerinnen und Ausländer,K03361,28
2006,Statistische Region Lüneburg,Ausländerinnen und Ausländer,K033,371
2006,Delmenhorst  Stadt,Ausländerinnen und Ausländer,K03401,16
2006,Emden  Stadt,Ausländerinnen und Ausländer,K03402,15
2006,Oldenburg(Oldb)  Stadt,Ausländerinnen und Ausländer,K03403,97
2006,Osnabrück  Stadt,Ausländerinnen und Ausländer,K03404,80
2006,Wilhelmshaven  Stadt,Ausländerinnen und Ausländer,K03405,22
2006,Ammerland,Ausländerinnen und Ausländer,K03451,16
2006,Aurich,Ausländerinnen und Ausländer,K03452,37
2006,Cloppenburg,Ausländerinnen und Ausländer,K03453,20
2006,Emsland,Ausländerinnen und Ausländer,K03454,81
2006,Friesland,Ausländerinnen und Ausländer,K03455,19
2006,Grafschaft Bentheim,Ausländerinnen und Ausländer,K03456,86
2006,Leer,Ausländerinnen und Ausländer,K03457,23
2006,Oldenburg,Ausländerinnen und Ausländer,K03458,15
2006,Osnabrück,Ausländerinnen und Ausländer,K03459,59
2006,Vechta,Ausländerinnen und Ausländer,K03460,92
2006,Wesermarsch,Ausländerinnen und Ausländer,K03461,16
2006,Wittmund,Ausländerinnen und Ausländer,K03462,14
2006,Statistische Region Weser-Ems,Ausländerinnen und Ausländer,K034,708
2006,Niedersachsen,Ausländerinnen und Ausländer,K030,2274
2007,Braunschweig  Stadt,Ausländerinnen und Ausländer,K03101,82
2007,Salzgitter  Stadt,Ausländerinnen und Ausländer,K03102,32
2007,Wolfsburg  Stadt,Ausländerinnen und Ausländer,K03103,43
2007,Gifhorn,Ausländerinnen und Ausländer,K03151,11
2007,Goslar,Ausländerinnen und Ausländer,K03153,28
2007,Helmstedt,Ausländerinnen und Ausländer,K03154,15
2007,Northeim,Ausländerinnen und Ausländer,K03155,49
2007,Peine,Ausländerinnen und Ausländer,K03157,27
2007,Wolfenbüttel,Ausländerinnen und Ausländer,K03158,26
2007,Göttingen,Ausländerinnen und Ausländer,K03159,113
2007,Statistische Region Braunschweig,Ausländerinnen und Ausländer,K031,426
2007,Hannover  Region,Ausländerinnen und Ausländer,K03241,421
2007,dav. Hannover  Lhst.,Ausländerinnen und Ausländer,K03241001,262
2007,dav. Hannover  Umland,Ausländerinnen und Ausländer,K03241999,159
2007,Diepholz,Ausländerinnen und Ausländer,K03251,43
2007,Hameln-Pyrmont,Ausländerinnen und Ausländer,K03252,66
2007,Hildesheim,Ausländerinnen und Ausländer,K03254,111
2007,Holzminden,Ausländerinnen und Ausländer,K03255,18
2007,Nienburg (Weser),Ausländerinnen und Ausländer,K03256,29
2007,Schaumburg,Ausländerinnen und Ausländer,K03257,47
2007,Statistische Region Hannover,Ausländerinnen und Ausländer,K032,735
2007,Celle,Ausländerinnen und Ausländer,K03351,35
2007,Cuxhaven,Ausländerinnen und Ausländer,K03352,49
2007,Harburg,Ausländerinnen und Ausländer,K03353,60
2007,Lüchow-Dannenberg,Ausländerinnen und Ausländer,K03354,10
2007,Lüneburg,Ausländerinnen und Ausländer,K03355,33
2007,Osterholz,Ausländerinnen und Ausländer,K03356,29
2007,Rotenburg (Wümme),Ausländerinnen und Ausländer,K03357,38
2007,Heidekreis,Ausländerinnen und Ausländer,K03358,23
2007,Stade,Ausländerinnen und Ausländer,K03359,31
2007,Uelzen,Ausländerinnen und Ausländer,K03360,20
2007,Verden,Ausländerinnen und Ausländer,K03361,46
2007,Statistische Region Lüneburg,Ausländerinnen und Ausländer,K033,374
2007,Delmenhorst  Stadt,Ausländerinnen und Ausländer,K03401,28
2007,Emden  Stadt,Ausländerinnen und Ausländer,K03402,16
2007,Oldenburg(Oldb)  Stadt,Ausländerinnen und Ausländer,K03403,95
2007,Osnabrück  Stadt,Ausländerinnen und Ausländer,K03404,75
2007,Wilhelmshaven  Stadt,Ausländerinnen und Ausländer,K03405,16
2007,Ammerland,Ausländerinnen und Ausländer,K03451,20
2007,Aurich,Ausländerinnen und Ausländer,K03452,60
2007,Cloppenburg,Ausländerinnen und Ausländer,K03453,44
2007,Emsland,Ausländerinnen und Ausländer,K03454,89
2007,Friesland,Ausländerinnen und Ausländer,K03455,18
2007,Grafschaft Bentheim,Ausländerinnen und Ausländer,K03456,109
2007,Leer,Ausländerinnen und Ausländer,K03457,40
2007,Oldenburg,Ausländerinnen und Ausländer,K03458,30
2007,Osnabrück,Ausländerinnen und Ausländer,K03459,87
2007,Vechta,Ausländerinnen und Ausländer,K03460,86
2007,Wesermarsch,Ausländerinnen und Ausländer,K03461,28
2007,Wittmund,Ausländerinnen und Ausländer,K03462,9
2007,Statistische Region Weser-Ems,Ausländerinnen und Ausländer,K034,850
2007,Niedersachsen,Ausländerinnen und Ausländer,K030,2385
2008,Braunschweig  Stadt,Ausländerinnen und Ausländer,K03101,67
2008,Salzgitter  Stadt,Ausländerinnen und Ausländer,K03102,32
2008,Wolfsburg  Stadt,Ausländerinnen und Ausländer,K03103,50
2008,Gifhorn,Ausländerinnen und Ausländer,K03151,34
2008,Goslar,Ausländerinnen und Ausländer,K03153,39
2008,Helmstedt,Ausländerinnen und Ausländer,K03154,16
2008,Northeim,Ausländerinnen und Ausländer,K03155,55
2008,Peine,Ausländerinnen und Ausländer,K03157,28
2008,Wolfenbüttel,Ausländerinnen und Ausländer,K03158,9
2008,Göttingen,Ausländerinnen und Ausländer,K03159,117
2008,Statistische Region Braunschweig,Ausländerinnen und Ausländer,K031,447
2008,Hannover  Region,Ausländerinnen und Ausländer,K03241,395
2008,dav. Hannover  Lhst.,Ausländerinnen und Ausländer,K03241001,237
2008,dav. Hannover  Umland,Ausländerinnen und Ausländer,K03241999,158
2008,Diepholz,Ausländerinnen und Ausländer,K03251,61
2008,Hameln-Pyrmont,Ausländerinnen und Ausländer,K03252,75
2008,Hildesheim,Ausländerinnen und Ausländer,K03254,109
2008,Holzminden,Ausländerinnen und Ausländer,K03255,10
2008,Nienburg (Weser),Ausländerinnen und Ausländer,K03256,34
2008,Schaumburg,Ausländerinnen und Ausländer,K03257,50
2008,Statistische Region Hannover,Ausländerinnen und Ausländer,K032,734
2008,Celle,Ausländerinnen und Ausländer,K03351,33
2008,Cuxhaven,Ausländerinnen und Ausländer,K03352,44
2008,Harburg,Ausländerinnen und Ausländer,K03353,62
2008,Lüchow-Dannenberg,Ausländerinnen und Ausländer,K03354,3
2008,Lüneburg,Ausländerinnen und Ausländer,K03355,21
2008,Osterholz,Ausländerinnen und Ausländer,K03356,22
2008,Rotenburg (Wümme),Ausländerinnen und Ausländer,K03357,23
2008,Heidekreis,Ausländerinnen und Ausländer,K03358,22
2008,Stade,Ausländerinnen und Ausländer,K03359,38
2008,Uelzen,Ausländerinnen und Ausländer,K03360,21
2008,Verden,Ausländerinnen und Ausländer,K03361,33
2008,Statistische Region Lüneburg,Ausländerinnen und Ausländer,K033,322
2008,Delmenhorst  Stadt,Ausländerinnen und Ausländer,K03401,25
2008,Emden  Stadt,Ausländerinnen und Ausländer,K03402,17
2008,Oldenburg(Oldb)  Stadt,Ausländerinnen und Ausländer,K03403,80
2008,Osnabrück  Stadt,Ausländerinnen und Ausländer,K03404,89
2008,Wilhelmshaven  Stadt,Ausländerinnen und Ausländer,K03405,9
2008,Ammerland,Ausländerinnen und Ausländer,K03451,22
2008,Aurich,Ausländerinnen und Ausländer,K03452,33
2008,Cloppenburg,Ausländerinnen und Ausländer,K03453,39
2008,Emsland,Ausländerinnen und Ausländer,K03454,108
2008,Friesland,Ausländerinnen und Ausländer,K03455,15
2008,Grafschaft Bentheim,Ausländerinnen und Ausländer,K03456,100
2008,Leer,Ausländerinnen und Ausländer,K03457,36
2008,Oldenburg,Ausländerinnen und Ausländer,K03458,28
2008,Osnabrück,Ausländerinnen und Ausländer,K03459,83
2008,Vechta,Ausländerinnen und Ausländer,K03460,88
2008,Wesermarsch,Ausländerinnen und Ausländer,K03461,26
2008,Wittmund,Ausländerinnen und Ausländer,K03462,17
2008,Statistische Region Weser-Ems,Ausländerinnen und Ausländer,K034,815
2008,Niedersachsen,Ausländerinnen und Ausländer,K030,2318
2009,Braunschweig  Stadt,Ausländerinnen und Ausländer,K03101,63
2009,Salzgitter  Stadt,Ausländerinnen und Ausländer,K03102,20
2009,Wolfsburg  Stadt,Ausländerinnen und Ausländer,K03103,28
2009,Gifhorn,Ausländerinnen und Ausländer,K03151,12
2009,Goslar,Ausländerinnen und Ausländer,K03153,43
2009,Helmstedt,Ausländerinnen und Ausländer,K03154,14
2009,Northeim,Ausländerinnen und Ausländer,K03155,35
2009,Peine,Ausländerinnen und Ausländer,K03157,23
2009,Wolfenbüttel,Ausländerinnen und Ausländer,K03158,25
2009,Göttingen,Ausländerinnen und Ausländer,K03159,115
2009,Statistische Region Braunschweig,Ausländerinnen und Ausländer,K031,378
2009,Hannover  Region,Ausländerinnen und Ausländer,K03241,394
2009,dav. Hannover  Lhst.,Ausländerinnen und Ausländer,K03241001,246
2009,dav. Hannover  Umland,Ausländerinnen und Ausländer,K03241999,148
2009,Diepholz,Ausländerinnen und Ausländer,K03251,61
2009,Hameln-Pyrmont,Ausländerinnen und Ausländer,K03252,39
2009,Hildesheim,Ausländerinnen und Ausländer,K03254,82
2009,Holzminden,Ausländerinnen und Ausländer,K03255,14
2009,Nienburg (Weser),Ausländerinnen und Ausländer,K03256,19
2009,Schaumburg,Ausländerinnen und Ausländer,K03257,6
2009,Statistische Region Hannover,Ausländerinnen und Ausländer,K032,615
2009,Celle,Ausländerinnen und Ausländer,K03351,32
2009,Cuxhaven,Ausländerinnen und Ausländer,K03352,47
2009,Harburg,Ausländerinnen und Ausländer,K03353,58
2009,Lüchow-Dannenberg,Ausländerinnen und Ausländer,K03354,10
2009,Lüneburg,Ausländerinnen und Ausländer,K03355,29
2009,Osterholz,Ausländerinnen und Ausländer,K03356,22
2009,Rotenburg (Wümme),Ausländerinnen und Ausländer,K03357,11
2009,Heidekreis,Ausländerinnen und Ausländer,K03358,22
2009,Stade,Ausländerinnen und Ausländer,K03359,48
2009,Uelzen,Ausländerinnen und Ausländer,K03360,21
2009,Verden,Ausländerinnen und Ausländer,K03361,19
2009,Statistische Region Lüneburg,Ausländerinnen und Ausländer,K033,319
2009,Delmenhorst  Stadt,Ausländerinnen und Ausländer,K03401,24
2009,Emden  Stadt,Ausländerinnen und Ausländer,K03402,17
2009,Oldenburg(Oldb)  Stadt,Ausländerinnen und Ausländer,K03403,101
2009,Osnabrück  Stadt,Ausländerinnen und Ausländer,K03404,49
2009,Wilhelmshaven  Stadt,Ausländerinnen und Ausländer,K03405,14
2009,Ammerland,Ausländerinnen und Ausländer,K03451,19
2009,Aurich,Ausländerinnen und Ausländer,K03452,30
2009,Cloppenburg,Ausländerinnen und Ausländer,K03453,24
2009,Emsland,Ausländerinnen und Ausländer,K03454,85
2009,Friesland,Ausländerinnen und Ausländer,K03455,18
2009,Grafschaft Bentheim,Ausländerinnen und Ausländer,K03456,92
2009,Leer,Ausländerinnen und Ausländer,K03457,36
2009,Oldenburg,Ausländerinnen und Ausländer,K03458,24
2009,Osnabrück,Ausländerinnen und Ausländer,K03459,69
2009,Vechta,Ausländerinnen und Ausländer,K03460,63
2009,Wesermarsch,Ausländerinnen und Ausländer,K03461,19
2009,Wittmund,Ausländerinnen und Ausländer,K03462,9
2009,Statistische Region Weser-Ems,Ausländerinnen und Ausländer,K034,693
2009,Niedersachsen,Ausländerinnen und Ausländer,K030,2005
2010,Braunschweig  Stadt,Ausländerinnen und Ausländer,K03101,87
2010,Salzgitter  Stadt,Ausländerinnen und Ausländer,K03102,27
2010,Wolfsburg  Stadt,Ausländerinnen und Ausländer,K03103,45
2010,Gifhorn,Ausländerinnen und Ausländer,K03151,8
2010,Goslar,Ausländerinnen und Ausländer,K03153,32
2010,Helmstedt,Ausländerinnen und Ausländer,K03154,8
2010,Northeim,Ausländerinnen und Ausländer,K03155,35
2010,Peine,Ausländerinnen und Ausländer,K03157,26
2010,Wolfenbüttel,Ausländerinnen und Ausländer,K03158,23
2010,Göttingen,Ausländerinnen und Ausländer,K03159,127
2010,Statistische Region Braunschweig,Ausländerinnen und Ausländer,K031,418
2010,Hannover  Region,Ausländerinnen und Ausländer,K03241,397
2010,dav. Hannover  Lhst.,Ausländerinnen und Ausländer,K03241001,258
2010,dav. Hannover  Umland,Ausländerinnen und Ausländer,K03241999,139
2010,Diepholz,Ausländerinnen und Ausländer,K03251,54
2010,Hameln-Pyrmont,Ausländerinnen und Ausländer,K03252,39
2010,Hildesheim,Ausländerinnen und Ausländer,K03254,91
2010,Holzminden,Ausländerinnen und Ausländer,K03255,14
2010,Nienburg (Weser),Ausländerinnen und Ausländer,K03256,15
2010,Schaumburg,Ausländerinnen und Ausländer,K03257,12
2010,Statistische Region Hannover,Ausländerinnen und Ausländer,K032,622
2010,Celle,Ausländerinnen und Ausländer,K03351,33
2010,Cuxhaven,Ausländerinnen und Ausländer,K03352,47
2010,Harburg,Ausländerinnen und Ausländer,K03353,60
2010,Lüchow-Dannenberg,Ausländerinnen und Ausländer,K03354,4
2010,Lüneburg,Ausländerinnen und Ausländer,K03355,21
2010,Osterholz,Ausländerinnen und Ausländer,K03356,24
2010,Rotenburg (Wümme),Ausländerinnen und Ausländer,K03357,10
2010,Heidekreis,Ausländerinnen und Ausländer,K03358,18
2010,Stade,Ausländerinnen und Ausländer,K03359,29
2010,Uelzen,Ausländerinnen und Ausländer,K03360,21
2010,Verden,Ausländerinnen und Ausländer,K03361,22
2010,Statistische Region Lüneburg,Ausländerinnen und Ausländer,K033,289
2010,Delmenhorst  Stadt,Ausländerinnen und Ausländer,K03401,29
2010,Emden  Stadt,Ausländerinnen und Ausländer,K03402,12
2010,Oldenburg(Oldb)  Stadt,Ausländerinnen und Ausländer,K03403,113
2010,Osnabrück  Stadt,Ausländerinnen und Ausländer,K03404,93
2010,Wilhelmshaven  Stadt,Ausländerinnen und Ausländer,K03405,21
2010,Ammerland,Ausländerinnen und Ausländer,K03451,12
2010,Aurich,Ausländerinnen und Ausländer,K03452,9
2010,Cloppenburg,Ausländerinnen und Ausländer,K03453,23
2010,Emsland,Ausländerinnen und Ausländer,K03454,65
2010,Friesland,Ausländerinnen und Ausländer,K03455,12
2010,Grafschaft Bentheim,Ausländerinnen und Ausländer,K03456,87
2010,Leer,Ausländerinnen und Ausländer,K03457,46
2010,Oldenburg,Ausländerinnen und Ausländer,K03458,25
2010,Osnabrück,Ausländerinnen und Ausländer,K03459,75
2010,Vechta,Ausländerinnen und Ausländer,K03460,62
2010,Wesermarsch,Ausländerinnen und Ausländer,K03461,17
2010,Wittmund,Ausländerinnen und Ausländer,K03462,9
2010,Statistische Region Weser-Ems,Ausländerinnen und Ausländer,K034,710
2010,Niedersachsen,Ausländerinnen und Ausländer,K030,2039
2011,Braunschweig  Stadt,Ausländerinnen und Ausländer,K03101,84
2011,Salzgitter  Stadt,Ausländerinnen und Ausländer,K03102,28
2011,Wolfsburg  Stadt,Ausländerinnen und Ausländer,K03103,53
2011,Gifhorn,Ausländerinnen und Ausländer,K03151,4
2011,Goslar,Ausländerinnen und Ausländer,K03153,39
2011,Helmstedt,Ausländerinnen und Ausländer,K03154,10
2011,Northeim,Ausländerinnen und Ausländer,K03155,36
2011,Peine,Ausländerinnen und Ausländer,K03157,30
2011,Wolfenbüttel,Ausländerinnen und Ausländer,K03158,13
2011,Göttingen,Ausländerinnen und Ausländer,K03159,126
2011,Statistische Region Braunschweig,Ausländerinnen und Ausländer,K031,423
2011,Hannover  Region,Ausländerinnen und Ausländer,K03241,415
2011,dav. Hannover  Lhst.,Ausländerinnen und Ausländer,K03241001,284
2011,dav. Hannover  Umland,Ausländerinnen und Ausländer,K03241999,131
2011,Diepholz,Ausländerinnen und Ausländer,K03251,45
2011,Hameln-Pyrmont,Ausländerinnen und Ausländer,K03252,43
2011,Hildesheim,Ausländerinnen und Ausländer,K03254,90
2011,Holzminden,Ausländerinnen und Ausländer,K03255,14
2011,Nienburg (Weser),Ausländerinnen und Ausländer,K03256,12
2011,Schaumburg,Ausländerinnen und Ausländer,K03257,6
2011,Statistische Region Hannover,Ausländerinnen und Ausländer,K032,625
2011,Celle,Ausländerinnen und Ausländer,K03351,40
2011,Cuxhaven,Ausländerinnen und Ausländer,K03352,45
2011,Harburg,Ausländerinnen und Ausländer,K03353,44
2011,Lüchow-Dannenberg,Ausländerinnen und Ausländer,K03354,5
2011,Lüneburg,Ausländerinnen und Ausländer,K03355,32
2011,Osterholz,Ausländerinnen und Ausländer,K03356,14
2011,Rotenburg (Wümme),Ausländerinnen und Ausländer,K03357,10
2011,Heidekreis,Ausländerinnen und Ausländer,K03358,18
2011,Stade,Ausländerinnen und Ausländer,K03359,26
2011,Uelzen,Ausländerinnen und Ausländer,K03360,17
2011,Verden,Ausländerinnen und Ausländer,K03361,20
2011,Statistische Region Lüneburg,Ausländerinnen und Ausländer,K033,271
2011,Delmenhorst  Stadt,Ausländerinnen und Ausländer,K03401,20
2011,Emden  Stadt,Ausländerinnen und Ausländer,K03402,13
2011,Oldenburg(Oldb)  Stadt,Ausländerinnen und Ausländer,K03403,84
2011,Osnabrück  Stadt,Ausländerinnen und Ausländer,K03404,82
2011,Wilhelmshaven  Stadt,Ausländerinnen und Ausländer,K03405,24
2011,Ammerland,Ausländerinnen und Ausländer,K03451,27
2011,Aurich,Ausländerinnen und Ausländer,K03452,14
2011,Cloppenburg,Ausländerinnen und Ausländer,K03453,17
2011,Emsland,Ausländerinnen und Ausländer,K03454,84
2011,Friesland,Ausländerinnen und Ausländer,K03455,15
2011,Grafschaft Bentheim,Ausländerinnen und Ausländer,K03456,56
2011,Leer,Ausländerinnen und Ausländer,K03457,41
2011,Oldenburg,Ausländerinnen und Ausländer,K03458,21
2011,Osnabrück,Ausländerinnen und Ausländer,K03459,65
2011,Vechta,Ausländerinnen und Ausländer,K03460,53
2011,Wesermarsch,Ausländerinnen und Ausländer,K03461,19
2011,Wittmund,Ausländerinnen und Ausländer,K03462,12
2011,Statistische Region Weser-Ems,Ausländerinnen und Ausländer,K034,647
2011,Niedersachsen,Ausländerinnen und Ausländer,K030,1966
2012,Braunschweig  Stadt,Ausländerinnen und Ausländer,K03101,110
2012,Salzgitter  Stadt,Ausländerinnen und Ausländer,K03102,22
2012,Wolfsburg  Stadt,Ausländerinnen und Ausländer,K03103,60
2012,Gifhorn,Ausländerinnen und Ausländer,K03151,35
2012,Goslar,Ausländerinnen und Ausländer,K03153,41
2012,Helmstedt,Ausländerinnen und Ausländer,K03154,11
2012,Northeim,Ausländerinnen und Ausländer,K03155,32
2012,Peine,Ausländerinnen und Ausländer,K03157,38
2012,Wolfenbüttel,Ausländerinnen und Ausländer,K03158,19
2012,Göttingen,Ausländerinnen und Ausländer,K03159,150
2012,Statistische Region Braunschweig,Ausländerinnen und Ausländer,K031,518
2012,Hannover  Region,Ausländerinnen und Ausländer,K03241,466
2012,dav. Hannover  Lhst.,Ausländerinnen und Ausländer,K03241001,335
2012,dav. Hannover  Umland,Ausländerinnen und Ausländer,K03241999,131
2012,Diepholz,Ausländerinnen und Ausländer,K03251,58
2012,Hameln-Pyrmont,Ausländerinnen und Ausländer,K03252,64
2012,Hildesheim,Ausländerinnen und Ausländer,K03254,93
2012,Holzminden,Ausländerinnen und Ausländer,K03255,11
2012,Nienburg (Weser),Ausländerinnen und Ausländer,K03256,24
2012,Schaumburg,Ausländerinnen und Ausländer,K03257,27
2012,Statistische Region Hannover,Ausländerinnen und Ausländer,K032,743
2012,Celle,Ausländerinnen und Ausländer,K03351,30
2012,Cuxhaven,Ausländerinnen und Ausländer,K03352,41
2012,Harburg,Ausländerinnen und Ausländer,K03353,42
2012,Lüchow-Dannenberg,Ausländerinnen und Ausländer,K03354,9
2012,Lüneburg,Ausländerinnen und Ausländer,K03355,30
2012,Osterholz,Ausländerinnen und Ausländer,K03356,14
2012,Rotenburg (Wümme),Ausländerinnen und Ausländer,K03357,27
2012,Heidekreis,Ausländerinnen und Ausländer,K03358,22
2012,Stade,Ausländerinnen und Ausländer,K03359,44
2012,Uelzen,Ausländerinnen und Ausländer,K03360,17
2012,Verden,Ausländerinnen und Ausländer,K03361,34
2012,Statistische Region Lüneburg,Ausländerinnen und Ausländer,K033,310
2012,Delmenhorst  Stadt,Ausländerinnen und Ausländer,K03401,46
2012,Emden  Stadt,Ausländerinnen und Ausländer,K03402,16
2012,Oldenburg(Oldb)  Stadt,Ausländerinnen und Ausländer,K03403,107
2012,Osnabrück  Stadt,Ausländerinnen und Ausländer,K03404,74
2012,Wilhelmshaven  Stadt,Ausländerinnen und Ausländer,K03405,19
2012,Ammerland,Ausländerinnen und Ausländer,K03451,29
2012,Aurich,Ausländerinnen und Ausländer,K03452,30
2012,Cloppenburg,Ausländerinnen und Ausländer,K03453,62
2012,Emsland,Ausländerinnen und Ausländer,K03454,115
2012,Friesland,Ausländerinnen und Ausländer,K03455,16
2012,Grafschaft Bentheim,Ausländerinnen und Ausländer,K03456,74
2012,Leer,Ausländerinnen und Ausländer,K03457,36
2012,Oldenburg,Ausländerinnen und Ausländer,K03458,43
2012,Osnabrück,Ausländerinnen und Ausländer,K03459,81
2012,Vechta,Ausländerinnen und Ausländer,K03460,90
2012,Wesermarsch,Ausländerinnen und Ausländer,K03461,18
2012,Wittmund,Ausländerinnen und Ausländer,K03462,12
2012,Statistische Region Weser-Ems,Ausländerinnen und Ausländer,K034,868
2012,Niedersachsen,Ausländerinnen und Ausländer,K030,2439
2013,Braunschweig  Stadt,Ausländerinnen und Ausländer,K03101,117
2013,Salzgitter  Stadt,Ausländerinnen und Ausländer,K03102,43
2013,Wolfsburg  Stadt,Ausländerinnen und Ausländer,K03103,73
2013,Gifhorn,Ausländerinnen und Ausländer,K03151,31
2013,Goslar,Ausländerinnen und Ausländer,K03153,59
2013,Helmstedt,Ausländerinnen und Ausländer,K03154,19
2013,Northeim,Ausländerinnen und Ausländer,K03155,40
2013,Peine,Ausländerinnen und Ausländer,K03157,28
2013,Wolfenbüttel,Ausländerinnen und Ausländer,K03158,21
2013,Göttingen,Ausländerinnen und Ausländer,K03159,158
2013,Statistische Region Braunschweig,Ausländerinnen und Ausländer,K031,589
2013,Hannover  Region,Ausländerinnen und Ausländer,K03241,531
2013,dav. Hannover  Lhst.,Ausländerinnen und Ausländer,K03241001,351
2013,dav. Hannover  Umland,Ausländerinnen und Ausländer,K03241999,180
2013,Diepholz,Ausländerinnen und Ausländer,K03251,75
2013,Hameln-Pyrmont,Ausländerinnen und Ausländer,K03252,73
2013,Hildesheim,Ausländerinnen und Ausländer,K03254,120
2013,Holzminden,Ausländerinnen und Ausländer,K03255,9
2013,Nienburg (Weser),Ausländerinnen und Ausländer,K03256,35
2013,Schaumburg,Ausländerinnen und Ausländer,K03257,49
2013,Statistische Region Hannover,Ausländerinnen und Ausländer,K032,892
2013,Celle,Ausländerinnen und Ausländer,K03351,67
2013,Cuxhaven,Ausländerinnen und Ausländer,K03352,48
2013,Harburg,Ausländerinnen und Ausländer,K03353,67
2013,Lüchow-Dannenberg,Ausländerinnen und Ausländer,K03354,15
2013,Lüneburg,Ausländerinnen und Ausländer,K03355,39
2013,Osterholz,Ausländerinnen und Ausländer,K03356,30
2013,Rotenburg (Wümme),Ausländerinnen und Ausländer,K03357,41
2013,Heidekreis,Ausländerinnen und Ausländer,K03358,49
2013,Stade,Ausländerinnen und Ausländer,K03359,53
2013,Uelzen,Ausländerinnen und Ausländer,K03360,19
2013,Verden,Ausländerinnen und Ausländer,K03361,35
2013,Statistische Region Lüneburg,Ausländerinnen und Ausländer,K033,463
2013,Delmenhorst  Stadt,Ausländerinnen und Ausländer,K03401,23
2013,Emden  Stadt,Ausländerinnen und Ausländer,K03402,26
2013,Oldenburg(Oldb)  Stadt,Ausländerinnen und Ausländer,K03403,105
2013,Osnabrück  Stadt,Ausländerinnen und Ausländer,K03404,102
2013,Wilhelmshaven  Stadt,Ausländerinnen und Ausländer,K03405,18
2013,Ammerland,Ausländerinnen und Ausländer,K03451,25
2013,Aurich,Ausländerinnen und Ausländer,K03452,43
2013,Cloppenburg,Ausländerinnen und Ausländer,K03453,116
2013,Emsland,Ausländerinnen und Ausländer,K03454,147
2013,Friesland,Ausländerinnen und Ausländer,K03455,22
2013,Grafschaft Bentheim,Ausländerinnen und Ausländer,K03456,79
2013,Leer,Ausländerinnen und Ausländer,K03457,46
2013,Oldenburg,Ausländerinnen und Ausländer,K03458,64
2013,Osnabrück,Ausländerinnen und Ausländer,K03459,107
2013,Vechta,Ausländerinnen und Ausländer,K03460,113
2013,Wesermarsch,Ausländerinnen und Ausländer,K03461,27
2013,Wittmund,Ausländerinnen und Ausländer,K03462,9
2013,Statistische Region Weser-Ems,Ausländerinnen und Ausländer,K034,1072
2013,Niedersachsen,Ausländerinnen und Ausländer,K030,3016
2014,Braunschweig  Stadt,Ausländerinnen und Ausländer,K03101,138
2014,Salzgitter  Stadt,Ausländerinnen und Ausländer,K03102,71
2014,Wolfsburg  Stadt,Ausländerinnen und Ausländer,K03103,99
2014,Gifhorn,Ausländerinnen und Ausländer,K03151,62
2014,Goslar,Ausländerinnen und Ausländer,K03153,54
2014,Helmstedt,Ausländerinnen und Ausländer,K03154,15
2014,Northeim,Ausländerinnen und Ausländer,K03155,55
2014,Peine,Ausländerinnen und Ausländer,K03157,43
2014,Wolfenbüttel,Ausländerinnen und Ausländer,K03158,37
2014,Göttingen,Ausländerinnen und Ausländer,K03159,185
2014,Statistische Region Braunschweig,Ausländerinnen und Ausländer,K031,759
2014,Hannover  Region,Ausländerinnen und Ausländer,K03241,770
2014,dav. Hannover  Lhst.,Ausländerinnen und Ausländer,K03241001,493
2014,dav. Hannover  Umland,Ausländerinnen und Ausländer,K03241999,277
2014,Diepholz,Ausländerinnen und Ausländer,K03251,102
2014,Hameln-Pyrmont,Ausländerinnen und Ausländer,K03252,101
2014,Hildesheim,Ausländerinnen und Ausländer,K03254,124
2014,Holzminden,Ausländerinnen und Ausländer,K03255,20
2014,Nienburg (Weser),Ausländerinnen und Ausländer,K03256,27
2014,Schaumburg,Ausländerinnen und Ausländer,K03257,85
2014,Statistische Region Hannover,Ausländerinnen und Ausländer,K032,1229
2014,Celle,Ausländerinnen und Ausländer,K03351,97
2014,Cuxhaven,Ausländerinnen und Ausländer,K03352,83
2014,Harburg,Ausländerinnen und Ausländer,K03353,84
2014,Lüchow-Dannenberg,Ausländerinnen und Ausländer,K03354,22
2014,Lüneburg,Ausländerinnen und Ausländer,K03355,52
2014,Osterholz,Ausländerinnen und Ausländer,K03356,42
2014,Rotenburg (Wümme),Ausländerinnen und Ausländer,K03357,58
2014,Heidekreis,Ausländerinnen und Ausländer,K03358,67
2014,Stade,Ausländerinnen und Ausländer,K03359,90
2014,Uelzen,Ausländerinnen und Ausländer,K03360,44
2014,Verden,Ausländerinnen und Ausländer,K03361,38
2014,Statistische Region Lüneburg,Ausländerinnen und Ausländer,K033,677
2014,Delmenhorst  Stadt,Ausländerinnen und Ausländer,K03401,50
2014,Emden  Stadt,Ausländerinnen und Ausländer,K03402,29
2014,Oldenburg(Oldb)  Stadt,Ausländerinnen und Ausländer,K03403,136
2014,Osnabrück  Stadt,Ausländerinnen und Ausländer,K03404,137
2014,Wilhelmshaven  Stadt,Ausländerinnen und Ausländer,K03405,35
2014,Ammerland,Ausländerinnen und Ausländer,K03451,37
2014,Aurich,Ausländerinnen und Ausländer,K03452,62
2014,Cloppenburg,Ausländerinnen und Ausländer,K03453,159
2014,Emsland,Ausländerinnen und Ausländer,K03454,236
2014,Friesland,Ausländerinnen und Ausländer,K03455,29
2014,Grafschaft Bentheim,Ausländerinnen und Ausländer,K03456,108
2014,Leer,Ausländerinnen und Ausländer,K03457,78
2014,Oldenburg,Ausländerinnen und Ausländer,K03458,80
2014,Osnabrück,Ausländerinnen und Ausländer,K03459,185
2014,Vechta,Ausländerinnen und Ausländer,K03460,171
2014,Wesermarsch,Ausländerinnen und Ausländer,K03461,33
2014,Wittmund,Ausländerinnen und Ausländer,K03462,18
2014,Statistische Region Weser-Ems,Ausländerinnen und Ausländer,K034,1583
2014,Niedersachsen,Ausländerinnen und Ausländer,K030,4248
2015,Braunschweig  Stadt,Ausländerinnen und Ausländer,K03101,167
2015,Salzgitter  Stadt,Ausländerinnen und Ausländer,K03102,90
2015,Wolfsburg  Stadt,Ausländerinnen und Ausländer,K03103,143
2015,Gifhorn,Ausländerinnen und Ausländer,K03151,86
2015,Goslar,Ausländerinnen und Ausländer,K03153,105
2015,Helmstedt,Ausländerinnen und Ausländer,K03154,33
2015,Northeim,Ausländerinnen und Ausländer,K03155,79
2015,Peine,Ausländerinnen und Ausländer,K03157,70
2015,Wolfenbüttel,Ausländerinnen und Ausländer,K03158,38
2015,Göttingen,Ausländerinnen und Ausländer,K03159,202
2015,Statistische Region Braunschweig,Ausländerinnen und Ausländer,K031,1013
2015,Hannover  Region,Ausländerinnen und Ausländer,K03241,933
2015,dav. Hannover  Lhst.,Ausländerinnen und Ausländer,K03241001,569
2015,dav. Hannover  Umland,Ausländerinnen und Ausländer,K03241999,364
2015,Diepholz,Ausländerinnen und Ausländer,K03251,127
2015,Hameln-Pyrmont,Ausländerinnen und Ausländer,K03252,109
2015,Hildesheim,Ausländerinnen und Ausländer,K03254,163
2015,Holzminden,Ausländerinnen und Ausländer,K03255,38
2015,Nienburg (Weser),Ausländerinnen und Ausländer,K03256,58
2015,Schaumburg,Ausländerinnen und Ausländer,K03257,83
2015,Statistische Region Hannover,Ausländerinnen und Ausländer,K032,1511
2015,Celle,Ausländerinnen und Ausländer,K03351,87
2015,Cuxhaven,Ausländerinnen und Ausländer,K03352,84
2015,Harburg,Ausländerinnen und Ausländer,K03353,90
2015,Lüchow-Dannenberg,Ausländerinnen und Ausländer,K03354,35
2015,Lüneburg,Ausländerinnen und Ausländer,K03355,62
2015,Osterholz,Ausländerinnen und Ausländer,K03356,60
2015,Rotenburg (Wümme),Ausländerinnen und Ausländer,K03357,62
2015,Heidekreis,Ausländerinnen und Ausländer,K03358,95
2015,Stade,Ausländerinnen und Ausländer,K03359,127
2015,Uelzen,Ausländerinnen und Ausländer,K03360,53
2015,Verden,Ausländerinnen und Ausländer,K03361,58
2015,Statistische Region Lüneburg,Ausländerinnen und Ausländer,K033,813
2015,Delmenhorst  Stadt,Ausländerinnen und Ausländer,K03401,83
2015,Emden  Stadt,Ausländerinnen und Ausländer,K03402,40
2015,Oldenburg(Oldb)  Stadt,Ausländerinnen und Ausländer,K03403,140
2015,Osnabrück  Stadt,Ausländerinnen und Ausländer,K03404,151
2015,Wilhelmshaven  Stadt,Ausländerinnen und Ausländer,K03405,84
2015,Ammerland,Ausländerinnen und Ausländer,K03451,63
2015,Aurich,Ausländerinnen und Ausländer,K03452,97
2015,Cloppenburg,Ausländerinnen und Ausländer,K03453,180
2015,Emsland,Ausländerinnen und Ausländer,K03454,291
2015,Friesland,Ausländerinnen und Ausländer,K03455,62
2015,Grafschaft Bentheim,Ausländerinnen und Ausländer,K03456,132
2015,Leer,Ausländerinnen und Ausländer,K03457,93
2015,Oldenburg,Ausländerinnen und Ausländer,K03458,83
2015,Osnabrück,Ausländerinnen und Ausländer,K03459,199
2015,Vechta,Ausländerinnen und Ausländer,K03460,212
2015,Wesermarsch,Ausländerinnen und Ausländer,K03461,50
2015,Wittmund,Ausländerinnen und Ausländer,K03462,25
2015,Statistische Region Weser-Ems,Ausländerinnen und Ausländer,K034,1985
2015,Niedersachsen,Ausländerinnen und Ausländer,K030,5322
2016,Braunschweig  Stadt,Ausländerinnen und Ausländer,K03101,222
2016,Salzgitter  Stadt,Ausländerinnen und Ausländer,K03102,210
2016,Wolfsburg  Stadt,Ausländerinnen und Ausländer,K03103,208
2016,Gifhorn,Ausländerinnen und Ausländer,K03151,106
2016,Goslar,Ausländerinnen und Ausländer,K03153,164
2016,Helmstedt,Ausländerinnen und Ausländer,K03154,75
2016,Northeim,Ausländerinnen und Ausländer,K03155,141
2016,Peine,Ausländerinnen und Ausländer,K03157,121
2016,Wolfenbüttel,Ausländerinnen und Ausländer,K03158,125
2016,Göttingen,Ausländerinnen und Ausländer,K03159,337
2016,Statistische Region Braunschweig,Ausländerinnen und Ausländer,K031,1709
2016,Hannover  Region,Ausländerinnen und Ausländer,K03241,1603
2016,dav. Hannover  Lhst.,Ausländerinnen und Ausländer,K03241001,831
2016,dav. Hannover  Umland,Ausländerinnen und Ausländer,K03241999,772
2016,Diepholz,Ausländerinnen und Ausländer,K03251,232
2016,Hameln-Pyrmont,Ausländerinnen und Ausländer,K03252,197
2016,Hildesheim,Ausländerinnen und Ausländer,K03254,284
2016,Holzminden,Ausländerinnen und Ausländer,K03255,71
2016,Nienburg (Weser),Ausländerinnen und Ausländer,K03256,154
2016,Schaumburg,Ausländerinnen und Ausländer,K03257,166
2016,Statistische Region Hannover,Ausländerinnen und Ausländer,K032,2707
2016,Celle,Ausländerinnen und Ausländer,K03351,182
2016,Cuxhaven,Ausländerinnen und Ausländer,K03352,168
2016,Harburg,Ausländerinnen und Ausländer,K03353,128
2016,Lüchow-Dannenberg,Ausländerinnen und Ausländer,K03354,52
2016,Lüneburg,Ausländerinnen und Ausländer,K03355,168
2016,Osterholz,Ausländerinnen und Ausländer,K03356,106
2016,Rotenburg (Wümme),Ausländerinnen und Ausländer,K03357,125
2016,Heidekreis,Ausländerinnen und Ausländer,K03358,160
2016,Stade,Ausländerinnen und Ausländer,K03359,243
2016,Uelzen,Ausländerinnen und Ausländer,K03360,71
2016,Verden,Ausländerinnen und Ausländer,K03361,132
2016,Statistische Region Lüneburg,Ausländerinnen und Ausländer,K033,1535
2016,Delmenhorst  Stadt,Ausländerinnen und Ausländer,K03401,180
2016,Emden  Stadt,Ausländerinnen und Ausländer,K03402,80
2016,Oldenburg(Oldb)  Stadt,Ausländerinnen und Ausländer,K03403,211
2016,Osnabrück  Stadt,Ausländerinnen und Ausländer,K03404,220
2016,Wilhelmshaven  Stadt,Ausländerinnen und Ausländer,K03405,106
2016,Ammerland,Ausländerinnen und Ausländer,K03451,119
2016,Aurich,Ausländerinnen und Ausländer,K03452,162
2016,Cloppenburg,Ausländerinnen und Ausländer,K03453,260
2016,Emsland,Ausländerinnen und Ausländer,K03454,419
2016,Friesland,Ausländerinnen und Ausländer,K03455,126
2016,Grafschaft Bentheim,Ausländerinnen und Ausländer,K03456,185
2016,Leer,Ausländerinnen und Ausländer,K03457,170
2016,Oldenburg,Ausländerinnen und Ausländer,K03458,155
2016,Osnabrück,Ausländerinnen und Ausländer,K03459,335
2016,Vechta,Ausländerinnen und Ausländer,K03460,279
2016,Wesermarsch,Ausländerinnen und Ausländer,K03461,94
2016,Wittmund,Ausländerinnen und Ausländer,K03462,41
2016,Statistische Region Weser-Ems,Ausländerinnen und Ausländer,K034,3142
2016,Niedersachsen,Ausländerinnen und Ausländer,K030,9093
2017,Braunschweig  Stadt,Ausländerinnen und Ausländer,K03101,185
2017,Salzgitter  Stadt,Ausländerinnen und Ausländer,K03102,266
2017,Wolfsburg  Stadt,Ausländerinnen und Ausländer,K03103,158
2017,Gifhorn,Ausländerinnen und Ausländer,K03151,115
2017,Goslar,Ausländerinnen und Ausländer,K03153,149
2017,Helmstedt,Ausländerinnen und Ausländer,K03154,86
2017,Northeim,Ausländerinnen und Ausländer,K03155,129
2017,Peine,Ausländerinnen und Ausländer,K03157,112
2017,Wolfenbüttel,Ausländerinnen und Ausländer,K03158,78
2017,Göttingen,Ausländerinnen und Ausländer,K03159,310
2017,Statistische Region Braunschweig,Ausländerinnen und Ausländer,K031,1588
2017,Hannover  Region,Ausländerinnen und Ausländer,K03241,1490
2017,dav. Hannover  Lhst.,Ausländerinnen und Ausländer,K03241001,779
2017,dav. Hannover  Umland,Ausländerinnen und Ausländer,K03241999,711
2017,Diepholz,Ausländerinnen und Ausländer,K03251,240
2017,Hameln-Pyrmont,Ausländerinnen und Ausländer,K03252,174
2017,Hildesheim,Ausländerinnen und Ausländer,K03254,226
2017,Holzminden,Ausländerinnen und Ausländer,K03255,61
2017,Nienburg (Weser),Ausländerinnen und Ausländer,K03256,116
2017,Schaumburg,Ausländerinnen und Ausländer,K03257,155
2017,Statistische Region Hannover,Ausländerinnen und Ausländer,K032,2462
2017,Celle,Ausländerinnen und Ausländer,K03351,168
2017,Cuxhaven,Ausländerinnen und Ausländer,K03352,165
2017,Harburg,Ausländerinnen und Ausländer,K03353,157
2017,Lüchow-Dannenberg,Ausländerinnen und Ausländer,K03354,30
2017,Lüneburg,Ausländerinnen und Ausländer,K03355,126
2017,Osterholz,Ausländerinnen und Ausländer,K03356,72
2017,Rotenburg (Wümme),Ausländerinnen und Ausländer,K03357,122
2017,Heidekreis,Ausländerinnen und Ausländer,K03358,124
2017,Stade,Ausländerinnen und Ausländer,K03359,222
2017,Uelzen,Ausländerinnen und Ausländer,K03360,52
2017,Verden,Ausländerinnen und Ausländer,K03361,110
2017,Statistische Region Lüneburg,Ausländerinnen und Ausländer,K033,1348
2017,Delmenhorst  Stadt,Ausländerinnen und Ausländer,K03401,202
2017,Emden  Stadt,Ausländerinnen und Ausländer,K03402,68
2017,Oldenburg(Oldb)  Stadt,Ausländerinnen und Ausländer,K03403,221
2017,Osnabrück  Stadt,Ausländerinnen und Ausländer,K03404,241
2017,Wilhelmshaven  Stadt,Ausländerinnen und Ausländer,K03405,137
2017,Ammerland,Ausländerinnen und Ausländer,K03451,94
2017,Aurich,Ausländerinnen und Ausländer,K03452,153
2017,Cloppenburg,Ausländerinnen und Ausländer,K03453,242
2017,Emsland,Ausländerinnen und Ausländer,K03454,420
2017,Friesland,Ausländerinnen und Ausländer,K03455,85
2017,Grafschaft Bentheim,Ausländerinnen und Ausländer,K03456,156
2017,Leer,Ausländerinnen und Ausländer,K03457,160
2017,Oldenburg,Ausländerinnen und Ausländer,K03458,132
2017,Osnabrück,Ausländerinnen und Ausländer,K03459,341
2017,Vechta,Ausländerinnen und Ausländer,K03460,239
2017,Wesermarsch,Ausländerinnen und Ausländer,K03461,79
2017,Wittmund,Ausländerinnen und Ausländer,K03462,36
2017,Statistische Region Weser-Ems,Ausländerinnen und Ausländer,K034,3006
2017,Niedersachsen,Ausländerinnen und Ausländer,K030,8404
2018,Braunschweig  Stadt,Ausländerinnen und Ausländer,K03101,232
2018,Salzgitter  Stadt,Ausländerinnen und Ausländer,K03102,336
2018,Wolfsburg  Stadt,Ausländerinnen und Ausländer,K03103,184
2018,Gifhorn,Ausländerinnen und Ausländer,K03151,129
2018,Goslar,Ausländerinnen und Ausländer,K03153,159
2018,Helmstedt,Ausländerinnen und Ausländer,K03154,53
2018,Northeim,Ausländerinnen und Ausländer,K03155,109
2018,Peine,Ausländerinnen und Ausländer,K03157,109
2018,Wolfenbüttel,Ausländerinnen und Ausländer,K03158,91
2018,Göttingen,Ausländerinnen und Ausländer,K03159,346
2018,Statistische Region Braunschweig,Ausländerinnen und Ausländer,K031,1748
2018,Hannover  Region,Ausländerinnen und Ausländer,K03241,1596
2018,dav. Hannover  Lhst.,Ausländerinnen und Ausländer,K03241001,870
2018,dav. Hannover  Umland,Ausländerinnen und Ausländer,K03241999,726
2018,Diepholz,Ausländerinnen und Ausländer,K03251,233
2018,Hameln-Pyrmont,Ausländerinnen und Ausländer,K03252,200
2018,Hildesheim,Ausländerinnen und Ausländer,K03254,270
2018,Holzminden,Ausländerinnen und Ausländer,K03255,52
2018,Nienburg (Weser),Ausländerinnen und Ausländer,K03256,109
2018,Schaumburg,Ausländerinnen und Ausländer,K03257,195
2018,Statistische Region Hannover,Ausländerinnen und Ausländer,K032,2655
2018,Celle,Ausländerinnen und Ausländer,K03351,176
2018,Cuxhaven,Ausländerinnen und Ausländer,K03352,143
2018,Harburg,Ausländerinnen und Ausländer,K03353,149
2018,Lüchow-Dannenberg,Ausländerinnen und Ausländer,K03354,41
2018,Lüneburg,Ausländerinnen und Ausländer,K03355,111
2018,Osterholz,Ausländerinnen und Ausländer,K03356,62
2018,Rotenburg (Wümme),Ausländerinnen und Ausländer,K03357,100
2018,Heidekreis,Ausländerinnen und Ausländer,K03358,160
2018,Stade,Ausländerinnen und Ausländer,K03359,251
2018,Uelzen,Ausländerinnen und Ausländer,K03360,67
2018,Verden,Ausländerinnen und Ausländer,K03361,127
2018,Statistische Region Lüneburg,Ausländerinnen und Ausländer,K033,1387
2018,Delmenhorst  Stadt,Ausländerinnen und Ausländer,K03401,184
2018,Emden  Stadt,Ausländerinnen und Ausländer,K03402,79
2018,Oldenburg(Oldb)  Stadt,Ausländerinnen und Ausländer,K03403,223
2018,Osnabrück  Stadt,Ausländerinnen und Ausländer,K03404,234
2018,Wilhelmshaven  Stadt,Ausländerinnen und Ausländer,K03405,133
2018,Ammerland,Ausländerinnen und Ausländer,K03451,104
2018,Aurich,Ausländerinnen und Ausländer,K03452,138
2018,Cloppenburg,Ausländerinnen und Ausländer,K03453,299
2018,Emsland,Ausländerinnen und Ausländer,K03454,421
2018,Friesland,Ausländerinnen und Ausländer,K03455,63
2018,Grafschaft Bentheim,Ausländerinnen und Ausländer,K03456,160
2018,Leer,Ausländerinnen und Ausländer,K03457,183
2018,Oldenburg,Ausländerinnen und Ausländer,K03458,136
2018,Osnabrück,Ausländerinnen und Ausländer,K03459,350
2018,Vechta,Ausländerinnen und Ausländer,K03460,235
2018,Wesermarsch,Ausländerinnen und Ausländer,K03461,84
2018,Wittmund,Ausländerinnen und Ausländer,K03462,23
2018,Statistische Region Weser-Ems,Ausländerinnen und Ausländer,K034,3049
2018,Niedersachsen,Ausländerinnen und Ausländer,K030,8839
2019,Braunschweig  Stadt,Ausländerinnen und Ausländer,K03101,239
2019,Salzgitter  Stadt,Ausländerinnen und Ausländer,K03102,292
2019,Wolfsburg  Stadt,Ausländerinnen und Ausländer,K03103,187
2019,Gifhorn,Ausländerinnen und Ausländer,K03151,128
2019,Goslar,Ausländerinnen und Ausländer,K03153,133
2019,Helmstedt,Ausländerinnen und Ausländer,K03154,75
2019,Northeim,Ausländerinnen und Ausländer,K03155,111
2019,Peine,Ausländerinnen und Ausländer,K03157,128
2019,Wolfenbüttel,Ausländerinnen und Ausländer,K03158,79
2019,Göttingen,Ausländerinnen und Ausländer,K03159,287
2019,Statistische Region Braunschweig,Ausländerinnen und Ausländer,K031,1659
2019,Hannover  Region,Ausländerinnen und Ausländer,K03241,1360
2019,dav. Hannover  Lhst.,Ausländerinnen und Ausländer,K03241001,798
2019,dav. Hannover  Umland,Ausländerinnen und Ausländer,K03241999,562
2019,Diepholz,Ausländerinnen und Ausländer,K03251,218
2019,Hameln-Pyrmont,Ausländerinnen und Ausländer,K03252,198
2019,Hildesheim,Ausländerinnen und Ausländer,K03254,262
2019,Holzminden,Ausländerinnen und Ausländer,K03255,50
2019,Nienburg (Weser),Ausländerinnen und Ausländer,K03256,142
2019,Schaumburg,Ausländerinnen und Ausländer,K03257,139
2019,Statistische Region Hannover,Ausländerinnen und Ausländer,K032,2369
2019,Celle,Ausländerinnen und Ausländer,K03351,160
2019,Cuxhaven,Ausländerinnen und Ausländer,K03352,131
2019,Harburg,Ausländerinnen und Ausländer,K03353,185
2019,Lüchow-Dannenberg,Ausländerinnen und Ausländer,K03354,30
2019,Lüneburg,Ausländerinnen und Ausländer,K03355,146
2019,Osterholz,Ausländerinnen und Ausländer,K03356,82
2019,Rotenburg (Wümme),Ausländerinnen und Ausländer,K03357,105
2019,Heidekreis,Ausländerinnen und Ausländer,K03358,185
2019,Stade,Ausländerinnen und Ausländer,K03359,218
2019,Uelzen,Ausländerinnen und Ausländer,K03360,57
2019,Verden,Ausländerinnen und Ausländer,K03361,113
2019,Statistische Region Lüneburg,Ausländerinnen und Ausländer,K033,1412
2019,Delmenhorst  Stadt,Ausländerinnen und Ausländer,K03401,186
2019,Emden  Stadt,Ausländerinnen und Ausländer,K03402,77
2019,Oldenburg(Oldb)  Stadt,Ausländerinnen und Ausländer,K03403,214
2019,Osnabrück  Stadt,Ausländerinnen und Ausländer,K03404,253
2019,Wilhelmshaven  Stadt,Ausländerinnen und Ausländer,K03405,136
2019,Ammerland,Ausländerinnen und Ausländer,K03451,95
2019,Aurich,Ausländerinnen und Ausländer,K03452,132
2019,Cloppenburg,Ausländerinnen und Ausländer,K03453,299
2019,Emsland,Ausländerinnen und Ausländer,K03454,434
2019,Friesland,Ausländerinnen und Ausländer,K03455,50
2019,Grafschaft Bentheim,Ausländerinnen und Ausländer,K03456,148
2019,Leer,Ausländerinnen und Ausländer,K03457,196
2019,Oldenburg,Ausländerinnen und Ausländer,K03458,138
2019,Osnabrück,Ausländerinnen und Ausländer,K03459,385
2019,Vechta,Ausländerinnen und Ausländer,K03460,263
2019,Wesermarsch,Ausländerinnen und Ausländer,K03461,72
2019,Wittmund,Ausländerinnen und Ausländer,K03462,29
2019,Statistische Region Weser-Ems,Ausländerinnen und Ausländer,K034,3107
2019,Niedersachsen,Ausländerinnen und Ausländer,K030,8547
2020,Braunschweig  Stadt,Ausländerinnen und Ausländer,K03101,239
2020,Salzgitter  Stadt,Ausländerinnen und Ausländer,K03102,307
2020,Wolfsburg  Stadt,Ausländerinnen und Ausländer,K03103,176
2020,Gifhorn,Ausländerinnen und Ausländer,K03151,136
2020,Goslar,Ausländerinnen und Ausländer,K03153,116
2020,Helmstedt,Ausländerinnen und Ausländer,K03154,70
2020,Northeim,Ausländerinnen und Ausländer,K03155,103
2020,Peine,Ausländerinnen und Ausländer,K03157,104
2020,Wolfenbüttel,Ausländerinnen und Ausländer,K03158,95
2020,Göttingen,Ausländerinnen und Ausländer,K03159,311
2020,Statistische Region Braunschweig,Ausländerinnen und Ausländer,K031,1657
2020,Hannover  Region,Ausländerinnen und Ausländer,K03241,1763
2020,dav. Hannover  Lhst.,Ausländerinnen und Ausländer,K03241001,1020
2020,dav. Hannover  Umland,Ausländerinnen und Ausländer,K03241999,743
2020,Diepholz,Ausländerinnen und Ausländer,K03251,228
2020,Hameln-Pyrmont,Ausländerinnen und Ausländer,K03252,202
2020,Hildesheim,Ausländerinnen und Ausländer,K03254,269
2020,Holzminden,Ausländerinnen und Ausländer,K03255,55
2020,Nienburg (Weser),Ausländerinnen und Ausländer,K03256,119
2020,Schaumburg,Ausländerinnen und Ausländer,K03257,129
2020,Statistische Region Hannover,Ausländerinnen und Ausländer,K032,2765
2020,Celle,Ausländerinnen und Ausländer,K03351,170
2020,Cuxhaven,Ausländerinnen und Ausländer,K03352,111
2020,Harburg,Ausländerinnen und Ausländer,K03353,196
2020,Lüchow-Dannenberg,Ausländerinnen und Ausländer,K03354,35
2020,Lüneburg,Ausländerinnen und Ausländer,K03355,137
2020,Osterholz,Ausländerinnen und Ausländer,K03356,61
2020,Rotenburg (Wümme),Ausländerinnen und Ausländer,K03357,117
2020,Heidekreis,Ausländerinnen und Ausländer,K03358,180
2020,Stade,Ausländerinnen und Ausländer,K03359,235
2020,Uelzen,Ausländerinnen und Ausländer,K03360,66
2020,Verden,Ausländerinnen und Ausländer,K03361,108
2020,Statistische Region Lüneburg,Ausländerinnen und Ausländer,K033,1416
2020,Delmenhorst  Stadt,Ausländerinnen und Ausländer,K03401,179
2020,Emden  Stadt,Ausländerinnen und Ausländer,K03402,75
2020,Oldenburg(Oldb)  Stadt,Ausländerinnen und Ausländer,K03403,256
2020,Osnabrück  Stadt,Ausländerinnen und Ausländer,K03404,242
2020,Wilhelmshaven  Stadt,Ausländerinnen und Ausländer,K03405,150
2020,Ammerland,Ausländerinnen und Ausländer,K03451,81
2020,Aurich,Ausländerinnen und Ausländer,K03452,122
2020,Cloppenburg,Ausländerinnen und Ausländer,K03453,284
2020,Emsland,Ausländerinnen und Ausländer,K03454,434
2020,Friesland,Ausländerinnen und Ausländer,K03455,47
2020,Grafschaft Bentheim,Ausländerinnen und Ausländer,K03456,175
2020,Leer,Ausländerinnen und Ausländer,K03457,209
2020,Oldenburg,Ausländerinnen und Ausländer,K03458,120
2020,Osnabrück,Ausländerinnen und Ausländer,K03459,382
2020,Vechta,Ausländerinnen und Ausländer,K03460,288
2020,Wesermarsch,Ausländerinnen und Ausländer,K03461,83
2020,Wittmund,Ausländerinnen und Ausländer,K03462,39
2020,Statistische Region Weser-Ems,Ausländerinnen und Ausländer,K034,3166
2020,Niedersachsen,Ausländerinnen und Ausländer,K030,9004
2005,Braunschweig  Stadt,Deutsche,K03101,84
2005,Salzgitter  Stadt,Deutsche,K03102,41
2005,Wolfsburg  Stadt,Deutsche,K03103,42
2005,Gifhorn,Deutsche,K03151,12
2005,Goslar,Deutsche,K03153,44
2005,Helmstedt,Deutsche,K03154,20
2005,Northeim,Deutsche,K03155,41
2005,Peine,Deutsche,K03157,38
2005,Wolfenbüttel,Deutsche,K03158,18
2005,Göttingen,Deutsche,K03159,128
2005,Statistische Region Braunschweig,Deutsche,K031,468
2005,Hannover  Region,Deutsche,K03241,404
2005,dav. Hannover  Lhst.,Deutsche,K03241001,270
2005,dav. Hannover  Umland,Deutsche,K03241999,134
2005,Diepholz,Deutsche,K03251,50
2005,Hameln-Pyrmont,Deutsche,K03252,35
2005,Hildesheim,Deutsche,K03254,118
2005,Holzminden,Deutsche,K03255,13
2005,Nienburg (Weser),Deutsche,K03256,48
2005,Schaumburg,Deutsche,K03257,33
2005,Statistische Region Hannover,Deutsche,K032,701
2005,Celle,Deutsche,K03351,40
2005,Cuxhaven,Deutsche,K03352,45
2005,Harburg,Deutsche,K03353,55
2005,Lüchow-Dannenberg,Deutsche,K03354,5
2005,Lüneburg,Deutsche,K03355,42
2005,Osterholz,Deutsche,K03356,42
2005,Rotenburg (Wümme),Deutsche,K03357,37
2005,Heidekreis,Deutsche,K03358,42
2005,Stade,Deutsche,K03359,43
2005,Uelzen,Deutsche,K03360,28
2005,Verden,Deutsche,K03361,44
2005,Statistische Region Lüneburg,Deutsche,K033,423
2005,Delmenhorst  Stadt,Deutsche,K03401,18
2005,Emden  Stadt,Deutsche,K03402,14
2005,Oldenburg(Oldb)  Stadt,Deutsche,K03403,101
2005,Osnabrück  Stadt,Deutsche,K03404,60
2005,Wilhelmshaven  Stadt,Deutsche,K03405,26
2005,Ammerland,Deutsche,K03451,14
2005,Aurich,Deutsche,K03452,43
2005,Cloppenburg,Deutsche,K03453,32
2005,Emsland,Deutsche,K03454,87
2005,Friesland,Deutsche,K03455,17
2005,Grafschaft Bentheim,Deutsche,K03456,57
2005,Leer,Deutsche,K03457,35
2005,Oldenburg,Deutsche,K03458,28
2005,Osnabrück,Deutsche,K03459,61
2005,Vechta,Deutsche,K03460,86
2005,Wesermarsch,Deutsche,K03461,17
2005,Wittmund,Deutsche,K03462,16
2005,Statistische Region Weser-Ems,Deutsche,K034,712
2005,Niedersachsen,Deutsche,K030,2304
2006,Braunschweig  Stadt,Deutsche,K03101,72
2006,Salzgitter  Stadt,Deutsche,K03102,37
2006,Wolfsburg  Stadt,Deutsche,K03103,49
2006,Gifhorn,Deutsche,K03151,8
2006,Goslar,Deutsche,K03153,44
2006,Helmstedt,Deutsche,K03154,12
2006,Northeim,Deutsche,K03155,40
2006,Peine,Deutsche,K03157,29
2006,Wolfenbüttel,Deutsche,K03158,19
2006,Göttingen,Deutsche,K03159,114
2006,Statistische Region Braunschweig,Deutsche,K031,424
2006,Hannover  Region,Deutsche,K03241,467
2006,dav. Hannover  Lhst.,Deutsche,K03241001,293
2006,dav. Hannover  Umland,Deutsche,K03241999,174
2006,Diepholz,Deutsche,K03251,48
2006,Hameln-Pyrmont,Deutsche,K03252,64
2006,Hildesheim,Deutsche,K03254,107
2006,Holzminden,Deutsche,K03255,16
2006,Nienburg (Weser),Deutsche,K03256,36
2006,Schaumburg,Deutsche,K03257,33
2006,Statistische Region Hannover,Deutsche,K032,771
2006,Celle,Deutsche,K03351,29
2006,Cuxhaven,Deutsche,K03352,44
2006,Harburg,Deutsche,K03353,47
2006,Lüchow-Dannenberg,Deutsche,K03354,10
2006,Lüneburg,Deutsche,K03355,29
2006,Osterholz,Deutsche,K03356,28
2006,Rotenburg (Wümme),Deutsche,K03357,41
2006,Heidekreis,Deutsche,K03358,40
2006,Stade,Deutsche,K03359,50
2006,Uelzen,Deutsche,K03360,25
2006,Verden,Deutsche,K03361,28
2006,Statistische Region Lüneburg,Deutsche,K033,371
2006,Delmenhorst  Stadt,Deutsche,K03401,16
2006,Emden  Stadt,Deutsche,K03402,15
2006,Oldenburg(Oldb)  Stadt,Deutsche,K03403,97
2006,Osnabrück  Stadt,Deutsche,K03404,80
2006,Wilhelmshaven  Stadt,Deutsche,K03405,22
2006,Ammerland,Deutsche,K03451,16
2006,Aurich,Deutsche,K03452,37
2006,Cloppenburg,Deutsche,K03453,20
2006,Emsland,Deutsche,K03454,81
2006,Friesland,Deutsche,K03455,19
2006,Grafschaft Bentheim,Deutsche,K03456,86
2006,Leer,Deutsche,K03457,23
2006,Oldenburg,Deutsche,K03458,15
2006,Osnabrück,Deutsche,K03459,59
2006,Vechta,Deutsche,K03460,92
2006,Wesermarsch,Deutsche,K03461,16
2006,Wittmund,Deutsche,K03462,14
2006,Statistische Region Weser-Ems,Deutsche,K034,708
2006,Niedersachsen,Deutsche,K030,2274
2007,Braunschweig  Stadt,Deutsche,K03101,82
2007,Salzgitter  Stadt,Deutsche,K03102,32
2007,Wolfsburg  Stadt,Deutsche,K03103,43
2007,Gifhorn,Deutsche,K03151,11
2007,Goslar,Deutsche,K03153,28
2007,Helmstedt,Deutsche,K03154,15
2007,Northeim,Deutsche,K03155,49
2007,Peine,Deutsche,K03157,27
2007,Wolfenbüttel,Deutsche,K03158,26
2007,Göttingen,Deutsche,K03159,113
2007,Statistische Region Braunschweig,Deutsche,K031,426
2007,Hannover  Region,Deutsche,K03241,421
2007,dav. Hannover  Lhst.,Deutsche,K03241001,262
2007,dav. Hannover  Umland,Deutsche,K03241999,159
2007,Diepholz,Deutsche,K03251,43
2007,Hameln-Pyrmont,Deutsche,K03252,66
2007,Hildesheim,Deutsche,K03254,111
2007,Holzminden,Deutsche,K03255,18
2007,Nienburg (Weser),Deutsche,K03256,29
2007,Schaumburg,Deutsche,K03257,47
2007,Statistische Region Hannover,Deutsche,K032,735
2007,Celle,Deutsche,K03351,35
2007,Cuxhaven,Deutsche,K03352,49
2007,Harburg,Deutsche,K03353,60
2007,Lüchow-Dannenberg,Deutsche,K03354,10
2007,Lüneburg,Deutsche,K03355,33
2007,Osterholz,Deutsche,K03356,29
2007,Rotenburg (Wümme),Deutsche,K03357,38
2007,Heidekreis,Deutsche,K03358,23
2007,Stade,Deutsche,K03359,31
2007,Uelzen,Deutsche,K03360,20
2007,Verden,Deutsche,K03361,46
2007,Statistische Region Lüneburg,Deutsche,K033,374
2007,Delmenhorst  Stadt,Deutsche,K03401,28
2007,Emden  Stadt,Deutsche,K03402,16
2007,Oldenburg(Oldb)  Stadt,Deutsche,K03403,95
2007,Osnabrück  Stadt,Deutsche,K03404,75
2007,Wilhelmshaven  Stadt,Deutsche,K03405,16
2007,Ammerland,Deutsche,K03451,20
2007,Aurich,Deutsche,K03452,60
2007,Cloppenburg,Deutsche,K03453,44
2007,Emsland,Deutsche,K03454,89
2007,Friesland,Deutsche,K03455,18
2007,Grafschaft Bentheim,Deutsche,K03456,109
2007,Leer,Deutsche,K03457,40
2007,Oldenburg,Deutsche,K03458,30
2007,Osnabrück,Deutsche,K03459,87
2007,Vechta,Deutsche,K03460,86
2007,Wesermarsch,Deutsche,K03461,28
2007,Wittmund,Deutsche,K03462,9
2007,Statistische Region Weser-Ems,Deutsche,K034,850
2007,Niedersachsen,Deutsche,K030,2385
2008,Braunschweig  Stadt,Deutsche,K03101,67
2008,Salzgitter  Stadt,Deutsche,K03102,32
2008,Wolfsburg  Stadt,Deutsche,K03103,50
2008,Gifhorn,Deutsche,K03151,34
2008,Goslar,Deutsche,K03153,39
2008,Helmstedt,Deutsche,K03154,16
2008,Northeim,Deutsche,K03155,55
2008,Peine,Deutsche,K03157,28
2008,Wolfenbüttel,Deutsche,K03158,9
2008,Göttingen,Deutsche,K03159,117
2008,Statistische Region Braunschweig,Deutsche,K031,447
2008,Hannover  Region,,K03241,395
2008,dav. Hannover  Lhst.,,K03241001,237
2008,dav. Hannover  Umland,,K03241999,158
2008,Diepholz,,K03251,61
2008,Hameln-Pyrmont,,K03252,75
2008,Hildesheim,,K03254,109
2008,Holzminden,,K03255,10
2008,Nienburg (Weser),,K03256,34
2008,Schaumburg,,K03257,50
2008,Statistische Region Hannover,,K032,734
2008,Celle,,K03351,33
2008,Cuxhaven,,K03352,44
2008,Harburg,,K03353,62
2008,Lüchow-Dannenberg,,K03354,3
2008,Lüneburg,,K03355,21
2008,Osterholz,,K03356,22
2008,Rotenburg (Wümme),,K03357,23
2008,Heidekreis,,K03358,22
2008,Stade,,K03359,38
2008,Uelzen,,K03360,21
2008,Verden,,K03361,33
2008,Statistische Region Lüneburg,,K033,322
2008,Delmenhorst  Stadt,,K03401,25
2008,Emden  Stadt,,K03402,17
2008,Oldenburg(Oldb)  Stadt,,K03403,80
2008,Osnabrück  Stadt,,K03404,89
2008,Wilhelmshaven  Stadt,,K03405,9
2008,Ammerland,,K03451,22
2008,Aurich,,K03452,33
2008,Cloppenburg,,K03453,39
2008,Emsland,,K03454,108
2008,Friesland,,K03455,15
2008,Grafschaft Bentheim,,K03456,100
2008,Leer,,K03457,36
2008,Oldenburg,,K03458,28
2008,Osnabrück,,K03459,83
2008,Vechta,,K03460,88
2008,Wesermarsch,,K03461,26
2008,Wittmund,,K03462,17
2008,Statistische Region Weser-Ems,,K034,815
2008,Niedersachsen,,K030,2318
2009,Braunschweig  Stadt,,K03101,63
2009,Salzgitter  Stadt,,K03102,20
2009,Wolfsburg  Stadt,,K03103,28
2009,Gifhorn,,K03151,12
2009,Goslar,,K03153,43
2009,Helmstedt,,K03154,14
2009,Northeim,,K03155,35
2009,Peine,,K03157,23
2009,Wolfenbüttel,,K03158,25
2009,Göttingen,,K03159,115
2009,Statistische Region Braunschweig,,K031,378
2009,Hannover  Region,,K03241,394
2009,dav. Hannover  Lhst.,,K03241001,246
2009,dav. Hannover  Umland,,K03241999,148
2009,Diepholz,,K03251,61
2009,Hameln-Pyrmont,,K03252,39
2009,Hildesheim,,K03254,82
2009,Holzminden,,K03255,14
2009,Nienburg (Weser),,K03256,19
2009,Schaumburg,,K03257,6
2009,Statistische Region Hannover,,K032,615
2009,Celle,,K03351,32
2009,Cuxhaven,,K03352,47
2009,Harburg,,K03353,58
2009,Lüchow-Dannenberg,,K03354,10
2009,Lüneburg,,K03355,29
2009,Osterholz,,K03356,22
2009,Rotenburg (Wümme),,K03357,11
2009,Heidekreis,,K03358,22
2009,Stade,,K03359,48
2009,Uelzen,,K03360,21
2009,Verden,,K03361,19
2009,Statistische Region Lüneburg,,K033,319
2009,Delmenhorst  Stadt,,K03401,24
2009,Emden  Stadt,,K03402,17
2009,Oldenburg(Oldb)  Stadt,,K03403,101
2009,Osnabrück  Stadt,,K03404,49
2009,Wilhelmshaven  Stadt,,K03405,14
2009,Ammerland,,K03451,19
2009,Aurich,,K03452,30
2009,Cloppenburg,,K03453,24
2009,Emsland,,K03454,85
2009,Friesland,,K03455,18
2009,Grafschaft Bentheim,,K03456,92
2009,Leer,,K03457,36
2009,Oldenburg,,K03458,24
2009,Osnabrück,,K03459,69
2009,Vechta,,K03460,63
2009,Wesermarsch,,K03461,19
2009,Wittmund,,K03462,9
2009,Statistische Region Weser-Ems,,K034,693
2009,Niedersachsen,,K030,2005
2010,Braunschweig  Stadt,,K03101,87
2010,Salzgitter  Stadt,,K03102,27
2010,Wolfsburg  Stadt,,K03103,45
2010,Gifhorn,,K03151,8
2010,Goslar,,K03153,32
2010,Helmstedt,,K03154,8
2010,Northeim,,K03155,35
2010,Peine,,K03157,26
2010,Wolfenbüttel,,K03158,23
2010,Göttingen,,K03159,127
2010,Statistische Region Braunschweig,,K031,418
2010,Hannover  Region,,K03241,397
2010,dav. Hannover  Lhst.,,K03241001,258
2010,dav. Hannover  Umland,,K03241999,139
2010,Diepholz,,K03251,54
2010,Hameln-Pyrmont,,K03252,39
2010,Hildesheim,,K03254,91
2010,Holzminden,,K03255,14
2010,Nienburg (Weser),,K03256,15
2010,Schaumburg,,K03257,12
2010,Statistische Region Hannover,,K032,622
2010,Celle,,K03351,33
2010,Cuxhaven,,K03352,47
2010,Harburg,,K03353,60
2010,Lüchow-Dannenberg,,K03354,4
2010,Lüneburg,,K03355,21
2010,Osterholz,,K03356,24
2010,Rotenburg (Wümme),,K03357,10
2010,Heidekreis,,K03358,18
2010,Stade,,K03359,29
2010,Uelzen,,K03360,21
2010,Verden,,K03361,22
2010,Statistische Region Lüneburg,,K033,289
2010,Delmenhorst  Stadt,,K03401,29
2010,Emden  Stadt,,K03402,12
2010,Oldenburg(Oldb)  Stadt,,K03403,113
2010,Osnabrück  Stadt,,K03404,93
2010,Wilhelmshaven  Stadt,,K03405,21
2010,Ammerland,,K03451,12
2010,Aurich,,K03452,9
2010,Cloppenburg,,K03453,23
2010,Emsland,,K03454,65
2010,Friesland,,K03455,12
2010,Grafschaft Bentheim,,K03456,87
2010,Leer,,K03457,46
2010,Oldenburg,,K03458,25
2010,Osnabrück,,K03459,75
2010,Vechta,,K03460,62
2010,Wesermarsch,,K03461,17
2010,Wittmund,,K03462,9
2010,Statistische Region Weser-Ems,,K034,710
2010,Niedersachsen,,K030,2039
2011,Braunschweig  Stadt,,K03101,84
2011,Salzgitter  Stadt,,K03102,28
2011,Wolfsburg  Stadt,,K03103,53
2011,Gifhorn,,K03151,4
2011,Goslar,,K03153,39
2011,Helmstedt,,K03154,10
2011,Northeim,,K03155,36
2011,Peine,,K03157,30
2011,Wolfenbüttel,,K03158,13
2011,Göttingen,,K03159,126
2011,Statistische Region Braunschweig,,K031,423
2011,Hannover  Region,,K03241,415
2011,dav. Hannover  Lhst.,,K03241001,284
2011,dav. Hannover  Umland,,K03241999,131
2011,Diepholz,,K03251,45
2011,Hameln-Pyrmont,,K03252,43
2011,Hildesheim,,K03254,90
2011,Holzminden,,K03255,14
2011,Nienburg (Weser),,K03256,12
2011,Schaumburg,,K03257,6
2011,Statistische Region Hannover,,K032,625
2011,Celle,,K03351,40
2011,Cuxhaven,,K03352,45
2011,Harburg,,K03353,44
2011,Lüchow-Dannenberg,,K03354,5
2011,Lüneburg,,K03355,32
2011,Osterholz,,K03356,14
2011,Rotenburg (Wümme),,K03357,10
2011,Heidekreis,,K03358,18
2011,Stade,,K03359,26
2011,Uelzen,,K03360,17
2011,Verden,,K03361,20
2011,Statistische Region Lüneburg,,K033,271
2011,Delmenhorst  Stadt,,K03401,20
2011,Emden  Stadt,,K03402,13
2011,Oldenburg(Oldb)  Stadt,,K03403,84
2011,Osnabrück  Stadt,,K03404,82
2011,Wilhelmshaven  Stadt,,K03405,24
2011,Ammerland,,K03451,27
2011,Aurich,,K03452,14
2011,Cloppenburg,,K03453,17
2011,Emsland,,K03454,84
2011,Friesland,,K03455,15
2011,Grafschaft Bentheim,,K03456,56
2011,Leer,,K03457,41
2011,Oldenburg,,K03458,21
2011,Osnabrück,,K03459,65
2011,Vechta,,K03460,53
2011,Wesermarsch,,K03461,19
2011,Wittmund,,K03462,12
2011,Statistische Region Weser-Ems,,K034,647
2011,Niedersachsen,,K030,1966
2012,Braunschweig  Stadt,,K03101,110
2012,Salzgitter  Stadt,,K03102,22
2012,Wolfsburg  Stadt,,K03103,60
2012,Gifhorn,,K03151,35
2012,Goslar,,K03153,41
2012,Helmstedt,,K03154,11
2012,Northeim,,K03155,32
2012,Peine,,K03157,38
2012,Wolfenbüttel,,K03158,19
2012,Göttingen,,K03159,150
2012,Statistische Region Braunschweig,,K031,518
2012,Hannover  Region,,K03241,466
2012,dav. Hannover  Lhst.,,K03241001,335
2012,dav. Hannover  Umland,,K03241999,131
2012,Diepholz,,K03251,58
2012,Hameln-Pyrmont,,K03252,64
2012,Hildesheim,,K03254,93
2012,Holzminden,,K03255,11
2012,Nienburg (Weser),,K03256,24
2012,Schaumburg,,K03257,27
2012,Statistische Region Hannover,,K032,743
2012,Celle,,K03351,30
2012,Cuxhaven,,K03352,41
2012,Harburg,,K03353,42
2012,Lüchow-Dannenberg,,K03354,9
2012,Lüneburg,,K03355,30
2012,Osterholz,,K03356,14
2012,Rotenburg (Wümme),,K03357,27
2012,Heidekreis,,K03358,22
2012,Stade,,K03359,44
2012,Uelzen,,K03360,17
2012,Verden,,K03361,34
2012,Statistische Region Lüneburg,,K033,310
2012,Delmenhorst  Stadt,,K03401,46
2012,Emden  Stadt,,K03402,16
2012,Oldenburg(Oldb)  Stadt,,K03403,107
2012,Osnabrück  Stadt,,K03404,74
2012,Wilhelmshaven  Stadt,,K03405,19
2012,Ammerland,,K03451,29
2012,Aurich,,K03452,30
2012,Cloppenburg,,K03453,62
2012,Emsland,,K03454,115
2012,Friesland,,K03455,16
2012,Grafschaft Bentheim,,K03456,74
2012,Leer,,K03457,36
2012,Oldenburg,,K03458,43
2012,Osnabrück,,K03459,81
2012,Vechta,,K03460,90
2012,Wesermarsch,,K03461,18
2012,Wittmund,,K03462,12
2012,Statistische Region Weser-Ems,,K034,868
2012,Niedersachsen,,K030,2439
2013,Braunschweig  Stadt,,K03101,117
2013,Salzgitter  Stadt,,K03102,43
2013,Wolfsburg  Stadt,,K03103,73
2013,Gifhorn,,K03151,31
2013,Goslar,,K03153,59
2013,Helmstedt,,K03154,19
2013,Northeim,,K03155,40
2013,Peine,,K03157,28
2013,Wolfenbüttel,,K03158,21
2013,Göttingen,,K03159,158
2013,Statistische Region Braunschweig,,K031,589
2013,Hannover  Region,,K03241,531
2013,dav. Hannover  Lhst.,,K03241001,351
2013,dav. Hannover  Umland,,K03241999,180
2013,Diepholz,,K03251,75
2013,Hameln-Pyrmont,,K03252,73
2013,Hildesheim,,K03254,120
2013,Holzminden,,K03255,9
2013,Nienburg (Weser),,K03256,35
2013,Schaumburg,,K03257,49
2013,Statistische Region Hannover,,K032,892
2013,Celle,,K03351,67
2013,Cuxhaven,,K03352,48
2013,Harburg,,K03353,67
2013,Lüchow-Dannenberg,,K03354,15
2013,Lüneburg,,K03355,39
2013,Osterholz,,K03356,30
2013,Rotenburg (Wümme),,K03357,41
2013,Heidekreis,,K03358,49
2013,Stade,,K03359,53
2013,Uelzen,,K03360,19
2013,Verden,,K03361,35
2013,Statistische Region Lüneburg,,K033,463
2013,Delmenhorst  Stadt,,K03401,23
2013,Emden  Stadt,,K03402,26
2013,Oldenburg(Oldb)  Stadt,,K03403,105
2013,Osnabrück  Stadt,,K03404,102
2013,Wilhelmshaven  Stadt,,K03405,18
2013,Ammerland,,K03451,25
2013,Aurich,,K03452,43
2013,Cloppenburg,,K03453,116
2013,Emsland,,K03454,147
2013,Friesland,,K03455,22
2013,Grafschaft Bentheim,,K03456,79
2013,Leer,,K03457,46
2013,Oldenburg,,K03458,64
2013,Osnabrück,,K03459,107
2013,Vechta,,K03460,113
2013,Wesermarsch,,K03461,27
2013,Wittmund,,K03462,9
2013,Statistische Region Weser-Ems,,K034,1072
2013,Niedersachsen,,K030,3016
2014,Braunschweig  Stadt,,K03101,138
2014,Salzgitter  Stadt,,K03102,71
2014,Wolfsburg  Stadt,,K03103,99
2014,Gifhorn,,K03151,62
2014,Goslar,,K03153,54
2014,Helmstedt,,K03154,15
2014,Northeim,,K03155,55
2014,Peine,,K03157,43
2014,Wolfenbüttel,,K03158,37
2014,Göttingen,,K03159,185
2014,Statistische Region Braunschweig,,K031,759
2014,Hannover  Region,,K03241,770
2014,dav. Hannover  Lhst.,,K03241001,493
2014,dav. Hannover  Umland,,K03241999,277
2014,Diepholz,,K03251,102
2014,Hameln-Pyrmont,,K03252,101
2014,Hildesheim,,K03254,124
2014,Holzminden,,K03255,20
2014,Nienburg (Weser),,K03256,27
2014,Schaumburg,,K03257,85
2014,Statistische Region Hannover,,K032,1229
2014,Celle,,K03351,97
2014,Cuxhaven,,K03352,83
2014,Harburg,,K03353,84
2014,Lüchow-Dannenberg,,K03354,22
2014,Lüneburg,,K03355,52
2014,Osterholz,,K03356,42
2014,Rotenburg (Wümme),,K03357,58
2014,Heidekreis,,K03358,67
2014,Stade,,K03359,90
2014,Uelzen,,K03360,44
2014,Verden,,K03361,38
2014,Statistische Region Lüneburg,,K033,677
2014,Delmenhorst  Stadt,,K03401,50
2014,Emden  Stadt,,K03402,29
2014,Oldenburg(Oldb)  Stadt,,K03403,136
2014,Osnabrück  Stadt,,K03404,137
2014,Wilhelmshaven  Stadt,,K03405,35
2014,Ammerland,,K03451,37
2014,Aurich,,K03452,62
2014,Cloppenburg,,K03453,159
2014,Emsland,,K03454,236
2014,Friesland,,K03455,29
2014,Grafschaft Bentheim,,K03456,108
2014,Leer,,K03457,78
2014,Oldenburg,,K03458,80
2014,Osnabrück,,K03459,185
2014,Vechta,,K03460,171
2014,Wesermarsch,,K03461,33
2014,Wittmund,,K03462,18
2014,Statistische Region Weser-Ems,,K034,1583
2014,Niedersachsen,,K030,4248
2015,Braunschweig  Stadt,,K03101,167
2015,Salzgitter  Stadt,,K03102,90
2015,Wolfsburg  Stadt,,K03103,143
2015,Gifhorn,,K03151,86
2015,Goslar,,K03153,105
2015,Helmstedt,,K03154,33
2015,Northeim,,K03155,79
2015,Peine,,K03157,70
2015,Wolfenbüttel,,K03158,38
2015,Göttingen,,K03159,202
2015,Statistische Region Braunschweig,,K031,1013
2015,Hannover  Region,,K03241,933
2015,dav. Hannover  Lhst.,,K03241001,569
2015,dav. Hannover  Umland,,K03241999,364
2015,Diepholz,,K03251,127
2015,Hameln-Pyrmont,,K03252,109
2015,Hildesheim,,K03254,163
2015,Holzminden,,K03255,38
2015,Nienburg (Weser),,K03256,58
2015,Schaumburg,,K03257,83
2015,Statistische Region Hannover,,K032,1511
2015,Celle,,K03351,87
2015,Cuxhaven,,K03352,84
2015,Harburg,,K03353,90
2015,Lüchow-Dannenberg,,K03354,35
2015,Lüneburg,,K03355,62
2015,Osterholz,,K03356,60
2015,Rotenburg (Wümme),,K03357,62
2015,Heidekreis,,K03358,95
2015,Stade,,K03359,127
2015,Uelzen,,K03360,53
2015,Verden,,K03361,58
2015,Statistische Region Lüneburg,,K033,813
2015,Delmenhorst  Stadt,,K03401,83
2015,Emden  Stadt,,K03402,40
2015,Oldenburg(Oldb)  Stadt,,K03403,140
2015,Osnabrück  Stadt,,K03404,151
2015,Wilhelmshaven  Stadt,,K03405,84
2015,Ammerland,,K03451,63
2015,Aurich,,K03452,97
2015,Cloppenburg,,K03453,180
2015,Emsland,,K03454,291
2015,Friesland,,K03455,62
2015,Grafschaft Bentheim,,K03456,132
2015,Leer,,K03457,93
2015,Oldenburg,,K03458,83
2015,Osnabrück,,K03459,199
2015,Vechta,,K03460,212
2015,Wesermarsch,,K03461,50
2015,Wittmund,,K03462,25
2015,Statistische Region Weser-Ems,,K034,1985
2015,Niedersachsen,,K030,5322
2016,Braunschweig  Stadt,,K03101,222
2016,Salzgitter  Stadt,,K03102,210
2016,Wolfsburg  Stadt,,K03103,208
2016,Gifhorn,,K03151,106
2016,Goslar,,K03153,164
2016,Helmstedt,,K03154,75
2016,Northeim,,K03155,141
2016,Peine,,K03157,121
2016,Wolfenbüttel,,K03158,125
2016,Göttingen,,K03159,337
2016,Statistische Region Braunschweig,,K031,1709
2016,Hannover  Region,,K03241,1603
2016,dav. Hannover  Lhst.,,K03241001,831
2016,dav. Hannover  Umland,,K03241999,772
2016,Diepholz,,K03251,232
2016,Hameln-Pyrmont,,K03252,197
2016,Hildesheim,,K03254,284
2016,Holzminden,,K03255,71
2016,Nienburg (Weser),,K03256,154
2016,Schaumburg,,K03257,166
2016,Statistische Region Hannover,,K032,2707
2016,Celle,,K03351,182
2016,Cuxhaven,,K03352,168
2016,Harburg,,K03353,128
2016,Lüchow-Dannenberg,,K03354,52
2016,Lüneburg,,K03355,168
2016,Osterholz,,K03356,106
2016,Rotenburg (Wümme),,K03357,125
2016,Heidekreis,,K03358,160
2016,Stade,,K03359,243
2016,Uelzen,,K03360,71
2016,Verden,,K03361,132
2016,Statistische Region Lüneburg,,K033,1535
2016,Delmenhorst  Stadt,,K03401,180
2016,Emden  Stadt,,K03402,80
2016,Oldenburg(Oldb)  Stadt,,K03403,211
2016,Osnabrück  Stadt,,K03404,220
2016,Wilhelmshaven  Stadt,,K03405,106
2016,Ammerland,,K03451,119
2016,Aurich,,K03452,162
2016,Cloppenburg,,K03453,260
2016,Emsland,,K03454,419
2016,Friesland,,K03455,126
2016,Grafschaft Bentheim,,K03456,185
2016,Leer,,K03457,170
2016,Oldenburg,,K03458,155
2016,Osnabrück,,K03459,335
2016,Vechta,,K03460,279
2016,Wesermarsch,,K03461,94
2016,Wittmund,,K03462,41
2016,Statistische Region Weser-Ems,,K034,3142
2016,Niedersachsen,,K030,9093
2017,Braunschweig  Stadt,,K03101,185
2017,Salzgitter  Stadt,,K03102,266
2017,Wolfsburg  Stadt,,K03103,158
2017,Gifhorn,,K03151,115
2017,Goslar,,K03153,149
2017,Helmstedt,,K03154,86
2017,Northeim,,K03155,129
2017,Peine,,K03157,112
2017,Wolfenbüttel,,K03158,78
2017,Göttingen,,K03159,310
2017,Statistische Region Braunschweig,,K031,1588
2017,Hannover  Region,,K03241,1490
2017,dav. Hannover  Lhst.,,K03241001,779
2017,dav. Hannover  Umland,,K03241999,711
2017,Diepholz,,K03251,240
2017,Hameln-Pyrmont,,K03252,174
2017,Hildesheim,,K03254,226
2017,Holzminden,,K03255,61
2017,Nienburg (Weser),,K03256,116
2017,Schaumburg,,K03257,155
2017,Statistische Region Hannover,,K032,2462
2017,Celle,,K03351,168
2017,Cuxhaven,,K03352,165
2017,Harburg,,K03353,157
2017,Lüchow-Dannenberg,,K03354,30
2017,Lüneburg,,K03355,126
2017,Osterholz,,K03356,72
2017,Rotenburg (Wümme),,K03357,122
2017,Heidekreis,,K03358,124
2017,Stade,,K03359,222
2017,Uelzen,,K03360,52
2017,Verden,,K03361,110
2017,Statistische Region Lüneburg,,K033,1348
2017,Delmenhorst  Stadt,,K03401,202
2017,Emden  Stadt,,K03402,68
2017,Oldenburg(Oldb)  Stadt,,K03403,221
2017,Osnabrück  Stadt,,K03404,241
2017,Wilhelmshaven  Stadt,,K03405,137
2017,Ammerland,,K03451,94
2017,Aurich,,K03452,153
2017,Cloppenburg,,K03453,242
2017,Emsland,,K03454,420
2017,Friesland,,K03455,85
2017,Grafschaft Bentheim,,K03456,156
2017,Leer,,K03457,160
2017,Oldenburg,,K03458,132
2017,Osnabrück,,K03459,341
2017,Vechta,,K03460,239
2017,Wesermarsch,,K03461,79
2017,Wittmund,,K03462,36
2017,Statistische Region Weser-Ems,,K034,3006
2017,Niedersachsen,,K030,8404
2018,Braunschweig  Stadt,,K03101,232
2018,Salzgitter  Stadt,,K03102,336
2018,Wolfsburg  Stadt,,K03103,184
2018,Gifhorn,,K03151,129
2018,Goslar,,K03153,159
2018,Helmstedt,,K03154,53
2018,Northeim,,K03155,109
2018,Peine,,K03157,109
2018,Wolfenbüttel,,K03158,91
2018,Göttingen,,K03159,346
2018,Statistische Region Braunschweig,,K031,1748
2018,Hannover  Region,,K03241,1596
2018,dav. Hannover  Lhst.,,K03241001,870
2018,dav. Hannover  Umland,,K03241999,726
2018,Diepholz,,K03251,233
2018,Hameln-Pyrmont,,K03252,200
2018,Hildesheim,,K03254,270
2018,Holzminden,,K03255,52
2018,Nienburg (Weser),,K03256,109
2018,Schaumburg,,K03257,195
2018,Statistische Region Hannover,,K032,2655
2018,Celle,,K03351,176
2018,Cuxhaven,,K03352,143
2018,Harburg,,K03353,149
2018,Lüchow-Dannenberg,,K03354,41
2018,Lüneburg,,K03355,111
2018,Osterholz,,K03356,62
2018,Rotenburg (Wümme),,K03357,100
2018,Heidekreis,,K03358,160
2018,Stade,,K03359,251
2018,Uelzen,,K03360,67
2018,Verden,,K03361,127
2018,Statistische Region Lüneburg,,K033,1387
2018,Delmenhorst  Stadt,,K03401,184
2018,Emden  Stadt,,K03402,79
2018,Oldenburg(Oldb)  Stadt,,K03403,223
2018,Osnabrück  Stadt,,K03404,234
2018,Wilhelmshaven  Stadt,,K03405,133
2018,Ammerland,,K03451,104
2018,Aurich,,K03452,138
2018,Cloppenburg,,K03453,299
2018,Emsland,,K03454,421
2018,Friesland,,K03455,63
2018,Grafschaft Bentheim,,K03456,160
2018,Leer,,K03457,183
2018,Oldenburg,,K03458,136
2018,Osnabrück,,K03459,350
2018,Vechta,,K03460,235
2018,Wesermarsch,,K03461,84
2018,Wittmund,,K03462,23
2018,Statistische Region Weser-Ems,,K034,3049
2018,Niedersachsen,,K030,8839
2019,Braunschweig  Stadt,,K03101,239
2019,Salzgitter  Stadt,,K03102,292
2019,Wolfsburg  Stadt,,K03103,187
2019,Gifhorn,,K03151,128
2019,Goslar,,K03153,133
2019,Helmstedt,,K03154,75
2019,Northeim,,K03155,111
2019,Peine,,K03157,128
2019,Wolfenbüttel,,K03158,79
2019,Göttingen,,K03159,287
2019,Statistische Region Braunschweig,,K031,1659
2019,Hannover  Region,,K03241,1360
2019,dav. Hannover  Lhst.,,K03241001,798
2019,dav. Hannover  Umland,,K03241999,562
2019,Diepholz,,K03251,218
2019,Hameln-Pyrmont,,K03252,198
2019,Hildesheim,,K03254,262
2019,Holzminden,,K03255,50
2019,Nienburg (Weser),,K03256,142
2019,Schaumburg,,K03257,139
2019,Statistische Region Hannover,,K032,2369
2019,Celle,,K03351,160
2019,Cuxhaven,,K03352,131
2019,Harburg,,K03353,185
2019,Lüchow-Dannenberg,,K03354,30
2019,Lüneburg,,K03355,146
2019,Osterholz,,K03356,82
2019,Rotenburg (Wümme),,K03357,105
2019,Heidekreis,,K03358,185
2019,Stade,,K03359,218
2019,Uelzen,,K03360,57
2019,Verden,,K03361,113
2019,Statistische Region Lüneburg,,K033,1412
2019,Delmenhorst  Stadt,,K03401,186
2019,Emden  Stadt,,K03402,77
2019,Oldenburg(Oldb)  Stadt,,K03403,214
2019,Osnabrück  Stadt,,K03404,253
2019,Wilhelmshaven  Stadt,,K03405,136
2019,Ammerland,,K03451,95
2019,Aurich,,K03452,132
2019,Cloppenburg,,K03453,299
2019,Emsland,,K03454,434
2019,Friesland,,K03455,50
2019,Grafschaft Bentheim,,K03456,148
2019,Leer,,K03457,196
2019,Oldenburg,,K03458,138
2019,Osnabrück,,K03459,385
2019,Vechta,,K03460,263
2019,Wesermarsch,,K03461,72
2019,Wittmund,,K03462,29
2019,Statistische Region Weser-Ems,,K034,3107
2019,Niedersachsen,,K030,8547
2020,Braunschweig  Stadt,,K03101,239
2020,Salzgitter  Stadt,,K03102,307
2020,Wolfsburg  Stadt,,K03103,176
2020,Gifhorn,,K03151,136
2020,Goslar,,K03153,116
2020,Helmstedt,,K03154,70
2020,Northeim,,K03155,103
2020,Peine,,K03157,104
2020,Wolfenbüttel,,K03158,95
2020,Göttingen,,K03159,311
2020,Statistische Region Braunschweig,,K031,1657
2020,Hannover  Region,,K03241,1763
2020,dav. Hannover  Lhst.,,K03241001,1020
2020,dav. Hannover  Umland,,K03241999,743
2020,Diepholz,,K03251,228
2020,Hameln-Pyrmont,,K03252,202
2020,Hildesheim,,K03254,269
2020,Holzminden,,K03255,55
2020,Nienburg (Weser),,K03256,119
2020,Schaumburg,,K03257,129
2020,Statistische Region Hannover,,K032,2765
2020,Celle,,K03351,170
2020,Cuxhaven,,K03352,111
2020,Harburg,,K03353,196
2020,Lüchow-Dannenberg,,K03354,35
2020,Lüneburg,,K03355,137
2020,Osterholz,,K03356,61
2020,Rotenburg (Wümme),,K03357,117
2020,Heidekreis,,K03358,180
2020,Stade,,K03359,235
2020,Uelzen,,K03360,66
2020,Verden,,K03361,108
2020,Statistische Region Lüneburg,,K033,1416
2020,Delmenhorst  Stadt,,K03401,179
2020,Emden  Stadt,,K03402,75
2020,Oldenburg(Oldb)  Stadt,,K03403,256
2020,Osnabrück  Stadt,,K03404,242
2020,Wilhelmshaven  Stadt,,K03405,150
2020,Ammerland,,K03451,81
2020,Aurich,,K03452,122
2020,Cloppenburg,,K03453,284
2020,Emsland,,K03454,434
2020,Friesland,,K03455,47
2020,Grafschaft Bentheim,,K03456,175
2020,Leer,,K03457,209
2020,Oldenburg,,K03458,120
2020,Osnabrück,,K03459,382
2020,Vechta,,K03460,288
2020,Wesermarsch,,K03461,83
2020,Wittmund,,K03462,39
2020,Statistische Region Weser-Ems,,K034,3166
2020,Niedersachsen,,K030,9004
