Year,Gebietseinheit,Aufenthaltstitel,Geschlecht,Grund der Befristung,Units,GeoCode,Value
2021,Bissendorf,unbefristeter Aufenthalstitel,,männlich,Anzahl,R0201,22
2021,Bissendorf,unbefristeter Aufenthalstitel,,weiblich,Anzahl,R0201,11
2021,Bissendorf,unbefristeter Aufenthalstitel,,insgesamt,Anzahl,R0201,33
2021,Bissendorf,befristeter Aufenthalstitel,Frist A,männlich,Anzahl,R0201,55
2021,Bissendorf,befristeter Aufenthalstitel,Frist A,weiblich,Anzahl,R0201,66
2021,Bissendorf,befristeter Aufenthalstitel,Frist A,insgesamt,Anzahl,R0201,111
2021,Bissendorf,befristeter Aufenthalstitel,Frist B,männlich,Anzahl,R0201,1
2021,Bissendorf,befristeter Aufenthalstitel,Frist B,weiblich,Anzahl,R0201,2
2021,Bissendorf,befristeter Aufenthalstitel,Frist B,insgesamt,Anzahl,R0201,3
