Year,Kategorie,Altersgrupppe,Units,Value
2024,Inobhutnahmen aufgrund unbegleiteter Einreise aus dem Ausland,,Fälle,1881
2023,Inobhutnahmen aufgrund unbegleiteter Einreise aus dem Ausland,,Fälle,2688
2022,Inobhutnahmen aufgrund unbegleiteter Einreise aus dem Ausland,,Fälle,1489
2021,Inobhutnahmen aufgrund unbegleiteter Einreise aus dem Ausland,,Fälle,665
2020,Inobhutnahmen aufgrund unbegleiteter Einreise aus dem Ausland,,Fälle,511
2019,Inobhutnahmen aufgrund unbegleiteter Einreise aus dem Ausland,,Fälle,596
2018,Inobhutnahmen aufgrund unbegleiteter Einreise aus dem Ausland,,Fälle,870
2017,Inobhutnahmen aufgrund unbegleiteter Einreise aus dem Ausland,,Fälle,1360
2024,Vorläufige Inobhutnahme nach §42a SGB VIII,,Fälle,691
2023,Vorläufige Inobhutnahme nach §42a SGB VIII,,Fälle,1145
2022,Vorläufige Inobhutnahme nach §42a SGB VIII,,Fälle,781
2021,Vorläufige Inobhutnahme nach §42a SGB VIII,,Fälle,357
2020,Vorläufige Inobhutnahme nach §42a SGB VIII,,Fälle,274
2019,Vorläufige Inobhutnahme nach §42a SGB VIII,,Fälle,291
2018,Vorläufige Inobhutnahme nach §42a SGB VIII,,Fälle,381
2017,Vorläufige Inobhutnahme nach §42a SGB VIII,,Fälle,502
2024,Vorläufige Inobhutnahme nach §42a SGB VIII,unter 3 Jahren,Fälle,0
2023,Vorläufige Inobhutnahme nach §42a SGB VIII,unter 3 Jahren,Fälle,2
2022,Vorläufige Inobhutnahme nach §42a SGB VIII,unter 3 Jahren,Fälle,4
2021,Vorläufige Inobhutnahme nach §42a SGB VIII,unter 3 Jahren,Fälle,2
2020,Vorläufige Inobhutnahme nach §42a SGB VIII,unter 3 Jahren,Fälle,4
2019,Vorläufige Inobhutnahme nach §42a SGB VIII,unter 3 Jahren,Fälle,5
2018,Vorläufige Inobhutnahme nach §42a SGB VIII,unter 3 Jahren,Fälle,6
2017,Vorläufige Inobhutnahme nach §42a SGB VIII,unter 3 Jahren,Fälle,1
2024,Vorläufige Inobhutnahme nach §42a SGB VIII,3 bis unter 6 Jahren,Fälle,4
2023,Vorläufige Inobhutnahme nach §42a SGB VIII,3 bis unter 6 Jahren,Fälle,1
2022,Vorläufige Inobhutnahme nach §42a SGB VIII,3 bis unter 6 Jahren,Fälle,3
2021,Vorläufige Inobhutnahme nach §42a SGB VIII,3 bis unter 6 Jahren,Fälle,1
2020,Vorläufige Inobhutnahme nach §42a SGB VIII,3 bis unter 6 Jahren,Fälle,4
2019,Vorläufige Inobhutnahme nach §42a SGB VIII,3 bis unter 6 Jahren,Fälle,4
2018,Vorläufige Inobhutnahme nach §42a SGB VIII,3 bis unter 6 Jahren,Fälle,6
2017,Vorläufige Inobhutnahme nach §42a SGB VIII,3 bis unter 6 Jahren,Fälle,3
2024,Vorläufige Inobhutnahme nach §42a SGB VIII,6 bis unter 9 Jahren,Fälle,2
2023,Vorläufige Inobhutnahme nach §42a SGB VIII,6 bis unter 9 Jahren,Fälle,11
2022,Vorläufige Inobhutnahme nach §42a SGB VIII,6 bis unter 9 Jahren,Fälle,11
2021,Vorläufige Inobhutnahme nach §42a SGB VIII,6 bis unter 9 Jahren,Fälle,8
2020,Vorläufige Inobhutnahme nach §42a SGB VIII,6 bis unter 9 Jahren,Fälle,3
2019,Vorläufige Inobhutnahme nach §42a SGB VIII,6 bis unter 9 Jahren,Fälle,7
2018,Vorläufige Inobhutnahme nach §42a SGB VIII,6 bis unter 9 Jahren,Fälle,8
2017,Vorläufige Inobhutnahme nach §42a SGB VIII,6 bis unter 9 Jahren,Fälle,6
2024,Vorläufige Inobhutnahme nach §42a SGB VIII,9 bis unter 12 Jahren,Fälle,11
2023,Vorläufige Inobhutnahme nach §42a SGB VIII,9 bis unter 12 Jahren,Fälle,18
2022,Vorläufige Inobhutnahme nach §42a SGB VIII,9 bis unter 12 Jahren,Fälle,12
2021,Vorläufige Inobhutnahme nach §42a SGB VIII,9 bis unter 12 Jahren,Fälle,8
2020,Vorläufige Inobhutnahme nach §42a SGB VIII,9 bis unter 12 Jahren,Fälle,16
2019,Vorläufige Inobhutnahme nach §42a SGB VIII,9 bis unter 12 Jahren,Fälle,14
2018,Vorläufige Inobhutnahme nach §42a SGB VIII,9 bis unter 12 Jahren,Fälle,14
2017,Vorläufige Inobhutnahme nach §42a SGB VIII,9 bis unter 12 Jahren,Fälle,8
2024,Vorläufige Inobhutnahme nach §42a SGB VIII,12 bis unter 14 Jahren,Fälle,33
2023,Vorläufige Inobhutnahme nach §42a SGB VIII,12 bis unter 14 Jahren,Fälle,69
2022,Vorläufige Inobhutnahme nach §42a SGB VIII,12 bis unter 14 Jahren,Fälle,43
2021,Vorläufige Inobhutnahme nach §42a SGB VIII,12 bis unter 14 Jahren,Fälle,19
2020,Vorläufige Inobhutnahme nach §42a SGB VIII,12 bis unter 14 Jahren,Fälle,27
2019,Vorläufige Inobhutnahme nach §42a SGB VIII,12 bis unter 14 Jahren,Fälle,13
2018,Vorläufige Inobhutnahme nach §42a SGB VIII,12 bis unter 14 Jahren,Fälle,20
2017,Vorläufige Inobhutnahme nach §42a SGB VIII,12 bis unter 14 Jahren,Fälle,12
2024,Vorläufige Inobhutnahme nach §42a SGB VIII,14 bis unter 16 Jahren,Fälle,153
2023,Vorläufige Inobhutnahme nach §42a SGB VIII,14 bis unter 16 Jahren,Fälle,273
2022,Vorläufige Inobhutnahme nach §42a SGB VIII,14 bis unter 16 Jahren,Fälle,232
2021,Vorläufige Inobhutnahme nach §42a SGB VIII,14 bis unter 16 Jahren,Fälle,93
2020,Vorläufige Inobhutnahme nach §42a SGB VIII,14 bis unter 16 Jahren,Fälle,79
2019,Vorläufige Inobhutnahme nach §42a SGB VIII,14 bis unter 16 Jahren,Fälle,77
2018,Vorläufige Inobhutnahme nach §42a SGB VIII,14 bis unter 16 Jahren,Fälle,88
2017,Vorläufige Inobhutnahme nach §42a SGB VIII,14 bis unter 16 Jahren,Fälle,95
2024,Vorläufige Inobhutnahme nach §42a SGB VIII,16 bis unter 18 Jahren,Fälle,488
2023,Vorläufige Inobhutnahme nach §42a SGB VIII,16 bis unter 18 Jahren,Fälle,771
2022,Vorläufige Inobhutnahme nach §42a SGB VIII,16 bis unter 18 Jahren,Fälle,476
2021,Vorläufige Inobhutnahme nach §42a SGB VIII,16 bis unter 18 Jahren,Fälle,226
2020,Vorläufige Inobhutnahme nach §42a SGB VIII,16 bis unter 18 Jahren,Fälle,141
2019,Vorläufige Inobhutnahme nach §42a SGB VIII,16 bis unter 18 Jahren,Fälle,171
2018,Vorläufige Inobhutnahme nach §42a SGB VIII,16 bis unter 18 Jahren,Fälle,239
2017,Vorläufige Inobhutnahme nach §42a SGB VIII,16 bis unter 18 Jahren,Fälle,377
2024,Reguläre Inobhutnahme nach § 42 Absatz 1 Nummer 3 SGB VIII,,Fälle,1190
2023,Reguläre Inobhutnahme nach § 42 Absatz 1 Nummer 3 SGB VIII,,Fälle,1543
2022,Reguläre Inobhutnahme nach § 42 Absatz 1 Nummer 3 SGB VIII,,Fälle,708
2021,Reguläre Inobhutnahme nach § 42 Absatz 1 Nummer 3 SGB VIII,,Fälle,308
2020,Reguläre Inobhutnahme nach § 42 Absatz 1 Nummer 3 SGB VIII,,Fälle,237
2019,Reguläre Inobhutnahme nach § 42 Absatz 1 Nummer 3 SGB VIII,,Fälle,305
2018,Reguläre Inobhutnahme nach § 42 Absatz 1 Nummer 3 SGB VIII,,Fälle,489
2017,Reguläre Inobhutnahme nach § 42 Absatz 1 Nummer 3 SGB VIII,,Fälle,858
2024,Reguläre Inobhutnahme nach § 42 Absatz 1 Nummer 3 SGB VIII,unter 3 Jahren,Fälle,3
2023,Reguläre Inobhutnahme nach § 42 Absatz 1 Nummer 3 SGB VIII,unter 3 Jahren,Fälle,1
2022,Reguläre Inobhutnahme nach § 42 Absatz 1 Nummer 3 SGB VIII,unter 3 Jahren,Fälle,1
2021,Reguläre Inobhutnahme nach § 42 Absatz 1 Nummer 3 SGB VIII,unter 3 Jahren,Fälle,-
2020,Reguläre Inobhutnahme nach § 42 Absatz 1 Nummer 3 SGB VIII,unter 3 Jahren,Fälle,1
2019,Reguläre Inobhutnahme nach § 42 Absatz 1 Nummer 3 SGB VIII,unter 3 Jahren,Fälle,3
2018,Reguläre Inobhutnahme nach § 42 Absatz 1 Nummer 3 SGB VIII,unter 3 Jahren,Fälle,1
2017,Reguläre Inobhutnahme nach § 42 Absatz 1 Nummer 3 SGB VIII,unter 3 Jahren,Fälle,5
2024,Reguläre Inobhutnahme nach § 42 Absatz 1 Nummer 3 SGB VIII,3 bis unter 6 Jahren,Fälle,1
2023,Reguläre Inobhutnahme nach § 42 Absatz 1 Nummer 3 SGB VIII,3 bis unter 6 Jahren,Fälle,2
2022,Reguläre Inobhutnahme nach § 42 Absatz 1 Nummer 3 SGB VIII,3 bis unter 6 Jahren,Fälle,1
2021,Reguläre Inobhutnahme nach § 42 Absatz 1 Nummer 3 SGB VIII,3 bis unter 6 Jahren,Fälle,1
2020,Reguläre Inobhutnahme nach § 42 Absatz 1 Nummer 3 SGB VIII,3 bis unter 6 Jahren,Fälle,5
2019,Reguläre Inobhutnahme nach § 42 Absatz 1 Nummer 3 SGB VIII,3 bis unter 6 Jahren,Fälle,2
2018,Reguläre Inobhutnahme nach § 42 Absatz 1 Nummer 3 SGB VIII,3 bis unter 6 Jahren,Fälle,3
2017,Reguläre Inobhutnahme nach § 42 Absatz 1 Nummer 3 SGB VIII,3 bis unter 6 Jahren,Fälle,9
2024,Reguläre Inobhutnahme nach § 42 Absatz 1 Nummer 3 SGB VIII,6 bis unter 9 Jahren,Fälle,5
2023,Reguläre Inobhutnahme nach § 42 Absatz 1 Nummer 3 SGB VIII,6 bis unter 9 Jahren,Fälle,5
2022,Reguläre Inobhutnahme nach § 42 Absatz 1 Nummer 3 SGB VIII,6 bis unter 9 Jahren,Fälle,4
2021,Reguläre Inobhutnahme nach § 42 Absatz 1 Nummer 3 SGB VIII,6 bis unter 9 Jahren,Fälle,5
2020,Reguläre Inobhutnahme nach § 42 Absatz 1 Nummer 3 SGB VIII,6 bis unter 9 Jahren,Fälle,6
2019,Reguläre Inobhutnahme nach § 42 Absatz 1 Nummer 3 SGB VIII,6 bis unter 9 Jahren,Fälle,7
2018,Reguläre Inobhutnahme nach § 42 Absatz 1 Nummer 3 SGB VIII,6 bis unter 9 Jahren,Fälle,3
2017,Reguläre Inobhutnahme nach § 42 Absatz 1 Nummer 3 SGB VIII,6 bis unter 9 Jahren,Fälle,8
2024,Reguläre Inobhutnahme nach § 42 Absatz 1 Nummer 3 SGB VIII,9 bis unter 12 Jahren,Fälle,18
2023,Reguläre Inobhutnahme nach § 42 Absatz 1 Nummer 3 SGB VIII,9 bis unter 12 Jahren,Fälle,12
2022,Reguläre Inobhutnahme nach § 42 Absatz 1 Nummer 3 SGB VIII,9 bis unter 12 Jahren,Fälle,14
2021,Reguläre Inobhutnahme nach § 42 Absatz 1 Nummer 3 SGB VIII,9 bis unter 12 Jahren,Fälle,6
2020,Reguläre Inobhutnahme nach § 42 Absatz 1 Nummer 3 SGB VIII,9 bis unter 12 Jahren,Fälle,8
2019,Reguläre Inobhutnahme nach § 42 Absatz 1 Nummer 3 SGB VIII,9 bis unter 12 Jahren,Fälle,7
2018,Reguläre Inobhutnahme nach § 42 Absatz 1 Nummer 3 SGB VIII,9 bis unter 12 Jahren,Fälle,12
2017,Reguläre Inobhutnahme nach § 42 Absatz 1 Nummer 3 SGB VIII,9 bis unter 12 Jahren,Fälle,14
2024,Reguläre Inobhutnahme nach § 42 Absatz 1 Nummer 3 SGB VIII,12 bis unter 14 Jahren,Fälle,63
2023,Reguläre Inobhutnahme nach § 42 Absatz 1 Nummer 3 SGB VIII,12 bis unter 14 Jahren,Fälle,45
2022,Reguläre Inobhutnahme nach § 42 Absatz 1 Nummer 3 SGB VIII,12 bis unter 14 Jahren,Fälle,53
2021,Reguläre Inobhutnahme nach § 42 Absatz 1 Nummer 3 SGB VIII,12 bis unter 14 Jahren,Fälle,14
2020,Reguläre Inobhutnahme nach § 42 Absatz 1 Nummer 3 SGB VIII,12 bis unter 14 Jahren,Fälle,13
2019,Reguläre Inobhutnahme nach § 42 Absatz 1 Nummer 3 SGB VIII,12 bis unter 14 Jahren,Fälle,13
2018,Reguläre Inobhutnahme nach § 42 Absatz 1 Nummer 3 SGB VIII,12 bis unter 14 Jahren,Fälle,13
2017,Reguläre Inobhutnahme nach § 42 Absatz 1 Nummer 3 SGB VIII,12 bis unter 14 Jahren,Fälle,23
2024,Reguläre Inobhutnahme nach § 42 Absatz 1 Nummer 3 SGB VIII,14 bis unter 16 Jahren,Fälle,371
2023,Reguläre Inobhutnahme nach § 42 Absatz 1 Nummer 3 SGB VIII,14 bis unter 16 Jahren,Fälle,259
2022,Reguläre Inobhutnahme nach § 42 Absatz 1 Nummer 3 SGB VIII,14 bis unter 16 Jahren,Fälle,158
2021,Reguläre Inobhutnahme nach § 42 Absatz 1 Nummer 3 SGB VIII,14 bis unter 16 Jahren,Fälle,74
2020,Reguläre Inobhutnahme nach § 42 Absatz 1 Nummer 3 SGB VIII,14 bis unter 16 Jahren,Fälle,55
2019,Reguläre Inobhutnahme nach § 42 Absatz 1 Nummer 3 SGB VIII,14 bis unter 16 Jahren,Fälle,83
2018,Reguläre Inobhutnahme nach § 42 Absatz 1 Nummer 3 SGB VIII,14 bis unter 16 Jahren,Fälle,122
2017,Reguläre Inobhutnahme nach § 42 Absatz 1 Nummer 3 SGB VIII,14 bis unter 16 Jahren,Fälle,174
2024,Reguläre Inobhutnahme nach § 42 Absatz 1 Nummer 3 SGB VIII,16 bis unter 18 Jahren,Fälle,1082
2023,Reguläre Inobhutnahme nach § 42 Absatz 1 Nummer 3 SGB VIII,16 bis unter 18 Jahren,Fälle,866
2022,Reguläre Inobhutnahme nach § 42 Absatz 1 Nummer 3 SGB VIII,16 bis unter 18 Jahren,Fälle,477
2021,Reguläre Inobhutnahme nach § 42 Absatz 1 Nummer 3 SGB VIII,16 bis unter 18 Jahren,Fälle,208
2020,Reguläre Inobhutnahme nach § 42 Absatz 1 Nummer 3 SGB VIII,16 bis unter 18 Jahren,Fälle,149
2019,Reguläre Inobhutnahme nach § 42 Absatz 1 Nummer 3 SGB VIII,16 bis unter 18 Jahren,Fälle,190
2018,Reguläre Inobhutnahme nach § 42 Absatz 1 Nummer 3 SGB VIII,16 bis unter 18 Jahren,Fälle,335
2017,Reguläre Inobhutnahme nach § 42 Absatz 1 Nummer 3 SGB VIII,16 bis unter 18 Jahren,Fälle,625
