Year,Gebietseinheit,GeoCode,Value
Veränderung aktuelles Jahr (2020) zu 2005,Braunschweig  Stadt,K03101,-34
Veränderung aktuelles Jahr (2020) zu 2005,Salzgitter  Stadt,K03102,-10
Veränderung aktuelles Jahr (2020) zu 2005,Wolfsburg  Stadt,K03103,140
Veränderung aktuelles Jahr (2020) zu 2005,Gifhorn,K03151,-4
Veränderung aktuelles Jahr (2020) zu 2005,Goslar,K03153,-80
Veränderung aktuelles Jahr (2020) zu 2005,Helmstedt,K03154,56
Veränderung aktuelles Jahr (2020) zu 2005,Northeim,K03155,16
Veränderung aktuelles Jahr (2020) zu 2005,Peine,K03157,-24
Veränderung aktuelles Jahr (2020) zu 2005,Wolfenbüttel,K03158,-11
Veränderung aktuelles Jahr (2020) zu 2005,Göttingen,K03159,-46
Veränderung aktuelles Jahr (2020) zu 2005,Statistische Region Braunschweig,K031,-124
Veränderung aktuelles Jahr (2020) zu 2005,Hannover  Region,K03241,-345
Veränderung aktuelles Jahr (2020) zu 2005,dav. Hannover  Lhst.,K03241001,-201
Veränderung aktuelles Jahr (2020) zu 2005,dav. Hannover  Umland,K03241999,-314
Veränderung aktuelles Jahr (2020) zu 2005,Diepholz,K03251,47
Veränderung aktuelles Jahr (2020) zu 2005,Hameln-Pyrmont,K03252,-30
Veränderung aktuelles Jahr (2020) zu 2005,Hildesheim,K03254,-204
Veränderung aktuelles Jahr (2020) zu 2005,Holzminden,K03255,1
Veränderung aktuelles Jahr (2020) zu 2005,Nienburg (Weser),K03256,-24
Veränderung aktuelles Jahr (2020) zu 2005,Schaumburg,K03257,3
Veränderung aktuelles Jahr (2020) zu 2005,Statistische Region Hannover,K032,-552
Veränderung aktuelles Jahr (2020) zu 2005,Celle,K03351,124
Veränderung aktuelles Jahr (2020) zu 2005,Cuxhaven,K03352,-35
Veränderung aktuelles Jahr (2020) zu 2005,Harburg,K03353,-22
Veränderung aktuelles Jahr (2020) zu 2005,Lüchow-Dannenberg,K03354,21
Veränderung aktuelles Jahr (2020) zu 2005,Lüneburg,K03355,56
Veränderung aktuelles Jahr (2020) zu 2005,Osterholz,K03356,55
Veränderung aktuelles Jahr (2020) zu 2005,Rotenburg (Wümme),K03357,40
Veränderung aktuelles Jahr (2020) zu 2005,Heidekreis,K03358,46
Veränderung aktuelles Jahr (2020) zu 2005,Stade,K03359,-19
Veränderung aktuelles Jahr (2020) zu 2005,Uelzen,K03360,21
Veränderung aktuelles Jahr (2020) zu 2005,Verden,K03361,0
Veränderung aktuelles Jahr (2020) zu 2005,Statistische Region Lüneburg,K033,287
Veränderung aktuelles Jahr (2020) zu 2005,Delmenhorst  Stadt,K03401,-43
Veränderung aktuelles Jahr (2020) zu 2005,Emden  Stadt,K03402,-13
Veränderung aktuelles Jahr (2020) zu 2005,Oldenburg(Oldb)  Stadt,K03403,58
Veränderung aktuelles Jahr (2020) zu 2005,Osnabrück  Stadt,K03404,-53
Veränderung aktuelles Jahr (2020) zu 2005,Wilhelmshaven  Stadt,K03405,-58
Veränderung aktuelles Jahr (2020) zu 2005,Ammerland,K03451,20
Veränderung aktuelles Jahr (2020) zu 2005,Aurich,K03452,-59
Veränderung aktuelles Jahr (2020) zu 2005,Cloppenburg,K03453,66
Veränderung aktuelles Jahr (2020) zu 2005,Emsland,K03454,72
Veränderung aktuelles Jahr (2020) zu 2005,Friesland,K03455,10
Veränderung aktuelles Jahr (2020) zu 2005,Grafschaft Bentheim,K03456,93
Veränderung aktuelles Jahr (2020) zu 2005,Leer,K03457,19
Veränderung aktuelles Jahr (2020) zu 2005,Oldenburg,K03458,79
Veränderung aktuelles Jahr (2020) zu 2005,Osnabrück,K03459,262
Veränderung aktuelles Jahr (2020) zu 2005,Vechta,K03460,-56
Veränderung aktuelles Jahr (2020) zu 2005,Wesermarsch,K03461,15
Veränderung aktuelles Jahr (2020) zu 2005,Wittmund,K03462,23
Veränderung aktuelles Jahr (2020) zu 2005,Statistische Region Weser-Ems,K034,435
Veränderung aktuelles Jahr (2020) zu 2005,Niedersachsen,K030,46
Veränderung aktuelles Jahr (2020) zu 2010,Braunschweig  Stadt,K03101,93
Veränderung aktuelles Jahr (2020) zu 2010,Salzgitter  Stadt,K03102,48
Veränderung aktuelles Jahr (2020) zu 2010,Wolfsburg  Stadt,K03103,131
Veränderung aktuelles Jahr (2020) zu 2010,Gifhorn,K03151,83
Veränderung aktuelles Jahr (2020) zu 2010,Goslar,K03153,-33
Veränderung aktuelles Jahr (2020) zu 2010,Helmstedt,K03154,47
Veränderung aktuelles Jahr (2020) zu 2010,Northeim,K03155,59
Veränderung aktuelles Jahr (2020) zu 2010,Peine,K03157,73
Veränderung aktuelles Jahr (2020) zu 2010,Wolfenbüttel,K03158,57
Veränderung aktuelles Jahr (2020) zu 2010,Göttingen,K03159,195
Veränderung aktuelles Jahr (2020) zu 2010,Statistische Region Braunschweig,K031,626
Veränderung aktuelles Jahr (2020) zu 2010,Hannover  Region,K03241,599
Veränderung aktuelles Jahr (2020) zu 2010,dav. Hannover  Lhst.,K03241001,128
Veränderung aktuelles Jahr (2020) zu 2010,dav. Hannover  Umland,K03241999,301
Veränderung aktuelles Jahr (2020) zu 2010,Diepholz,K03251,165
Veränderung aktuelles Jahr (2020) zu 2010,Hameln-Pyrmont,K03252,185
Veränderung aktuelles Jahr (2020) zu 2010,Hildesheim,K03254,110
Veränderung aktuelles Jahr (2020) zu 2010,Holzminden,K03255,23
Veränderung aktuelles Jahr (2020) zu 2010,Nienburg (Weser),K03256,38
Veränderung aktuelles Jahr (2020) zu 2010,Schaumburg,K03257,110
Veränderung aktuelles Jahr (2020) zu 2010,Statistische Region Hannover,K032,1230
Veränderung aktuelles Jahr (2020) zu 2010,Celle,K03351,202
Veränderung aktuelles Jahr (2020) zu 2010,Cuxhaven,K03352,35
Veränderung aktuelles Jahr (2020) zu 2010,Harburg,K03353,72
Veränderung aktuelles Jahr (2020) zu 2010,Lüchow-Dannenberg,K03354,20
Veränderung aktuelles Jahr (2020) zu 2010,Lüneburg,K03355,81
Veränderung aktuelles Jahr (2020) zu 2010,Osterholz,K03356,47
Veränderung aktuelles Jahr (2020) zu 2010,Rotenburg (Wümme),K03357,23
Veränderung aktuelles Jahr (2020) zu 2010,Heidekreis,K03358,112
Veränderung aktuelles Jahr (2020) zu 2010,Stade,K03359,127
Veränderung aktuelles Jahr (2020) zu 2010,Uelzen,K03360,30
Veränderung aktuelles Jahr (2020) zu 2010,Verden,K03361,60
Veränderung aktuelles Jahr (2020) zu 2010,Statistische Region Lüneburg,K033,809
Veränderung aktuelles Jahr (2020) zu 2010,Delmenhorst  Stadt,K03401,-59
Veränderung aktuelles Jahr (2020) zu 2010,Emden  Stadt,K03402,-2
Veränderung aktuelles Jahr (2020) zu 2010,Oldenburg(Oldb)  Stadt,K03403,69
Veränderung aktuelles Jahr (2020) zu 2010,Osnabrück  Stadt,K03404,174
Veränderung aktuelles Jahr (2020) zu 2010,Wilhelmshaven  Stadt,K03405,18
Veränderung aktuelles Jahr (2020) zu 2010,Ammerland,K03451,48
Veränderung aktuelles Jahr (2020) zu 2010,Aurich,K03452,4
Veränderung aktuelles Jahr (2020) zu 2010,Cloppenburg,K03453,60
Veränderung aktuelles Jahr (2020) zu 2010,Emsland,K03454,85
Veränderung aktuelles Jahr (2020) zu 2010,Friesland,K03455,0
Veränderung aktuelles Jahr (2020) zu 2010,Grafschaft Bentheim,K03456,75
Veränderung aktuelles Jahr (2020) zu 2010,Leer,K03457,22
Veränderung aktuelles Jahr (2020) zu 2010,Oldenburg,K03458,75
Veränderung aktuelles Jahr (2020) zu 2010,Osnabrück,K03459,217
Veränderung aktuelles Jahr (2020) zu 2010,Vechta,K03460,67
Veränderung aktuelles Jahr (2020) zu 2010,Wesermarsch,K03461,31
Veränderung aktuelles Jahr (2020) zu 2010,Wittmund,K03462,20
Veränderung aktuelles Jahr (2020) zu 2010,Statistische Region Weser-Ems,K034,904
Veränderung aktuelles Jahr (2020) zu 2010,Niedersachsen,K030,3569
Veränderung aktuelles Jahr (2020) zu 2019,Braunschweig  Stadt,K03101,127
Veränderung aktuelles Jahr (2020) zu 2019,Salzgitter  Stadt,K03102,6
Veränderung aktuelles Jahr (2020) zu 2019,Wolfsburg  Stadt,K03103,-16
Veränderung aktuelles Jahr (2020) zu 2019,Gifhorn,K03151,8
Veränderung aktuelles Jahr (2020) zu 2019,Goslar,K03153,4
Veränderung aktuelles Jahr (2020) zu 2019,Helmstedt,K03154,37
Veränderung aktuelles Jahr (2020) zu 2019,Northeim,K03155,23
Veränderung aktuelles Jahr (2020) zu 2019,Peine,K03157,63
Veränderung aktuelles Jahr (2020) zu 2019,Wolfenbüttel,K03158,16
Veränderung aktuelles Jahr (2020) zu 2019,Göttingen,K03159,24
Veränderung aktuelles Jahr (2020) zu 2019,Statistische Region Braunschweig,K031,196
Veränderung aktuelles Jahr (2020) zu 2019,Hannover  Region,K03241,492
Veränderung aktuelles Jahr (2020) zu 2019,dav. Hannover  Lhst.,K03241001,273
Veränderung aktuelles Jahr (2020) zu 2019,dav. Hannover  Umland,K03241999,49
Veränderung aktuelles Jahr (2020) zu 2019,Diepholz,K03251,73
Veränderung aktuelles Jahr (2020) zu 2019,Hameln-Pyrmont,K03252,85
Veränderung aktuelles Jahr (2020) zu 2019,Hildesheim,K03254,52
Veränderung aktuelles Jahr (2020) zu 2019,Holzminden,K03255,9
Veränderung aktuelles Jahr (2020) zu 2019,Nienburg (Weser),K03256,68
Veränderung aktuelles Jahr (2020) zu 2019,Schaumburg,K03257,100
Veränderung aktuelles Jahr (2020) zu 2019,Statistische Region Hannover,K032,879
Veränderung aktuelles Jahr (2020) zu 2019,Celle,K03351,168
Veränderung aktuelles Jahr (2020) zu 2019,Cuxhaven,K03352,35
Veränderung aktuelles Jahr (2020) zu 2019,Harburg,K03353,-3
Veränderung aktuelles Jahr (2020) zu 2019,Lüchow-Dannenberg,K03354,7
Veränderung aktuelles Jahr (2020) zu 2019,Lüneburg,K03355,105
Veränderung aktuelles Jahr (2020) zu 2019,Osterholz,K03356,42
Veränderung aktuelles Jahr (2020) zu 2019,Rotenburg (Wümme),K03357,19
Veränderung aktuelles Jahr (2020) zu 2019,Heidekreis,K03358,46
Veränderung aktuelles Jahr (2020) zu 2019,Stade,K03359,99
Veränderung aktuelles Jahr (2020) zu 2019,Uelzen,K03360,28
Veränderung aktuelles Jahr (2020) zu 2019,Verden,K03361,72
Veränderung aktuelles Jahr (2020) zu 2019,Statistische Region Lüneburg,K033,618
Veränderung aktuelles Jahr (2020) zu 2019,Delmenhorst  Stadt,K03401,32
Veränderung aktuelles Jahr (2020) zu 2019,Emden  Stadt,K03402,-6
Veränderung aktuelles Jahr (2020) zu 2019,Oldenburg(Oldb)  Stadt,K03403,-7
Veränderung aktuelles Jahr (2020) zu 2019,Osnabrück  Stadt,K03404,98
Veränderung aktuelles Jahr (2020) zu 2019,Wilhelmshaven  Stadt,K03405,16
Veränderung aktuelles Jahr (2020) zu 2019,Ammerland,K03451,54
Veränderung aktuelles Jahr (2020) zu 2019,Aurich,K03452,-2
Veränderung aktuelles Jahr (2020) zu 2019,Cloppenburg,K03453,27
Veränderung aktuelles Jahr (2020) zu 2019,Emsland,K03454,110
Veränderung aktuelles Jahr (2020) zu 2019,Friesland,K03455,50
Veränderung aktuelles Jahr (2020) zu 2019,Grafschaft Bentheim,K03456,34
Veränderung aktuelles Jahr (2020) zu 2019,Leer,K03457,49
Veränderung aktuelles Jahr (2020) zu 2019,Oldenburg,K03458,66
Veränderung aktuelles Jahr (2020) zu 2019,Osnabrück,K03459,130
Veränderung aktuelles Jahr (2020) zu 2019,Vechta,K03460,60
Veränderung aktuelles Jahr (2020) zu 2019,Wesermarsch,K03461,29
Veränderung aktuelles Jahr (2020) zu 2019,Wittmund,K03462,29
Veränderung aktuelles Jahr (2020) zu 2019,Statistische Region Weser-Ems,K034,769
Veränderung aktuelles Jahr (2020) zu 2019,Niedersachsen,K030,2462
