Year,Gebietseinheit,Kategorie,Units,Value
2009,Niedersachsen,Insgesamt bis unter 3 Jahre,%,11.9
2009,Deutschland,Insgesamt bis unter 3 Jahre,%,20.2
2010,Niedersachsen,Insgesamt bis unter 3 Jahre,%,15.8
2010,Deutschland,Insgesamt bis unter 3 Jahre,%,23.0
2011,Niedersachsen,Insgesamt bis unter 3 Jahre,%,18.6
2011,Deutschland,Insgesamt bis unter 3 Jahre,%,25.2
2012,Niedersachsen,Insgesamt bis unter 3 Jahre,%,22.1
2012,Deutschland,Insgesamt bis unter 3 Jahre,%,27.6
2013,Niedersachsen,Insgesamt bis unter 3 Jahre,%,24.4
2013,Deutschland,Insgesamt bis unter 3 Jahre,%,29.3
2014,Niedersachsen,Insgesamt bis unter 3 Jahre,%,27.9
2014,Deutschland,Insgesamt bis unter 3 Jahre,%,32.3
2015,Niedersachsen,Insgesamt bis unter 3 Jahre,%,28.3
2015,Deutschland,Insgesamt bis unter 3 Jahre,%,32.9
2016,Niedersachsen,Insgesamt bis unter 3 Jahre,%,28.4
2016,Deutschland,Insgesamt bis unter 3 Jahre,%,32.7
2017,Niedersachsen,Insgesamt bis unter 3 Jahre,%,29.6
2017,Deutschland,Insgesamt bis unter 3 Jahre,%,33.1
2018,Niedersachsen,Insgesamt bis unter 3 Jahre,%,30.9
2018,Deutschland,Insgesamt bis unter 3 Jahre,%,33.6
2019,Niedersachsen,Insgesamt bis unter 3 Jahre,%,32.1
2019,Deutschland,Insgesamt bis unter 3 Jahre,%,34.3
2020,Niedersachsen,Insgesamt bis unter 3 Jahre,%,32.9
2020,Deutschland,Insgesamt bis unter 3 Jahre,%,35.0
2009,Niedersachsen,Insgesamt 3 bis unter 6 Jahre,%,88.1
2009,Deutschland,Insgesamt 3 bis unter 6 Jahre,%,91.6
2010,Niedersachsen,Insgesamt 3 bis unter 6 Jahre,%,89.5
2010,Deutschland,Insgesamt 3 bis unter 6 Jahre,%,92.2
2011,Niedersachsen,Insgesamt 3 bis unter 6 Jahre,%,91.6
2011,Deutschland,Insgesamt 3 bis unter 6 Jahre,%,93.0
2012,Niedersachsen,Insgesamt 3 bis unter 6 Jahre,%,92.6
2012,Deutschland,Insgesamt 3 bis unter 6 Jahre,%,93.4
2013,Niedersachsen,Insgesamt 3 bis unter 6 Jahre,%,93.6
2013,Deutschland,Insgesamt 3 bis unter 6 Jahre,%,93.6
2014,Niedersachsen,Insgesamt 3 bis unter 6 Jahre,%,93.7
2014,Deutschland,Insgesamt 3 bis unter 6 Jahre,%,93.6
2015,Niedersachsen,Insgesamt 3 bis unter 6 Jahre,%,94.8
2015,Deutschland,Insgesamt 3 bis unter 6 Jahre,%,94.9
2016,Niedersachsen,Insgesamt 3 bis unter 6 Jahre,%,93.2
2016,Deutschland,Insgesamt 3 bis unter 6 Jahre,%,93.6
2017,Niedersachsen,Insgesamt 3 bis unter 6 Jahre,%,93.2
2017,Deutschland,Insgesamt 3 bis unter 6 Jahre,%,93.4
2018,Niedersachsen,Insgesamt 3 bis unter 6 Jahre,%,92.8
2018,Deutschland,Insgesamt 3 bis unter 6 Jahre,%,93.0
2019,Niedersachsen,Insgesamt 3 bis unter 6 Jahre,%,92.7
2019,Deutschland,Insgesamt 3 bis unter 6 Jahre,%,93.0
2020,Niedersachsen,Insgesamt 3 bis unter 6 Jahre,%,92.2
2020,Deutschland,Insgesamt 3 bis unter 6 Jahre,%,92.5
2009,Niedersachsen,Kinder mit Migrationshintergrund bis unter 3 Jahre,%,6.1
2009,Deutschland,Kinder mit Migrationshintergrund bis unter 3 Jahre,%,10.5
2010,Niedersachsen,Kinder mit Migrationshintergrund bis unter 3 Jahre,%,8.0
2010,Deutschland,Kinder mit Migrationshintergrund bis unter 3 Jahre,%,12.2
2011,Niedersachsen,Kinder mit Migrationshintergrund bis unter 3 Jahre,%,9.236
2011,Deutschland,Kinder mit Migrationshintergrund bis unter 3 Jahre,%,13.966
2012,Niedersachsen,Kinder mit Migrationshintergrund bis unter 3 Jahre,%,12.0
2012,Deutschland,Kinder mit Migrationshintergrund bis unter 3 Jahre,%,16.0
2013,Niedersachsen,Kinder mit Migrationshintergrund bis unter 3 Jahre,%,13.0
2013,Deutschland,Kinder mit Migrationshintergrund bis unter 3 Jahre,%,17.0
2014,Niedersachsen,Kinder mit Migrationshintergrund bis unter 3 Jahre,%,15.0
2014,Deutschland,Kinder mit Migrationshintergrund bis unter 3 Jahre,%,20.0
2015,Niedersachsen,Kinder mit Migrationshintergrund bis unter 3 Jahre,%,15.0
2015,Deutschland,Kinder mit Migrationshintergrund bis unter 3 Jahre,%,22.0
2016,Niedersachsen,Kinder mit Migrationshintergrund bis unter 3 Jahre,%,15.0
2016,Deutschland,Kinder mit Migrationshintergrund bis unter 3 Jahre,%,21.0
2017,Niedersachsen,Kinder mit Migrationshintergrund bis unter 3 Jahre,%,15.0
2017,Deutschland,Kinder mit Migrationshintergrund bis unter 3 Jahre,%,20.0
2018,Niedersachsen,Kinder mit Migrationshintergrund bis unter 3 Jahre,%,15.0
2018,Deutschland,Kinder mit Migrationshintergrund bis unter 3 Jahre,%,20.0
2019,Niedersachsen,Kinder mit Migrationshintergrund bis unter 3 Jahre,%,16.0
2019,Deutschland,Kinder mit Migrationshintergrund bis unter 3 Jahre,%,21.0
2020,Niedersachsen,Kinder mit Migrationshintergrund bis unter 3 Jahre,%,17.0
2020,Deutschland,Kinder mit Migrationshintergrund bis unter 3 Jahre,%,21.0
2009,Niedersachsen,Kinder mit Migrationshintergrund 3 bis unter 6 Jahre,%,75.6
2009,Deutschland,Kinder mit Migrationshintergrund 3 bis unter 6 Jahre,%,83.6
2010,Niedersachsen,Kinder mit Migrationshintergrund 3 bis unter 6 Jahre,%,79.3
2010,Deutschland,Kinder mit Migrationshintergrund 3 bis unter 6 Jahre,%,85.7
2011,Niedersachsen,Kinder mit Migrationshintergrund 3 bis unter 6 Jahre,%,82.67
2011,Deutschland,Kinder mit Migrationshintergrund 3 bis unter 6 Jahre,%,84.924
2012,Niedersachsen,Kinder mit Migrationshintergrund 3 bis unter 6 Jahre,%,79.0
2012,Deutschland,Kinder mit Migrationshintergrund 3 bis unter 6 Jahre,%,87.0
2013,Niedersachsen,Kinder mit Migrationshintergrund 3 bis unter 6 Jahre,%,74.0
2013,Deutschland,Kinder mit Migrationshintergrund 3 bis unter 6 Jahre,%,85.0
2014,Niedersachsen,Kinder mit Migrationshintergrund 3 bis unter 6 Jahre,%,72.0
2014,Deutschland,Kinder mit Migrationshintergrund 3 bis unter 6 Jahre,%,85.0
2015,Niedersachsen,Kinder mit Migrationshintergrund 3 bis unter 6 Jahre,%,77.0
2015,Deutschland,Kinder mit Migrationshintergrund 3 bis unter 6 Jahre,%,90.0
2016,Niedersachsen,Kinder mit Migrationshintergrund 3 bis unter 6 Jahre,%,78.0
2016,Deutschland,Kinder mit Migrationshintergrund 3 bis unter 6 Jahre,%,88.0
2017,Niedersachsen,Kinder mit Migrationshintergrund 3 bis unter 6 Jahre,%,71.0
2017,Deutschland,Kinder mit Migrationshintergrund 3 bis unter 6 Jahre,%,84.0
2018,Niedersachsen,Kinder mit Migrationshintergrund 3 bis unter 6 Jahre,%,73.0
2018,Deutschland,Kinder mit Migrationshintergrund 3 bis unter 6 Jahre,%,82.0
2019,Niedersachsen,Kinder mit Migrationshintergrund 3 bis unter 6 Jahre,%,78.0
2019,Deutschland,Kinder mit Migrationshintergrund 3 bis unter 6 Jahre,%,81.0
2020,Niedersachsen,Kinder mit Migrationshintergrund 3 bis unter 6 Jahre,%,75.0
2020,Deutschland,Kinder mit Migrationshintergrund 3 bis unter 6 Jahre,%,81.0
2009,Niedersachsen,Kinder ohne Migrationshintergrund bis unter 3 Jahre,%,14.4
2009,Deutschland,Kinder ohne Migrationshintergrund bis unter 3 Jahre,%,24.8
2010,Niedersachsen,Kinder ohne Migrationshintergrund bis unter 3 Jahre,%,18.8
2010,Deutschland,Kinder ohne Migrationshintergrund bis unter 3 Jahre,%,27.7
2011,Niedersachsen,Kinder ohne Migrationshintergrund bis unter 3 Jahre,%,22.46
2011,Deutschland,Kinder ohne Migrationshintergrund bis unter 3 Jahre,%,30.058
2012,Niedersachsen,Kinder ohne Migrationshintergrund bis unter 3 Jahre,%,26.0
2012,Deutschland,Kinder ohne Migrationshintergrund bis unter 3 Jahre,%,33.0
2013,Niedersachsen,Kinder ohne Migrationshintergrund bis unter 3 Jahre,%,29.0
2013,Deutschland,Kinder ohne Migrationshintergrund bis unter 3 Jahre,%,35.0
2014,Niedersachsen,Kinder ohne Migrationshintergrund bis unter 3 Jahre,%,33.0
2014,Deutschland,Kinder ohne Migrationshintergrund bis unter 3 Jahre,%,38.0
2015,Niedersachsen,Kinder ohne Migrationshintergrund bis unter 3 Jahre,%,34.0
2015,Deutschland,Kinder ohne Migrationshintergrund bis unter 3 Jahre,%,38.0
2016,Niedersachsen,Kinder ohne Migrationshintergrund bis unter 3 Jahre,%,34.0
2016,Deutschland,Kinder ohne Migrationshintergrund bis unter 3 Jahre,%,38.0
2017,Niedersachsen,Kinder ohne Migrationshintergrund bis unter 3 Jahre,%,37.0
2017,Deutschland,Kinder ohne Migrationshintergrund bis unter 3 Jahre,%,40.0
2018,Niedersachsen,Kinder ohne Migrationshintergrund bis unter 3 Jahre,%,39.0
2018,Deutschland,Kinder ohne Migrationshintergrund bis unter 3 Jahre,%,41.0
2019,Niedersachsen,Kinder ohne Migrationshintergrund bis unter 3 Jahre,%,41.0
2019,Deutschland,Kinder ohne Migrationshintergrund bis unter 3 Jahre,%,42.0
2020,Niedersachsen,Kinder ohne Migrationshintergrund bis unter 3 Jahre,%,42.0
2020,Deutschland,Kinder ohne Migrationshintergrund bis unter 3 Jahre,%,43.0
2009,Niedersachsen,Kinder ohne Migrationshintergrund 3 bis unter 6 Jahre,%,93.2
2009,Deutschland,Kinder ohne Migrationshintergrund 3 bis unter 6 Jahre,%,95.6
2010,Niedersachsen,Kinder ohne Migrationshintergrund 3 bis unter 6 Jahre,%,92.9
2010,Deutschland,Kinder ohne Migrationshintergrund 3 bis unter 6 Jahre,%,94.9
2011,Niedersachsen,Kinder ohne Migrationshintergrund 3 bis unter 6 Jahre,%,94.669
2011,Deutschland,Kinder ohne Migrationshintergrund 3 bis unter 6 Jahre,%,96.557
2012,Niedersachsen,Kinder ohne Migrationshintergrund 3 bis unter 6 Jahre,%,98.0
2012,Deutschland,Kinder ohne Migrationshintergrund 3 bis unter 6 Jahre,%,96.0
2013,Niedersachsen,Kinder ohne Migrationshintergrund 3 bis unter 6 Jahre,%,102.0
2013,Deutschland,Kinder ohne Migrationshintergrund 3 bis unter 6 Jahre,%,98.0
2014,Niedersachsen,Kinder ohne Migrationshintergrund 3 bis unter 6 Jahre,%,103.0
2014,Deutschland,Kinder ohne Migrationshintergrund 3 bis unter 6 Jahre,%,98.0
2015,Niedersachsen,Kinder ohne Migrationshintergrund 3 bis unter 6 Jahre,%,102.0
2015,Deutschland,Kinder ohne Migrationshintergrund 3 bis unter 6 Jahre,%,97.0
2016,Niedersachsen,Kinder ohne Migrationshintergrund 3 bis unter 6 Jahre,%,100.0
2016,Deutschland,Kinder ohne Migrationshintergrund 3 bis unter 6 Jahre,%,96.0
2017,Niedersachsen,Kinder ohne Migrationshintergrund 3 bis unter 6 Jahre,%,104.0
2017,Deutschland,Kinder ohne Migrationshintergrund 3 bis unter 6 Jahre,%,98.0
2018,Niedersachsen,Kinder ohne Migrationshintergrund 3 bis unter 6 Jahre,%,99.0
2018,Deutschland,Kinder ohne Migrationshintergrund 3 bis unter 6 Jahre,%,100.0
2019,Niedersachsen,Kinder ohne Migrationshintergrund 3 bis unter 6 Jahre,%,100.0
2019,Deutschland,Kinder ohne Migrationshintergrund 3 bis unter 6 Jahre,%,100.0
2020,Niedersachsen,Kinder ohne Migrationshintergrund 3 bis unter 6 Jahre,%,101.0
2020,Deutschland,Kinder ohne Migrationshintergrund 3 bis unter 6 Jahre,%,99.0
