Year,Migrationsstatus,Altersgruppe,Bildungsstand,Geschlecht,Units,Value
2022,mit und ohne Migrationshintergrund,18 - 25,Insgesamt,Ingesamt,1000,623.0
2022,mit und ohne Migrationshintergrund,18 - 25,Insgesamt,männlich,1000,317.0
2022,mit und ohne Migrationshintergrund,18 - 25,Insgesamt,weiblich,1000,305.0
2022,ohne Migrationshintergrund,18 - 25,Insgesamt,Ingesamt,1000,435.0
2022,ohne Migrationshintergrund,18 - 25,Insgesamt,männlich,1000,219.0
2022,ohne Migrationshintergrund,18 - 25,Insgesamt,weiblich,1000,216.0
2022,mit Migrationshintergrund,18 - 25,Insgesamt,Ingesamt,1000,188.0
2022,mit Migrationshintergrund,18 - 25,Insgesamt,männlich,1000,98.0
2022,mit Migrationshintergrund,18 - 25,Insgesamt,weiblich,1000,90.0
2021,mit und ohne Migrationshintergrund,18 - 25,Insgesamt,Ingesamt,1000,618.0
2021,mit und ohne Migrationshintergrund,18 - 25,Insgesamt,männlich,1000,318.0
2021,mit und ohne Migrationshintergrund,18 - 25,Insgesamt,weiblich,1000,300.0
2021,ohne Migrationshintergrund,18 - 25,Insgesamt,Ingesamt,1000,434.0
2021,ohne Migrationshintergrund,18 - 25,Insgesamt,männlich,1000,217.0
2021,ohne Migrationshintergrund,18 - 25,Insgesamt,weiblich,1000,216.0
2021,mit Migrationshintergrund,18 - 25,Insgesamt,Ingesamt,1000,184.0
2021,mit Migrationshintergrund,18 - 25,Insgesamt,männlich,1000,101.0
2021,mit Migrationshintergrund,18 - 25,Insgesamt,weiblich,1000,83.0
2022,mit und ohne Migrationshintergrund,25 - 65,Insgesamt,Ingesamt,1000,4279.0
2022,mit und ohne Migrationshintergrund,25 - 65,Insgesamt,männlich,1000,2143.0
2022,mit und ohne Migrationshintergrund,25 - 65,Insgesamt,weiblich,1000,2136.0
2022,ohne Migrationshintergrund,25 - 65,Insgesamt,Ingesamt,1000,3196.0
2022,ohne Migrationshintergrund,25 - 65,Insgesamt,männlich,1000,1593.0
2022,ohne Migrationshintergrund,25 - 65,Insgesamt,weiblich,1000,1603.0
2022,mit Migrationshintergrund,25 - 65,Insgesamt,Ingesamt,1000,1083.0
2022,mit Migrationshintergrund,25 - 65,Insgesamt,männlich,1000,550.0
2022,mit Migrationshintergrund,25 - 65,Insgesamt,weiblich,1000,533.0
2021,mit und ohne Migrationshintergrund,25 - 65,Insgesamt,Ingesamt,1000,4254.0
2021,mit und ohne Migrationshintergrund,25 - 65,Insgesamt,männlich,1000,2141.0
2021,mit und ohne Migrationshintergrund,25 - 65,Insgesamt,weiblich,1000,2113.0
2021,ohne Migrationshintergrund,25 - 65,Insgesamt,Ingesamt,1000,3215.0
2021,ohne Migrationshintergrund,25 - 65,Insgesamt,männlich,1000,1607.0
2021,ohne Migrationshintergrund,25 - 65,Insgesamt,weiblich,1000,1608.0
2021,mit Migrationshintergrund,25 - 65,Insgesamt,Ingesamt,1000,1039.0
2021,mit Migrationshintergrund,25 - 65,Insgesamt,männlich,1000,534.0
2021,mit Migrationshintergrund,25 - 65,Insgesamt,weiblich,1000,505.0
2022,mit und ohne Migrationshintergrund,18 - 25,Frühe Schulabgänger/innen,Ingesamt,1000,81.0
2022,mit und ohne Migrationshintergrund,18 - 25,Frühe Schulabgänger/innen,männlich,1000,46.0
2022,mit und ohne Migrationshintergrund,18 - 25,Frühe Schulabgänger/innen,weiblich,1000,35.0
2022,ohne Migrationshintergrund,18 - 25,Frühe Schulabgänger/innen,Ingesamt,1000,41.0
2022,ohne Migrationshintergrund,18 - 25,Frühe Schulabgänger/innen,männlich,1000,21.0
2022,ohne Migrationshintergrund,18 - 25,Frühe Schulabgänger/innen,weiblich,1000,20.0
2022,mit Migrationshintergrund,18 - 25,Frühe Schulabgänger/innen,Ingesamt,1000,40.0
2022,mit Migrationshintergrund,18 - 25,Frühe Schulabgänger/innen,männlich,1000,24.0
2022,mit Migrationshintergrund,18 - 25,Frühe Schulabgänger/innen,weiblich,1000,16.0
2021,mit und ohne Migrationshintergrund,18 - 25,Frühe Schulabgänger/innen,Ingesamt,1000,79.0
2021,mit und ohne Migrationshintergrund,18 - 25,Frühe Schulabgänger/innen,männlich,1000,46.0
2021,mit und ohne Migrationshintergrund,18 - 25,Frühe Schulabgänger/innen,weiblich,1000,34.0
2021,ohne Migrationshintergrund,18 - 25,Frühe Schulabgänger/innen,Ingesamt,1000,41.0
2021,ohne Migrationshintergrund,18 - 25,Frühe Schulabgänger/innen,männlich,1000,23.0
2021,ohne Migrationshintergrund,18 - 25,Frühe Schulabgänger/innen,weiblich,1000,18.0
2021,mit Migrationshintergrund,18 - 25,Frühe Schulabgänger/innen,Ingesamt,1000,38.0
2021,mit Migrationshintergrund,18 - 25,Frühe Schulabgänger/innen,männlich,1000,23.0
2021,mit Migrationshintergrund,18 - 25,Frühe Schulabgänger/innen,weiblich,1000,15.0
2022,mit und ohne Migrationshintergrund,25 - 65,Personen mit geringem Bildungsstand,Ingesamt,1000,821.0
2022,mit und ohne Migrationshintergrund,25 - 65,Personen mit geringem Bildungsstand,männlich,1000,410.0
2022,mit und ohne Migrationshintergrund,25 - 65,Personen mit geringem Bildungsstand,weiblich,1000,411.0
2022,ohne Migrationshintergrund,25 - 65,Personen mit geringem Bildungsstand,Ingesamt,1000,420.0
2022,ohne Migrationshintergrund,25 - 65,Personen mit geringem Bildungsstand,männlich,1000,199.0
2022,ohne Migrationshintergrund,25 - 65,Personen mit geringem Bildungsstand,weiblich,1000,221.0
2022,mit Migrationshintergrund,25 - 65,Personen mit geringem Bildungsstand,Ingesamt,1000,401.0
2022,mit Migrationshintergrund,25 - 65,Personen mit geringem Bildungsstand,männlich,1000,211.0
2022,mit Migrationshintergrund,25 - 65,Personen mit geringem Bildungsstand,weiblich,1000,190.0
2021,mit und ohne Migrationshintergrund,25 - 65,Personen mit geringem Bildungsstand,Ingesamt,1000,815.0
2021,mit und ohne Migrationshintergrund,25 - 65,Personen mit geringem Bildungsstand,männlich,1000,404.0
2021,mit und ohne Migrationshintergrund,25 - 65,Personen mit geringem Bildungsstand,weiblich,1000,411.0
2021,ohne Migrationshintergrund,25 - 65,Personen mit geringem Bildungsstand,Ingesamt,1000,422.0
2021,ohne Migrationshintergrund,25 - 65,Personen mit geringem Bildungsstand,männlich,1000,197.0
2021,ohne Migrationshintergrund,25 - 65,Personen mit geringem Bildungsstand,weiblich,1000,225.0
2021,mit Migrationshintergrund,25 - 65,Personen mit geringem Bildungsstand,Ingesamt,1000,392.0
2021,mit Migrationshintergrund,25 - 65,Personen mit geringem Bildungsstand,männlich,1000,207.0
2021,mit Migrationshintergrund,25 - 65,Personen mit geringem Bildungsstand,weiblich,1000,186.0
2022,mit und ohne Migrationshintergrund,18 - 25,Frühe Schulabgänger/innen,Ingesamt,%,13.0
2022,mit und ohne Migrationshintergrund,18 - 25,Frühe Schulabgänger/innen,männlich,%,14.4
2022,mit und ohne Migrationshintergrund,18 - 25,Frühe Schulabgänger/innen,weiblich,%,11.6
2022,ohne Migrationshintergrund,18 - 25,Frühe Schulabgänger/innen,Ingesamt,%,9.5
2022,ohne Migrationshintergrund,18 - 25,Frühe Schulabgänger/innen,männlich,%,9.7
2022,ohne Migrationshintergrund,18 - 25,Frühe Schulabgänger/innen,weiblich,%,9.2
2022,mit Migrationshintergrund,18 - 25,Frühe Schulabgänger/innen,Ingesamt,%,21.2
2022,mit Migrationshintergrund,18 - 25,Frühe Schulabgänger/innen,männlich,%,24.7
2022,mit Migrationshintergrund,18 - 25,Frühe Schulabgänger/innen,weiblich,%,17.4
2021,mit und ohne Migrationshintergrund,18 - 25,Frühe Schulabgänger/innen,Ingesamt,%,12.8
2021,mit und ohne Migrationshintergrund,18 - 25,Frühe Schulabgänger/innen,männlich,%,14.4
2021,mit und ohne Migrationshintergrund,18 - 25,Frühe Schulabgänger/innen,weiblich,%,11.2
2021,ohne Migrationshintergrund,18 - 25,Frühe Schulabgänger/innen,Ingesamt,%,9.4
2021,ohne Migrationshintergrund,18 - 25,Frühe Schulabgänger/innen,männlich,%,10.5
2021,ohne Migrationshintergrund,18 - 25,Frühe Schulabgänger/innen,weiblich,%,8.4
2021,mit Migrationshintergrund,18 - 25,Frühe Schulabgänger/innen,Ingesamt,%,20.9
2021,mit Migrationshintergrund,18 - 25,Frühe Schulabgänger/innen,männlich,%,22.8
2021,mit Migrationshintergrund,18 - 25,Frühe Schulabgänger/innen,weiblich,%,18.5
2022,mit und ohne Migrationshintergrund,25 - 65,Personen mit geringem Bildungsstand,Ingesamt,%,19.2
2022,mit und ohne Migrationshintergrund,25 - 65,Personen mit geringem Bildungsstand,männlich,%,19.1
2022,mit und ohne Migrationshintergrund,25 - 65,Personen mit geringem Bildungsstand,weiblich,%,19.2
2022,ohne Migrationshintergrund,25 - 65,Personen mit geringem Bildungsstand,Ingesamt,%,13.1
2022,ohne Migrationshintergrund,25 - 65,Personen mit geringem Bildungsstand,männlich,%,12.5
2022,ohne Migrationshintergrund,25 - 65,Personen mit geringem Bildungsstand,weiblich,%,13.8
2022,mit Migrationshintergrund,25 - 65,Personen mit geringem Bildungsstand,Ingesamt,%,37.0
2022,mit Migrationshintergrund,25 - 65,Personen mit geringem Bildungsstand,männlich,%,38.4
2022,mit Migrationshintergrund,25 - 65,Personen mit geringem Bildungsstand,weiblich,%,35.6
2021,mit und ohne Migrationshintergrund,25 - 65,Personen mit geringem Bildungsstand,Ingesamt,%,19.2
2021,mit und ohne Migrationshintergrund,25 - 65,Personen mit geringem Bildungsstand,männlich,%,18.9
2021,mit und ohne Migrationshintergrund,25 - 65,Personen mit geringem Bildungsstand,weiblich,%,19.4
2021,ohne Migrationshintergrund,25 - 65,Personen mit geringem Bildungsstand,Ingesamt,%,13.1
2021,ohne Migrationshintergrund,25 - 65,Personen mit geringem Bildungsstand,männlich,%,12.3
2021,ohne Migrationshintergrund,25 - 65,Personen mit geringem Bildungsstand,weiblich,%,14.0
2021,mit Migrationshintergrund,25 - 65,Personen mit geringem Bildungsstand,Ingesamt,%,37.8
2021,mit Migrationshintergrund,25 - 65,Personen mit geringem Bildungsstand,männlich,%,38.7
2021,mit Migrationshintergrund,25 - 65,Personen mit geringem Bildungsstand,weiblich,%,36.8
