Year,Geschlecht,Migrationshintergrund,Migrationserfahrung,Units,Value
2019,Insgesamt,Insgesamt,0,%,11.9
2019,Männer,Insgesamt,0,%,13.1
2019,Frauen,Insgesamt,0,%,10.7
2018,Insgesamt,Insgesamt,0,%,11.0
2018,Männer,Insgesamt,0,%,12.1
2018,Frauen,Insgesamt,0,%,9.7
2017,Insgesamt,Insgesamt,0,%,11.3
2017,Männer,Insgesamt,0,%,12.2
2017,Frauen,Insgesamt,0,%,10.3
2016,Insgesamt,Insgesamt,0,%,12.1
2016,Männer,Insgesamt,0,%,12.5
2016,Frauen,Insgesamt,0,%,11.5
2015,Insgesamt,Insgesamt,0,%,10.7
2015,Männer,Insgesamt,0,%,10.8
2015,Frauen,Insgesamt,0,%,10.5
2014,Insgesamt,Insgesamt,0,%,10.7
2014,Männer,Insgesamt,0,%,11.5
2014,Frauen,Insgesamt,0,%,9.9
2013,Insgesamt,Insgesamt,0,%,10.7
2013,Männer,Insgesamt,0,%,11.0
2013,Frauen,Insgesamt,0,%,10.3
2012,Insgesamt,Insgesamt,0,%,11.6
2012,Männer,Insgesamt,0,%,13.1
2012,Frauen,Insgesamt,0,%,9.9
2011,Insgesamt,Insgesamt,0,%,13.9
2011,Männer,Insgesamt,0,%,14.2
2011,Frauen,Insgesamt,0,%,13.6
2005,Insgesamt,Insgesamt,0,%,16
2005,Männer,Insgesamt,0,%,13.7
2005,Frauen,Insgesamt,0,%,18.5
2019,Insgesamt,Bevölkerung ,,,
ohne ,,,,,
Migrations,,,,,
hintergrund,0,%,8.5,,
2019,Männer,Bevölkerung ,,,
ohne ,,,,,
Migrations,,,,,
hintergrund,0,%,9.2,,
2019,Frauen,Bevölkerung ,,,
ohne ,,,,,
Migrations,,,,,
hintergrund,0,%,7.7,,
2018,Insgesamt,Bevölkerung ,,,
ohne ,,,,,
Migrations,,,,,
hintergrund,0,%,8.1,,
2018,Männer,Bevölkerung ,,,
ohne ,,,,,
Migrations,,,,,
hintergrund,0,%,9.1,,
2018,Frauen,Bevölkerung ,,,
ohne ,,,,,
Migrations,,,,,
hintergrund,0,%,7.0,,
2017,Insgesamt,Bevölkerung ,,,
ohne ,,,,,
Migrations,,,,,
hintergrund,0,%,8.0,,
2017,Männer,Bevölkerung ,,,
ohne ,,,,,
Migrations,,,,,
hintergrund,0,%,8.7,,
2017,Frauen,Bevölkerung ,,,
ohne ,,,,,
Migrations,,,,,
hintergrund,0,%,7.3,,
2016,Insgesamt,Bevölkerung ,,,
ohne ,,,,,
Migrations,,,,,
hintergrund,0,%,9.0,,
2016,Männer,Bevölkerung ,,,
ohne ,,,,,
Migrations,,,,,
hintergrund,0,%,9.2,,
2016,Frauen,Bevölkerung ,,,
ohne ,,,,,
Migrations,,,,,
hintergrund,0,%,8.9,,
2015,Insgesamt,Bevölkerung ,,,
ohne ,,,,,
Migrations,,,,,
hintergrund,0,%,8.5,,
2015,Männer,Bevölkerung ,,,
ohne ,,,,,
Migrations,,,,,
hintergrund,0,%,8.4,,
2015,Frauen,Bevölkerung ,,,
ohne ,,,,,
Migrations,,,,,
hintergrund,0,%,8.6,,
2014,Insgesamt,Bevölkerung ,,,
ohne ,,,,,
Migrations,,,,,
hintergrund,0,%,8.7,,
2014,Männer,Bevölkerung ,,,
ohne ,,,,,
Migrations,,,,,
hintergrund,0,%,9.8,,
2014,Frauen,Bevölkerung ,,,
ohne ,,,,,
Migrations,,,,,
hintergrund,0,%,7.5,,
2013,Insgesamt,Bevölkerung ,,,
ohne ,,,,,
Migrations,,,,,
hintergrund,0,%,9.1,,
2013,Männer,Bevölkerung ,,,
ohne ,,,,,
Migrations,,,,,
hintergrund,0,%,9.4,,
2013,Frauen,Bevölkerung ,,,
ohne ,,,,,
Migrations,,,,,
hintergrund,0,%,8.7,,
2012,Insgesamt,Bevölkerung ,,,
ohne ,,,,,
Migrations,,,,,
hintergrund,0,%,9.8,,
2012,Männer,Bevölkerung ,,,
ohne ,,,,,
Migrations,,,,,
hintergrund,0,%,11.1,,
2012,Frauen,Bevölkerung ,,,
ohne ,,,,,
Migrations,,,,,
hintergrund,0,%,8.4,,
2011,Insgesamt,Bevölkerung ,,,
ohne ,,,,,
Migrations,,,,,
hintergrund,0,%,12.4,,
2011,Männer,Bevölkerung ,,,
ohne ,,,,,
Migrations,,,,,
hintergrund,0,%,13.0,,
2011,Frauen,Bevölkerung ,,,
ohne ,,,,,
Migrations,,,,,
hintergrund,0,%,11.9,,
2005,Insgesamt,Bevölkerung ,,,
ohne ,,,,,
Migrations,,,,,
hintergrund,0,%,13.2,,
2005,Männer,Bevölkerung ,,,
ohne ,,,,,
Migrations,,,,,
hintergrund,0,%,11.4,,
2005,Frauen,Bevölkerung ,,,
ohne ,,,,,
Migrations,,,,,
hintergrund,0,%,15.2,,
2019,Insgesamt,Bevölkerung mit Migrationshintergrund,0,%,21.1
2019,Männer,Bevölkerung mit Migrationshintergrund,0,%,22.9
2019,Frauen,Bevölkerung mit Migrationshintergrund,0,%,19.1
2018,Insgesamt,Bevölkerung mit Migrationshintergrund,0,%,20.2
2018,Männer,Bevölkerung mit Migrationshintergrund,0,%,20.9
2018,Frauen,Bevölkerung mit Migrationshintergrund,0,%,19.3
2017,Insgesamt,Bevölkerung mit Migrationshintergrund,0,%,21.2
2017,Männer,Bevölkerung mit Migrationshintergrund,0,%,21.6
2017,Frauen,Bevölkerung mit Migrationshintergrund,0,%,20.8
2016,Insgesamt,Bevölkerung mit Migrationshintergrund,0,%,21.7
2016,Männer,Bevölkerung mit Migrationshintergrund,0,%,22.3
2016,Frauen,Bevölkerung mit Migrationshintergrund,0,%,20.9
2015,Insgesamt,Bevölkerung mit Migrationshintergrund,0,%,18.8
2015,Männer,Bevölkerung mit Migrationshintergrund,0,%,19.7
2015,Frauen,Bevölkerung mit Migrationshintergrund,0,%,17.8
2014,Insgesamt,Bevölkerung mit Migrationshintergrund,0,%,18.6
2014,Männer,Bevölkerung mit Migrationshintergrund,0,%,18.3
2014,Frauen,Bevölkerung mit Migrationshintergrund,0,%,18.9
2013,Insgesamt,Bevölkerung mit Migrationshintergrund,0,%,16.5
2013,Männer,Bevölkerung mit Migrationshintergrund,0,%,16.9
2013,Frauen,Bevölkerung mit Migrationshintergrund,0,%,16.1
2012,Insgesamt,Bevölkerung mit Migrationshintergrund,0,%,18.2
2012,Männer,Bevölkerung mit Migrationshintergrund,0,%,20.3
2012,Frauen,Bevölkerung mit Migrationshintergrund,0,%,(15.8)
2011,Insgesamt,Bevölkerung mit Migrationshintergrund,0,%,19.5
2011,Männer,Bevölkerung mit Migrationshintergrund,0,%,18.8
2011,Frauen,Bevölkerung mit Migrationshintergrund,0,%,20.2
2005,Insgesamt,Bevölkerung mit Migrationshintergrund,0,%,25.3
2005,Männer,Bevölkerung mit Migrationshintergrund,0,%,22.3
2005,Frauen,Bevölkerung mit Migrationshintergrund,0,%,27.7
2019,Insgesamt,0,mit eigener Migrationserfahrung,%,30
2019,Männer,0,mit eigener Migrationserfahrung,%,29.7
2019,Frauen,0,mit eigener Migrationserfahrung,%,(30.4)
2018,Insgesamt,0,mit eigener Migrationserfahrung,%,26.0
2018,Männer,0,mit eigener Migrationserfahrung,%,25.9
2018,Frauen,0,mit eigener Migrationserfahrung,%,(26.2)
2017,Insgesamt,0,mit eigener Migrationserfahrung,%,26.8
2017,Männer,0,mit eigener Migrationserfahrung,%,27.0
2017,Frauen,0,mit eigener Migrationserfahrung,%,(26.5)
2016,Insgesamt,0,mit eigener Migrationserfahrung,%,25.8
2016,Männer,0,mit eigener Migrationserfahrung,%,24.1
2016,Frauen,0,mit eigener Migrationserfahrung,%,(28.0)
2015,Insgesamt,0,mit eigener Migrationserfahrung,%,24.4
2015,Männer,0,mit eigener Migrationserfahrung,%,(24.7)
2015,Frauen,0,mit eigener Migrationserfahrung,%,(24.0)
2014,Insgesamt,0,mit eigener Migrationserfahrung,%,22.4
2014,Männer,0,mit eigener Migrationserfahrung,%,(21.2)
2014,Frauen,0,mit eigener Migrationserfahrung,%,(23.6)
2013,Insgesamt,0,mit eigener Migrationserfahrung,%,19.4
2013,Männer,0,mit eigener Migrationserfahrung,%,(18.4)
2013,Frauen,0,mit eigener Migrationserfahrung,%,(20.5)
2012,Insgesamt,0,mit eigener Migrationserfahrung,%,20.5
2012,Männer,0,mit eigener Migrationserfahrung,%,(21.6)
2012,Frauen,0,mit eigener Migrationserfahrung,%,(19.4)
2011,Insgesamt,0,mit eigener Migrationserfahrung,%,23.3
2011,Männer,0,mit eigener Migrationserfahrung,%,(22.3)
2011,Frauen,0,mit eigener Migrationserfahrung,%,(24.3)
2005,Insgesamt,0,mit eigener Migrationserfahrung,%,25
2005,Männer,0,mit eigener Migrationserfahrung,%,22
2005,Frauen,0,mit eigener Migrationserfahrung,%,27.2
2019,Insgesamt,0,ohne eigene Migrationserfahrung,%,14.9
2019,Männer,0,ohne eigene Migrationserfahrung,%,(18.2)
2019,Frauen,0,ohne eigene Migrationserfahrung,%,/
2018,Insgesamt,0,ohne eigene Migrationserfahrung,%,14.7
2018,Männer,0,ohne eigene Migrationserfahrung,%,(15.7)
2018,Frauen,0,ohne eigene Migrationserfahrung,%,/
2017,Insgesamt,0,ohne eigene Migrationserfahrung,%,15.8
2017,Männer,0,ohne eigene Migrationserfahrung,%,(15.8)
2017,Frauen,0,ohne eigene Migrationserfahrung,%,(15.8)
2016,Insgesamt,0,ohne eigene Migrationserfahrung,%,17.4
2016,Männer,0,ohne eigene Migrationserfahrung,%,(20.5)
2016,Frauen,0,ohne eigene Migrationserfahrung,%,/
2015,Insgesamt,0,ohne eigene Migrationserfahrung,%,(13.2)
2015,Männer,0,ohne eigene Migrationserfahrung,%,/
2015,Frauen,0,ohne eigene Migrationserfahrung,%,/
2014,Insgesamt,0,ohne eigene Migrationserfahrung,%,(14.7)
2014,Männer,0,ohne eigene Migrationserfahrung,%,/
2014,Frauen,0,ohne eigene Migrationserfahrung,%,/
2013,Insgesamt,0,ohne eigene Migrationserfahrung,%,(13.4)
2013,Männer,0,ohne eigene Migrationserfahrung,%,/
2013,Frauen,0,ohne eigene Migrationserfahrung,%,/
2012,Insgesamt,0,ohne eigene Migrationserfahrung,%,(15.2)
2012,Männer,0,ohne eigene Migrationserfahrung,%,(18.7)
2012,Frauen,0,ohne eigene Migrationserfahrung,%,/
2011,Insgesamt,0,ohne eigene Migrationserfahrung,%,(14.2)
2011,Männer,0,ohne eigene Migrationserfahrung,%,/
2011,Frauen,0,ohne eigene Migrationserfahrung,%,/
2005,Insgesamt,0,ohne eigene Migrationserfahrung,%,26.2
2005,Männer,0,ohne eigene Migrationserfahrung,%,/
2005,Frauen,0,ohne eigene Migrationserfahrung,%,/
