Year,Berufsgruppe,Geschlecht,Verfahren,Entscheidung vor Rechtsbehelf,Value
2022,alle Berufsgruppen,Männer,Insgesamt,,3432.0
2022,alle Berufsgruppen,Frauen,Insgesamt,,4800.0
2022,alle Berufsgruppen,Insgesamt,Insgesamt,,8232.0
2022,darunter medizinische Gesundheitsberufe,Männer,Insgesamt,,2193.0
2022,darunter medizinische Gesundheitsberufe,Frauen,Insgesamt,,4116.0
2022,darunter medizinische Gesundheitsberufe,Insgesamt,Insgesamt,,6309.0
2021,alle Berufsgruppen,Männer,Insgesamt,,3264.0
2021,alle Berufsgruppen,Frauen,Insgesamt,,4362.0
2021,alle Berufsgruppen,Insgesamt,Insgesamt,,7626.0
2021,darunter medizinische Gesundheitsberufe,Männer,Insgesamt,,2211.0
2021,darunter medizinische Gesundheitsberufe,Frauen,Insgesamt,,3726.0
2021,darunter medizinische Gesundheitsberufe,Insgesamt,Insgesamt,,5397.0
2020,alle Berufsgruppen,Männer,Insgesamt,,2943.0
2020,alle Berufsgruppen,Frauen,Insgesamt,,4008.0
2020,alle Berufsgruppen,Insgesamt,Insgesamt,,6951.0
2020,darunter medizinische Gesundheitsberufe,Männer,Insgesamt,,1902.0
2020,darunter medizinische Gesundheitsberufe,Frauen,Insgesamt,,3225.0
2020,darunter medizinische Gesundheitsberufe,Insgesamt,Insgesamt,,5127.0
2019,alle Berufsgruppen,Männer,Insgesamt,,2622.0
2019,alle Berufsgruppen,Frauen,Insgesamt,,3597.0
2019,alle Berufsgruppen,Insgesamt,Insgesamt,,6219.0
2019,darunter medizinische Gesundheitsberufe,Männer,Insgesamt,,1785.0
2019,darunter medizinische Gesundheitsberufe,Frauen,Insgesamt,,2712.0
2019,darunter medizinische Gesundheitsberufe,Insgesamt,Insgesamt,,4497.0
2018,alle Berufsgruppen,Männer,Insgesamt,,2112.0
2018,alle Berufsgruppen,Frauen,Insgesamt,,2466.0
2018,alle Berufsgruppen,Insgesamt,Insgesamt,,4578.0
2018,darunter medizinische Gesundheitsberufe,Männer,Insgesamt,,1179.0
2018,darunter medizinische Gesundheitsberufe,Frauen,Insgesamt,,1710.0
2018,darunter medizinische Gesundheitsberufe,Insgesamt,Insgesamt,,2889.0
2017,alle Berufsgruppen,Männer,Insgesamt,,1770.0
2017,alle Berufsgruppen,Frauen,Insgesamt,,1818.0
2017,alle Berufsgruppen,Insgesamt,Insgesamt,,3588.0
2017,darunter medizinische Gesundheitsberufe,Männer,Insgesamt,,843.0
2017,darunter medizinische Gesundheitsberufe,Frauen,Insgesamt,,1230.0
2017,darunter medizinische Gesundheitsberufe,Insgesamt,Insgesamt,,2070.0
2016,alle Berufsgruppen,Männer,Insgesamt,,1620.0
2016,alle Berufsgruppen,Frauen,Insgesamt,,1737.0
2016,alle Berufsgruppen,Insgesamt,Insgesamt,,3360.0
2016,darunter medizinische Gesundheitsberufe,Männer,Insgesamt,,798.0
2016,darunter medizinische Gesundheitsberufe,Frauen,Insgesamt,,1071.0
2016,darunter medizinische Gesundheitsberufe,Insgesamt,Insgesamt,,1869.0
2015,alle Berufsgruppen,Männer,Insgesamt,,1098.0
2015,alle Berufsgruppen,Frauen,Insgesamt,,1506.0
2015,alle Berufsgruppen,Insgesamt,Insgesamt,,2616.0
2015,darunter medizinische Gesundheitsberufe,Männer,Insgesamt,,648.0
2015,darunter medizinische Gesundheitsberufe,Frauen,Insgesamt,,885.0
2015,darunter medizinische Gesundheitsberufe,Insgesamt,Insgesamt,,1530.0
2014,alle Berufsgruppen,Männer,Insgesamt,,1005.0
2014,alle Berufsgruppen,Frauen,Insgesamt,,1665.0
2014,alle Berufsgruppen,Insgesamt,Insgesamt,,2670.0
2014,darunter medizinische Gesundheitsberufe,Männer,Insgesamt,,635.0
2014,darunter medizinische Gesundheitsberufe,Frauen,Insgesamt,,730.0
2014,darunter medizinische Gesundheitsberufe,Insgesamt,Insgesamt,,1365.0
2012,alle Berufsgruppen,Männer,Insgesamt,,261.0
2012,alle Berufsgruppen,Frauen,Insgesamt,,402.0
2012,alle Berufsgruppen,insgesamt,Insgesamt,,663.0
2012,darunter medizinische Gesundheitsberufe,Männer,Insgesamt,,189.0
2012,darunter medizinische Gesundheitsberufe,Frauen,Insgesamt,,327.0
2012,darunter medizinische Gesundheitsberufe,Insgesamt,Insgesamt,,519.0
2022,alle Berufsgruppen,Männer,abgeschlossene Verfahren,,2892.0
2022,alle Berufsgruppen,Frauen,abgeschlossene Verfahren,,3783.0
2022,alle Berufsgruppen,Insgesamt,abgeschlossene Verfahren,,6675.0
2022,darunter medizinische Gesundheitsberufe,Männer,abgeschlossene Verfahren,,1863.0
2022,darunter medizinische Gesundheitsberufe,Frauen,abgeschlossene Verfahren,,3237.0
2022,darunter medizinische Gesundheitsberufe,Insgesamt,abgeschlossene Verfahren,,5100.0
2021,alle Berufsgruppen,Männer,abgeschlossene Verfahren,,2496.0
2021,alle Berufsgruppen,Frauen,abgeschlossene Verfahren,,2940.0
2021,alle Berufsgruppen,Insgesamt,abgeschlossene Verfahren,,5439.0
2021,darunter medizinische Gesundheitsberufe,Männer,abgeschlossene Verfahren,,1650.0
2021,darunter medizinische Gesundheitsberufe,Frauen,abgeschlossene Verfahren,,2394.0
2021,darunter medizinische Gesundheitsberufe,Insgesamt,abgeschlossene Verfahren,,4044.0
2020,alle Berufsgruppen,Männer,abgeschlossene Verfahren,,2439.0
2020,alle Berufsgruppen,Frauen,abgeschlossene Verfahren,,3087.0
2020,alle Berufsgruppen,Insgesamt,abgeschlossene Verfahren,,5529.0
2020,darunter medizinische Gesundheitsberufe,Männer,abgeschlossene Verfahren,,1614.0
2020,darunter medizinische Gesundheitsberufe,Frauen,abgeschlossene Verfahren,,2484.0
2020,darunter medizinische Gesundheitsberufe,Insgesamt,abgeschlossene Verfahren,,4095.0
2019,alle Berufsgruppen,Männer,abgeschlossene Verfahren,,2184.0
2019,alle Berufsgruppen,Frauen,abgeschlossene Verfahren,,2757.0
2019,alle Berufsgruppen,Insgesamt,abgeschlossene Verfahren,,4941.0
2019,darunter medizinische Gesundheitsberufe,Männer,abgeschlossene Verfahren,,1518.0
2019,darunter medizinische Gesundheitsberufe,Frauen,abgeschlossene Verfahren,,2100.0
2019,darunter medizinische Gesundheitsberufe,Insgesamt,abgeschlossene Verfahren,,3615.0
2018,alle Berufsgruppen,Männer,abgeschlossene Verfahren,,1707.0
2018,alle Berufsgruppen,Frauen,abgeschlossene Verfahren,,1845.0
2018,alle Berufsgruppen,Insgesamt,abgeschlossene Verfahren,,3552.0
2018,darunter medizinische Gesundheitsberufe,Männer,abgeschlossene Verfahren,,951.0
2018,darunter medizinische Gesundheitsberufe,Frauen,abgeschlossene Verfahren,,1293.0
2018,darunter medizinische Gesundheitsberufe,Insgesamt,abgeschlossene Verfahren,,2244.0
2017,alle Berufsgruppen,Männer,abgeschlossene Verfahren,,1443.0
2017,alle Berufsgruppen,Frauen,abgeschlossene Verfahren,,1404.0
2017,alle Berufsgruppen,Insgesamt,abgeschlossene Verfahren,,2847.0
2017,darunter medizinische Gesundheitsberufe,Männer,abgeschlossene Verfahren,,711.0
2017,darunter medizinische Gesundheitsberufe,Frauen,abgeschlossene Verfahren,,948.0
2017,darunter medizinische Gesundheitsberufe,Insgesamt,abgeschlossene Verfahren,,1659.0
2016,alle Berufsgruppen,Männer,abgeschlossene Verfahren,,1320.0
2016,alle Berufsgruppen,Frauen,abgeschlossene Verfahren,,1362.0
2016,alle Berufsgruppen,Insgesamt,abgeschlossene Verfahren,,2682.0
2016,darunter medizinische Gesundheitsberufe,Männer,abgeschlossene Verfahren,,711.0
2016,darunter medizinische Gesundheitsberufe,Frauen,abgeschlossene Verfahren,,903.0
2016,darunter medizinische Gesundheitsberufe,Insgesamt,abgeschlossene Verfahren,,1614.0
2015,alle Berufsgruppen,Männer,abgeschlossene Verfahren,,957.0
2015,alle Berufsgruppen,Frauen,abgeschlossene Verfahren,,1227.0
2015,alle Berufsgruppen,Insgesamt,abgeschlossene Verfahren,,2199.0
2015,darunter medizinische Gesundheitsberufe,Männer,abgeschlossene Verfahren,,591.0
2015,darunter medizinische Gesundheitsberufe,Frauen,abgeschlossene Verfahren,,702.0
2015,darunter medizinische Gesundheitsberufe,Insgesamt,abgeschlossene Verfahren,,1293.0
2014,alle Berufsgruppen,Männer,abgeschlossene Verfahren,,916.0
2014,alle Berufsgruppen,Frauen,abgeschlossene Verfahren,,1248.0
2014,alle Berufsgruppen,Insgesamt,abgeschlossene Verfahren,,2164.0
2014,darunter medizinische Gesundheitsberufe,Männer,abgeschlossene Verfahren,,597.0
2014,darunter medizinische Gesundheitsberufe,Frauen,abgeschlossene Verfahren,,544.0
2014,darunter medizinische Gesundheitsberufe,Insgesamt,abgeschlossene Verfahren,,1141.0
2012,alle Berufsgruppen,Männer,abgeschlossene Verfahren,,222.0
2012,alle Berufsgruppen,Frauen,abgeschlossene Verfahren,,339.0
2012,alle Berufsgruppen,insgesamt,abgeschlossene Verfahren,,561.0
2012,darunter medizinische Gesundheitsberufe,Männer,abgeschlossene Verfahren,,180.0
2012,darunter medizinische Gesundheitsberufe,Frauen,abgeschlossene Verfahren,,291.0
2012,darunter medizinische Gesundheitsberufe,Insgesamt,abgeschlossene Verfahren,,471.0
2022,alle Berufsgruppen,Männer,Entscheidung vor Rechtsbehelf,positiv volle Gleichwertigkeit,1470.0
2022,alle Berufsgruppen,Frauen,Entscheidung vor Rechtsbehelf,positiv volle Gleichwertigkeit,1503.0
2022,alle Berufsgruppen,Insgesamt,Entscheidung vor Rechtsbehelf,positiv volle Gleichwertigkeit,2976.0
2022,darunter medizinische Gesundheitsberufe,Männer,Entscheidung vor Rechtsbehelf,positiv volle Gleichwertigkeit,837.0
2022,darunter medizinische Gesundheitsberufe,Frauen,Entscheidung vor Rechtsbehelf,positiv volle Gleichwertigkeit,1272.0
2022,darunter medizinische Gesundheitsberufe,Insgesamt,Entscheidung vor Rechtsbehelf,positiv volle Gleichwertigkeit,2109.0
2021,alle Berufsgruppen,Männer,Entscheidung vor Rechtsbehelf,positiv volle Gleichwertigkeit,1383.0
2021,alle Berufsgruppen,Frauen,Entscheidung vor Rechtsbehelf,positiv volle Gleichwertigkeit,1449.0
2021,alle Berufsgruppen,Insgesamt,Entscheidung vor Rechtsbehelf,positiv volle Gleichwertigkeit,2835.0
2021,darunter medizinische Gesundheitsberufe,Männer,Entscheidung vor Rechtsbehelf,positiv volle Gleichwertigkeit,939.0
2021,darunter medizinische Gesundheitsberufe,Frauen,Entscheidung vor Rechtsbehelf,positiv volle Gleichwertigkeit,1212.0
2021,darunter medizinische Gesundheitsberufe,Insgesamt,Entscheidung vor Rechtsbehelf,positiv volle Gleichwertigkeit,2151.0
2020,alle Berufsgruppen,Männer,Entscheidung vor Rechtsbehelf,positiv volle Gleichwertigkeit,1182.0
2020,alle Berufsgruppen,Frauen,Entscheidung vor Rechtsbehelf,positiv volle Gleichwertigkeit,1338.0
2020,alle Berufsgruppen,Insgesamt,Entscheidung vor Rechtsbehelf,positiv volle Gleichwertigkeit,2520.0
2020,darunter medizinische Gesundheitsberufe,Männer,Entscheidung vor Rechtsbehelf,positiv volle Gleichwertigkeit,747.0
2020,darunter medizinische Gesundheitsberufe,Frauen,Entscheidung vor Rechtsbehelf,positiv volle Gleichwertigkeit,1107.0
2020,darunter medizinische Gesundheitsberufe,Insgesamt,Entscheidung vor Rechtsbehelf,positiv volle Gleichwertigkeit,1854.0
2019,alle Berufsgruppen,Männer,Entscheidung vor Rechtsbehelf,positiv volle Gleichwertigkeit,1035.0
2019,alle Berufsgruppen,Frauen,Entscheidung vor Rechtsbehelf,positiv volle Gleichwertigkeit,1272.0
2019,alle Berufsgruppen,Insgesamt,Entscheidung vor Rechtsbehelf,positiv volle Gleichwertigkeit,2307.0
2019,darunter medizinische Gesundheitsberufe,Männer,Entscheidung vor Rechtsbehelf,positiv volle Gleichwertigkeit,663.0
2019,darunter medizinische Gesundheitsberufe,Frauen,Entscheidung vor Rechtsbehelf,positiv volle Gleichwertigkeit,987.0
2019,darunter medizinische Gesundheitsberufe,Insgesamt,Entscheidung vor Rechtsbehelf,positiv volle Gleichwertigkeit,1650.0
2018,alle Berufsgruppen,Männer,Entscheidung vor Rechtsbehelf,positiv volle Gleichwertigkeit,888.0
2018,alle Berufsgruppen,Frauen,Entscheidung vor Rechtsbehelf,positiv volle Gleichwertigkeit,975.0
2018,alle Berufsgruppen,Insgesamt,Entscheidung vor Rechtsbehelf,positiv volle Gleichwertigkeit,1863.0
2018,darunter medizinische Gesundheitsberufe,Männer,Entscheidung vor Rechtsbehelf,positiv volle Gleichwertigkeit,480.0
2018,darunter medizinische Gesundheitsberufe,Frauen,Entscheidung vor Rechtsbehelf,positiv volle Gleichwertigkeit,750.0
2018,darunter medizinische Gesundheitsberufe,Insgesamt,Entscheidung vor Rechtsbehelf,positiv volle Gleichwertigkeit,1230.0
2017,alle Berufsgruppen,Männer,Entscheidung vor Rechtsbehelf,positiv volle Gleichwertigkeit,852.0
2017,alle Berufsgruppen,Frauen,Entscheidung vor Rechtsbehelf,positiv volle Gleichwertigkeit,855.0
2017,alle Berufsgruppen,Insgesamt,Entscheidung vor Rechtsbehelf,positiv volle Gleichwertigkeit,1707.0
2017,darunter medizinische Gesundheitsberufe,Männer,Entscheidung vor Rechtsbehelf,positiv volle Gleichwertigkeit,417.0
2017,darunter medizinische Gesundheitsberufe,Frauen,Entscheidung vor Rechtsbehelf,positiv volle Gleichwertigkeit,642.0
2017,darunter medizinische Gesundheitsberufe,Insgesamt,Entscheidung vor Rechtsbehelf,positiv volle Gleichwertigkeit,1059.0
2016,alle Berufsgruppen,Männer,Entscheidung vor Rechtsbehelf,positiv volle Gleichwertigkeit,891.0
2016,alle Berufsgruppen,Frauen,Entscheidung vor Rechtsbehelf,positiv volle Gleichwertigkeit,831.0
2016,alle Berufsgruppen,Insgesamt,Entscheidung vor Rechtsbehelf,positiv volle Gleichwertigkeit,1722.0
2016,darunter medizinische Gesundheitsberufe,Männer,Entscheidung vor Rechtsbehelf,positiv volle Gleichwertigkeit,486.0
2016,darunter medizinische Gesundheitsberufe,Frauen,Entscheidung vor Rechtsbehelf,positiv volle Gleichwertigkeit,612.0
2016,darunter medizinische Gesundheitsberufe,Insgesamt,Entscheidung vor Rechtsbehelf,positiv volle Gleichwertigkeit,1098.0
2015,alle Berufsgruppen,Männer,Entscheidung vor Rechtsbehelf,positiv volle Gleichwertigkeit,660.0
2015,alle Berufsgruppen,Frauen,Entscheidung vor Rechtsbehelf,positiv volle Gleichwertigkeit,669.0
2015,alle Berufsgruppen,Insgesamt,Entscheidung vor Rechtsbehelf,positiv volle Gleichwertigkeit,1335.0
2015,darunter medizinische Gesundheitsberufe,Männer,Entscheidung vor Rechtsbehelf,positiv volle Gleichwertigkeit,396.0
2015,darunter medizinische Gesundheitsberufe,Frauen,Entscheidung vor Rechtsbehelf,positiv volle Gleichwertigkeit,441.0
2015,darunter medizinische Gesundheitsberufe,Insgesamt,Entscheidung vor Rechtsbehelf,positiv volle Gleichwertigkeit,837.0
2014,alle Berufsgruppen,Männer,Entscheidung vor Rechtsbehelf,positiv volle Gleichwertigkeit,600.0
2014,alle Berufsgruppen,Frauen,Entscheidung vor Rechtsbehelf,positiv volle Gleichwertigkeit,851.0
2014,alle Berufsgruppen,Insgesamt,Entscheidung vor Rechtsbehelf,positiv volle Gleichwertigkeit,1451.0
2014,darunter medizinische Gesundheitsberufe,Männer,Entscheidung vor Rechtsbehelf,positiv volle Gleichwertigkeit,392.0
2014,darunter medizinische Gesundheitsberufe,Frauen,Entscheidung vor Rechtsbehelf,positiv volle Gleichwertigkeit,369.0
2014,darunter medizinische Gesundheitsberufe,Insgesamt,Entscheidung vor Rechtsbehelf,positiv volle Gleichwertigkeit,761.0
2012,alle Berufsgruppen,Männer,Entscheidung vor Rechtsbehelf,positiv volle Gleichwertigkeit,12.0
2012,alle Berufsgruppen,Frauen,Entscheidung vor Rechtsbehelf,positiv volle Gleichwertigkeit,30.0
2012,alle Berufsgruppen,insgesamt,Entscheidung vor Rechtsbehelf,positiv volle Gleichwertigkeit,42.0
2012,darunter medizinische Gesundheitsberufe,Männer,Entscheidung vor Rechtsbehelf,positiv volle Gleichwertigkeit,3.0
2012,darunter medizinische Gesundheitsberufe,Frauen,Entscheidung vor Rechtsbehelf,positiv volle Gleichwertigkeit,18.0
2012,darunter medizinische Gesundheitsberufe,Insgesamt,Entscheidung vor Rechtsbehelf,positiv volle Gleichwertigkeit,18.0
2022,alle Berufsgruppen,Männer,Entscheidung vor Rechtsbehelf,Auflage einer Ausgleichsmaßnahme1),1023.0
2022,alle Berufsgruppen,Frauen,Entscheidung vor Rechtsbehelf,Auflage einer Ausgleichsmaßnahme1),2061.0
2022,alle Berufsgruppen,Insgesamt,Entscheidung vor Rechtsbehelf,Auflage einer Ausgleichsmaßnahme1),3084.0
2022,darunter medizinische Gesundheitsberufe,Männer,Entscheidung vor Rechtsbehelf,Auflage einer Ausgleichsmaßnahme1),999.0
2022,darunter medizinische Gesundheitsberufe,Frauen,Entscheidung vor Rechtsbehelf,Auflage einer Ausgleichsmaßnahme1),1923.0
2022,darunter medizinische Gesundheitsberufe,Insgesamt,Entscheidung vor Rechtsbehelf,Auflage einer Ausgleichsmaßnahme1),2925.0
2021,alle Berufsgruppen,Männer,Entscheidung vor Rechtsbehelf,Auflage einer Ausgleichsmaßnahme1),696.0
2021,alle Berufsgruppen,Frauen,Entscheidung vor Rechtsbehelf,Auflage einer Ausgleichsmaßnahme1),1242.0
2021,alle Berufsgruppen,Insgesamt,Entscheidung vor Rechtsbehelf,Auflage einer Ausgleichsmaßnahme1),1938.0
2021,darunter medizinische Gesundheitsberufe,Männer,Entscheidung vor Rechtsbehelf,Auflage einer Ausgleichsmaßnahme1),684.0
2021,darunter medizinische Gesundheitsberufe,Frauen,Entscheidung vor Rechtsbehelf,Auflage einer Ausgleichsmaßnahme1),1149.0
2021,darunter medizinische Gesundheitsberufe,Insgesamt,Entscheidung vor Rechtsbehelf,Auflage einer Ausgleichsmaßnahme1),1833.0
2020,alle Berufsgruppen,Männer,Entscheidung vor Rechtsbehelf,Auflage einer Ausgleichsmaßnahme1),900.0
2020,alle Berufsgruppen,Frauen,Entscheidung vor Rechtsbehelf,Auflage einer Ausgleichsmaßnahme1),1533.0
2020,alle Berufsgruppen,Insgesamt,Entscheidung vor Rechtsbehelf,Auflage einer Ausgleichsmaßnahme1),2433.0
2020,darunter medizinische Gesundheitsberufe,Männer,Entscheidung vor Rechtsbehelf,Auflage einer Ausgleichsmaßnahme1),855.0
2020,darunter medizinische Gesundheitsberufe,Frauen,Entscheidung vor Rechtsbehelf,Auflage einer Ausgleichsmaßnahme1),1350.0
2020,darunter medizinische Gesundheitsberufe,Insgesamt,Entscheidung vor Rechtsbehelf,Auflage einer Ausgleichsmaßnahme1),2205.0
2019,alle Berufsgruppen,Männer,Entscheidung vor Rechtsbehelf,Auflage einer Ausgleichsmaßnahme1),873.0
2019,alle Berufsgruppen,Frauen,Entscheidung vor Rechtsbehelf,Auflage einer Ausgleichsmaßnahme1),1242.0
2019,alle Berufsgruppen,Insgesamt,Entscheidung vor Rechtsbehelf,Auflage einer Ausgleichsmaßnahme1),2115.0
2019,darunter medizinische Gesundheitsberufe,Männer,Entscheidung vor Rechtsbehelf,Auflage einer Ausgleichsmaßnahme1),837.0
2019,darunter medizinische Gesundheitsberufe,Frauen,Entscheidung vor Rechtsbehelf,Auflage einer Ausgleichsmaßnahme1),1083.0
2019,darunter medizinische Gesundheitsberufe,Insgesamt,Entscheidung vor Rechtsbehelf,Auflage einer Ausgleichsmaßnahme1),1923.0
2018,alle Berufsgruppen,Männer,Entscheidung vor Rechtsbehelf,Auflage einer Ausgleichsmaßnahme1),492.0
2018,alle Berufsgruppen,Frauen,Entscheidung vor Rechtsbehelf,Auflage einer Ausgleichsmaßnahme1),645.0
2018,alle Berufsgruppen,Insgesamt,Entscheidung vor Rechtsbehelf,Auflage einer Ausgleichsmaßnahme1),1137.0
2018,darunter medizinische Gesundheitsberufe,Männer,Entscheidung vor Rechtsbehelf,Auflage einer Ausgleichsmaßnahme1),462.0
2018,darunter medizinische Gesundheitsberufe,Frauen,Entscheidung vor Rechtsbehelf,Auflage einer Ausgleichsmaßnahme1),528.0
2018,darunter medizinische Gesundheitsberufe,Insgesamt,Entscheidung vor Rechtsbehelf,Auflage einer Ausgleichsmaßnahme1),990.0
2017,alle Berufsgruppen,Männer,Entscheidung vor Rechtsbehelf,Auflage einer Ausgleichsmaßnahme1),309.0
2017,alle Berufsgruppen,Frauen,Entscheidung vor Rechtsbehelf,Auflage einer Ausgleichsmaßnahme1),381.0
2017,alle Berufsgruppen,Insgesamt,Entscheidung vor Rechtsbehelf,Auflage einer Ausgleichsmaßnahme1),687.0
2017,darunter medizinische Gesundheitsberufe,Männer,Entscheidung vor Rechtsbehelf,Auflage einer Ausgleichsmaßnahme1),285.0
2017,darunter medizinische Gesundheitsberufe,Frauen,Entscheidung vor Rechtsbehelf,Auflage einer Ausgleichsmaßnahme1),297.0
2017,darunter medizinische Gesundheitsberufe,Insgesamt,Entscheidung vor Rechtsbehelf,Auflage einer Ausgleichsmaßnahme1),582.0
2016,alle Berufsgruppen,Männer,Entscheidung vor Rechtsbehelf,Auflage einer Ausgleichsmaßnahme1),243.0
2016,alle Berufsgruppen,Frauen,Entscheidung vor Rechtsbehelf,Auflage einer Ausgleichsmaßnahme1),372.0
2016,alle Berufsgruppen,Insgesamt,Entscheidung vor Rechtsbehelf,Auflage einer Ausgleichsmaßnahme1),615.0
2016,darunter medizinische Gesundheitsberufe,Männer,Entscheidung vor Rechtsbehelf,Auflage einer Ausgleichsmaßnahme1),222.0
2016,darunter medizinische Gesundheitsberufe,Frauen,Entscheidung vor Rechtsbehelf,Auflage einer Ausgleichsmaßnahme1),282.0
2016,darunter medizinische Gesundheitsberufe,Insgesamt,Entscheidung vor Rechtsbehelf,Auflage einer Ausgleichsmaßnahme1),504.0
2015,alle Berufsgruppen,Männer,Entscheidung vor Rechtsbehelf,Auflage einer Ausgleichsmaßnahme1),198.0
2015,alle Berufsgruppen,Frauen,Entscheidung vor Rechtsbehelf,Auflage einer Ausgleichsmaßnahme1),372.0
2015,alle Berufsgruppen,Insgesamt,Entscheidung vor Rechtsbehelf,Auflage einer Ausgleichsmaßnahme1),573.0
2015,darunter medizinische Gesundheitsberufe,Männer,Entscheidung vor Rechtsbehelf,Auflage einer Ausgleichsmaßnahme1),183.0
2015,darunter medizinische Gesundheitsberufe,Frauen,Entscheidung vor Rechtsbehelf,Auflage einer Ausgleichsmaßnahme1),225.0
2015,darunter medizinische Gesundheitsberufe,Insgesamt,Entscheidung vor Rechtsbehelf,Auflage einer Ausgleichsmaßnahme1),408.0
2014,alle Berufsgruppen,Männer,Entscheidung vor Rechtsbehelf,Auflage einer Ausgleichsmaßnahme1),221.0
2014,alle Berufsgruppen,Frauen,Entscheidung vor Rechtsbehelf,Auflage einer Ausgleichsmaßnahme1),279.0
2014,alle Berufsgruppen,Insgesamt,Entscheidung vor Rechtsbehelf,Auflage einer Ausgleichsmaßnahme1),500.0
2014,darunter medizinische Gesundheitsberufe,Männer,Entscheidung vor Rechtsbehelf,Auflage einer Ausgleichsmaßnahme1),199.0
2014,darunter medizinische Gesundheitsberufe,Frauen,Entscheidung vor Rechtsbehelf,Auflage einer Ausgleichsmaßnahme1),
2014,darunter medizinische Gesundheitsberufe,Insgesamt,Entscheidung vor Rechtsbehelf,Auflage einer Ausgleichsmaßnahme1),199.0
2012,alle Berufsgruppen,Männer,Entscheidung vor Rechtsbehelf,Auflage einer Ausgleichsmaßnahme1),
2012,alle Berufsgruppen,Frauen,Entscheidung vor Rechtsbehelf,Auflage einer Ausgleichsmaßnahme1),
2012,alle Berufsgruppen,insgesamt,Entscheidung vor Rechtsbehelf,Auflage einer Ausgleichsmaßnahme1),
2012,darunter medizinische Gesundheitsberufe,Männer,Entscheidung vor Rechtsbehelf,Auflage einer Ausgleichsmaßnahme1),
2012,darunter medizinische Gesundheitsberufe,Frauen,Entscheidung vor Rechtsbehelf,Auflage einer Ausgleichsmaßnahme1),
2012,darunter medizinische Gesundheitsberufe,Insgesamt,Entscheidung vor Rechtsbehelf,Auflage einer Ausgleichsmaßnahme1),
2022,alle Berufsgruppen,Männer,Entscheidung vor Rechtsbehelf,positiv mit Auflage einer Ausgleichsmaßnahme1) / beschränkter Berufszugang nach HwO2),
2022,alle Berufsgruppen,Frauen,Entscheidung vor Rechtsbehelf,positiv mit Auflage einer Ausgleichsmaßnahme1) / beschränkter Berufszugang nach HwO2),
2022,alle Berufsgruppen,Insgesamt,Entscheidung vor Rechtsbehelf,positiv mit Auflage einer Ausgleichsmaßnahme1) / beschränkter Berufszugang nach HwO2),
2022,darunter medizinische Gesundheitsberufe,Männer,Entscheidung vor Rechtsbehelf,positiv mit Auflage einer Ausgleichsmaßnahme1) / beschränkter Berufszugang nach HwO2),
2022,darunter medizinische Gesundheitsberufe,Frauen,Entscheidung vor Rechtsbehelf,positiv mit Auflage einer Ausgleichsmaßnahme1) / beschränkter Berufszugang nach HwO2),
2022,darunter medizinische Gesundheitsberufe,Insgesamt,Entscheidung vor Rechtsbehelf,positiv mit Auflage einer Ausgleichsmaßnahme1) / beschränkter Berufszugang nach HwO2),
2021,alle Berufsgruppen,Männer,Entscheidung vor Rechtsbehelf,positiv mit Auflage einer Ausgleichsmaßnahme1) / beschränkter Berufszugang nach HwO2),
2021,alle Berufsgruppen,Frauen,Entscheidung vor Rechtsbehelf,positiv mit Auflage einer Ausgleichsmaßnahme1) / beschränkter Berufszugang nach HwO2),
2021,alle Berufsgruppen,Insgesamt,Entscheidung vor Rechtsbehelf,positiv mit Auflage einer Ausgleichsmaßnahme1) / beschränkter Berufszugang nach HwO2),
2021,darunter medizinische Gesundheitsberufe,Männer,Entscheidung vor Rechtsbehelf,positiv mit Auflage einer Ausgleichsmaßnahme1) / beschränkter Berufszugang nach HwO2),
2021,darunter medizinische Gesundheitsberufe,Frauen,Entscheidung vor Rechtsbehelf,positiv mit Auflage einer Ausgleichsmaßnahme1) / beschränkter Berufszugang nach HwO2),
2021,darunter medizinische Gesundheitsberufe,Insgesamt,Entscheidung vor Rechtsbehelf,positiv mit Auflage einer Ausgleichsmaßnahme1) / beschränkter Berufszugang nach HwO2),
2020,alle Berufsgruppen,Männer,Entscheidung vor Rechtsbehelf,positiv mit Auflage einer Ausgleichsmaßnahme1) / beschränkter Berufszugang nach HwO2),
2020,alle Berufsgruppen,Frauen,Entscheidung vor Rechtsbehelf,positiv mit Auflage einer Ausgleichsmaßnahme1) / beschränkter Berufszugang nach HwO2),
2020,alle Berufsgruppen,Insgesamt,Entscheidung vor Rechtsbehelf,positiv mit Auflage einer Ausgleichsmaßnahme1) / beschränkter Berufszugang nach HwO2),
2020,darunter medizinische Gesundheitsberufe,Männer,Entscheidung vor Rechtsbehelf,positiv mit Auflage einer Ausgleichsmaßnahme1) / beschränkter Berufszugang nach HwO2),
2020,darunter medizinische Gesundheitsberufe,Frauen,Entscheidung vor Rechtsbehelf,positiv mit Auflage einer Ausgleichsmaßnahme1) / beschränkter Berufszugang nach HwO2),
2020,darunter medizinische Gesundheitsberufe,Insgesamt,Entscheidung vor Rechtsbehelf,positiv mit Auflage einer Ausgleichsmaßnahme1) / beschränkter Berufszugang nach HwO2),
2019,alle Berufsgruppen,Männer,Entscheidung vor Rechtsbehelf,positiv mit Auflage einer Ausgleichsmaßnahme1) / beschränkter Berufszugang nach HwO2),
2019,alle Berufsgruppen,Frauen,Entscheidung vor Rechtsbehelf,positiv mit Auflage einer Ausgleichsmaßnahme1) / beschränkter Berufszugang nach HwO2),
2019,alle Berufsgruppen,Insgesamt,Entscheidung vor Rechtsbehelf,positiv mit Auflage einer Ausgleichsmaßnahme1) / beschränkter Berufszugang nach HwO2),
2019,darunter medizinische Gesundheitsberufe,Männer,Entscheidung vor Rechtsbehelf,positiv mit Auflage einer Ausgleichsmaßnahme1) / beschränkter Berufszugang nach HwO2),
2019,darunter medizinische Gesundheitsberufe,Frauen,Entscheidung vor Rechtsbehelf,positiv mit Auflage einer Ausgleichsmaßnahme1) / beschränkter Berufszugang nach HwO2),
2019,darunter medizinische Gesundheitsberufe,Insgesamt,Entscheidung vor Rechtsbehelf,positiv mit Auflage einer Ausgleichsmaßnahme1) / beschränkter Berufszugang nach HwO2),
2018,alle Berufsgruppen,Männer,Entscheidung vor Rechtsbehelf,positiv mit Auflage einer Ausgleichsmaßnahme1) / beschränkter Berufszugang nach HwO2),
2018,alle Berufsgruppen,Frauen,Entscheidung vor Rechtsbehelf,positiv mit Auflage einer Ausgleichsmaßnahme1) / beschränkter Berufszugang nach HwO2),
2018,alle Berufsgruppen,Insgesamt,Entscheidung vor Rechtsbehelf,positiv mit Auflage einer Ausgleichsmaßnahme1) / beschränkter Berufszugang nach HwO2),
2018,darunter medizinische Gesundheitsberufe,Männer,Entscheidung vor Rechtsbehelf,positiv mit Auflage einer Ausgleichsmaßnahme1) / beschränkter Berufszugang nach HwO2),
2018,darunter medizinische Gesundheitsberufe,Frauen,Entscheidung vor Rechtsbehelf,positiv mit Auflage einer Ausgleichsmaßnahme1) / beschränkter Berufszugang nach HwO2),
2018,darunter medizinische Gesundheitsberufe,Insgesamt,Entscheidung vor Rechtsbehelf,positiv mit Auflage einer Ausgleichsmaßnahme1) / beschränkter Berufszugang nach HwO2),
2017,alle Berufsgruppen,Männer,Entscheidung vor Rechtsbehelf,positiv mit Auflage einer Ausgleichsmaßnahme1) / beschränkter Berufszugang nach HwO2),
2017,alle Berufsgruppen,Frauen,Entscheidung vor Rechtsbehelf,positiv mit Auflage einer Ausgleichsmaßnahme1) / beschränkter Berufszugang nach HwO2),
2017,alle Berufsgruppen,Insgesamt,Entscheidung vor Rechtsbehelf,positiv mit Auflage einer Ausgleichsmaßnahme1) / beschränkter Berufszugang nach HwO2),
2017,darunter medizinische Gesundheitsberufe,Männer,Entscheidung vor Rechtsbehelf,positiv mit Auflage einer Ausgleichsmaßnahme1) / beschränkter Berufszugang nach HwO2),
2017,darunter medizinische Gesundheitsberufe,Frauen,Entscheidung vor Rechtsbehelf,positiv mit Auflage einer Ausgleichsmaßnahme1) / beschränkter Berufszugang nach HwO2),
2017,darunter medizinische Gesundheitsberufe,Insgesamt,Entscheidung vor Rechtsbehelf,positiv mit Auflage einer Ausgleichsmaßnahme1) / beschränkter Berufszugang nach HwO2),
2016,alle Berufsgruppen,Männer,Entscheidung vor Rechtsbehelf,positiv mit Auflage einer Ausgleichsmaßnahme1) / beschränkter Berufszugang nach HwO2),
2016,alle Berufsgruppen,Frauen,Entscheidung vor Rechtsbehelf,positiv mit Auflage einer Ausgleichsmaßnahme1) / beschränkter Berufszugang nach HwO2),
2016,alle Berufsgruppen,Insgesamt,Entscheidung vor Rechtsbehelf,positiv mit Auflage einer Ausgleichsmaßnahme1) / beschränkter Berufszugang nach HwO2),
2016,darunter medizinische Gesundheitsberufe,Männer,Entscheidung vor Rechtsbehelf,positiv mit Auflage einer Ausgleichsmaßnahme1) / beschränkter Berufszugang nach HwO2),
2016,darunter medizinische Gesundheitsberufe,Frauen,Entscheidung vor Rechtsbehelf,positiv mit Auflage einer Ausgleichsmaßnahme1) / beschränkter Berufszugang nach HwO2),
2016,darunter medizinische Gesundheitsberufe,Insgesamt,Entscheidung vor Rechtsbehelf,positiv mit Auflage einer Ausgleichsmaßnahme1) / beschränkter Berufszugang nach HwO2),
2015,alle Berufsgruppen,Männer,Entscheidung vor Rechtsbehelf,positiv mit Auflage einer Ausgleichsmaßnahme1) / beschränkter Berufszugang nach HwO2),
2015,alle Berufsgruppen,Frauen,Entscheidung vor Rechtsbehelf,positiv mit Auflage einer Ausgleichsmaßnahme1) / beschränkter Berufszugang nach HwO2),
2015,alle Berufsgruppen,Insgesamt,Entscheidung vor Rechtsbehelf,positiv mit Auflage einer Ausgleichsmaßnahme1) / beschränkter Berufszugang nach HwO2),
2015,darunter medizinische Gesundheitsberufe,Männer,Entscheidung vor Rechtsbehelf,positiv mit Auflage einer Ausgleichsmaßnahme1) / beschränkter Berufszugang nach HwO2),
2015,darunter medizinische Gesundheitsberufe,Frauen,Entscheidung vor Rechtsbehelf,positiv mit Auflage einer Ausgleichsmaßnahme1) / beschränkter Berufszugang nach HwO2),
2015,darunter medizinische Gesundheitsberufe,Insgesamt,Entscheidung vor Rechtsbehelf,positiv mit Auflage einer Ausgleichsmaßnahme1) / beschränkter Berufszugang nach HwO2),
2014,alle Berufsgruppen,Männer,Entscheidung vor Rechtsbehelf,positiv mit Auflage einer Ausgleichsmaßnahme1) / beschränkter Berufszugang nach HwO2),
2014,alle Berufsgruppen,Frauen,Entscheidung vor Rechtsbehelf,positiv mit Auflage einer Ausgleichsmaßnahme1) / beschränkter Berufszugang nach HwO2),
2014,alle Berufsgruppen,Insgesamt,Entscheidung vor Rechtsbehelf,positiv mit Auflage einer Ausgleichsmaßnahme1) / beschränkter Berufszugang nach HwO2),
2014,darunter medizinische Gesundheitsberufe,Männer,Entscheidung vor Rechtsbehelf,positiv mit Auflage einer Ausgleichsmaßnahme1) / beschränkter Berufszugang nach HwO2),
2014,darunter medizinische Gesundheitsberufe,Frauen,Entscheidung vor Rechtsbehelf,positiv mit Auflage einer Ausgleichsmaßnahme1) / beschränkter Berufszugang nach HwO2),
2014,darunter medizinische Gesundheitsberufe,Insgesamt,Entscheidung vor Rechtsbehelf,positiv mit Auflage einer Ausgleichsmaßnahme1) / beschränkter Berufszugang nach HwO2),
2012,alle Berufsgruppen,Männer,Entscheidung vor Rechtsbehelf,positiv mit Auflage einer Ausgleichsmaßnahme1) / beschränkter Berufszugang nach HwO2),6.0
2012,alle Berufsgruppen,Frauen,Entscheidung vor Rechtsbehelf,positiv mit Auflage einer Ausgleichsmaßnahme1) / beschränkter Berufszugang nach HwO2),57.0
2012,alle Berufsgruppen,insgesamt,Entscheidung vor Rechtsbehelf,positiv mit Auflage einer Ausgleichsmaßnahme1) / beschränkter Berufszugang nach HwO2),63.0
2012,darunter medizinische Gesundheitsberufe,Männer,Entscheidung vor Rechtsbehelf,positiv mit Auflage einer Ausgleichsmaßnahme1) / beschränkter Berufszugang nach HwO2),6.0
2012,darunter medizinische Gesundheitsberufe,Frauen,Entscheidung vor Rechtsbehelf,positiv mit Auflage einer Ausgleichsmaßnahme1) / beschränkter Berufszugang nach HwO2),57.0
2012,darunter medizinische Gesundheitsberufe,Insgesamt,Entscheidung vor Rechtsbehelf,positiv mit Auflage einer Ausgleichsmaßnahme1) / beschränkter Berufszugang nach HwO2),63.0
2022,alle Berufsgruppen,Männer,Entscheidung vor Rechtsbehelf,teilweise Gleichwertigkeit3),351.0
2022,alle Berufsgruppen,Frauen,Entscheidung vor Rechtsbehelf,teilweise Gleichwertigkeit3),87.0
2022,alle Berufsgruppen,Insgesamt,Entscheidung vor Rechtsbehelf,teilweise Gleichwertigkeit3),438.0
2022,darunter medizinische Gesundheitsberufe,Männer,Entscheidung vor Rechtsbehelf,teilweise Gleichwertigkeit3),
2022,darunter medizinische Gesundheitsberufe,Frauen,Entscheidung vor Rechtsbehelf,teilweise Gleichwertigkeit3),9.0
2022,darunter medizinische Gesundheitsberufe,Insgesamt,Entscheidung vor Rechtsbehelf,teilweise Gleichwertigkeit3),9.0
2021,alle Berufsgruppen,Männer,Entscheidung vor Rechtsbehelf,teilweise Gleichwertigkeit3),348.0
2021,alle Berufsgruppen,Frauen,Entscheidung vor Rechtsbehelf,teilweise Gleichwertigkeit3),78.0
2021,alle Berufsgruppen,Insgesamt,Entscheidung vor Rechtsbehelf,teilweise Gleichwertigkeit3),426.0
2021,darunter medizinische Gesundheitsberufe,Männer,Entscheidung vor Rechtsbehelf,teilweise Gleichwertigkeit3),3.0
2021,darunter medizinische Gesundheitsberufe,Frauen,Entscheidung vor Rechtsbehelf,teilweise Gleichwertigkeit3),6.0
2021,darunter medizinische Gesundheitsberufe,Insgesamt,Entscheidung vor Rechtsbehelf,teilweise Gleichwertigkeit3),9.0
2020,alle Berufsgruppen,Männer,Entscheidung vor Rechtsbehelf,teilweise Gleichwertigkeit3),285.0
2020,alle Berufsgruppen,Frauen,Entscheidung vor Rechtsbehelf,teilweise Gleichwertigkeit3),84.0
2020,alle Berufsgruppen,Insgesamt,Entscheidung vor Rechtsbehelf,teilweise Gleichwertigkeit3),369.0
2020,darunter medizinische Gesundheitsberufe,Männer,Entscheidung vor Rechtsbehelf,teilweise Gleichwertigkeit3),
2020,darunter medizinische Gesundheitsberufe,Frauen,Entscheidung vor Rechtsbehelf,teilweise Gleichwertigkeit3),6.0
2020,darunter medizinische Gesundheitsberufe,Insgesamt,Entscheidung vor Rechtsbehelf,teilweise Gleichwertigkeit3),6.0
2019,alle Berufsgruppen,Männer,Entscheidung vor Rechtsbehelf,teilweise Gleichwertigkeit3),231.0
2019,alle Berufsgruppen,Frauen,Entscheidung vor Rechtsbehelf,teilweise Gleichwertigkeit3),108.0
2019,alle Berufsgruppen,Insgesamt,Entscheidung vor Rechtsbehelf,teilweise Gleichwertigkeit3),336.0
2019,darunter medizinische Gesundheitsberufe,Männer,Entscheidung vor Rechtsbehelf,teilweise Gleichwertigkeit3),
2019,darunter medizinische Gesundheitsberufe,Frauen,Entscheidung vor Rechtsbehelf,teilweise Gleichwertigkeit3),9.0
2019,darunter medizinische Gesundheitsberufe,Insgesamt,Entscheidung vor Rechtsbehelf,teilweise Gleichwertigkeit3),9.0
2018,alle Berufsgruppen,Männer,Entscheidung vor Rechtsbehelf,teilweise Gleichwertigkeit3),303.0
2018,alle Berufsgruppen,Frauen,Entscheidung vor Rechtsbehelf,teilweise Gleichwertigkeit3),108.0
2018,alle Berufsgruppen,Insgesamt,Entscheidung vor Rechtsbehelf,teilweise Gleichwertigkeit3),411.0
2018,darunter medizinische Gesundheitsberufe,Männer,Entscheidung vor Rechtsbehelf,teilweise Gleichwertigkeit3),
2018,darunter medizinische Gesundheitsberufe,Frauen,Entscheidung vor Rechtsbehelf,teilweise Gleichwertigkeit3),
2018,darunter medizinische Gesundheitsberufe,Insgesamt,Entscheidung vor Rechtsbehelf,teilweise Gleichwertigkeit3),
2017,alle Berufsgruppen,Männer,Entscheidung vor Rechtsbehelf,teilweise Gleichwertigkeit3),258.0
2017,alle Berufsgruppen,Frauen,Entscheidung vor Rechtsbehelf,teilweise Gleichwertigkeit3),60.0
2017,alle Berufsgruppen,Insgesamt,Entscheidung vor Rechtsbehelf,teilweise Gleichwertigkeit3),318.0
2017,darunter medizinische Gesundheitsberufe,Männer,Entscheidung vor Rechtsbehelf,teilweise Gleichwertigkeit3),
2017,darunter medizinische Gesundheitsberufe,Frauen,Entscheidung vor Rechtsbehelf,teilweise Gleichwertigkeit3),
2017,darunter medizinische Gesundheitsberufe,Insgesamt,Entscheidung vor Rechtsbehelf,teilweise Gleichwertigkeit3),
2016,alle Berufsgruppen,Männer,Entscheidung vor Rechtsbehelf,teilweise Gleichwertigkeit3),159.0
2016,alle Berufsgruppen,Frauen,Entscheidung vor Rechtsbehelf,teilweise Gleichwertigkeit3),75.0
2016,alle Berufsgruppen,Insgesamt,Entscheidung vor Rechtsbehelf,teilweise Gleichwertigkeit3),234.0
2016,darunter medizinische Gesundheitsberufe,Männer,Entscheidung vor Rechtsbehelf,teilweise Gleichwertigkeit3),
2016,darunter medizinische Gesundheitsberufe,Frauen,Entscheidung vor Rechtsbehelf,teilweise Gleichwertigkeit3),3.0
2016,darunter medizinische Gesundheitsberufe,Insgesamt,Entscheidung vor Rechtsbehelf,teilweise Gleichwertigkeit3),3.0
2015,alle Berufsgruppen,Männer,Entscheidung vor Rechtsbehelf,teilweise Gleichwertigkeit3),
2015,alle Berufsgruppen,Frauen,Entscheidung vor Rechtsbehelf,teilweise Gleichwertigkeit3),
2015,alle Berufsgruppen,Insgesamt,Entscheidung vor Rechtsbehelf,teilweise Gleichwertigkeit3),
2015,darunter medizinische Gesundheitsberufe,Männer,Entscheidung vor Rechtsbehelf,teilweise Gleichwertigkeit3),
2015,darunter medizinische Gesundheitsberufe,Frauen,Entscheidung vor Rechtsbehelf,teilweise Gleichwertigkeit3),
2015,darunter medizinische Gesundheitsberufe,Insgesamt,Entscheidung vor Rechtsbehelf,teilweise Gleichwertigkeit3),
2014,alle Berufsgruppen,Männer,Entscheidung vor Rechtsbehelf,teilweise Gleichwertigkeit3),
2014,alle Berufsgruppen,Frauen,Entscheidung vor Rechtsbehelf,teilweise Gleichwertigkeit3),
2014,alle Berufsgruppen,Insgesamt,Entscheidung vor Rechtsbehelf,teilweise Gleichwertigkeit3),
2014,darunter medizinische Gesundheitsberufe,Männer,Entscheidung vor Rechtsbehelf,teilweise Gleichwertigkeit3),
2014,darunter medizinische Gesundheitsberufe,Frauen,Entscheidung vor Rechtsbehelf,teilweise Gleichwertigkeit3),
2014,darunter medizinische Gesundheitsberufe,Insgesamt,Entscheidung vor Rechtsbehelf,teilweise Gleichwertigkeit3),
2012,alle Berufsgruppen,Männer,Entscheidung vor Rechtsbehelf,teilweise Gleichwertigkeit3),
2012,alle Berufsgruppen,Frauen,Entscheidung vor Rechtsbehelf,teilweise Gleichwertigkeit3),
2012,alle Berufsgruppen,insgesamt,Entscheidung vor Rechtsbehelf,teilweise Gleichwertigkeit3),
2012,darunter medizinische Gesundheitsberufe,Männer,Entscheidung vor Rechtsbehelf,teilweise Gleichwertigkeit3),
2012,darunter medizinische Gesundheitsberufe,Frauen,Entscheidung vor Rechtsbehelf,teilweise Gleichwertigkeit3),
2012,darunter medizinische Gesundheitsberufe,Insgesamt,Entscheidung vor Rechtsbehelf,teilweise Gleichwertigkeit3),
2022,alle Berufsgruppen,Männer,Entscheidung vor Rechtsbehelf,positive partieller Berufszugang4),3.0
2022,alle Berufsgruppen,Frauen,Entscheidung vor Rechtsbehelf,positive partieller Berufszugang4),36.0
2022,alle Berufsgruppen,Insgesamt,Entscheidung vor Rechtsbehelf,positive partieller Berufszugang4),39.0
2022,darunter medizinische Gesundheitsberufe,Männer,Entscheidung vor Rechtsbehelf,positive partieller Berufszugang4),
2022,darunter medizinische Gesundheitsberufe,Frauen,Entscheidung vor Rechtsbehelf,positive partieller Berufszugang4),
2022,darunter medizinische Gesundheitsberufe,Insgesamt,Entscheidung vor Rechtsbehelf,positive partieller Berufszugang4),
2021,alle Berufsgruppen,Männer,Entscheidung vor Rechtsbehelf,positive partieller Berufszugang4),12.0
2021,alle Berufsgruppen,Frauen,Entscheidung vor Rechtsbehelf,positive partieller Berufszugang4),81.0
2021,alle Berufsgruppen,Insgesamt,Entscheidung vor Rechtsbehelf,positive partieller Berufszugang4),93.0
2021,darunter medizinische Gesundheitsberufe,Männer,Entscheidung vor Rechtsbehelf,positive partieller Berufszugang4),
2021,darunter medizinische Gesundheitsberufe,Frauen,Entscheidung vor Rechtsbehelf,positive partieller Berufszugang4),
2021,darunter medizinische Gesundheitsberufe,Insgesamt,Entscheidung vor Rechtsbehelf,positive partieller Berufszugang4),
2020,alle Berufsgruppen,Männer,Entscheidung vor Rechtsbehelf,positive partieller Berufszugang4),3.0
2020,alle Berufsgruppen,Frauen,Entscheidung vor Rechtsbehelf,positive partieller Berufszugang4),27.0
2020,alle Berufsgruppen,Insgesamt,Entscheidung vor Rechtsbehelf,positive partieller Berufszugang4),30.0
2020,darunter medizinische Gesundheitsberufe,Männer,Entscheidung vor Rechtsbehelf,positive partieller Berufszugang4),
2020,darunter medizinische Gesundheitsberufe,Frauen,Entscheidung vor Rechtsbehelf,positive partieller Berufszugang4),
2020,darunter medizinische Gesundheitsberufe,Insgesamt,Entscheidung vor Rechtsbehelf,positive partieller Berufszugang4),
2019,alle Berufsgruppen,Männer,Entscheidung vor Rechtsbehelf,positive partieller Berufszugang4),
2019,alle Berufsgruppen,Frauen,Entscheidung vor Rechtsbehelf,positive partieller Berufszugang4),21.0
2019,alle Berufsgruppen,Insgesamt,Entscheidung vor Rechtsbehelf,positive partieller Berufszugang4),21.0
2019,darunter medizinische Gesundheitsberufe,Männer,Entscheidung vor Rechtsbehelf,positive partieller Berufszugang4),
2019,darunter medizinische Gesundheitsberufe,Frauen,Entscheidung vor Rechtsbehelf,positive partieller Berufszugang4),
2019,darunter medizinische Gesundheitsberufe,Insgesamt,Entscheidung vor Rechtsbehelf,positive partieller Berufszugang4),
2018,alle Berufsgruppen,Männer,Entscheidung vor Rechtsbehelf,positive partieller Berufszugang4),
2018,alle Berufsgruppen,Frauen,Entscheidung vor Rechtsbehelf,positive partieller Berufszugang4),18.0
2018,alle Berufsgruppen,Insgesamt,Entscheidung vor Rechtsbehelf,positive partieller Berufszugang4),18.0
2018,darunter medizinische Gesundheitsberufe,Männer,Entscheidung vor Rechtsbehelf,positive partieller Berufszugang4),
2018,darunter medizinische Gesundheitsberufe,Frauen,Entscheidung vor Rechtsbehelf,positive partieller Berufszugang4),
2018,darunter medizinische Gesundheitsberufe,Insgesamt,Entscheidung vor Rechtsbehelf,positive partieller Berufszugang4),
2017,alle Berufsgruppen,Männer,Entscheidung vor Rechtsbehelf,positive partieller Berufszugang4),
2017,alle Berufsgruppen,Frauen,Entscheidung vor Rechtsbehelf,positive partieller Berufszugang4),18.0
2017,alle Berufsgruppen,Insgesamt,Entscheidung vor Rechtsbehelf,positive partieller Berufszugang4),18.0
2017,darunter medizinische Gesundheitsberufe,Männer,Entscheidung vor Rechtsbehelf,positive partieller Berufszugang4),
2017,darunter medizinische Gesundheitsberufe,Frauen,Entscheidung vor Rechtsbehelf,positive partieller Berufszugang4),
2017,darunter medizinische Gesundheitsberufe,Insgesamt,Entscheidung vor Rechtsbehelf,positive partieller Berufszugang4),
2016,alle Berufsgruppen,Männer,Entscheidung vor Rechtsbehelf,positive partieller Berufszugang4),
2016,alle Berufsgruppen,Frauen,Entscheidung vor Rechtsbehelf,positive partieller Berufszugang4),3.0
2016,alle Berufsgruppen,Insgesamt,Entscheidung vor Rechtsbehelf,positive partieller Berufszugang4),6.0
2016,darunter medizinische Gesundheitsberufe,Männer,Entscheidung vor Rechtsbehelf,positive partieller Berufszugang4),
2016,darunter medizinische Gesundheitsberufe,Frauen,Entscheidung vor Rechtsbehelf,positive partieller Berufszugang4),
2016,darunter medizinische Gesundheitsberufe,Insgesamt,Entscheidung vor Rechtsbehelf,positive partieller Berufszugang4),
2015,alle Berufsgruppen,Männer,Entscheidung vor Rechtsbehelf,positive partieller Berufszugang4),
2015,alle Berufsgruppen,Frauen,Entscheidung vor Rechtsbehelf,positive partieller Berufszugang4),
2015,alle Berufsgruppen,Insgesamt,Entscheidung vor Rechtsbehelf,positive partieller Berufszugang4),
2015,darunter medizinische Gesundheitsberufe,Männer,Entscheidung vor Rechtsbehelf,positive partieller Berufszugang4),
2015,darunter medizinische Gesundheitsberufe,Frauen,Entscheidung vor Rechtsbehelf,positive partieller Berufszugang4),
2015,darunter medizinische Gesundheitsberufe,Insgesamt,Entscheidung vor Rechtsbehelf,positive partieller Berufszugang4),
2014,alle Berufsgruppen,Männer,Entscheidung vor Rechtsbehelf,positive partieller Berufszugang4),
2014,alle Berufsgruppen,Frauen,Entscheidung vor Rechtsbehelf,positive partieller Berufszugang4),
2014,alle Berufsgruppen,Insgesamt,Entscheidung vor Rechtsbehelf,positive partieller Berufszugang4),
2014,darunter medizinische Gesundheitsberufe,Männer,Entscheidung vor Rechtsbehelf,positive partieller Berufszugang4),
2014,darunter medizinische Gesundheitsberufe,Frauen,Entscheidung vor Rechtsbehelf,positive partieller Berufszugang4),
2014,darunter medizinische Gesundheitsberufe,Insgesamt,Entscheidung vor Rechtsbehelf,positive partieller Berufszugang4),
2012,alle Berufsgruppen,Männer,Entscheidung vor Rechtsbehelf,positive partieller Berufszugang4),
2012,alle Berufsgruppen,Frauen,Entscheidung vor Rechtsbehelf,positive partieller Berufszugang4),
2012,alle Berufsgruppen,insgesamt,Entscheidung vor Rechtsbehelf,positive partieller Berufszugang4),
2012,darunter medizinische Gesundheitsberufe,Männer,Entscheidung vor Rechtsbehelf,positive partieller Berufszugang4),
2012,darunter medizinische Gesundheitsberufe,Frauen,Entscheidung vor Rechtsbehelf,positive partieller Berufszugang4),
2012,darunter medizinische Gesundheitsberufe,Insgesamt,Entscheidung vor Rechtsbehelf,positive partieller Berufszugang4),
2022,alle Berufsgruppen,Männer,Entscheidung vor Rechtsbehelf,negativ,42.0
2022,alle Berufsgruppen,Frauen,Entscheidung vor Rechtsbehelf,negativ,96.0
2022,alle Berufsgruppen,Insgesamt,Entscheidung vor Rechtsbehelf,negativ,138.0
2022,darunter medizinische Gesundheitsberufe,Männer,Entscheidung vor Rechtsbehelf,negativ,27.0
2022,darunter medizinische Gesundheitsberufe,Frauen,Entscheidung vor Rechtsbehelf,negativ,33.0
2022,darunter medizinische Gesundheitsberufe,Insgesamt,Entscheidung vor Rechtsbehelf,negativ,60.0
2021,alle Berufsgruppen,Männer,Entscheidung vor Rechtsbehelf,negativ,57.0
2021,alle Berufsgruppen,Frauen,Entscheidung vor Rechtsbehelf,negativ,90.0
2021,alle Berufsgruppen,Insgesamt,Entscheidung vor Rechtsbehelf,negativ,147.0
2021,darunter medizinische Gesundheitsberufe,Männer,Entscheidung vor Rechtsbehelf,negativ,24.0
2021,darunter medizinische Gesundheitsberufe,Frauen,Entscheidung vor Rechtsbehelf,negativ,27.0
2021,darunter medizinische Gesundheitsberufe,Insgesamt,Entscheidung vor Rechtsbehelf,negativ,51.0
2020,alle Berufsgruppen,Männer,Entscheidung vor Rechtsbehelf,negativ,69.0
2020,alle Berufsgruppen,Frauen,Entscheidung vor Rechtsbehelf,negativ,108.0
2020,alle Berufsgruppen,Insgesamt,Entscheidung vor Rechtsbehelf,negativ,174.0
2020,darunter medizinische Gesundheitsberufe,Männer,Entscheidung vor Rechtsbehelf,negativ,12.0
2020,darunter medizinische Gesundheitsberufe,Frauen,Entscheidung vor Rechtsbehelf,negativ,21.0
2020,darunter medizinische Gesundheitsberufe,Insgesamt,Entscheidung vor Rechtsbehelf,negativ,33.0
2019,alle Berufsgruppen,Männer,Entscheidung vor Rechtsbehelf,negativ,48.0
2019,alle Berufsgruppen,Frauen,Entscheidung vor Rechtsbehelf,negativ,114.0
2019,alle Berufsgruppen,Insgesamt,Entscheidung vor Rechtsbehelf,negativ,159.0
2019,darunter medizinische Gesundheitsberufe,Männer,Entscheidung vor Rechtsbehelf,negativ,15.0
2019,darunter medizinische Gesundheitsberufe,Frauen,Entscheidung vor Rechtsbehelf,negativ,18.0
2019,darunter medizinische Gesundheitsberufe,Insgesamt,Entscheidung vor Rechtsbehelf,negativ,36.0
2018,alle Berufsgruppen,Männer,Entscheidung vor Rechtsbehelf,negativ,24.0
2018,alle Berufsgruppen,Frauen,Entscheidung vor Rechtsbehelf,negativ,96.0
2018,alle Berufsgruppen,Insgesamt,Entscheidung vor Rechtsbehelf,negativ,120.0
2018,darunter medizinische Gesundheitsberufe,Männer,Entscheidung vor Rechtsbehelf,negativ,6.0
2018,darunter medizinische Gesundheitsberufe,Frauen,Entscheidung vor Rechtsbehelf,negativ,12.0
2018,darunter medizinische Gesundheitsberufe,Insgesamt,Entscheidung vor Rechtsbehelf,negativ,18.0
2017,alle Berufsgruppen,Männer,Entscheidung vor Rechtsbehelf,negativ,24.0
2017,alle Berufsgruppen,Frauen,Entscheidung vor Rechtsbehelf,negativ,90.0
2017,alle Berufsgruppen,Insgesamt,Entscheidung vor Rechtsbehelf,negativ,117.0
2017,darunter medizinische Gesundheitsberufe,Männer,Entscheidung vor Rechtsbehelf,negativ,9.0
2017,darunter medizinische Gesundheitsberufe,Frauen,Entscheidung vor Rechtsbehelf,negativ,9.0
2017,darunter medizinische Gesundheitsberufe,Insgesamt,Entscheidung vor Rechtsbehelf,negativ,18.0
2016,alle Berufsgruppen,Männer,Entscheidung vor Rechtsbehelf,negativ,27.0
2016,alle Berufsgruppen,Frauen,Entscheidung vor Rechtsbehelf,negativ,78.0
2016,alle Berufsgruppen,Insgesamt,Entscheidung vor Rechtsbehelf,negativ,105.0
2016,darunter medizinische Gesundheitsberufe,Männer,Entscheidung vor Rechtsbehelf,negativ,3.0
2016,darunter medizinische Gesundheitsberufe,Frauen,Entscheidung vor Rechtsbehelf,negativ,6.0
2016,darunter medizinische Gesundheitsberufe,Insgesamt,Entscheidung vor Rechtsbehelf,negativ,9.0
2015,alle Berufsgruppen,Männer,Entscheidung vor Rechtsbehelf,negativ,105.0
2015,alle Berufsgruppen,Frauen,Entscheidung vor Rechtsbehelf,negativ,180.0
2015,alle Berufsgruppen,Insgesamt,Entscheidung vor Rechtsbehelf,negativ,291.0
2015,darunter medizinische Gesundheitsberufe,Männer,Entscheidung vor Rechtsbehelf,negativ,12.0
2015,darunter medizinische Gesundheitsberufe,Frauen,Entscheidung vor Rechtsbehelf,negativ,36.0
2015,darunter medizinische Gesundheitsberufe,Insgesamt,Entscheidung vor Rechtsbehelf,negativ,48.0
2014,alle Berufsgruppen,Männer,Entscheidung vor Rechtsbehelf,negativ,95.0
2014,alle Berufsgruppen,Frauen,Entscheidung vor Rechtsbehelf,negativ,118.0
2014,alle Berufsgruppen,Insgesamt,Entscheidung vor Rechtsbehelf,negativ,213.0
2014,darunter medizinische Gesundheitsberufe,Männer,Entscheidung vor Rechtsbehelf,negativ,
2014,darunter medizinische Gesundheitsberufe,Frauen,Entscheidung vor Rechtsbehelf,negativ,37.0
2014,darunter medizinische Gesundheitsberufe,Insgesamt,Entscheidung vor Rechtsbehelf,negativ,37.0
2012,alle Berufsgruppen,Männer,Entscheidung vor Rechtsbehelf,negativ,204.0
2012,alle Berufsgruppen,Frauen,Entscheidung vor Rechtsbehelf,negativ,252.0
2012,alle Berufsgruppen,insgesamt,Entscheidung vor Rechtsbehelf,negativ,456.0
2012,darunter medizinische Gesundheitsberufe,Männer,Entscheidung vor Rechtsbehelf,negativ,171.0
2012,darunter medizinische Gesundheitsberufe,Frauen,Entscheidung vor Rechtsbehelf,negativ,219.0
2012,darunter medizinische Gesundheitsberufe,Insgesamt,Entscheidung vor Rechtsbehelf,negativ,390.0
2022,alle Berufsgruppen,Männer,sonstige Erledigung - Verfahren ohne Bescheid beendet,,159.0
2022,alle Berufsgruppen,Frauen,sonstige Erledigung - Verfahren ohne Bescheid beendet,,123.0
2022,alle Berufsgruppen,Insgesamt,sonstige Erledigung - Verfahren ohne Bescheid beendet,,282.0
2022,darunter medizinische Gesundheitsberufe,Männer,sonstige Erledigung - Verfahren ohne Bescheid beendet,,36.0
2022,darunter medizinische Gesundheitsberufe,Frauen,sonstige Erledigung - Verfahren ohne Bescheid beendet,,87.0
2022,darunter medizinische Gesundheitsberufe,Insgesamt,sonstige Erledigung - Verfahren ohne Bescheid beendet,,123.0
2021,alle Berufsgruppen,Männer,sonstige Erledigung - Verfahren ohne Bescheid beendet,,126.0
2021,alle Berufsgruppen,Frauen,sonstige Erledigung - Verfahren ohne Bescheid beendet,,207.0
2021,alle Berufsgruppen,Insgesamt,sonstige Erledigung - Verfahren ohne Bescheid beendet,,330.0
2021,darunter medizinische Gesundheitsberufe,Männer,sonstige Erledigung - Verfahren ohne Bescheid beendet,,72.0
2021,darunter medizinische Gesundheitsberufe,Frauen,sonstige Erledigung - Verfahren ohne Bescheid beendet,,198.0
2021,darunter medizinische Gesundheitsberufe,Insgesamt,sonstige Erledigung - Verfahren ohne Bescheid beendet,,270.0
2020,alle Berufsgruppen,Männer,sonstige Erledigung - Verfahren ohne Bescheid beendet,,96.0
2020,alle Berufsgruppen,Frauen,sonstige Erledigung - Verfahren ohne Bescheid beendet,,132.0
2020,alle Berufsgruppen,Insgesamt,sonstige Erledigung - Verfahren ohne Bescheid beendet,,231.0
2020,darunter medizinische Gesundheitsberufe,Männer,sonstige Erledigung - Verfahren ohne Bescheid beendet,,36.0
2020,darunter medizinische Gesundheitsberufe,Frauen,sonstige Erledigung - Verfahren ohne Bescheid beendet,,96.0
2020,darunter medizinische Gesundheitsberufe,Insgesamt,sonstige Erledigung - Verfahren ohne Bescheid beendet,,132.0
2019,alle Berufsgruppen,Männer,sonstige Erledigung - Verfahren ohne Bescheid beendet,,54.0
2019,alle Berufsgruppen,Frauen,sonstige Erledigung - Verfahren ohne Bescheid beendet,,117.0
2019,alle Berufsgruppen,Insgesamt,sonstige Erledigung - Verfahren ohne Bescheid beendet,,168.0
2019,darunter medizinische Gesundheitsberufe,Männer,sonstige Erledigung - Verfahren ohne Bescheid beendet,,30.0
2019,darunter medizinische Gesundheitsberufe,Frauen,sonstige Erledigung - Verfahren ohne Bescheid beendet,,87.0
2019,darunter medizinische Gesundheitsberufe,Insgesamt,sonstige Erledigung - Verfahren ohne Bescheid beendet,,117.0
2018,alle Berufsgruppen,Männer,sonstige Erledigung - Verfahren ohne Bescheid beendet,,72.0
2018,alle Berufsgruppen,Frauen,sonstige Erledigung - Verfahren ohne Bescheid beendet,,96.0
2018,alle Berufsgruppen,Insgesamt,sonstige Erledigung - Verfahren ohne Bescheid beendet,,171.0
2018,darunter medizinische Gesundheitsberufe,Männer,sonstige Erledigung - Verfahren ohne Bescheid beendet,,72.0
2018,darunter medizinische Gesundheitsberufe,Frauen,sonstige Erledigung - Verfahren ohne Bescheid beendet,,96.0
2018,darunter medizinische Gesundheitsberufe,Insgesamt,sonstige Erledigung - Verfahren ohne Bescheid beendet,,171.0
2017,alle Berufsgruppen,Männer,sonstige Erledigung - Verfahren ohne Bescheid beendet,,51.0
2017,alle Berufsgruppen,Frauen,sonstige Erledigung - Verfahren ohne Bescheid beendet,,66.0
2017,alle Berufsgruppen,Insgesamt,sonstige Erledigung - Verfahren ohne Bescheid beendet,,117.0
2017,darunter medizinische Gesundheitsberufe,Männer,sonstige Erledigung - Verfahren ohne Bescheid beendet,,27.0
2017,darunter medizinische Gesundheitsberufe,Frauen,sonstige Erledigung - Verfahren ohne Bescheid beendet,,36.0
2017,darunter medizinische Gesundheitsberufe,Insgesamt,sonstige Erledigung - Verfahren ohne Bescheid beendet,,63.0
2016,alle Berufsgruppen,Männer,sonstige Erledigung - Verfahren ohne Bescheid beendet,,51.0
2016,alle Berufsgruppen,Frauen,sonstige Erledigung - Verfahren ohne Bescheid beendet,,66.0
2016,alle Berufsgruppen,Insgesamt,sonstige Erledigung - Verfahren ohne Bescheid beendet,,117.0
2016,darunter medizinische Gesundheitsberufe,Männer,sonstige Erledigung - Verfahren ohne Bescheid beendet,,12.0
2016,darunter medizinische Gesundheitsberufe,Frauen,sonstige Erledigung - Verfahren ohne Bescheid beendet,,21.0
2016,darunter medizinische Gesundheitsberufe,Insgesamt,sonstige Erledigung - Verfahren ohne Bescheid beendet,,36.0
2015,alle Berufsgruppen,Männer,sonstige Erledigung - Verfahren ohne Bescheid beendet,,
2015,alle Berufsgruppen,Frauen,sonstige Erledigung - Verfahren ohne Bescheid beendet,,
2015,alle Berufsgruppen,Insgesamt,sonstige Erledigung - Verfahren ohne Bescheid beendet,,
2015,darunter medizinische Gesundheitsberufe,Männer,sonstige Erledigung - Verfahren ohne Bescheid beendet,,
2015,darunter medizinische Gesundheitsberufe,Frauen,sonstige Erledigung - Verfahren ohne Bescheid beendet,,
2015,darunter medizinische Gesundheitsberufe,Insgesamt,sonstige Erledigung - Verfahren ohne Bescheid beendet,,
2014,alle Berufsgruppen,Männer,sonstige Erledigung - Verfahren ohne Bescheid beendet,,
2014,alle Berufsgruppen,Frauen,sonstige Erledigung - Verfahren ohne Bescheid beendet,,
2014,alle Berufsgruppen,Insgesamt,sonstige Erledigung - Verfahren ohne Bescheid beendet,,
2014,darunter medizinische Gesundheitsberufe,Männer,sonstige Erledigung - Verfahren ohne Bescheid beendet,,
2014,darunter medizinische Gesundheitsberufe,Frauen,sonstige Erledigung - Verfahren ohne Bescheid beendet,,
2014,darunter medizinische Gesundheitsberufe,Insgesamt,sonstige Erledigung - Verfahren ohne Bescheid beendet,,
2012,alle Berufsgruppen,Männer,sonstige Erledigung - Verfahren ohne Bescheid beendet,,
2012,alle Berufsgruppen,Frauen,sonstige Erledigung - Verfahren ohne Bescheid beendet,,
2012,alle Berufsgruppen,insgesamt,sonstige Erledigung - Verfahren ohne Bescheid beendet,,
2012,darunter medizinische Gesundheitsberufe,Männer,sonstige Erledigung - Verfahren ohne Bescheid beendet,,
2012,darunter medizinische Gesundheitsberufe,Frauen,sonstige Erledigung - Verfahren ohne Bescheid beendet,,
2012,darunter medizinische Gesundheitsberufe,Insgesamt,sonstige Erledigung - Verfahren ohne Bescheid beendet,,
2022,alle Berufsgruppen,Männer,Noch keine Entscheidung,,381.0
2022,alle Berufsgruppen,Frauen,Noch keine Entscheidung,,894.0
2022,alle Berufsgruppen,Insgesamt,Noch keine Entscheidung,,1275.0
2022,darunter medizinische Gesundheitsberufe,Männer,Noch keine Entscheidung,,294.0
2022,darunter medizinische Gesundheitsberufe,Frauen,Noch keine Entscheidung,,792.0
2022,darunter medizinische Gesundheitsberufe,Insgesamt,Noch keine Entscheidung,,1086.0
2021,alle Berufsgruppen,Männer,Noch keine Entscheidung,,642.0
2021,alle Berufsgruppen,Frauen,Noch keine Entscheidung,,1215.0
2021,alle Berufsgruppen,Insgesamt,Noch keine Entscheidung,,1857.0
2021,darunter medizinische Gesundheitsberufe,Männer,Noch keine Entscheidung,,492.0
2021,darunter medizinische Gesundheitsberufe,Frauen,Noch keine Entscheidung,,1134.0
2021,darunter medizinische Gesundheitsberufe,Insgesamt,Noch keine Entscheidung,,1626.0
2020,alle Berufsgruppen,Männer,Noch keine Entscheidung,,405.0
2020,alle Berufsgruppen,Frauen,Noch keine Entscheidung,,786.0
2020,alle Berufsgruppen,Insgesamt,Noch keine Entscheidung,,1191.0
2020,darunter medizinische Gesundheitsberufe,Männer,Noch keine Entscheidung,,252.0
2020,darunter medizinische Gesundheitsberufe,Frauen,Noch keine Entscheidung,,645.0
2020,darunter medizinische Gesundheitsberufe,Insgesamt,Noch keine Entscheidung,,897.0
2019,alle Berufsgruppen,Männer,Noch keine Entscheidung,,384.0
2019,alle Berufsgruppen,Frauen,Noch keine Entscheidung,,726.0
2019,alle Berufsgruppen,Insgesamt,Noch keine Entscheidung,,1107.0
2019,darunter medizinische Gesundheitsberufe,Männer,Noch keine Entscheidung,,237.0
2019,darunter medizinische Gesundheitsberufe,Frauen,Noch keine Entscheidung,,525.0
2019,darunter medizinische Gesundheitsberufe,Insgesamt,Noch keine Entscheidung,,765.0
2018,alle Berufsgruppen,Männer,Noch keine Entscheidung,,333.0
2018,alle Berufsgruppen,Frauen,Noch keine Entscheidung,,525.0
2018,alle Berufsgruppen,Insgesamt,Noch keine Entscheidung,,858.0
2018,darunter medizinische Gesundheitsberufe,Männer,Noch keine Entscheidung,,198.0
2018,darunter medizinische Gesundheitsberufe,Frauen,Noch keine Entscheidung,,369.0
2018,darunter medizinische Gesundheitsberufe,Insgesamt,Noch keine Entscheidung,,567.0
2017,alle Berufsgruppen,Männer,Noch keine Entscheidung,,279.0
2017,alle Berufsgruppen,Frauen,Noch keine Entscheidung,,345.0
2017,alle Berufsgruppen,Insgesamt,Noch keine Entscheidung,,624.0
2017,darunter medizinische Gesundheitsberufe,Männer,Noch keine Entscheidung,,102.0
2017,darunter medizinische Gesundheitsberufe,Frauen,Noch keine Entscheidung,,243.0
2017,darunter medizinische Gesundheitsberufe,Insgesamt,Noch keine Entscheidung,,348.0
2016,alle Berufsgruppen,Männer,Noch keine Entscheidung,,252.0
2016,alle Berufsgruppen,Frauen,Noch keine Entscheidung,,309.0
2016,alle Berufsgruppen,Insgesamt,Noch keine Entscheidung,,561.0
2016,darunter medizinische Gesundheitsberufe,Männer,Noch keine Entscheidung,,72.0
2016,darunter medizinische Gesundheitsberufe,Frauen,Noch keine Entscheidung,,144.0
2016,darunter medizinische Gesundheitsberufe,Insgesamt,Noch keine Entscheidung,,219.0
2015,alle Berufsgruppen,Männer,Noch keine Entscheidung,,135.0
2015,alle Berufsgruppen,Frauen,Noch keine Entscheidung,,273.0
2015,alle Berufsgruppen,Insgesamt,Noch keine Entscheidung,,414.0
2015,darunter medizinische Gesundheitsberufe,Männer,Noch keine Entscheidung,,57.0
2015,darunter medizinische Gesundheitsberufe,Frauen,Noch keine Entscheidung,,180.0
2015,darunter medizinische Gesundheitsberufe,Insgesamt,Noch keine Entscheidung,,237.0
2014,alle Berufsgruppen,Männer,Noch keine Entscheidung,,89.0
2014,alle Berufsgruppen,Frauen,Noch keine Entscheidung,,417.0
2014,alle Berufsgruppen,Insgesamt,Noch keine Entscheidung,,506.0
2014,darunter medizinische Gesundheitsberufe,Männer,Noch keine Entscheidung,,
2014,darunter medizinische Gesundheitsberufe,Frauen,Noch keine Entscheidung,,186.0
2014,darunter medizinische Gesundheitsberufe,Insgesamt,Noch keine Entscheidung,,186.0
2012,alle Berufsgruppen,Männer,Noch keine Entscheidung,,39.0
2012,alle Berufsgruppen,Frauen,Noch keine Entscheidung,,63.0
2012,alle Berufsgruppen,insgesamt,Noch keine Entscheidung,,102.0
2012,darunter medizinische Gesundheitsberufe,Männer,Noch keine Entscheidung,,12.0
2012,darunter medizinische Gesundheitsberufe,Frauen,Noch keine Entscheidung,,36.0
2012,darunter medizinische Gesundheitsberufe,Insgesamt,Noch keine Entscheidung,,48.0
