Year,Berufsgruppe,Geschlecht,Verfahren,Entscheidung vor Rechtsbehelf,Value
2020,alle Berufsgruppen,Männer,Insgesamt,,2943
2020,alle Berufsgruppen,Frauen,Insgesamt,,4008
2020,alle Berufsgruppen,Insgesamt,Insgesamt,,6951
2020,darunter medizinische Gesundheitsberufe,Männer,Insgesamt,,1902
2020,darunter medizinische Gesundheitsberufe,Frauen,Insgesamt,,3225
2020,darunter medizinische Gesundheitsberufe,Insgesamt,Insgesamt,,5127
2019,alle Berufsgruppen,Männer,Insgesamt,,2622
2019,alle Berufsgruppen,Frauen,Insgesamt,,3597
2019,alle Berufsgruppen,Insgesamt,Insgesamt,,6219
2019,darunter medizinische Gesundheitsberufe,Männer,Insgesamt,,1785
2019,darunter medizinische Gesundheitsberufe,Frauen,Insgesamt,,2712
2019,darunter medizinische Gesundheitsberufe,Insgesamt,Insgesamt,,4497
2018,alle Berufsgruppen,Männer,Insgesamt,,2112
2018,alle Berufsgruppen,Frauen,Insgesamt,,2466
2018,alle Berufsgruppen,Insgesamt,Insgesamt,,4578
2018,darunter medizinische Gesundheitsberufe,Männer,Insgesamt,,1179
2018,darunter medizinische Gesundheitsberufe,Frauen,Insgesamt,,1710
2018,darunter medizinische Gesundheitsberufe,Insgesamt,Insgesamt,,2889
2017,alle Berufsgruppen,Männer,Insgesamt,,1770
2017,alle Berufsgruppen,Frauen,Insgesamt,,1818
2017,alle Berufsgruppen,Insgesamt,Insgesamt,,3588
2017,darunter medizinische Gesundheitsberufe,Männer,Insgesamt,,843
2017,darunter medizinische Gesundheitsberufe,Frauen,Insgesamt,,1230
2017,darunter medizinische Gesundheitsberufe,Insgesamt,Insgesamt,,2070
2016,alle Berufsgruppen,Männer,Insgesamt,,1620
2016,alle Berufsgruppen,Frauen,Insgesamt,,1737
2016,alle Berufsgruppen,Insgesamt,Insgesamt,,3360
2016,darunter medizinische Gesundheitsberufe,Männer,Insgesamt,,798
2016,darunter medizinische Gesundheitsberufe,Frauen,Insgesamt,,1071
2016,darunter medizinische Gesundheitsberufe,Insgesamt,Insgesamt,,1869
2015,alle Berufsgruppen,Männer,Insgesamt,,1098
2015,alle Berufsgruppen,Frauen,Insgesamt,,1506
2015,alle Berufsgruppen,Insgesamt,Insgesamt,,2616
2015,darunter medizinische Gesundheitsberufe,Männer,Insgesamt,,648
2015,darunter medizinische Gesundheitsberufe,Frauen,Insgesamt,,885
2015,darunter medizinische Gesundheitsberufe,Insgesamt,Insgesamt,,1530
2014,alle Berufsgruppen,Männer,Insgesamt,,1005
2014,alle Berufsgruppen,Frauen,Insgesamt,,1665
2014,alle Berufsgruppen,Insgesamt,Insgesamt,,2670
2014,darunter medizinische Gesundheitsberufe,Männer,Insgesamt,,635
2014,darunter medizinische Gesundheitsberufe,Frauen,Insgesamt,,730
2014,darunter medizinische Gesundheitsberufe,Insgesamt,Insgesamt,,1365
2012,alle Berufsgruppen,Männer,Insgesamt,,261
2012,alle Berufsgruppen,Frauen,Insgesamt,,402
2012,alle Berufsgruppen,Insgesamt,Insgesamt,,663
2012,darunter medizinische Gesundheitsberufe,Männer,Insgesamt,,189
2012,darunter medizinische Gesundheitsberufe,Frauen,Insgesamt,,327
2012,darunter medizinische Gesundheitsberufe,Insgesamt,Insgesamt,,519
2020,alle Berufsgruppen,Männer,abgeschlossene Verfahren,,2439
2020,alle Berufsgruppen,Frauen,abgeschlossene Verfahren,,3087
2020,alle Berufsgruppen,Insgesamt,abgeschlossene Verfahren,,5529
2020,darunter medizinische Gesundheitsberufe,Männer,abgeschlossene Verfahren,,1614
2020,darunter medizinische Gesundheitsberufe,Frauen,abgeschlossene Verfahren,,2484
2020,darunter medizinische Gesundheitsberufe,Insgesamt,abgeschlossene Verfahren,,4095
2019,alle Berufsgruppen,Männer,abgeschlossene Verfahren,,2184
2019,alle Berufsgruppen,Frauen,abgeschlossene Verfahren,,2757
2019,alle Berufsgruppen,Insgesamt,abgeschlossene Verfahren,,4941
2019,darunter medizinische Gesundheitsberufe,Männer,abgeschlossene Verfahren,,1518
2019,darunter medizinische Gesundheitsberufe,Frauen,abgeschlossene Verfahren,,2100
2019,darunter medizinische Gesundheitsberufe,Insgesamt,abgeschlossene Verfahren,,3615
2018,alle Berufsgruppen,Männer,abgeschlossene Verfahren,,1707
2018,alle Berufsgruppen,Frauen,abgeschlossene Verfahren,,1845
2018,alle Berufsgruppen,Insgesamt,abgeschlossene Verfahren,,3552
2018,darunter medizinische Gesundheitsberufe,Männer,abgeschlossene Verfahren,,951
2018,darunter medizinische Gesundheitsberufe,Frauen,abgeschlossene Verfahren,,1293
2018,darunter medizinische Gesundheitsberufe,Insgesamt,abgeschlossene Verfahren,,2244
2017,alle Berufsgruppen,Männer,abgeschlossene Verfahren,,1443
2017,alle Berufsgruppen,Frauen,abgeschlossene Verfahren,,1404
2017,alle Berufsgruppen,Insgesamt,abgeschlossene Verfahren,,2847
2017,darunter medizinische Gesundheitsberufe,Männer,abgeschlossene Verfahren,,711
2017,darunter medizinische Gesundheitsberufe,Frauen,abgeschlossene Verfahren,,948
2017,darunter medizinische Gesundheitsberufe,Insgesamt,abgeschlossene Verfahren,,1659
2016,alle Berufsgruppen,Männer,abgeschlossene Verfahren,,1320
2016,alle Berufsgruppen,Frauen,abgeschlossene Verfahren,,1362
2016,alle Berufsgruppen,Insgesamt,abgeschlossene Verfahren,,2682
2016,darunter medizinische Gesundheitsberufe,Männer,abgeschlossene Verfahren,,711
2016,darunter medizinische Gesundheitsberufe,Frauen,abgeschlossene Verfahren,,903
2016,darunter medizinische Gesundheitsberufe,Insgesamt,abgeschlossene Verfahren,,1614
2015,alle Berufsgruppen,Männer,abgeschlossene Verfahren,,957
2015,alle Berufsgruppen,Frauen,abgeschlossene Verfahren,,1227
2015,alle Berufsgruppen,Insgesamt,abgeschlossene Verfahren,,2199
2015,darunter medizinische Gesundheitsberufe,Männer,abgeschlossene Verfahren,,591
2015,darunter medizinische Gesundheitsberufe,Frauen,abgeschlossene Verfahren,,702
2015,darunter medizinische Gesundheitsberufe,Insgesamt,abgeschlossene Verfahren,,1293
2014,alle Berufsgruppen,Männer,abgeschlossene Verfahren,,916
2014,alle Berufsgruppen,Frauen,abgeschlossene Verfahren,,1248
2014,alle Berufsgruppen,Insgesamt,abgeschlossene Verfahren,,2164
2014,darunter medizinische Gesundheitsberufe,Männer,abgeschlossene Verfahren,,597
2014,darunter medizinische Gesundheitsberufe,Frauen,abgeschlossene Verfahren,,544
2014,darunter medizinische Gesundheitsberufe,Insgesamt,abgeschlossene Verfahren,,1141
2012,alle Berufsgruppen,Männer,abgeschlossene Verfahren,,222
2012,alle Berufsgruppen,Frauen,abgeschlossene Verfahren,,339
2012,alle Berufsgruppen,Insgesamt,abgeschlossene Verfahren,,561
2012,darunter medizinische Gesundheitsberufe,Männer,abgeschlossene Verfahren,,180
2012,darunter medizinische Gesundheitsberufe,Frauen,abgeschlossene Verfahren,,291
2012,darunter medizinische Gesundheitsberufe,Insgesamt,abgeschlossene Verfahren,,471
2020,alle Berufsgruppen,Männer,,positiv volle Gleichwertigkeit,1182
2020,alle Berufsgruppen,Frauen,,positiv volle Gleichwertigkeit,1338
2020,alle Berufsgruppen,Insgesamt,,positiv volle Gleichwertigkeit,2520
2020,darunter medizinische Gesundheitsberufe,Männer,,positiv volle Gleichwertigkeit,747
2020,darunter medizinische Gesundheitsberufe,Frauen,,positiv volle Gleichwertigkeit,1107
2020,darunter medizinische Gesundheitsberufe,Insgesamt,,positiv volle Gleichwertigkeit,1854
2019,alle Berufsgruppen,Männer,,positiv volle Gleichwertigkeit,1035
2019,alle Berufsgruppen,Frauen,,positiv volle Gleichwertigkeit,1272
2019,alle Berufsgruppen,Insgesamt,,positiv volle Gleichwertigkeit,2307
2019,darunter medizinische Gesundheitsberufe,Männer,,positiv volle Gleichwertigkeit,663
2019,darunter medizinische Gesundheitsberufe,Frauen,,positiv volle Gleichwertigkeit,987
2019,darunter medizinische Gesundheitsberufe,Insgesamt,,positiv volle Gleichwertigkeit,1650
2018,alle Berufsgruppen,Männer,,positiv volle Gleichwertigkeit,888
2018,alle Berufsgruppen,Frauen,,positiv volle Gleichwertigkeit,975
2018,alle Berufsgruppen,Insgesamt,,positiv volle Gleichwertigkeit,1863
2018,darunter medizinische Gesundheitsberufe,Männer,,positiv volle Gleichwertigkeit,480
2018,darunter medizinische Gesundheitsberufe,Frauen,,positiv volle Gleichwertigkeit,750
2018,darunter medizinische Gesundheitsberufe,Insgesamt,,positiv volle Gleichwertigkeit,1230
2017,alle Berufsgruppen,Männer,,positiv volle Gleichwertigkeit,852
2017,alle Berufsgruppen,Frauen,,positiv volle Gleichwertigkeit,855
2017,alle Berufsgruppen,Insgesamt,,positiv volle Gleichwertigkeit,1707
2017,darunter medizinische Gesundheitsberufe,Männer,,positiv volle Gleichwertigkeit,417
2017,darunter medizinische Gesundheitsberufe,Frauen,,positiv volle Gleichwertigkeit,642
2017,darunter medizinische Gesundheitsberufe,Insgesamt,,positiv volle Gleichwertigkeit,1059
2016,alle Berufsgruppen,Männer,,positiv volle Gleichwertigkeit,891
2016,alle Berufsgruppen,Frauen,,positiv volle Gleichwertigkeit,831
2016,alle Berufsgruppen,Insgesamt,,positiv volle Gleichwertigkeit,1722
2016,darunter medizinische Gesundheitsberufe,Männer,,positiv volle Gleichwertigkeit,486
2016,darunter medizinische Gesundheitsberufe,Frauen,,positiv volle Gleichwertigkeit,612
2016,darunter medizinische Gesundheitsberufe,Insgesamt,,positiv volle Gleichwertigkeit,1098
2015,alle Berufsgruppen,Männer,,positiv volle Gleichwertigkeit,660
2015,alle Berufsgruppen,Frauen,,positiv volle Gleichwertigkeit,669
2015,alle Berufsgruppen,Insgesamt,,positiv volle Gleichwertigkeit,1335
2015,darunter medizinische Gesundheitsberufe,Männer,,positiv volle Gleichwertigkeit,396
2015,darunter medizinische Gesundheitsberufe,Frauen,,positiv volle Gleichwertigkeit,441
2015,darunter medizinische Gesundheitsberufe,Insgesamt,,positiv volle Gleichwertigkeit,837
2014,alle Berufsgruppen,Männer,,positiv volle Gleichwertigkeit,600
2014,alle Berufsgruppen,Frauen,,positiv volle Gleichwertigkeit,851
2014,alle Berufsgruppen,Insgesamt,,positiv volle Gleichwertigkeit,1451
2014,darunter medizinische Gesundheitsberufe,Männer,,positiv volle Gleichwertigkeit,392
2014,darunter medizinische Gesundheitsberufe,Frauen,,positiv volle Gleichwertigkeit,369
2014,darunter medizinische Gesundheitsberufe,Insgesamt,,positiv volle Gleichwertigkeit,761
2012,alle Berufsgruppen,Männer,,positiv volle Gleichwertigkeit,12
2012,alle Berufsgruppen,Frauen,,positiv volle Gleichwertigkeit,30
2012,alle Berufsgruppen,Insgesamt,,positiv volle Gleichwertigkeit,42
2012,darunter medizinische Gesundheitsberufe,Männer,,positiv volle Gleichwertigkeit,3
2012,darunter medizinische Gesundheitsberufe,Frauen,,positiv volle Gleichwertigkeit,18
2012,darunter medizinische Gesundheitsberufe,Insgesamt,,positiv volle Gleichwertigkeit,18
2020,alle Berufsgruppen,Männer,,Auflage einer Ausgleichsmaßnahme1),900
2020,alle Berufsgruppen,Frauen,,Auflage einer Ausgleichsmaßnahme1),1533
2020,alle Berufsgruppen,Insgesamt,,Auflage einer Ausgleichsmaßnahme1),2433
2020,darunter medizinische Gesundheitsberufe,Männer,,Auflage einer Ausgleichsmaßnahme1),855
2020,darunter medizinische Gesundheitsberufe,Frauen,,Auflage einer Ausgleichsmaßnahme1),1350
2020,darunter medizinische Gesundheitsberufe,Insgesamt,,Auflage einer Ausgleichsmaßnahme1),2205
2019,alle Berufsgruppen,Männer,,Auflage einer Ausgleichsmaßnahme1),873
2019,alle Berufsgruppen,Frauen,,Auflage einer Ausgleichsmaßnahme1),1242
2019,alle Berufsgruppen,Insgesamt,,Auflage einer Ausgleichsmaßnahme1),2115
2019,darunter medizinische Gesundheitsberufe,Männer,,Auflage einer Ausgleichsmaßnahme1),837
2019,darunter medizinische Gesundheitsberufe,Frauen,,Auflage einer Ausgleichsmaßnahme1),1083
2019,darunter medizinische Gesundheitsberufe,Insgesamt,,Auflage einer Ausgleichsmaßnahme1),1923
2018,alle Berufsgruppen,Männer,,Auflage einer Ausgleichsmaßnahme1),492
2018,alle Berufsgruppen,Frauen,,Auflage einer Ausgleichsmaßnahme1),645
2018,alle Berufsgruppen,Insgesamt,,Auflage einer Ausgleichsmaßnahme1),1137
2018,darunter medizinische Gesundheitsberufe,Männer,,Auflage einer Ausgleichsmaßnahme1),462
2018,darunter medizinische Gesundheitsberufe,Frauen,,Auflage einer Ausgleichsmaßnahme1),528
2018,darunter medizinische Gesundheitsberufe,Insgesamt,,Auflage einer Ausgleichsmaßnahme1),990
2017,alle Berufsgruppen,Männer,,Auflage einer Ausgleichsmaßnahme1),309
2017,alle Berufsgruppen,Frauen,,Auflage einer Ausgleichsmaßnahme1),381
2017,alle Berufsgruppen,Insgesamt,,Auflage einer Ausgleichsmaßnahme1),687
2017,darunter medizinische Gesundheitsberufe,Männer,,Auflage einer Ausgleichsmaßnahme1),285
2017,darunter medizinische Gesundheitsberufe,Frauen,,Auflage einer Ausgleichsmaßnahme1),297
2017,darunter medizinische Gesundheitsberufe,Insgesamt,,Auflage einer Ausgleichsmaßnahme1),582
2016,alle Berufsgruppen,Männer,,Auflage einer Ausgleichsmaßnahme1),243
2016,alle Berufsgruppen,Frauen,,Auflage einer Ausgleichsmaßnahme1),372
2016,alle Berufsgruppen,Insgesamt,,Auflage einer Ausgleichsmaßnahme1),615
2016,darunter medizinische Gesundheitsberufe,Männer,,Auflage einer Ausgleichsmaßnahme1),222
2016,darunter medizinische Gesundheitsberufe,Frauen,,Auflage einer Ausgleichsmaßnahme1),282
2016,darunter medizinische Gesundheitsberufe,Insgesamt,,Auflage einer Ausgleichsmaßnahme1),504
2015,alle Berufsgruppen,Männer,,Auflage einer Ausgleichsmaßnahme1),198
2015,alle Berufsgruppen,Frauen,,Auflage einer Ausgleichsmaßnahme1),372
2015,alle Berufsgruppen,Insgesamt,,Auflage einer Ausgleichsmaßnahme1),573
2015,darunter medizinische Gesundheitsberufe,Männer,,Auflage einer Ausgleichsmaßnahme1),
2015,darunter medizinische Gesundheitsberufe,Frauen,,Auflage einer Ausgleichsmaßnahme1),
2015,darunter medizinische Gesundheitsberufe,Insgesamt,,Auflage einer Ausgleichsmaßnahme1),
2014,alle Berufsgruppen,Männer,,Auflage einer Ausgleichsmaßnahme1),
2014,alle Berufsgruppen,Frauen,,Auflage einer Ausgleichsmaßnahme1),
2014,alle Berufsgruppen,Insgesamt,,Auflage einer Ausgleichsmaßnahme1),
2014,darunter medizinische Gesundheitsberufe,Männer,,Auflage einer Ausgleichsmaßnahme1),
2014,darunter medizinische Gesundheitsberufe,Frauen,,Auflage einer Ausgleichsmaßnahme1),
2014,darunter medizinische Gesundheitsberufe,Insgesamt,,Auflage einer Ausgleichsmaßnahme1),
2012,alle Berufsgruppen,Männer,,Auflage einer Ausgleichsmaßnahme1),
2012,alle Berufsgruppen,Frauen,,Auflage einer Ausgleichsmaßnahme1),
2012,alle Berufsgruppen,Insgesamt,,Auflage einer Ausgleichsmaßnahme1),
2012,darunter medizinische Gesundheitsberufe,Männer,,Auflage einer Ausgleichsmaßnahme1),
2012,darunter medizinische Gesundheitsberufe,Frauen,,Auflage einer Ausgleichsmaßnahme1),
2012,darunter medizinische Gesundheitsberufe,Insgesamt,,Auflage einer Ausgleichsmaßnahme1),
2020,alle Berufsgruppen,Männer,,positiv mit Auflage einer Ausgleichsmaßnahme1) / beschränkter Berufszugang nach HwO2),-
2020,alle Berufsgruppen,Frauen,,positiv mit Auflage einer Ausgleichsmaßnahme1) / beschränkter Berufszugang nach HwO2),-
2020,alle Berufsgruppen,Insgesamt,,positiv mit Auflage einer Ausgleichsmaßnahme1) / beschränkter Berufszugang nach HwO2),-
2020,darunter medizinische Gesundheitsberufe,Männer,,positiv mit Auflage einer Ausgleichsmaßnahme1) / beschränkter Berufszugang nach HwO2),-
2020,darunter medizinische Gesundheitsberufe,Frauen,,positiv mit Auflage einer Ausgleichsmaßnahme1) / beschränkter Berufszugang nach HwO2),-
2020,darunter medizinische Gesundheitsberufe,Insgesamt,,positiv mit Auflage einer Ausgleichsmaßnahme1) / beschränkter Berufszugang nach HwO2),-
2019,alle Berufsgruppen,Männer,,positiv mit Auflage einer Ausgleichsmaßnahme1) / beschränkter Berufszugang nach HwO2),-
2019,alle Berufsgruppen,Frauen,,positiv mit Auflage einer Ausgleichsmaßnahme1) / beschränkter Berufszugang nach HwO2),-
2019,alle Berufsgruppen,Insgesamt,,positiv mit Auflage einer Ausgleichsmaßnahme1) / beschränkter Berufszugang nach HwO2),-
2019,darunter medizinische Gesundheitsberufe,Männer,,positiv mit Auflage einer Ausgleichsmaßnahme1) / beschränkter Berufszugang nach HwO2),-
2019,darunter medizinische Gesundheitsberufe,Frauen,,positiv mit Auflage einer Ausgleichsmaßnahme1) / beschränkter Berufszugang nach HwO2),-
2019,darunter medizinische Gesundheitsberufe,Insgesamt,,positiv mit Auflage einer Ausgleichsmaßnahme1) / beschränkter Berufszugang nach HwO2),-
2018,alle Berufsgruppen,Männer,,positiv mit Auflage einer Ausgleichsmaßnahme1) / beschränkter Berufszugang nach HwO2),-
2018,alle Berufsgruppen,Frauen,,positiv mit Auflage einer Ausgleichsmaßnahme1) / beschränkter Berufszugang nach HwO2),-
2018,alle Berufsgruppen,Insgesamt,,positiv mit Auflage einer Ausgleichsmaßnahme1) / beschränkter Berufszugang nach HwO2),-
2018,darunter medizinische Gesundheitsberufe,Männer,,positiv mit Auflage einer Ausgleichsmaßnahme1) / beschränkter Berufszugang nach HwO2),-
2018,darunter medizinische Gesundheitsberufe,Frauen,,positiv mit Auflage einer Ausgleichsmaßnahme1) / beschränkter Berufszugang nach HwO2),-
2018,darunter medizinische Gesundheitsberufe,Insgesamt,,positiv mit Auflage einer Ausgleichsmaßnahme1) / beschränkter Berufszugang nach HwO2),-
2017,alle Berufsgruppen,Männer,,positiv mit Auflage einer Ausgleichsmaßnahme1) / beschränkter Berufszugang nach HwO2),-
2017,alle Berufsgruppen,Frauen,,positiv mit Auflage einer Ausgleichsmaßnahme1) / beschränkter Berufszugang nach HwO2),-
2017,alle Berufsgruppen,Insgesamt,,positiv mit Auflage einer Ausgleichsmaßnahme1) / beschränkter Berufszugang nach HwO2),-
2017,darunter medizinische Gesundheitsberufe,Männer,,positiv mit Auflage einer Ausgleichsmaßnahme1) / beschränkter Berufszugang nach HwO2),-
2017,darunter medizinische Gesundheitsberufe,Frauen,,positiv mit Auflage einer Ausgleichsmaßnahme1) / beschränkter Berufszugang nach HwO2),-
2017,darunter medizinische Gesundheitsberufe,Insgesamt,,positiv mit Auflage einer Ausgleichsmaßnahme1) / beschränkter Berufszugang nach HwO2),-
2016,alle Berufsgruppen,Männer,,positiv mit Auflage einer Ausgleichsmaßnahme1) / beschränkter Berufszugang nach HwO2),-
2016,alle Berufsgruppen,Frauen,,positiv mit Auflage einer Ausgleichsmaßnahme1) / beschränkter Berufszugang nach HwO2),-
2016,alle Berufsgruppen,Insgesamt,,positiv mit Auflage einer Ausgleichsmaßnahme1) / beschränkter Berufszugang nach HwO2),-
2016,darunter medizinische Gesundheitsberufe,Männer,,positiv mit Auflage einer Ausgleichsmaßnahme1) / beschränkter Berufszugang nach HwO2),-
2016,darunter medizinische Gesundheitsberufe,Frauen,,positiv mit Auflage einer Ausgleichsmaßnahme1) / beschränkter Berufszugang nach HwO2),-
2016,darunter medizinische Gesundheitsberufe,Insgesamt,,positiv mit Auflage einer Ausgleichsmaßnahme1) / beschränkter Berufszugang nach HwO2),-
2015,alle Berufsgruppen,Männer,,positiv mit Auflage einer Ausgleichsmaßnahme1) / beschränkter Berufszugang nach HwO2),-
2015,alle Berufsgruppen,Frauen,,positiv mit Auflage einer Ausgleichsmaßnahme1) / beschränkter Berufszugang nach HwO2),-
2015,alle Berufsgruppen,Insgesamt,,positiv mit Auflage einer Ausgleichsmaßnahme1) / beschränkter Berufszugang nach HwO2),-
2015,darunter medizinische Gesundheitsberufe,Männer,,positiv mit Auflage einer Ausgleichsmaßnahme1) / beschränkter Berufszugang nach HwO2),183
2015,darunter medizinische Gesundheitsberufe,Frauen,,positiv mit Auflage einer Ausgleichsmaßnahme1) / beschränkter Berufszugang nach HwO2),225
2015,darunter medizinische Gesundheitsberufe,Insgesamt,,positiv mit Auflage einer Ausgleichsmaßnahme1) / beschränkter Berufszugang nach HwO2),408
2014,alle Berufsgruppen,Männer,,positiv mit Auflage einer Ausgleichsmaßnahme1) / beschränkter Berufszugang nach HwO2),221
2014,alle Berufsgruppen,Frauen,,positiv mit Auflage einer Ausgleichsmaßnahme1) / beschränkter Berufszugang nach HwO2),279
2014,alle Berufsgruppen,Insgesamt,,positiv mit Auflage einer Ausgleichsmaßnahme1) / beschränkter Berufszugang nach HwO2),500
2014,darunter medizinische Gesundheitsberufe,Männer,,positiv mit Auflage einer Ausgleichsmaßnahme1) / beschränkter Berufszugang nach HwO2),199
2014,darunter medizinische Gesundheitsberufe,Frauen,,positiv mit Auflage einer Ausgleichsmaßnahme1) / beschränkter Berufszugang nach HwO2),-
2014,darunter medizinische Gesundheitsberufe,Insgesamt,,positiv mit Auflage einer Ausgleichsmaßnahme1) / beschränkter Berufszugang nach HwO2),199
2012,alle Berufsgruppen,Männer,,positiv mit Auflage einer Ausgleichsmaßnahme1) / beschränkter Berufszugang nach HwO2),6
2012,alle Berufsgruppen,Frauen,,positiv mit Auflage einer Ausgleichsmaßnahme1) / beschränkter Berufszugang nach HwO2),57
2012,alle Berufsgruppen,Insgesamt,,positiv mit Auflage einer Ausgleichsmaßnahme1) / beschränkter Berufszugang nach HwO2),63
2012,darunter medizinische Gesundheitsberufe,Männer,,positiv mit Auflage einer Ausgleichsmaßnahme1) / beschränkter Berufszugang nach HwO2),6
2012,darunter medizinische Gesundheitsberufe,Frauen,,positiv mit Auflage einer Ausgleichsmaßnahme1) / beschränkter Berufszugang nach HwO2),57
2012,darunter medizinische Gesundheitsberufe,Insgesamt,,positiv mit Auflage einer Ausgleichsmaßnahme1) / beschränkter Berufszugang nach HwO2),63
2020,alle Berufsgruppen,Männer,,teilweise Gleichwertigkeit3),285
2020,alle Berufsgruppen,Frauen,,teilweise Gleichwertigkeit3),84
2020,alle Berufsgruppen,Insgesamt,,teilweise Gleichwertigkeit3),369
2020,darunter medizinische Gesundheitsberufe,Männer,,teilweise Gleichwertigkeit3),-
2020,darunter medizinische Gesundheitsberufe,Frauen,,teilweise Gleichwertigkeit3),6
2020,darunter medizinische Gesundheitsberufe,Insgesamt,,teilweise Gleichwertigkeit3),6
2019,alle Berufsgruppen,Männer,,teilweise Gleichwertigkeit3),231
2019,alle Berufsgruppen,Frauen,,teilweise Gleichwertigkeit3),108
2019,alle Berufsgruppen,Insgesamt,,teilweise Gleichwertigkeit3),336
2019,darunter medizinische Gesundheitsberufe,Männer,,teilweise Gleichwertigkeit3),-
2019,darunter medizinische Gesundheitsberufe,Frauen,,teilweise Gleichwertigkeit3),9
2019,darunter medizinische Gesundheitsberufe,Insgesamt,,teilweise Gleichwertigkeit3),9
2018,alle Berufsgruppen,Männer,,teilweise Gleichwertigkeit3),303
2018,alle Berufsgruppen,Frauen,,teilweise Gleichwertigkeit3),108
2018,alle Berufsgruppen,Insgesamt,,teilweise Gleichwertigkeit3),411
2018,darunter medizinische Gesundheitsberufe,Männer,,teilweise Gleichwertigkeit3),-
2018,darunter medizinische Gesundheitsberufe,Frauen,,teilweise Gleichwertigkeit3),-
2018,darunter medizinische Gesundheitsberufe,Insgesamt,,teilweise Gleichwertigkeit3),-
2017,alle Berufsgruppen,Männer,,teilweise Gleichwertigkeit3),258
2017,alle Berufsgruppen,Frauen,,teilweise Gleichwertigkeit3),60
2017,alle Berufsgruppen,Insgesamt,,teilweise Gleichwertigkeit3),318
2017,darunter medizinische Gesundheitsberufe,Männer,,teilweise Gleichwertigkeit3),-
2017,darunter medizinische Gesundheitsberufe,Frauen,,teilweise Gleichwertigkeit3),-
2017,darunter medizinische Gesundheitsberufe,Insgesamt,,teilweise Gleichwertigkeit3),-
2016,alle Berufsgruppen,Männer,,teilweise Gleichwertigkeit3),159
2016,alle Berufsgruppen,Frauen,,teilweise Gleichwertigkeit3),75
2016,alle Berufsgruppen,Insgesamt,,teilweise Gleichwertigkeit3),234
2016,darunter medizinische Gesundheitsberufe,Männer,,teilweise Gleichwertigkeit3),-
2016,darunter medizinische Gesundheitsberufe,Frauen,,teilweise Gleichwertigkeit3),3
2016,darunter medizinische Gesundheitsberufe,Insgesamt,,teilweise Gleichwertigkeit3),3
2015,alle Berufsgruppen,Männer,,teilweise Gleichwertigkeit3),
2015,alle Berufsgruppen,Frauen,,teilweise Gleichwertigkeit3),
2015,alle Berufsgruppen,Insgesamt,,teilweise Gleichwertigkeit3),
2015,darunter medizinische Gesundheitsberufe,Männer,,teilweise Gleichwertigkeit3),
2015,darunter medizinische Gesundheitsberufe,Frauen,,teilweise Gleichwertigkeit3),
2015,darunter medizinische Gesundheitsberufe,Insgesamt,,teilweise Gleichwertigkeit3),
2014,alle Berufsgruppen,Männer,,teilweise Gleichwertigkeit3),
2014,alle Berufsgruppen,Frauen,,teilweise Gleichwertigkeit3),
2014,alle Berufsgruppen,Insgesamt,,teilweise Gleichwertigkeit3),
2014,darunter medizinische Gesundheitsberufe,Männer,,teilweise Gleichwertigkeit3),
2014,darunter medizinische Gesundheitsberufe,Frauen,,teilweise Gleichwertigkeit3),
2014,darunter medizinische Gesundheitsberufe,Insgesamt,,teilweise Gleichwertigkeit3),
2012,alle Berufsgruppen,Männer,,teilweise Gleichwertigkeit3),
2012,alle Berufsgruppen,Frauen,,teilweise Gleichwertigkeit3),
2012,alle Berufsgruppen,Insgesamt,,teilweise Gleichwertigkeit3),
2012,darunter medizinische Gesundheitsberufe,Männer,,teilweise Gleichwertigkeit3),
2012,darunter medizinische Gesundheitsberufe,Frauen,,teilweise Gleichwertigkeit3),
2012,darunter medizinische Gesundheitsberufe,Insgesamt,,teilweise Gleichwertigkeit3),
2020,alle Berufsgruppen,Männer,,positive partieller Berufszugang4),3
2020,alle Berufsgruppen,Frauen,,positive partieller Berufszugang4),27
2020,alle Berufsgruppen,Insgesamt,,positive partieller Berufszugang4),30
2020,darunter medizinische Gesundheitsberufe,Männer,,positive partieller Berufszugang4),-
2020,darunter medizinische Gesundheitsberufe,Frauen,,positive partieller Berufszugang4),-
2020,darunter medizinische Gesundheitsberufe,Insgesamt,,positive partieller Berufszugang4),-
2019,alle Berufsgruppen,Männer,,positive partieller Berufszugang4),-
2019,alle Berufsgruppen,Frauen,,positive partieller Berufszugang4),21
2019,alle Berufsgruppen,Insgesamt,,positive partieller Berufszugang4),21
2019,darunter medizinische Gesundheitsberufe,Männer,,positive partieller Berufszugang4),-
2019,darunter medizinische Gesundheitsberufe,Frauen,,positive partieller Berufszugang4),-
2019,darunter medizinische Gesundheitsberufe,Insgesamt,,positive partieller Berufszugang4),-
2018,alle Berufsgruppen,Männer,,positive partieller Berufszugang4),-
2018,alle Berufsgruppen,Frauen,,positive partieller Berufszugang4),18
2018,alle Berufsgruppen,Insgesamt,,positive partieller Berufszugang4),18
2018,darunter medizinische Gesundheitsberufe,Männer,,positive partieller Berufszugang4),-
2018,darunter medizinische Gesundheitsberufe,Frauen,,positive partieller Berufszugang4),-
2018,darunter medizinische Gesundheitsberufe,Insgesamt,,positive partieller Berufszugang4),-
2017,alle Berufsgruppen,Männer,,positive partieller Berufszugang4),-
2017,alle Berufsgruppen,Frauen,,positive partieller Berufszugang4),18
2017,alle Berufsgruppen,Insgesamt,,positive partieller Berufszugang4),18
2017,darunter medizinische Gesundheitsberufe,Männer,,positive partieller Berufszugang4),-
2017,darunter medizinische Gesundheitsberufe,Frauen,,positive partieller Berufszugang4),-
2017,darunter medizinische Gesundheitsberufe,Insgesamt,,positive partieller Berufszugang4),-
2016,alle Berufsgruppen,Männer,,positive partieller Berufszugang4),-
2016,alle Berufsgruppen,Frauen,,positive partieller Berufszugang4),3
2016,alle Berufsgruppen,Insgesamt,,positive partieller Berufszugang4),6
2016,darunter medizinische Gesundheitsberufe,Männer,,positive partieller Berufszugang4),-
2016,darunter medizinische Gesundheitsberufe,Frauen,,positive partieller Berufszugang4),-
2016,darunter medizinische Gesundheitsberufe,Insgesamt,,positive partieller Berufszugang4),-
2015,alle Berufsgruppen,Männer,,positive partieller Berufszugang4),
2015,alle Berufsgruppen,Frauen,,positive partieller Berufszugang4),
2015,alle Berufsgruppen,Insgesamt,,positive partieller Berufszugang4),
2015,darunter medizinische Gesundheitsberufe,Männer,,positive partieller Berufszugang4),
2015,darunter medizinische Gesundheitsberufe,Frauen,,positive partieller Berufszugang4),
2015,darunter medizinische Gesundheitsberufe,Insgesamt,,positive partieller Berufszugang4),
2014,alle Berufsgruppen,Männer,,positive partieller Berufszugang4),
2014,alle Berufsgruppen,Frauen,,positive partieller Berufszugang4),
2014,alle Berufsgruppen,Insgesamt,,positive partieller Berufszugang4),
2014,darunter medizinische Gesundheitsberufe,Männer,,positive partieller Berufszugang4),
2014,darunter medizinische Gesundheitsberufe,Frauen,,positive partieller Berufszugang4),
2014,darunter medizinische Gesundheitsberufe,Insgesamt,,positive partieller Berufszugang4),
2012,alle Berufsgruppen,Männer,,positive partieller Berufszugang4),
2012,alle Berufsgruppen,Frauen,,positive partieller Berufszugang4),
2012,alle Berufsgruppen,Insgesamt,,positive partieller Berufszugang4),
2012,darunter medizinische Gesundheitsberufe,Männer,,positive partieller Berufszugang4),
2012,darunter medizinische Gesundheitsberufe,Frauen,,positive partieller Berufszugang4),
2012,darunter medizinische Gesundheitsberufe,Insgesamt,,positive partieller Berufszugang4),
2020,alle Berufsgruppen,Männer,,negativ,69
2020,alle Berufsgruppen,Frauen,,negativ,108
2020,alle Berufsgruppen,Insgesamt,,negativ,174
2020,darunter medizinische Gesundheitsberufe,Männer,,negativ,12
2020,darunter medizinische Gesundheitsberufe,Frauen,,negativ,21
2020,darunter medizinische Gesundheitsberufe,Insgesamt,,negativ,33
2019,alle Berufsgruppen,Männer,,negativ,48
2019,alle Berufsgruppen,Frauen,,negativ,114
2019,alle Berufsgruppen,Insgesamt,,negativ,159
2019,darunter medizinische Gesundheitsberufe,Männer,,negativ,15
2019,darunter medizinische Gesundheitsberufe,Frauen,,negativ,18
2019,darunter medizinische Gesundheitsberufe,Insgesamt,,negativ,36
2018,alle Berufsgruppen,Männer,,negativ,24
2018,alle Berufsgruppen,Frauen,,negativ,96
2018,alle Berufsgruppen,Insgesamt,,negativ,120
2018,darunter medizinische Gesundheitsberufe,Männer,,negativ,6
2018,darunter medizinische Gesundheitsberufe,Frauen,,negativ,12
2018,darunter medizinische Gesundheitsberufe,Insgesamt,,negativ,18
2017,alle Berufsgruppen,Männer,,negativ,24
2017,alle Berufsgruppen,Frauen,,negativ,90
2017,alle Berufsgruppen,Insgesamt,,negativ,117
2017,darunter medizinische Gesundheitsberufe,Männer,,negativ,9
2017,darunter medizinische Gesundheitsberufe,Frauen,,negativ,9
2017,darunter medizinische Gesundheitsberufe,Insgesamt,,negativ,18
2016,alle Berufsgruppen,Männer,,negativ,27
2016,alle Berufsgruppen,Frauen,,negativ,78
2016,alle Berufsgruppen,Insgesamt,,negativ,105
2016,darunter medizinische Gesundheitsberufe,Männer,,negativ,3
2016,darunter medizinische Gesundheitsberufe,Frauen,,negativ,6
2016,darunter medizinische Gesundheitsberufe,Insgesamt,,negativ,9
2015,alle Berufsgruppen,Männer,,negativ,105
2015,alle Berufsgruppen,Frauen,,negativ,180
2015,alle Berufsgruppen,Insgesamt,,negativ,291
2015,darunter medizinische Gesundheitsberufe,Männer,,negativ,12
2015,darunter medizinische Gesundheitsberufe,Frauen,,negativ,36
2015,darunter medizinische Gesundheitsberufe,Insgesamt,,negativ,48
2014,alle Berufsgruppen,Männer,,negativ,95
2014,alle Berufsgruppen,Frauen,,negativ,118
2014,alle Berufsgruppen,Insgesamt,,negativ,213
2014,darunter medizinische Gesundheitsberufe,Männer,,negativ,-
2014,darunter medizinische Gesundheitsberufe,Frauen,,negativ,37
2014,darunter medizinische Gesundheitsberufe,Insgesamt,,negativ,37
2012,alle Berufsgruppen,Männer,,negativ,204
2012,alle Berufsgruppen,Frauen,,negativ,252
2012,alle Berufsgruppen,Insgesamt,,negativ,456
2012,darunter medizinische Gesundheitsberufe,Männer,,negativ,171
2012,darunter medizinische Gesundheitsberufe,Frauen,,negativ,219
2012,darunter medizinische Gesundheitsberufe,Insgesamt,,negativ,390
2020,alle Berufsgruppen,Männer,sonstige Erledigung - Verfahren ohne Bescheid beendet,,96
2020,alle Berufsgruppen,Frauen,sonstige Erledigung - Verfahren ohne Bescheid beendet,,132
2020,alle Berufsgruppen,Insgesamt,sonstige Erledigung - Verfahren ohne Bescheid beendet,,231
2020,darunter medizinische Gesundheitsberufe,Männer,sonstige Erledigung - Verfahren ohne Bescheid beendet,,36
2020,darunter medizinische Gesundheitsberufe,Frauen,sonstige Erledigung - Verfahren ohne Bescheid beendet,,96
2020,darunter medizinische Gesundheitsberufe,Insgesamt,sonstige Erledigung - Verfahren ohne Bescheid beendet,,132
2019,alle Berufsgruppen,Männer,sonstige Erledigung - Verfahren ohne Bescheid beendet,,54
2019,alle Berufsgruppen,Frauen,sonstige Erledigung - Verfahren ohne Bescheid beendet,,117
2019,alle Berufsgruppen,Insgesamt,sonstige Erledigung - Verfahren ohne Bescheid beendet,,168
2019,darunter medizinische Gesundheitsberufe,Männer,sonstige Erledigung - Verfahren ohne Bescheid beendet,,30
2019,darunter medizinische Gesundheitsberufe,Frauen,sonstige Erledigung - Verfahren ohne Bescheid beendet,,87
2019,darunter medizinische Gesundheitsberufe,Insgesamt,sonstige Erledigung - Verfahren ohne Bescheid beendet,,117
2018,alle Berufsgruppen,Männer,sonstige Erledigung - Verfahren ohne Bescheid beendet,,72
2018,alle Berufsgruppen,Frauen,sonstige Erledigung - Verfahren ohne Bescheid beendet,,96
2018,alle Berufsgruppen,Insgesamt,sonstige Erledigung - Verfahren ohne Bescheid beendet,,171
2018,darunter medizinische Gesundheitsberufe,Männer,sonstige Erledigung - Verfahren ohne Bescheid beendet,,72
2018,darunter medizinische Gesundheitsberufe,Frauen,sonstige Erledigung - Verfahren ohne Bescheid beendet,,96
2018,darunter medizinische Gesundheitsberufe,Insgesamt,sonstige Erledigung - Verfahren ohne Bescheid beendet,,171
2017,alle Berufsgruppen,Männer,sonstige Erledigung - Verfahren ohne Bescheid beendet,,51
2017,alle Berufsgruppen,Frauen,sonstige Erledigung - Verfahren ohne Bescheid beendet,,66
2017,alle Berufsgruppen,Insgesamt,sonstige Erledigung - Verfahren ohne Bescheid beendet,,117
2017,darunter medizinische Gesundheitsberufe,Männer,sonstige Erledigung - Verfahren ohne Bescheid beendet,,27
2017,darunter medizinische Gesundheitsberufe,Frauen,sonstige Erledigung - Verfahren ohne Bescheid beendet,,36
2017,darunter medizinische Gesundheitsberufe,Insgesamt,sonstige Erledigung - Verfahren ohne Bescheid beendet,,63
2016,alle Berufsgruppen,Männer,sonstige Erledigung - Verfahren ohne Bescheid beendet,,51
2016,alle Berufsgruppen,Frauen,sonstige Erledigung - Verfahren ohne Bescheid beendet,,66
2016,alle Berufsgruppen,Insgesamt,sonstige Erledigung - Verfahren ohne Bescheid beendet,,117
2016,darunter medizinische Gesundheitsberufe,Männer,sonstige Erledigung - Verfahren ohne Bescheid beendet,,12
2016,darunter medizinische Gesundheitsberufe,Frauen,sonstige Erledigung - Verfahren ohne Bescheid beendet,,21
2016,darunter medizinische Gesundheitsberufe,Insgesamt,sonstige Erledigung - Verfahren ohne Bescheid beendet,,36
2015,alle Berufsgruppen,Männer,sonstige Erledigung - Verfahren ohne Bescheid beendet,,
2015,alle Berufsgruppen,Frauen,sonstige Erledigung - Verfahren ohne Bescheid beendet,,
2015,alle Berufsgruppen,Insgesamt,sonstige Erledigung - Verfahren ohne Bescheid beendet,,
2015,darunter medizinische Gesundheitsberufe,Männer,sonstige Erledigung - Verfahren ohne Bescheid beendet,,
2015,darunter medizinische Gesundheitsberufe,Frauen,sonstige Erledigung - Verfahren ohne Bescheid beendet,,
2015,darunter medizinische Gesundheitsberufe,Insgesamt,sonstige Erledigung - Verfahren ohne Bescheid beendet,,
2014,alle Berufsgruppen,Männer,sonstige Erledigung - Verfahren ohne Bescheid beendet,,
2014,alle Berufsgruppen,Frauen,sonstige Erledigung - Verfahren ohne Bescheid beendet,,
2014,alle Berufsgruppen,Insgesamt,sonstige Erledigung - Verfahren ohne Bescheid beendet,,
2014,darunter medizinische Gesundheitsberufe,Männer,sonstige Erledigung - Verfahren ohne Bescheid beendet,,
2014,darunter medizinische Gesundheitsberufe,Frauen,sonstige Erledigung - Verfahren ohne Bescheid beendet,,
2014,darunter medizinische Gesundheitsberufe,Insgesamt,sonstige Erledigung - Verfahren ohne Bescheid beendet,,
2012,alle Berufsgruppen,Männer,sonstige Erledigung - Verfahren ohne Bescheid beendet,,
2012,alle Berufsgruppen,Frauen,sonstige Erledigung - Verfahren ohne Bescheid beendet,,
2012,alle Berufsgruppen,Insgesamt,sonstige Erledigung - Verfahren ohne Bescheid beendet,,
2012,darunter medizinische Gesundheitsberufe,Männer,sonstige Erledigung - Verfahren ohne Bescheid beendet,,
2012,darunter medizinische Gesundheitsberufe,Frauen,sonstige Erledigung - Verfahren ohne Bescheid beendet,,
2012,darunter medizinische Gesundheitsberufe,Insgesamt,sonstige Erledigung - Verfahren ohne Bescheid beendet,,
2020,alle Berufsgruppen,Männer,Noch keine Entscheidung,,405
2020,alle Berufsgruppen,Frauen,Noch keine Entscheidung,,786
2020,alle Berufsgruppen,Insgesamt,Noch keine Entscheidung,,1191
2020,darunter medizinische Gesundheitsberufe,Männer,Noch keine Entscheidung,,252
2020,darunter medizinische Gesundheitsberufe,Frauen,Noch keine Entscheidung,,645
2020,darunter medizinische Gesundheitsberufe,Insgesamt,Noch keine Entscheidung,,897
2019,alle Berufsgruppen,Männer,Noch keine Entscheidung,,384
2019,alle Berufsgruppen,Frauen,Noch keine Entscheidung,,726
2019,alle Berufsgruppen,Insgesamt,Noch keine Entscheidung,,1107
2019,darunter medizinische Gesundheitsberufe,Männer,Noch keine Entscheidung,,237
2019,darunter medizinische Gesundheitsberufe,Frauen,Noch keine Entscheidung,,525
2019,darunter medizinische Gesundheitsberufe,Insgesamt,Noch keine Entscheidung,,765
2018,alle Berufsgruppen,Männer,Noch keine Entscheidung,,333
2018,alle Berufsgruppen,Frauen,Noch keine Entscheidung,,525
2018,alle Berufsgruppen,Insgesamt,Noch keine Entscheidung,,858
2018,darunter medizinische Gesundheitsberufe,Männer,Noch keine Entscheidung,,198
2018,darunter medizinische Gesundheitsberufe,Frauen,Noch keine Entscheidung,,369
2018,darunter medizinische Gesundheitsberufe,Insgesamt,Noch keine Entscheidung,,567
2017,alle Berufsgruppen,Männer,Noch keine Entscheidung,,279
2017,alle Berufsgruppen,Frauen,Noch keine Entscheidung,,345
2017,alle Berufsgruppen,Insgesamt,Noch keine Entscheidung,,624
2017,darunter medizinische Gesundheitsberufe,Männer,Noch keine Entscheidung,,102
2017,darunter medizinische Gesundheitsberufe,Frauen,Noch keine Entscheidung,,243
2017,darunter medizinische Gesundheitsberufe,Insgesamt,Noch keine Entscheidung,,348
2016,alle Berufsgruppen,Männer,Noch keine Entscheidung,,252
2016,alle Berufsgruppen,Frauen,Noch keine Entscheidung,,309
2016,alle Berufsgruppen,Insgesamt,Noch keine Entscheidung,,561
2016,darunter medizinische Gesundheitsberufe,Männer,Noch keine Entscheidung,,72
2016,darunter medizinische Gesundheitsberufe,Frauen,Noch keine Entscheidung,,144
2016,darunter medizinische Gesundheitsberufe,Insgesamt,Noch keine Entscheidung,,219
2015,alle Berufsgruppen,Männer,Noch keine Entscheidung,,135
2015,alle Berufsgruppen,Frauen,Noch keine Entscheidung,,273
2015,alle Berufsgruppen,Insgesamt,Noch keine Entscheidung,,414
2015,darunter medizinische Gesundheitsberufe,Männer,Noch keine Entscheidung,,57
2015,darunter medizinische Gesundheitsberufe,Frauen,Noch keine Entscheidung,,180
2015,darunter medizinische Gesundheitsberufe,Insgesamt,Noch keine Entscheidung,,237
2014,alle Berufsgruppen,Männer,Noch keine Entscheidung,,89
2014,alle Berufsgruppen,Frauen,Noch keine Entscheidung,,417
2014,alle Berufsgruppen,Insgesamt,Noch keine Entscheidung,,506
2014,darunter medizinische Gesundheitsberufe,Männer,Noch keine Entscheidung,,-
2014,darunter medizinische Gesundheitsberufe,Frauen,Noch keine Entscheidung,,186
2014,darunter medizinische Gesundheitsberufe,Insgesamt,Noch keine Entscheidung,,186
2012,alle Berufsgruppen,Männer,Noch keine Entscheidung,,39
2012,alle Berufsgruppen,Frauen,Noch keine Entscheidung,,63
2012,alle Berufsgruppen,Insgesamt,Noch keine Entscheidung,,102
2012,darunter medizinische Gesundheitsberufe,Männer,Noch keine Entscheidung,,12
2012,darunter medizinische Gesundheitsberufe,Frauen,Noch keine Entscheidung,,36
2012,darunter medizinische Gesundheitsberufe,Insgesamt,Noch keine Entscheidung,,48
