Year,Gebietseinheit,Geschlecht,Qualifikation,Units,GeoCode,Value
2020,Braunschweig  Stadt,,hoch,%,K03101,24.9111862057014
2020,Salzgitter  Stadt,,hoch,%,K03102,8.99958999589996
2020,Wolfsburg  Stadt,,hoch,%,K03103,25.4760341431385
2020,Gifhorn,,hoch,%,K03151,17.2858458704329
2020,Goslar,,hoch,%,K03153,17.5813953488372
2020,Helmstedt,,hoch,%,K03154,13.5214579659024
2020,Northeim,,hoch,%,K03155,10.2166276346604
2020,Peine,,hoch,%,K03157,6.65083135391924
2020,Wolfenbüttel,,hoch,%,K03158,12.9255989911728
2020,Göttingen,,hoch,%,K03159,28.1806162920777
2020,Stat. Region Braunschweig,,hoch,%,K031,20.4597314180975
2020,Hannover  Region,,hoch,%,K03241,13.7453697790267
2020,dav. Hannover  Lhst.,,hoch,%,K03241001,17.2278758212031
2020,dav. Hannover  Umland,,hoch,%,K03241999,8.06986606205651
2020,Diepholz,,hoch,%,K03251,7.23384895359418
2020,Hameln-Pyrmont,,hoch,%,K03252,11.105722599418
2020,Hildesheim,,hoch,%,K03254,18.0776969509364
2020,Holzminden,,hoch,%,K03255,12.6684636118598
2020,Nienburg (Weser),,hoch,%,K03256,5.58749137732812
2020,Schaumburg,,hoch,%,K03257,8.75194199896427
2020,Stat. Region Hannover,,hoch,%,K032,12.8270730453824
2020,Celle,,hoch,%,K03351,14.0762463343109
2020,Cuxhaven,,hoch,%,K03352,6.67730173199635
2020,Harburg,,hoch,%,K03353,6.95286022388826
2020,Lüchow-Dannenberg,,hoch,%,K03354,11.6
2020,Lüneburg,,hoch,%,K03355,14.9770759042282
2020,Osterholz,,hoch,%,K03356,11.4851485148515
2020,Rotenburg (Wümme),,hoch,%,K03357,8.92008639308855
2020,Heidekreis,,hoch,%,K03358,7.92470369509644
2020,Stade,,hoch,%,K03359,9.09090909090909
2020,Uelzen,,hoch,%,K03360,13.3769322235434
2020,Verden,,hoch,%,K03361,7.65677740273583
2020,Stat. Region Lüneburg,,hoch,%,K033,9.34915268652591
2020,Delmenhorst  Stadt,,hoch,%,K03401,9.97854077253219
2020,Emden  Stadt,,hoch,%,K03402,10.0932528798683
2020,Oldenburg(Oldb)  Stadt,,hoch,%,K03403,18.159688412853
2020,Osnabrück  Stadt,,hoch,%,K03404,11.3258731773483
2020,Wilhelmshaven  Stadt,,hoch,%,K03405,14.7169811320755
2020,Ammerland,,hoch,%,K03451,7.39224656874549
2020,Aurich,,hoch,%,K03452,9.00576368876081
2020,Cloppenburg,,hoch,%,K03453,3.16027088036117
2020,Emsland,,hoch,%,K03454,7.36954633527093
2020,Friesland,,hoch,%,K03455,12.5328083989501
2020,Grafschaft Bentheim,,hoch,%,K03456,7.11571675302245
2020,Leer,,hoch,%,K03457,8.20499203398832
2020,Oldenburg,,hoch,%,K03458,5.15356585111921
2020,Osnabrück,,hoch,%,K03459,4.55751962500706
2020,Vechta,,hoch,%,K03460,4.26595269968764
2020,Wesermarsch,,hoch,%,K03461,6.94610778443114
2020,Wittmund,,hoch,%,K03462,6.81818181818182
2020,Stat. Region Weser-Ems,,hoch,%,K034,7.38916740391232
2020,Niedersachsen,,hoch,%,K030,11.7689805404257
2020,Braunschweig  Stadt,,mittel,%,K03101,27.9351875920631
2020,Salzgitter  Stadt,,mittel,%,K03102,40.0574005740057
2020,Wolfsburg  Stadt,,mittel,%,K03103,32.5297814463934
2020,Gifhorn,,mittel,%,K03151,27.5099785078293
2020,Goslar,,mittel,%,K03153,30.4496124031008
2020,Helmstedt,,mittel,%,K03154,43.5626102292769
2020,Northeim,,mittel,%,K03155,42.7107728337237
2020,Peine,,mittel,%,K03157,31.8883610451306
2020,Wolfenbüttel,,mittel,%,K03158,40.7313997477932
2020,Göttingen,,mittel,%,K03159,28.6789382690939
2020,Stat. Region Braunschweig,,mittel,%,K031,32.2896794224367
2020,Hannover  Region,,mittel,%,K03241,32.9432239110998
2020,dav. Hannover  Lhst.,,mittel,%,K03241001,32.3612005667912
2020,dav. Hannover  Umland,,mittel,%,K03241999,33.8917579879918
2020,Diepholz,,mittel,%,K03251,32.9542007885957
2020,Hameln-Pyrmont,,mittel,%,K03252,36.905916585839
2020,Hildesheim,,mittel,%,K03254,35.5517721714905
2020,Holzminden,,mittel,%,K03255,33.0862533692722
2020,Nienburg (Weser),,mittel,%,K03256,24.8562888020235
2020,Schaumburg,,mittel,%,K03257,42.9829104091144
2020,Stat. Region Hannover,,mittel,%,K032,33.3575402766295
2020,Celle,,mittel,%,K03351,30.3519061583578
2020,Cuxhaven,,mittel,%,K03352,31.0847766636281
2020,Harburg,,mittel,%,K03353,26.6406490705556
2020,Lüchow-Dannenberg,,mittel,%,K03354,31.8666666666667
2020,Lüneburg,,mittel,%,K03355,31.3550687722873
2020,Osterholz,,mittel,%,K03356,33.1683168316832
2020,Rotenburg (Wümme),,mittel,%,K03357,35.4859611231102
2020,Heidekreis,,mittel,%,K03358,36.3699744364397
2020,Stade,,mittel,%,K03359,24.9404153898536
2020,Uelzen,,mittel,%,K03360,35.9690844233056
2020,Verden,,mittel,%,K03361,24.0895363297211
2020,Stat. Region Lüneburg,,mittel,%,K033,29.7123174076673
2020,Delmenhorst  Stadt,,mittel,%,K03401,31.2768240343348
2020,Emden  Stadt,,mittel,%,K03402,33.2967635765222
2020,Oldenburg(Oldb)  Stadt,,mittel,%,K03403,24.6835443037975
2020,Osnabrück  Stadt,,mittel,%,K03404,30.2249350062168
2020,Wilhelmshaven  Stadt,,mittel,%,K03405,27.3854447439353
2020,Ammerland,,mittel,%,K03451,25.5718757524681
2020,Aurich,,mittel,%,K03452,27.7137367915466
2020,Cloppenburg,,mittel,%,K03453,20.372460496614
2020,Emsland,,mittel,%,K03454,28.1953631322242
2020,Friesland,,mittel,%,K03455,29.3963254593176
2020,Grafschaft Bentheim,,mittel,%,K03456,36.1830742659758
2020,Leer,,mittel,%,K03457,29.9256505576208
2020,Oldenburg,,mittel,%,K03458,26.2363352420614
2020,Osnabrück,,mittel,%,K03459,22.8892528378607
2020,Vechta,,mittel,%,K03460,21.5261044176707
2020,Wesermarsch,,mittel,%,K03461,35.3692614770459
2020,Wittmund,,mittel,%,K03462,24.7835497835498
2020,Stat. Region Weser-Ems,,mittel,%,K034,26.2980438415413
2020,Niedersachsen,,mittel,%,K030,30.1124658506237
2020,Braunschweig  Stadt,,niedrig,%,K03101,23.351529330214
2020,Salzgitter  Stadt,,niedrig,%,K03102,21.8327183271833
2020,Wolfsburg  Stadt,,niedrig,%,K03103,15.2330925804334
2020,Gifhorn,,niedrig,%,K03151,24.5931839115751
2020,Goslar,,niedrig,%,K03153,26.1395348837209
2020,Helmstedt,,niedrig,%,K03154,22.8101116990006
2020,Northeim,,niedrig,%,K03155,23.5655737704918
2020,Peine,,niedrig,%,K03157,28.3254156769596
2020,Wolfenbüttel,,niedrig,%,K03158,23.8965952080706
2020,Göttingen,,niedrig,%,K03159,25.3127224651683
2020,Stat. Region Braunschweig,,niedrig,%,K031,22.524595069764
2020,Hannover  Region,,niedrig,%,K03241,27.765359560608
2020,dav. Hannover  Lhst.,,niedrig,%,K03241001,27.0539739791318
2020,dav. Hannover  Umland,,niedrig,%,K03241999,28.9247176386615
2020,Diepholz,,niedrig,%,K03251,24.3403093721565
2020,Hameln-Pyrmont,,niedrig,%,K03252,28.2735208535403
2020,Hildesheim,,niedrig,%,K03254,25.4449775576536
2020,Holzminden,,niedrig,%,K03255,27.8301886792453
2020,Nienburg (Weser),,niedrig,%,K03256,30.0988733042079
2020,Schaumburg,,niedrig,%,K03257,27.4987053340238
2020,Stat. Region Hannover,,niedrig,%,K032,27.4719013250508
2020,Celle,,niedrig,%,K03351,31.3782991202346
2020,Cuxhaven,,niedrig,%,K03352,26.1622607110301
2020,Harburg,,niedrig,%,K03353,28.6330491937969
2020,Lüchow-Dannenberg,,niedrig,%,K03354,16.6666666666667
2020,Lüneburg,,niedrig,%,K03355,27.1777890983189
2020,Osterholz,,niedrig,%,K03356,26.6336633663366
2020,Rotenburg (Wümme),,niedrig,%,K03357,26.3714902807775
2020,Heidekreis,,niedrig,%,K03358,21.7987450615849
2020,Stade,,niedrig,%,K03359,22.9485869935308
2020,Uelzen,,niedrig,%,K03360,22.1165279429251
2020,Verden,,niedrig,%,K03361,27.8379818795523
2020,Stat. Region Lüneburg,,niedrig,%,K033,26.3570836256937
2020,Delmenhorst  Stadt,,niedrig,%,K03401,32.1351931330472
2020,Emden  Stadt,,niedrig,%,K03402,26.3302249040044
2020,Oldenburg(Oldb)  Stadt,,niedrig,%,K03403,29.1139240506329
2020,Osnabrück  Stadt,,niedrig,%,K03404,32.2934328020798
2020,Wilhelmshaven  Stadt,,niedrig,%,K03405,33.4231805929919
2020,Ammerland,,niedrig,%,K03451,26.8962196002889
2020,Aurich,,niedrig,%,K03452,27.209414024976
2020,Cloppenburg,,niedrig,%,K03453,30.0884123401053
2020,Emsland,,niedrig,%,K03454,19.8236119462818
2020,Friesland,,niedrig,%,K03455,23.0971128608924
2020,Grafschaft Bentheim,,niedrig,%,K03456,22.1070811744387
2020,Leer,,niedrig,%,K03457,18.4014869888476
2020,Oldenburg,,niedrig,%,K03458,27.3555439875065
2020,Osnabrück,,niedrig,%,K03459,25.3741458180381
2020,Vechta,,niedrig,%,K03460,27.2824631860776
2020,Wesermarsch,,niedrig,%,K03461,21.0778443113772
2020,Wittmund,,niedrig,%,K03462,18.9393939393939
2020,Stat. Region Weser-Ems,,niedrig,%,K034,25.9461319178217
2020,Niedersachsen,,niedrig,%,K030,25.8534344760449
2020,Braunschweig  Stadt,,unbekannt,%,K03101,23.8020968720215
2020,Salzgitter  Stadt,,unbekannt,%,K03102,29.110291102911
2020,Wolfsburg  Stadt,,unbekannt,%,K03103,26.7610918300347
2020,Gifhorn,,unbekannt,%,K03151,30.6109917101627
2020,Goslar,,unbekannt,%,K03153,25.8294573643411
2020,Helmstedt,,unbekannt,%,K03154,20.1058201058201
2020,Northeim,,unbekannt,%,K03155,23.5070257611241
2020,Peine,,unbekannt,%,K03157,33.1353919239905
2020,Wolfenbüttel,,unbekannt,%,K03158,22.4464060529634
2020,Göttingen,,unbekannt,%,K03159,17.8277229736601
2020,Stat. Region Braunschweig,,unbekannt,%,K031,24.7259940897019
2020,Hannover  Region,,unbekannt,%,K03241,25.5460467492656
2020,dav. Hannover  Lhst.,,unbekannt,%,K03241001,23.3569496328739
2020,dav. Hannover  Umland,,unbekannt,%,K03241999,29.1136583112903
2020,Diepholz,,unbekannt,%,K03251,35.4716408856536
2020,Hameln-Pyrmont,,unbekannt,%,K03252,23.7148399612027
2020,Hildesheim,,unbekannt,%,K03254,20.9255533199195
2020,Holzminden,,unbekannt,%,K03255,26.4150943396226
2020,Nienburg (Weser),,unbekannt,%,K03256,39.4573465164406
2020,Schaumburg,,unbekannt,%,K03257,20.7664422578975
2020,Stat. Region Hannover,,unbekannt,%,K032,26.3434853529372
2020,Celle,,unbekannt,%,K03351,24.1935483870968
2020,Cuxhaven,,unbekannt,%,K03352,36.0756608933455
2020,Harburg,,unbekannt,%,K03353,37.7734415117593
2020,Lüchow-Dannenberg,,unbekannt,%,K03354,39.8666666666667
2020,Lüneburg,,unbekannt,%,K03355,26.4900662251656
2020,Osterholz,,unbekannt,%,K03356,28.7128712871287
2020,Rotenburg (Wümme),,unbekannt,%,K03357,29.2224622030238
2020,Heidekreis,,unbekannt,%,K03358,33.9065768068789
2020,Stade,,unbekannt,%,K03359,43.0200885257065
2020,Uelzen,,unbekannt,%,K03360,28.5374554102259
2020,Verden,,unbekannt,%,K03361,40.4157043879908
2020,Stat. Region Lüneburg,,unbekannt,%,K033,34.5814462801131
2020,Delmenhorst  Stadt,,unbekannt,%,K03401,26.6094420600858
2020,Emden  Stadt,,unbekannt,%,K03402,30.279758639605
2020,Oldenburg(Oldb)  Stadt,,unbekannt,%,K03403,28.0428432327166
2020,Osnabrück  Stadt,,unbekannt,%,K03404,26.1557590143551
2020,Wilhelmshaven  Stadt,,unbekannt,%,K03405,24.4743935309973
2020,Ammerland,,unbekannt,%,K03451,40.1396580784975
2020,Aurich,,unbekannt,%,K03452,36.0710854947166
2020,Cloppenburg,,unbekannt,%,K03453,46.3788562829195
2020,Emsland,,unbekannt,%,K03454,44.611478586223
2020,Friesland,,unbekannt,%,K03455,34.9737532808399
2020,Grafschaft Bentheim,,unbekannt,%,K03456,34.594127806563
2020,Leer,,unbekannt,%,K03457,43.4678704195433
2020,Oldenburg,,unbekannt,%,K03458,41.2545549193129
2020,Osnabrück,,unbekannt,%,K03459,47.1790817190941
2020,Vechta,,unbekannt,%,K03460,46.925479696564
2020,Wesermarsch,,unbekannt,%,K03461,36.6067864271457
2020,Wittmund,,unbekannt,%,K03462,49.4588744588745
2020,Stat. Region Weser-Ems,,unbekannt,%,K034,40.3666568367247
2020,Niedersachsen,,unbekannt,%,K030,32.2651191329058
2019,Braunschweig  Stadt,,hoch,%,K03101,23.4382002330376
2019,Salzgitter  Stadt,,hoch,%,K03102,8.53170423425321
2019,Wolfsburg  Stadt,,hoch,%,K03103,23.9307931570762
2019,Gifhorn,,hoch,%,K03151,16.7105263157895
2019,Goslar,,hoch,%,K03153,16.6720102596986
2019,Helmstedt,,hoch,%,K03154,12.7809890815671
2019,Northeim,,hoch,%,K03155,9.62392656203731
2019,Peine,,hoch,%,K03157,6.05789316621904
2019,Wolfenbüttel,,hoch,%,K03158,12.7814569536424
2019,Göttingen,,hoch,%,K03159,28.5820105820106
2019,Stat. Region Braunschweig,,hoch,%,K031,19.6352430420963
2019,Hannover  Region,,hoch,%,K03241,13.2604507960551
2019,dav. Hannover  Lhst.,,hoch,%,K03241001,16.4416058394161
2019,dav. Hannover  Umland,,hoch,%,K03241999,7.80712338561916
2019,Diepholz,,hoch,%,K03251,7.03953712632594
2019,Hameln-Pyrmont,,hoch,%,K03252,10.7847976307996
2019,Hildesheim,,hoch,%,K03254,16.7390255668114
2019,Holzminden,,hoch,%,K03255,12.7375087966221
2019,Nienburg (Weser),,hoch,%,K03256,5.7732926543065
2019,Schaumburg,,hoch,%,K03257,8.64732989970182
2019,Stat. Region Hannover,,hoch,%,K032,12.3739910624589
2019,Celle,,hoch,%,K03351,14.0889004419028
2019,Cuxhaven,,hoch,%,K03352,6.42890661661192
2019,Harburg,,hoch,%,K03353,7.04022988505747
2019,Lüchow-Dannenberg,,hoch,%,K03354,9.53716690042076
2019,Lüneburg,,hoch,%,K03355,13.5536766589803
2019,Osterholz,,hoch,%,K03356,9.42065491183879
2019,Rotenburg (Wümme),,hoch,%,K03357,8.87861834103624
2019,Heidekreis,,hoch,%,K03358,7.46760895170789
2019,Stade,,hoch,%,K03359,8.29043138647257
2019,Uelzen,,hoch,%,K03360,14.4891640866873
2019,Verden,,hoch,%,K03361,8.11860940695296
2019,Stat. Region Lüneburg,,hoch,%,K033,9.07755581668625
2019,Delmenhorst  Stadt,,hoch,%,K03401,9.32297447280799
2019,Emden  Stadt,,hoch,%,K03402,9.23715620134925
2019,Oldenburg(Oldb)  Stadt,,hoch,%,K03403,17.7109865851588
2019,Osnabrück  Stadt,,hoch,%,K03404,10.7917004752521
2019,Wilhelmshaven  Stadt,,hoch,%,K03405,15.2107513744655
2019,Ammerland,,hoch,%,K03451,6.86922060766182
2019,Aurich,,hoch,%,K03452,8.18244327297731
2019,Cloppenburg,,hoch,%,K03453,3.13060817547358
2019,Emsland,,hoch,%,K03454,6.61828111526301
2019,Friesland,,hoch,%,K03455,10.8031272210377
2019,Grafschaft Bentheim,,hoch,%,K03456,6.89289501590668
2019,Leer,,hoch,%,K03457,8.11462238885913
2019,Oldenburg,,hoch,%,K03458,4.42048517520216
2019,Osnabrück,,hoch,%,K03459,4.19604275642484
2019,Vechta,,hoch,%,K03460,4.41231343283582
2019,Wesermarsch,,hoch,%,K03461,6.22740056247489
2019,Wittmund,,hoch,%,K03462,5.87044534412955
2019,Stat. Region Weser-Ems,,hoch,%,K034,6.97466164648418
2019,Niedersachsen,,hoch,%,K030,11.2988433273131
2019,Braunschweig  Stadt,,mittel,%,K03101,27.6866541184906
2019,Salzgitter  Stadt,,mittel,%,K03102,41.0364440699389
2019,Wolfsburg  Stadt,,mittel,%,K03103,33.0093312597201
2019,Gifhorn,,mittel,%,K03151,25.9868421052632
2019,Goslar,,mittel,%,K03153,30.5226033985252
2019,Helmstedt,,mittel,%,K03154,42.2607578676943
2019,Northeim,,mittel,%,K03155,44.1516138584542
2019,Peine,,mittel,%,K03157,29.3643688451209
2019,Wolfenbüttel,,mittel,%,K03158,40.6622516556291
2019,Göttingen,,mittel,%,K03159,28.2645502645503
2019,Stat. Region Braunschweig,,mittel,%,K031,32.1594697263354
2019,Hannover  Region,,mittel,%,K03241,32.5057213889392
2019,dav. Hannover  Lhst.,,mittel,%,K03241001,31.8508863399374
2019,dav. Hannover  Umland,,mittel,%,K03241999,33.6282790365107
2019,Diepholz,,mittel,%,K03251,31.870781099325
2019,Hameln-Pyrmont,,mittel,%,K03252,36.9940769990128
2019,Hildesheim,,mittel,%,K03254,34.651873291526
2019,Holzminden,,mittel,%,K03255,32.5826882477129
2019,Nienburg (Weser),,mittel,%,K03256,24.5247594461394
2019,Schaumburg,,mittel,%,K03257,43.3450799674709
2019,Stat. Region Hannover,,mittel,%,K032,32.8945393240263
2019,Celle,,mittel,%,K03351,31.0891603847154
2019,Cuxhaven,,mittel,%,K03352,29.892069450962
2019,Harburg,,mittel,%,K03353,26.790450928382
2019,Lüchow-Dannenberg,,mittel,%,K03354,32.258064516129
2019,Lüneburg,,mittel,%,K03355,31.206764027671
2019,Osterholz,,mittel,%,K03356,32.6952141057935
2019,Rotenburg (Wümme),,mittel,%,K03357,35.8793480904889
2019,Heidekreis,,mittel,%,K03358,35.9481743227326
2019,Stade,,mittel,%,K03359,24.7292739215338
2019,Uelzen,,mittel,%,K03360,35.6037151702786
2019,Verden,,mittel,%,K03361,26.40081799591
2019,Stat. Region Lüneburg,,mittel,%,K033,29.9444092922354
2019,Delmenhorst  Stadt,,mittel,%,K03401,30.9655937846837
2019,Emden  Stadt,,mittel,%,K03402,33.8349766476388
2019,Oldenburg(Oldb)  Stadt,,mittel,%,K03403,24.9617931737137
2019,Osnabrück  Stadt,,mittel,%,K03404,29.5004057030254
2019,Wilhelmshaven  Stadt,,mittel,%,K03405,29.1386682956628
2019,Ammerland,,mittel,%,K03451,26.1822985468956
2019,Aurich,,mittel,%,K03452,26.8164107265643
2019,Cloppenburg,,mittel,%,K03453,20.5084745762712
2019,Emsland,,mittel,%,K03454,28.3774073009485
2019,Friesland,,mittel,%,K03455,30.0639658848614
2019,Grafschaft Bentheim,,mittel,%,K03456,37.3453517143867
2019,Leer,,mittel,%,K03457,29.5393679700054
2019,Oldenburg,,mittel,%,K03458,25.5256064690027
2019,Osnabrück,,mittel,%,K03459,22.1742096884239
2019,Vechta,,mittel,%,K03460,21.1287313432836
2019,Wesermarsch,,mittel,%,K03461,35.0743270389715
2019,Wittmund,,mittel,%,K03462,22.2672064777328
2019,Stat. Region Weser-Ems,,mittel,%,K034,26.1656660221838
2019,Niedersachsen,,mittel,%,K030,29.9388356327858
2019,Braunschweig  Stadt,,niedrig,%,K03101,23.877386394192
2019,Salzgitter  Stadt,,niedrig,%,K03102,22.7933431641036
2019,Wolfsburg  Stadt,,niedrig,%,K03103,14.7258942457232
2019,Gifhorn,,niedrig,%,K03151,24.6381578947368
2019,Goslar,,niedrig,%,K03153,25.5530618788073
2019,Helmstedt,,niedrig,%,K03154,22.4149004495825
2019,Northeim,,niedrig,%,K03155,23.0974237488895
2019,Peine,,niedrig,%,K03157,28.9167412712623
2019,Wolfenbüttel,,niedrig,%,K03158,22.7152317880795
2019,Göttingen,,niedrig,%,K03159,24.8253968253968
2019,Stat. Region Braunschweig,,niedrig,%,K031,22.4707341654392
2019,Hannover  Region,,niedrig,%,K03241,27.5828572369396
2019,dav. Hannover  Lhst.,,niedrig,%,K03241001,26.7361835245047
2019,dav. Hannover  Umland,,niedrig,%,K03241999,29.0342762658086
2019,Diepholz,,niedrig,%,K03251,25.2812600450016
2019,Hameln-Pyrmont,,niedrig,%,K03252,27.6653504442251
2019,Hildesheim,,niedrig,%,K03254,25.3738543174144
2019,Holzminden,,niedrig,%,K03255,27.8676988036594
2019,Nienburg (Weser),,niedrig,%,K03256,24.6890401314245
2019,Schaumburg,,niedrig,%,K03257,26.2401734887503
2019,Stat. Region Hannover,,niedrig,%,K032,27.0678167688595
2019,Celle,,niedrig,%,K03351,30.387314790746
2019,Cuxhaven,,niedrig,%,K03352,25.668700140779
2019,Harburg,,niedrig,%,K03353,28.5477453580902
2019,Lüchow-Dannenberg,,niedrig,%,K03354,17.3913043478261
2019,Lüneburg,,niedrig,%,K03355,27.3635664873174
2019,Osterholz,,niedrig,%,K03356,26.3476070528967
2019,Rotenburg (Wümme),,niedrig,%,K03357,23.9601070299197
2019,Heidekreis,,niedrig,%,K03358,21.4369846878681
2019,Stade,,niedrig,%,K03359,22.0486419314752
2019,Uelzen,,niedrig,%,K03360,22.2291021671827
2019,Verden,,niedrig,%,K03361,26.0122699386503
2019,Stat. Region Lüneburg,,niedrig,%,K033,25.6011027750158
2019,Delmenhorst  Stadt,,niedrig,%,K03401,28.8568257491676
2019,Emden  Stadt,,niedrig,%,K03402,26.4660093409445
2019,Oldenburg(Oldb)  Stadt,,niedrig,%,K03403,27.5768381728647
2019,Osnabrück  Stadt,,niedrig,%,K03404,32.050539005448
2019,Wilhelmshaven  Stadt,,niedrig,%,K03405,30.7269395235186
2019,Ammerland,,niedrig,%,K03451,24.8612945838838
2019,Aurich,,niedrig,%,K03452,26.3350905340362
2019,Cloppenburg,,niedrig,%,K03453,28.0059820538385
2019,Emsland,,niedrig,%,K03454,19.1865478585801
2019,Friesland,,niedrig,%,K03455,22.316986496091
2019,Grafschaft Bentheim,,niedrig,%,K03456,21.5093672675857
2019,Leer,,niedrig,%,K03457,16.9523299410819
2019,Oldenburg,,niedrig,%,K03458,27.0350404312668
2019,Osnabrück,,niedrig,%,K03459,24.5565158062315
2019,Vechta,,niedrig,%,K03460,27.4067164179104
2019,Wesermarsch,,niedrig,%,K03461,20.3696263559663
2019,Wittmund,,niedrig,%,K03462,18.6234817813765
2019,Stat. Region Weser-Ems,,niedrig,%,K034,25.0391777755164
2019,Niedersachsen,,niedrig,%,K030,25.2815092672744
2019,Braunschweig  Stadt,,unbekannt,%,K03101,24.9977592542798
2019,Salzgitter  Stadt,,unbekannt,%,K03102,27.6385085317042
2019,Wolfsburg  Stadt,,unbekannt,%,K03103,28.3339813374806
2019,Gifhorn,,unbekannt,%,K03151,32.6644736842105
2019,Goslar,,unbekannt,%,K03153,27.2523244629689
2019,Helmstedt,,unbekannt,%,K03154,22.5433526011561
2019,Northeim,,unbekannt,%,K03155,23.1270358306189
2019,Peine,,unbekannt,%,K03157,35.6609967173978
2019,Wolfenbüttel,,unbekannt,%,K03158,23.841059602649
2019,Göttingen,,unbekannt,%,K03159,18.3280423280423
2019,Stat. Region Braunschweig,,unbekannt,%,K031,25.7345530661292
2019,Hannover  Region,,unbekannt,%,K03241,26.6509705780661
2019,dav. Hannover  Lhst.,,unbekannt,%,K03241001,24.9713242961418
2019,dav. Hannover  Umland,,unbekannt,%,K03241999,29.5303213120615
2019,Diepholz,,unbekannt,%,K03251,35.8084217293475
2019,Hameln-Pyrmont,,unbekannt,%,K03252,24.5557749259625
2019,Hildesheim,,unbekannt,%,K03254,23.2352468242483
2019,Holzminden,,unbekannt,%,K03255,26.8121041520056
2019,Nienburg (Weser),,unbekannt,%,K03256,45.0129077681295
2019,Schaumburg,,unbekannt,%,K03257,21.767416644077
2019,Stat. Region Hannover,,unbekannt,%,K032,27.6636528446554
2019,Celle,,unbekannt,%,K03351,24.4346243826358
2019,Cuxhaven,,unbekannt,%,K03352,38.0103237916471
2019,Harburg,,unbekannt,%,K03353,37.6215738284704
2019,Lüchow-Dannenberg,,unbekannt,%,K03354,40.8134642356241
2019,Lüneburg,,unbekannt,%,K03355,27.8759928260313
2019,Osterholz,,unbekannt,%,K03356,31.536523929471
2019,Rotenburg (Wümme),,unbekannt,%,K03357,31.2819265385551
2019,Heidekreis,,unbekannt,%,K03358,35.1472320376914
2019,Stade,,unbekannt,%,K03359,44.9316527605184
2019,Uelzen,,unbekannt,%,K03360,27.6780185758514
2019,Verden,,unbekannt,%,K03361,39.4683026584867
2019,Stat. Region Lüneburg,,unbekannt,%,K033,35.3769321160625
2019,Delmenhorst  Stadt,,unbekannt,%,K03401,30.8546059933407
2019,Emden  Stadt,,unbekannt,%,K03402,30.4618578100675
2019,Oldenburg(Oldb)  Stadt,,unbekannt,%,K03403,29.7503820682629
2019,Osnabrück  Stadt,,unbekannt,%,K03404,27.6573548162745
2019,Wilhelmshaven  Stadt,,unbekannt,%,K03405,24.9236408063531
2019,Ammerland,,unbekannt,%,K03451,42.0871862615588
2019,Aurich,,unbekannt,%,K03452,38.6660554664222
2019,Cloppenburg,,unbekannt,%,K03453,48.3549351944167
2019,Emsland,,unbekannt,%,K03454,45.8177637252084
2019,Friesland,,unbekannt,%,K03455,36.81592039801
2019,Grafschaft Bentheim,,unbekannt,%,K03456,34.2523860021209
2019,Leer,,unbekannt,%,K03457,45.3936797000536
2019,Oldenburg,,unbekannt,%,K03458,43.0188679245283
2019,Osnabrück,,unbekannt,%,K03459,49.0732317489197
2019,Vechta,,unbekannt,%,K03460,47.0522388059701
2019,Wesermarsch,,unbekannt,%,K03461,38.3286460425874
2019,Wittmund,,unbekannt,%,K03462,53.2388663967611
2019,Stat. Region Weser-Ems,,unbekannt,%,K034,41.8204945558156
2019,Niedersachsen,,unbekannt,%,K030,33.4808117726267
2018,Braunschweig  Stadt,,hoch,%,K03101,22.8978904625136
2018,Salzgitter  Stadt,,hoch,%,K03102,7.8196872125115
2018,Wolfsburg  Stadt,,hoch,%,K03103,21.9656660977813
2018,Gifhorn,,hoch,%,K03151,15.3960580141316
2018,Goslar,,hoch,%,K03153,16.6183924692252
2018,Helmstedt,,hoch,%,K03154,12.7183787561146
2018,Northeim,,hoch,%,K03155,8.18094321462945
2018,Peine,,hoch,%,K03157,6.87258687258687
2018,Wolfenbüttel,,hoch,%,K03158,12.1104815864023
2018,Göttingen,,hoch,%,K03159,29.1142164222197
2018,Stat. Region Braunschweig,,hoch,%,K031,19.1645774019462
2018,Hannover  Region,,hoch,%,K03241,12.7731122340047
2018,dav. Hannover  Lhst.,,hoch,%,K03241001,15.6446497134272
2018,dav. Hannover  Umland,,hoch,%,K03241999,7.67939986181028
2018,Diepholz,,hoch,%,K03251,6.7859673990078
2018,Hameln-Pyrmont,,hoch,%,K03252,10.6035889070147
2018,Hildesheim,,hoch,%,K03254,15.6385751520417
2018,Holzminden,,hoch,%,K03255,11.1904761904762
2018,Nienburg (Weser),,hoch,%,K03256,6.24636839047066
2018,Schaumburg,,hoch,%,K03257,8.09315866084425
2018,Stat. Region Hannover,,hoch,%,K032,11.9443954770959
2018,Celle,,hoch,%,K03351,13.5543920884235
2018,Cuxhaven,,hoch,%,K03352,6.3041385948027
2018,Harburg,,hoch,%,K03353,6.76045816733068
2018,Lüchow-Dannenberg,,hoch,%,K03354,8.86262924667651
2018,Lüneburg,,hoch,%,K03355,13.8592166529718
2018,Osterholz,,hoch,%,K03356,9.98238402818555
2018,Rotenburg (Wümme),,hoch,%,K03357,8.70770937326678
2018,Heidekreis,,hoch,%,K03358,7.37424282328154
2018,Stade,,hoch,%,K03359,7.71371769383698
2018,Uelzen,,hoch,%,K03360,14.5789101203114
2018,Verden,,hoch,%,K03361,8.24038242658775
2018,Stat. Region Lüneburg,,hoch,%,K033,8.91568077000201
2018,Delmenhorst  Stadt,,hoch,%,K03401,8.96309314586995
2018,Emden  Stadt,,hoch,%,K03402,8.9716684155299
2018,Oldenburg(Oldb)  Stadt,,hoch,%,K03403,18.6644884623239
2018,Osnabrück  Stadt,,hoch,%,K03404,10.9948337528149
2018,Wilhelmshaven  Stadt,,hoch,%,K03405,13.7822529893014
2018,Ammerland,,hoch,%,K03451,5.8051341890315
2018,Aurich,,hoch,%,K03452,8.24669187145558
2018,Cloppenburg,,hoch,%,K03453,2.91028446389497
2018,Emsland,,hoch,%,K03454,6.53768641676743
2018,Friesland,,hoch,%,K03455,11.837048424289
2018,Grafschaft Bentheim,,hoch,%,K03456,6.58149438637244
2018,Leer,,hoch,%,K03457,8.62639014126841
2018,Oldenburg,,hoch,%,K03458,4.20954162768943
2018,Osnabrück,,hoch,%,K03459,3.99752475247525
2018,Vechta,,hoch,%,K03460,4.15690269994906
2018,Wesermarsch,,hoch,%,K03461,5.66191446028513
2018,Wittmund,,hoch,%,K03462,5.96491228070175
2018,Stat. Region Weser-Ems,,hoch,%,K034,6.81183320432134
2018,Niedersachsen,,hoch,%,K030,11.0109228667927
2018,Braunschweig  Stadt,,mittel,%,K03101,28.3351490541745
2018,Salzgitter  Stadt,,mittel,%,K03102,41.2833486660534
2018,Wolfsburg  Stadt,,mittel,%,K03103,33.9825318743098
2018,Gifhorn,,mittel,%,K03151,26.8873187058386
2018,Goslar,,mittel,%,K03153,31.7885590152064
2018,Helmstedt,,mittel,%,K03154,42.3480083857442
2018,Northeim,,mittel,%,K03155,45.2999679178698
2018,Peine,,mittel,%,K03157,33.3204633204633
2018,Wolfenbüttel,,mittel,%,K03158,40.2266288951841
2018,Göttingen,,mittel,%,K03159,29.322092620395
2018,Stat. Region Braunschweig,,mittel,%,K031,33.2086856754345
2018,Hannover  Region,,mittel,%,K03241,32.485232367803
2018,dav. Hannover  Lhst.,,mittel,%,K03241001,32.0738968337878
2018,dav. Hannover  Umland,,mittel,%,K03241999,33.2148850064159
2018,Diepholz,,mittel,%,K03251,32.2466335931963
2018,Hameln-Pyrmont,,mittel,%,K03252,37.6291462751495
2018,Hildesheim,,mittel,%,K03254,35.4995655951347
2018,Holzminden,,mittel,%,K03255,35.0793650793651
2018,Nienburg (Weser),,mittel,%,K03256,26.2638001162115
2018,Schaumburg,,mittel,%,K03257,43.5225618631732
2018,Stat. Region Hannover,,mittel,%,K032,33.1738396836989
2018,Celle,,mittel,%,K03351,33.216986620128
2018,Cuxhaven,,mittel,%,K03352,28.9461020211742
2018,Harburg,,mittel,%,K03353,28.2121513944223
2018,Lüchow-Dannenberg,,mittel,%,K03354,28.8035450516987
2018,Lüneburg,,mittel,%,K03355,31.5529991783073
2018,Osterholz,,mittel,%,K03356,33.3529066353494
2018,Rotenburg (Wümme),,mittel,%,K03357,34.8031059345535
2018,Heidekreis,,mittel,%,K03358,36.7922043718725
2018,Stade,,mittel,%,K03359,25.3479125248509
2018,Uelzen,,mittel,%,K03360,34.7487615003539
2018,Verden,,mittel,%,K03361,26.1780104712042
2018,Stat. Region Lüneburg,,mittel,%,K033,30.3138159213956
2018,Delmenhorst  Stadt,,mittel,%,K03401,30.2284710017575
2018,Emden  Stadt,,mittel,%,K03402,35.8866736621196
2018,Oldenburg(Oldb)  Stadt,,mittel,%,K03403,26.6081274249541
2018,Osnabrück  Stadt,,mittel,%,K03404,30.6000794807259
2018,Wilhelmshaven  Stadt,,mittel,%,K03405,28.3826305852738
2018,Ammerland,,mittel,%,K03451,26.9836639439907
2018,Aurich,,mittel,%,K03452,27.882797731569
2018,Cloppenburg,,mittel,%,K03453,19.2778993435449
2018,Emsland,,mittel,%,K03454,30.1007658202338
2018,Friesland,,mittel,%,K03455,30.8224442736357
2018,Grafschaft Bentheim,,mittel,%,K03456,38.5598141695703
2018,Leer,,mittel,%,K03457,29.6363089870754
2018,Oldenburg,,mittel,%,K03458,25.1013408169629
2018,Osnabrück,,mittel,%,K03459,21.9987623762376
2018,Vechta,,mittel,%,K03460,22.0275089149261
2018,Wesermarsch,,mittel,%,K03461,34.5010183299389
2018,Wittmund,,mittel,%,K03462,22.8070175438596
2018,Stat. Region Weser-Ems,,mittel,%,K034,26.7088479789991
2018,Niedersachsen,,mittel,%,K030,30.4783597305876
2018,Braunschweig  Stadt,,niedrig,%,K03101,23.3732791918392
2018,Salzgitter  Stadt,,niedrig,%,K03102,23.3440662373505
2018,Wolfsburg  Stadt,,niedrig,%,K03103,14.1652444533681
2018,Gifhorn,,niedrig,%,K03151,25.8832279657865
2018,Goslar,,niedrig,%,K03153,23.8595220854453
2018,Helmstedt,,niedrig,%,K03154,21.3137665967855
2018,Northeim,,niedrig,%,K03155,22.4895733076676
2018,Peine,,niedrig,%,K03157,30.3861003861004
2018,Wolfenbüttel,,niedrig,%,K03158,22.5920679886686
2018,Göttingen,,niedrig,%,K03159,23.3398775840166
2018,Stat. Region Braunschweig,,niedrig,%,K031,21.8289210895338
2018,Hannover  Region,,niedrig,%,K03241,26.6386734040282
2018,dav. Hannover  Lhst.,,niedrig,%,K03241001,25.699738467531
2018,dav. Hannover  Umland,,niedrig,%,K03241999,28.3042147862995
2018,Diepholz,,niedrig,%,K03251,23.4939759036145
2018,Hameln-Pyrmont,,niedrig,%,K03252,26.3186514410005
2018,Hildesheim,,niedrig,%,K03254,24.9695916594266
2018,Holzminden,,niedrig,%,K03255,28.5714285714286
2018,Nienburg (Weser),,niedrig,%,K03256,27.3097036606624
2018,Schaumburg,,niedrig,%,K03257,26.2299854439592
2018,Stat. Region Hannover,,niedrig,%,K032,26.3214888312473
2018,Celle,,niedrig,%,K03351,29.086678301338
2018,Cuxhaven,,niedrig,%,K03352,23.7969201154957
2018,Harburg,,niedrig,%,K03353,25.2241035856574
2018,Lüchow-Dannenberg,,niedrig,%,K03354,19.7932053175775
2018,Lüneburg,,niedrig,%,K03355,26.3763352506163
2018,Osterholz,,niedrig,%,K03356,25.4257193188491
2018,Rotenburg (Wümme),,niedrig,%,K03357,22.4625623960067
2018,Heidekreis,,niedrig,%,K03358,20.8585725572821
2018,Stade,,niedrig,%,K03359,20.6560636182903
2018,Uelzen,,niedrig,%,K03360,19.5329087048832
2018,Verden,,niedrig,%,K03361,25.9503755975415
2018,Stat. Region Lüneburg,,niedrig,%,K033,24.0675756968117
2018,Delmenhorst  Stadt,,niedrig,%,K03401,27.1236086701816
2018,Emden  Stadt,,niedrig,%,K03402,26.495278069255
2018,Oldenburg(Oldb)  Stadt,,niedrig,%,K03403,27.1799060649377
2018,Osnabrück  Stadt,,niedrig,%,K03404,30.8120280831898
2018,Wilhelmshaven  Stadt,,niedrig,%,K03405,27.3757079924481
2018,Ammerland,,niedrig,%,K03451,23.0455075845974
2018,Aurich,,niedrig,%,K03452,23.2986767485822
2018,Cloppenburg,,niedrig,%,K03453,26.8271334792123
2018,Emsland,,niedrig,%,K03454,20.2337767029424
2018,Friesland,,niedrig,%,K03455,20.1383551114527
2018,Grafschaft Bentheim,,niedrig,%,K03456,20.5962059620596
2018,Leer,,niedrig,%,K03457,15.419296663661
2018,Oldenburg,,niedrig,%,K03458,25.1948861864671
2018,Osnabrück,,niedrig,%,K03459,24.0779702970297
2018,Vechta,,niedrig,%,K03460,25.6749872643912
2018,Wesermarsch,,niedrig,%,K03461,19.6334012219959
2018,Wittmund,,niedrig,%,K03462,16.0233918128655
2018,Stat. Region Weser-Ems,,niedrig,%,K034,24.0915872962452
2018,Niedersachsen,,niedrig,%,K030,24.364137304858
2018,Braunschweig  Stadt,,unbekannt,%,K03101,25.3936812914727
2018,Salzgitter  Stadt,,unbekannt,%,K03102,27.5528978840846
2018,Wolfsburg  Stadt,,unbekannt,%,K03103,29.8865575745407
2018,Gifhorn,,unbekannt,%,K03151,31.8333953142432
2018,Goslar,,unbekannt,%,K03153,27.7335264301231
2018,Helmstedt,,unbekannt,%,K03154,23.6198462613557
2018,Northeim,,unbekannt,%,K03155,24.0295155598332
2018,Peine,,unbekannt,%,K03157,29.4208494208494
2018,Wolfenbüttel,,unbekannt,%,K03158,25.070821529745
2018,Göttingen,,unbekannt,%,K03159,18.2238133733687
2018,Stat. Region Braunschweig,,unbekannt,%,K031,25.7978158330855
2018,Hannover  Region,,unbekannt,%,K03241,28.1029819941641
2018,dav. Hannover  Lhst.,,unbekannt,%,K03241001,26.581714985254
2018,dav. Hannover  Umland,,unbekannt,%,K03241999,30.8015003454743
2018,Diepholz,,unbekannt,%,K03251,37.4734231041814
2018,Hameln-Pyrmont,,unbekannt,%,K03252,25.4486133768352
2018,Hildesheim,,unbekannt,%,K03254,23.892267593397
2018,Holzminden,,unbekannt,%,K03255,25.1587301587302
2018,Nienburg (Weser),,unbekannt,%,K03256,40.1801278326554
2018,Schaumburg,,unbekannt,%,K03257,22.1542940320233
2018,Stat. Region Hannover,,unbekannt,%,K032,28.5602760079579
2018,Celle,,unbekannt,%,K03351,24.1419429901105
2018,Cuxhaven,,unbekannt,%,K03352,40.9528392685274
2018,Harburg,,unbekannt,%,K03353,39.8032868525896
2018,Lüchow-Dannenberg,,unbekannt,%,K03354,42.5406203840473
2018,Lüneburg,,unbekannt,%,K03355,28.2114489181046
2018,Osterholz,,unbekannt,%,K03356,31.238990017616
2018,Rotenburg (Wümme),,unbekannt,%,K03357,34.026622296173
2018,Heidekreis,,unbekannt,%,K03358,34.9749802475639
2018,Stade,,unbekannt,%,K03359,46.2823061630219
2018,Uelzen,,unbekannt,%,K03360,31.1394196744515
2018,Verden,,unbekannt,%,K03361,39.6312315046665
2018,Stat. Region Lüneburg,,unbekannt,%,K033,36.7029276117907
2018,Delmenhorst  Stadt,,unbekannt,%,K03401,33.684827182191
2018,Emden  Stadt,,unbekannt,%,K03402,28.6463798530955
2018,Oldenburg(Oldb)  Stadt,,unbekannt,%,K03403,27.5474780477844
2018,Osnabrück  Stadt,,unbekannt,%,K03404,27.5930586832693
2018,Wilhelmshaven  Stadt,,unbekannt,%,K03405,30.4594084329767
2018,Ammerland,,unbekannt,%,K03451,44.1656942823804
2018,Aurich,,unbekannt,%,K03452,40.5718336483932
2018,Cloppenburg,,unbekannt,%,K03453,50.9846827133479
2018,Emsland,,unbekannt,%,K03454,43.1277710600564
2018,Friesland,,unbekannt,%,K03455,37.2021521906226
2018,Grafschaft Bentheim,,unbekannt,%,K03456,34.2624854819977
2018,Leer,,unbekannt,%,K03457,46.3180042079952
2018,Oldenburg,,unbekannt,%,K03458,45.4942313688806
2018,Osnabrück,,unbekannt,%,K03459,49.9257425742574
2018,Vechta,,unbekannt,%,K03460,48.1406011207336
2018,Wesermarsch,,unbekannt,%,K03461,40.20366598778
2018,Wittmund,,unbekannt,%,K03462,55.2046783625731
2018,Stat. Region Weser-Ems,,unbekannt,%,K034,42.3877315204344
2018,Niedersachsen,,unbekannt,%,K030,34.1465800977618
2017,Braunschweig  Stadt,,hoch,%,K03101,22.1200708905627
2017,Salzgitter  Stadt,,hoch,%,K03102,22.3535328136787
2017,Wolfsburg  Stadt,,hoch,%,K03103,12.8119055611503
2017,Gifhorn,,hoch,%,K03151,24.8868778280543
2017,Goslar,,hoch,%,K03153,22.2453222453222
2017,Helmstedt,,hoch,%,K03154,20.2316602316602
2017,Northeim,,hoch,%,K03155,20.0075216246709
2017,Peine,,hoch,%,K03157,30.2906448683015
2017,Wolfenbüttel,,hoch,%,K03158,21.039603960396
2017,Göttingen,,hoch,%,K03159,23.5921830804834
2017,Stat. Region Braunschweig,,hoch,%,K031,20.8043125655949
2017,Hannover  Region,,hoch,%,K03241,25.5199112892244
2017,dav. Hannover  Lhst.,,hoch,%,K03241001,24.8861641022589
2017,dav. Hannover  Umland,,hoch,%,K03241999,26.7160993146837
2017,Diepholz,,hoch,%,K03251,21.57555601746
2017,Hameln-Pyrmont,,hoch,%,K03252,23.394495412844
2017,Hildesheim,,hoch,%,K03254,24.1871530531324
2017,Holzminden,,hoch,%,K03255,27.1139705882353
2017,Nienburg (Weser),,hoch,%,K03256,26.7241379310345
2017,Schaumburg,,hoch,%,K03257,25.354012137559
2017,Stat. Region Hannover,,hoch,%,K032,25.1242105263158
2017,Celle,,hoch,%,K03351,28.5200914733747
2017,Cuxhaven,,hoch,%,K03352,23.0299814274343
2017,Harburg,,hoch,%,K03353,19.2962724935733
2017,Lüchow-Dannenberg,,hoch,%,K03354,16.5137614678899
2017,Lüneburg,,hoch,%,K03355,22.656
2017,Osterholz,,hoch,%,K03356,23.2059020791415
2017,Rotenburg (Wümme),,hoch,%,K03357,19.3384982121573
2017,Heidekreis,,hoch,%,K03358,21.1246200607903
2017,Stade,,hoch,%,K03359,18.3650863978733
2017,Uelzen,,hoch,%,K03360,17.8313253012048
2017,Verden,,hoch,%,K03361,25.2135645871085
2017,Stat. Region Lüneburg,,hoch,%,K033,21.6032608695652
2017,Delmenhorst  Stadt,,hoch,%,K03401,26.4322916666667
2017,Emden  Stadt,,hoch,%,K03402,23.874151758174
2017,Oldenburg(Oldb)  Stadt,,hoch,%,K03403,23.9897816999536
2017,Osnabrück  Stadt,,hoch,%,K03404,29.2759856630824
2017,Wilhelmshaven  Stadt,,hoch,%,K03405,22.682119205298
2017,Ammerland,,hoch,%,K03451,22.80163599182
2017,Aurich,,hoch,%,K03452,22.1911540416878
2017,Cloppenburg,,hoch,%,K03453,25.4036326942482
2017,Emsland,,hoch,%,K03454,19.2045035068291
2017,Friesland,,hoch,%,K03455,18.7554776511832
2017,Grafschaft Bentheim,,hoch,%,K03456,18.5403923222949
2017,Leer,,hoch,%,K03457,15.69176882662
2017,Oldenburg,,hoch,%,K03458,23.5485034258925
2017,Osnabrück,,hoch,%,K03459,24.6732730145052
2017,Vechta,,hoch,%,K03460,24.6529705719045
2017,Wesermarsch,,hoch,%,K03461,18.4198000951928
2017,Wittmund,,hoch,%,K03462,14.1073657927591
2017,Stat. Region Weser-Ems,,hoch,%,K034,23.0587247681917
2017,Niedersachsen,,hoch,%,K030,23.0689041331879
2017,Braunschweig  Stadt,,mittel,%,K03101,29.4638901196278
2017,Salzgitter  Stadt,,mittel,%,K03102,42.1674629117425
2017,Wolfsburg  Stadt,,mittel,%,K03103,34.2508671813808
2017,Gifhorn,,mittel,%,K03151,28.6301933360757
2017,Goslar,,mittel,%,K03153,30.7276507276507
2017,Helmstedt,,mittel,%,K03154,41.8532818532819
2017,Northeim,,mittel,%,K03155,47.2734110567883
2017,Peine,,mittel,%,K03157,34.8319709355132
2017,Wolfenbüttel,,mittel,%,K03158,40.7590759075908
2017,Göttingen,,mittel,%,K03159,29.6220107996914
2017,Stat. Region Braunschweig,,mittel,%,K031,33.8636580478962
2017,Hannover  Region,,mittel,%,K03241,33.0136373363422
2017,dav. Hannover  Lhst.,,mittel,%,K03241001,32.0466652778191
2017,dav. Hannover  Umland,,mittel,%,K03241999,34.8387821593079
2017,Diepholz,,mittel,%,K03251,33.2571191020578
2017,Hameln-Pyrmont,,mittel,%,K03252,37.7675840978593
2017,Hildesheim,,mittel,%,K03254,37.390959555908
2017,Holzminden,,mittel,%,K03255,35.2022058823529
2017,Nienburg (Weser),,mittel,%,K03256,27.023988005997
2017,Schaumburg,,mittel,%,K03257,43.391773432232
2017,Stat. Region Hannover,,mittel,%,K032,33.799298245614
2017,Celle,,mittel,%,K03351,33.3224436458674
2017,Cuxhaven,,mittel,%,K03352,27.8057840275935
2017,Harburg,,mittel,%,K03353,29.1613110539846
2017,Lüchow-Dannenberg,,mittel,%,K03354,30.1223241590214
2017,Lüneburg,,mittel,%,K03355,33.472
2017,Osterholz,,mittel,%,K03356,33.9369550637156
2017,Rotenburg (Wümme),,mittel,%,K03357,37.2169249106079
2017,Heidekreis,,mittel,%,K03358,35.7750759878419
2017,Stade,,mittel,%,K03359,25.9636685866194
2017,Uelzen,,mittel,%,K03360,32.6907630522088
2017,Verden,,mittel,%,K03361,27.4398136163603
2017,Stat. Region Lüneburg,,mittel,%,K033,30.9233348751156
2017,Delmenhorst  Stadt,,mittel,%,K03401,30.2734375
2017,Emden  Stadt,,mittel,%,K03402,38.4330660086366
2017,Oldenburg(Oldb)  Stadt,,mittel,%,K03403,27.519739897817
2017,Osnabrück  Stadt,,mittel,%,K03404,31.9139784946237
2017,Wilhelmshaven  Stadt,,mittel,%,K03405,34.3543046357616
2017,Ammerland,,mittel,%,K03451,26.3803680981595
2017,Aurich,,mittel,%,K03452,29.5882053889171
2017,Cloppenburg,,mittel,%,K03453,18.5923309788093
2017,Emsland,,mittel,%,K03454,29.3466223698782
2017,Friesland,,mittel,%,K03455,29.6231375985977
2017,Grafschaft Bentheim,,mittel,%,K03456,40.5821556633622
2017,Leer,,mittel,%,K03457,33.7302977232925
2017,Oldenburg,,mittel,%,K03458,26.4334655607645
2017,Osnabrück,,mittel,%,K03459,23.6176935229068
2017,Vechta,,mittel,%,K03460,21.787895613548
2017,Wesermarsch,,mittel,%,K03461,36.2208472156116
2017,Wittmund,,mittel,%,K03462,21.9725343320849
2017,Stat. Region Weser-Ems,,mittel,%,K034,27.5397158519988
2017,Niedersachsen,,mittel,%,K030,31.1979044733134
2017,Braunschweig  Stadt,,niedrig,%,K03101,22.4412937527692
2017,Salzgitter  Stadt,,niedrig,%,K03102,7.0656273573045
2017,Wolfsburg  Stadt,,niedrig,%,K03103,22.1438961620231
2017,Gifhorn,,niedrig,%,K03151,14.6441793500617
2017,Goslar,,niedrig,%,K03153,17.962577962578
2017,Helmstedt,,niedrig,%,K03154,14.0540540540541
2017,Northeim,,niedrig,%,K03155,8.31139526137646
2017,Peine,,niedrig,%,K03157,6.44868301544051
2017,Wolfenbüttel,,niedrig,%,K03158,11.1386138613861
2017,Göttingen,,niedrig,%,K03159,28.9920287991772
2017,Stat. Region Braunschweig,,niedrig,%,K031,19.1036160671692
2017,Hannover  Region,,niedrig,%,K03241,12.528451646791
2017,dav. Hannover  Lhst.,,niedrig,%,K03241001,15.2138329216392
2017,dav. Hannover  Umland,,niedrig,%,K03241999,7.45983597348613
2017,Diepholz,,niedrig,%,K03251,7.69070879235086
2017,Hameln-Pyrmont,,niedrig,%,K03252,10.7339449541284
2017,Hildesheim,,niedrig,%,K03254,15.0277557494052
2017,Holzminden,,niedrig,%,K03255,11.1213235294118
2017,Nienburg (Weser),,niedrig,%,K03256,6.78410794602699
2017,Schaumburg,,niedrig,%,K03257,7.48482805124747
2017,Stat. Region Hannover,,niedrig,%,K032,11.8498245614035
2017,Celle,,niedrig,%,K03351,14.2763802678863
2017,Cuxhaven,,niedrig,%,K03352,6.63305916688777
2017,Harburg,,niedrig,%,K03353,6.08933161953727
2017,Lüchow-Dannenberg,,niedrig,%,K03354,8.56269113149847
2017,Lüneburg,,niedrig,%,K03355,14.56
2017,Osterholz,,niedrig,%,K03356,10.3957075788062
2017,Rotenburg (Wümme),,niedrig,%,K03357,8.90941597139452
2017,Heidekreis,,niedrig,%,K03358,7.53799392097264
2017,Stade,,niedrig,%,K03359,7.99734160389898
2017,Uelzen,,niedrig,%,K03360,16.6265060240964
2017,Verden,,niedrig,%,K03361,9.24152213305721
2017,Stat. Region Lüneburg,,niedrig,%,K033,9.2622571692877
2017,Delmenhorst  Stadt,,niedrig,%,K03401,8.984375
2017,Emden  Stadt,,niedrig,%,K03402,9.87045033929673
2017,Oldenburg(Oldb)  Stadt,,niedrig,%,K03403,18.2535996284255
2017,Osnabrück  Stadt,,niedrig,%,K03404,10.2652329749104
2017,Wilhelmshaven  Stadt,,niedrig,%,K03405,14.9834437086093
2017,Ammerland,,niedrig,%,K03451,5.58963871847307
2017,Aurich,,niedrig,%,K03452,8.46466700559227
2017,Cloppenburg,,niedrig,%,K03453,2.90110998990918
2017,Emsland,,niedrig,%,K03454,6.71834625322997
2017,Friesland,,niedrig,%,K03455,11.8317265556529
2017,Grafschaft Bentheim,,niedrig,%,K03456,6.30668635309007
2017,Leer,,niedrig,%,K03457,9.35201401050788
2017,Oldenburg,,niedrig,%,K03458,4.50775333573747
2017,Osnabrück,,niedrig,%,K03459,4.31566853367801
2017,Vechta,,niedrig,%,K03460,3.96446418656302
2017,Wesermarsch,,niedrig,%,K03461,6.09233698238934
2017,Wittmund,,niedrig,%,K03462,6.11735330836454
2017,Stat. Region Weser-Ems,,niedrig,%,K034,6.86457816613882
2017,Niedersachsen,,niedrig,%,K030,11.0664481617761
2017,Braunschweig  Stadt,,unbekannt,%,K03101,25.9747452370403
2017,Salzgitter  Stadt,,unbekannt,%,K03102,28.4133769172743
2017,Wolfsburg  Stadt,,unbekannt,%,K03103,30.7933310954459
2017,Gifhorn,,unbekannt,%,K03151,31.8387494858083
2017,Goslar,,unbekannt,%,K03153,29.0644490644491
2017,Helmstedt,,unbekannt,%,K03154,23.8610038610039
2017,Northeim,,unbekannt,%,K03155,24.4076720571643
2017,Peine,,unbekannt,%,K03157,28.4287011807448
2017,Wolfenbüttel,,unbekannt,%,K03158,27.0627062706271
2017,Göttingen,,unbekannt,%,K03159,17.793777320648
2017,Stat. Region Braunschweig,,unbekannt,%,K031,26.2284133193398
2017,Hannover  Region,,unbekannt,%,K03241,28.9379997276424
2017,dav. Hannover  Lhst.,,unbekannt,%,K03241001,27.8533376982828
2017,dav. Hannover  Umland,,unbekannt,%,K03241999,30.9852825525222
2017,Diepholz,,unbekannt,%,K03251,37.4766160881314
2017,Hameln-Pyrmont,,unbekannt,%,K03252,28.1039755351682
2017,Hildesheim,,unbekannt,%,K03254,23.3941316415543
2017,Holzminden,,unbekannt,%,K03255,26.5625
2017,Nienburg (Weser),,unbekannt,%,K03256,39.4677661169415
2017,Schaumburg,,unbekannt,%,K03257,23.7693863789616
2017,Stat. Region Hannover,,unbekannt,%,K032,29.2266666666667
2017,Celle,,unbekannt,%,K03351,23.8810846128716
2017,Cuxhaven,,unbekannt,%,K03352,42.5311753780844
2017,Harburg,,unbekannt,%,K03353,45.4530848329049
2017,Lüchow-Dannenberg,,unbekannt,%,K03354,44.8012232415902
2017,Lüneburg,,unbekannt,%,K03355,29.312
2017,Osterholz,,unbekannt,%,K03356,32.4614352783367
2017,Rotenburg (Wümme),,unbekannt,%,K03357,34.5351609058403
2017,Heidekreis,,unbekannt,%,K03358,35.5623100303951
2017,Stade,,unbekannt,%,K03359,47.6739034116083
2017,Uelzen,,unbekannt,%,K03360,32.85140562249
2017,Verden,,unbekannt,%,K03361,38.105099663474
2017,Stat. Region Lüneburg,,unbekannt,%,K033,38.2111470860315
2017,Delmenhorst  Stadt,,unbekannt,%,K03401,34.3098958333333
2017,Emden  Stadt,,unbekannt,%,K03402,27.8223318938927
2017,Oldenburg(Oldb)  Stadt,,unbekannt,%,K03403,30.236878773804
2017,Osnabrück  Stadt,,unbekannt,%,K03404,28.5448028673835
2017,Wilhelmshaven  Stadt,,unbekannt,%,K03405,27.9801324503311
2017,Ammerland,,unbekannt,%,K03451,45.2283571915474
2017,Aurich,,unbekannt,%,K03452,39.7559735638027
2017,Cloppenburg,,unbekannt,%,K03453,53.1029263370333
2017,Emsland,,unbekannt,%,K03454,44.7305278700628
2017,Friesland,,unbekannt,%,K03455,39.7896581945662
2017,Grafschaft Bentheim,,unbekannt,%,K03456,34.5707656612529
2017,Leer,,unbekannt,%,K03457,41.2259194395797
2017,Oldenburg,,unbekannt,%,K03458,45.5102776776055
2017,Osnabrück,,unbekannt,%,K03459,47.39336492891
2017,Vechta,,unbekannt,%,K03460,49.5946696279845
2017,Wesermarsch,,unbekannt,%,K03461,39.2670157068063
2017,Wittmund,,unbekannt,%,K03462,57.8027465667915
2017,Stat. Region Weser-Ems,,unbekannt,%,K034,42.5369812136707
2017,Niedersachsen,,unbekannt,%,K030,34.6667432317227
2016,Braunschweig  Stadt,,hoch,%,K03101,20.3244874858508
2016,Salzgitter  Stadt,,hoch,%,K03102,22.6685006877579
2016,Wolfsburg  Stadt,,hoch,%,K03103,12.5904652498564
2016,Gifhorn,,hoch,%,K03151,25.2479711451758
2016,Goslar,,hoch,%,K03153,20.8255159474672
2016,Helmstedt,,hoch,%,K03154,24.7099767981439
2016,Northeim,,hoch,%,K03155,16.8185584092792
2016,Peine,,hoch,%,K03157,28.2253817798842
2016,Wolfenbüttel,,hoch,%,K03158,19.40441882805
2016,Göttingen,,hoch,%,K03159,23.3777154870357
2016,Stat. Region Braunschweig,,hoch,%,K031,19.9120867551063
2016,Hannover  Region,,hoch,%,K03241,25.2265059729678
2016,dav. Hannover  Lhst.,,hoch,%,K03241001,24.7491211249601
2016,dav. Hannover  Umland,,hoch,%,K03241999,26.169581412968
2016,Diepholz,,hoch,%,K03251,20.0885173346447
2016,Hameln-Pyrmont,,hoch,%,K03252,22.7588488256699
2016,Hildesheim,,hoch,%,K03254,24.3011722272317
2016,Holzminden,,hoch,%,K03255,28.8775510204082
2016,Nienburg (Weser),,hoch,%,K03256,26.5161020493517
2016,Schaumburg,,hoch,%,K03257,24.7161241483724
2016,Stat. Region Hannover,,hoch,%,K032,24.8067050163914
2016,Celle,,hoch,%,K03351,27.0939548434086
2016,Cuxhaven,,hoch,%,K03352,21.6750221173695
2016,Harburg,,hoch,%,K03353,19.599025669852
2016,Lüchow-Dannenberg,,hoch,%,K03354,12.0921305182342
2016,Lüneburg,,hoch,%,K03355,21.712204007286
2016,Osterholz,,hoch,%,K03356,24.6782740348221
2016,Rotenburg (Wümme),,hoch,%,K03357,16.8230563002681
2016,Heidekreis,,hoch,%,K03358,21.1908931698774
2016,Stade,,hoch,%,K03359,15.6676695209442
2016,Uelzen,,hoch,%,K03360,17.9775280898876
2016,Verden,,hoch,%,K03361,25.585640401582
2016,Stat. Region Lüneburg,,hoch,%,K033,20.6927001569859
2016,Delmenhorst  Stadt,,hoch,%,K03401,26.8888888888889
2016,Emden  Stadt,,hoch,%,K03402,22.7453580901857
2016,Oldenburg(Oldb)  Stadt,,hoch,%,K03403,21.9621251972646
2016,Osnabrück  Stadt,,hoch,%,K03404,27.6098473044562
2016,Wilhelmshaven  Stadt,,hoch,%,K03405,22.6643598615917
2016,Ammerland,,hoch,%,K03451,19.501625135428
2016,Aurich,,hoch,%,K03452,20.8247422680412
2016,Cloppenburg,,hoch,%,K03453,25.5256723716381
2016,Emsland,,hoch,%,K03454,16.9222577209798
2016,Friesland,,hoch,%,K03455,17.3387096774194
2016,Grafschaft Bentheim,,hoch,%,K03456,17.4059139784946
2016,Leer,,hoch,%,K03457,15.3505237711523
2016,Oldenburg,,hoch,%,K03458,21.7446808510638
2016,Osnabrück,,hoch,%,K03459,25.6683147573955
2016,Vechta,,hoch,%,K03460,25.8717795086878
2016,Wesermarsch,,hoch,%,K03461,18.2162162162162
2016,Wittmund,,hoch,%,K03462,11.3372093023256
2016,Stat. Region Weser-Ems,,hoch,%,K034,22.3897895026584
2016,Niedersachsen,,hoch,%,K030,22.4405847831783
2016,Braunschweig  Stadt,,mittel,%,K03101,31.1407370142121
2016,Salzgitter  Stadt,,mittel,%,K03102,43.4662998624484
2016,Wolfsburg  Stadt,,mittel,%,K03103,33.6588167719701
2016,Gifhorn,,mittel,%,K03151,28.6744815148783
2016,Goslar,,mittel,%,K03153,32.5515947467167
2016,Helmstedt,,mittel,%,K03154,35.1508120649652
2016,Northeim,,mittel,%,K03155,49.0886495443248
2016,Peine,,mittel,%,K03157,36.3875724065297
2016,Wolfenbüttel,,mittel,%,K03158,42.4591738712776
2016,Göttingen,,mittel,%,K03159,29.9649614576034
2016,Stat. Region Braunschweig,,mittel,%,K031,34.4151400294799
2016,Hannover  Region,,mittel,%,K03241,33.2746292091918
2016,dav. Hannover  Lhst.,,mittel,%,K03241001,32.3362096516459
2016,dav. Hannover  Umland,,mittel,%,K03241999,35.1284803333544
2016,Diepholz,,mittel,%,K03251,32.5792967789525
2016,Hameln-Pyrmont,,mittel,%,K03252,39.0340721137942
2016,Hildesheim,,mittel,%,K03254,38.2326420198377
2016,Holzminden,,mittel,%,K03255,35.8163265306122
2016,Nienburg (Weser),,mittel,%,K03256,27.603513174404
2016,Schaumburg,,mittel,%,K03257,42.9220287660863
2016,Stat. Region Hannover,,mittel,%,K032,34.0632151914393
2016,Celle,,mittel,%,K03351,34.7050254916242
2016,Cuxhaven,,mittel,%,K03352,29.1064582718962
2016,Harburg,,mittel,%,K03353,28.5928424208357
2016,Lüchow-Dannenberg,,mittel,%,K03354,28.4069097888676
2016,Lüneburg,,mittel,%,K03355,34.2440801457195
2016,Osterholz,,mittel,%,K03356,33.2323996971991
2016,Rotenburg (Wümme),,mittel,%,K03357,40.2144772117962
2016,Heidekreis,,mittel,%,K03358,36.8126094570928
2016,Stade,,mittel,%,K03359,24.3693589446887
2016,Uelzen,,mittel,%,K03360,35.0187265917603
2016,Verden,,mittel,%,K03361,29.3276543961059
2016,Stat. Region Lüneburg,,mittel,%,K033,31.511643118786
2016,Delmenhorst  Stadt,,mittel,%,K03401,29.4074074074074
2016,Emden  Stadt,,mittel,%,K03402,40.3183023872679
2016,Oldenburg(Oldb)  Stadt,,mittel,%,K03403,28.4850078905839
2016,Osnabrück  Stadt,,mittel,%,K03404,32.7672172016204
2016,Wilhelmshaven  Stadt,,mittel,%,K03405,34.2560553633218
2016,Ammerland,,mittel,%,K03451,25.3159985554352
2016,Aurich,,mittel,%,K03452,30.0441826215022
2016,Cloppenburg,,mittel,%,K03453,20.6030969845151
2016,Emsland,,mittel,%,K03454,29.8615548455804
2016,Friesland,,mittel,%,K03455,30.0403225806452
2016,Grafschaft Bentheim,,mittel,%,K03456,39.2025089605735
2016,Leer,,mittel,%,K03457,32.8767123287671
2016,Oldenburg,,mittel,%,K03458,25.1914893617021
2016,Osnabrück,,mittel,%,K03459,24.0090505321378
2016,Vechta,,mittel,%,K03460,20
2016,Wesermarsch,,mittel,%,K03461,37.5675675675676
2016,Wittmund,,mittel,%,K03462,21.3662790697674
2016,Stat. Region Weser-Ems,,mittel,%,K034,27.8267924145624
2016,Niedersachsen,,mittel,%,K030,31.6152731839239
2016,Braunschweig  Stadt,,niedrig,%,K03101,22.2865048421582
2016,Salzgitter  Stadt,,niedrig,%,K03102,7.09766162310867
2016,Wolfsburg  Stadt,,niedrig,%,K03103,22.2400919012062
2016,Gifhorn,,niedrig,%,K03151,15.3291253381425
2016,Goslar,,niedrig,%,K03153,18.6679174484053
2016,Helmstedt,,niedrig,%,K03154,15.8932714617169
2016,Northeim,,niedrig,%,K03155,8.74067937033968
2016,Peine,,niedrig,%,K03157,6.68773038441285
2016,Wolfenbüttel,,niedrig,%,K03158,10.1825168107589
2016,Göttingen,,niedrig,%,K03159,27.4982480728802
2016,Stat. Region Braunschweig,,niedrig,%,K031,19.0750684354601
2016,Hannover  Region,,niedrig,%,K03241,12.3766682934075
2016,dav. Hannover  Lhst.,,niedrig,%,K03241001,14.9888143176734
2016,dav. Hannover  Umland,,niedrig,%,K03241999,7.21636466948671
2016,Diepholz,,niedrig,%,K03251,7.9419719695107
2016,Hameln-Pyrmont,,niedrig,%,K03252,11.1478663579226
2016,Hildesheim,,niedrig,%,K03254,14.3372407574391
2016,Holzminden,,niedrig,%,K03255,12.2448979591837
2016,Nienburg (Weser),,niedrig,%,K03256,5.77164366373902
2016,Schaumburg,,niedrig,%,K03257,7.98637395912188
2016,Stat. Region Hannover,,niedrig,%,K032,11.7492422836643
2016,Celle,,niedrig,%,K03351,14.5666423889294
2016,Cuxhaven,,niedrig,%,K03352,6.75317015629608
2016,Harburg,,niedrig,%,K03353,5.56492411467116
2016,Lüchow-Dannenberg,,niedrig,%,K03354,8.25335892514395
2016,Lüneburg,,niedrig,%,K03355,14.2440801457195
2016,Osterholz,,niedrig,%,K03356,8.40272520817562
2016,Rotenburg (Wümme),,niedrig,%,K03357,8.81367292225201
2016,Heidekreis,,niedrig,%,K03358,7.88091068301226
2016,Stade,,niedrig,%,K03359,7.42883591761166
2016,Uelzen,,niedrig,%,K03360,16.2921348314607
2016,Verden,,niedrig,%,K03361,10.4958929114694
2016,Stat. Region Lüneburg,,niedrig,%,K033,9.15423861852433
2016,Delmenhorst  Stadt,,niedrig,%,K03401,8.66666666666667
2016,Emden  Stadt,,niedrig,%,K03402,9.01856763925729
2016,Oldenburg(Oldb)  Stadt,,niedrig,%,K03403,17.6486059968438
2016,Osnabrück  Stadt,,niedrig,%,K03404,10.0966033032097
2016,Wilhelmshaven  Stadt,,niedrig,%,K03405,14.3598615916955
2016,Ammerland,,niedrig,%,K03451,5.48934633441676
2016,Aurich,,niedrig,%,K03452,8.36524300441826
2016,Cloppenburg,,niedrig,%,K03453,3.34148329258354
2016,Emsland,,niedrig,%,K03454,6.98615548455804
2016,Friesland,,niedrig,%,K03455,12.2983870967742
2016,Grafschaft Bentheim,,niedrig,%,K03456,6.25
2016,Leer,,niedrig,%,K03457,9.709911361805
2016,Oldenburg,,niedrig,%,K03458,4.38297872340426
2016,Osnabrück,,niedrig,%,K03459,4.34090337718931
2016,Vechta,,niedrig,%,K03460,3.9185140802876
2016,Wesermarsch,,niedrig,%,K03461,5.51351351351351
2016,Wittmund,,niedrig,%,K03462,6.1046511627907
2016,Stat. Region Weser-Ems,,niedrig,%,K034,6.90889072391963
2016,Niedersachsen,,niedrig,%,K030,11.081117159342
2016,Braunschweig  Stadt,,unbekannt,%,K03101,26.2482706577789
2016,Salzgitter  Stadt,,unbekannt,%,K03102,26.767537826685
2016,Wolfsburg  Stadt,,unbekannt,%,K03103,31.5106260769673
2016,Gifhorn,,unbekannt,%,K03151,30.7484220018034
2016,Goslar,,unbekannt,%,K03153,27.9549718574109
2016,Helmstedt,,unbekannt,%,K03154,24.245939675174
2016,Northeim,,unbekannt,%,K03155,25.3521126760563
2016,Peine,,unbekannt,%,K03157,28.6993154291733
2016,Wolfenbüttel,,unbekannt,%,K03158,27.9538904899135
2016,Göttingen,,unbekannt,%,K03159,19.1590749824807
2016,Stat. Region Braunschweig,,unbekannt,%,K031,26.5977047799537
2016,Hannover  Region,,unbekannt,%,K03241,29.1221965244329
2016,dav. Hannover  Lhst.,,unbekannt,%,K03241001,27.9258549057207
2016,dav. Hannover  Umland,,unbekannt,%,K03241999,31.4855735841909
2016,Diepholz,,unbekannt,%,K03251,39.3902139168921
2016,Hameln-Pyrmont,,unbekannt,%,K03252,27.0592127026133
2016,Hildesheim,,unbekannt,%,K03254,23.1289449954914
2016,Holzminden,,unbekannt,%,K03255,23.0612244897959
2016,Nienburg (Weser),,unbekannt,%,K03256,40.1087411125052
2016,Schaumburg,,unbekannt,%,K03257,24.3754731264194
2016,Stat. Region Hannover,,unbekannt,%,K032,29.380837508505
2016,Celle,,unbekannt,%,K03351,23.6343772760379
2016,Cuxhaven,,unbekannt,%,K03352,42.4653494544382
2016,Harburg,,unbekannt,%,K03353,46.2432077946412
2016,Lüchow-Dannenberg,,unbekannt,%,K03354,51.2476007677543
2016,Lüneburg,,unbekannt,%,K03355,29.799635701275
2016,Osterholz,,unbekannt,%,K03356,33.6866010598032
2016,Rotenburg (Wümme),,unbekannt,%,K03357,34.1487935656836
2016,Heidekreis,,unbekannt,%,K03358,34.1155866900175
2016,Stade,,unbekannt,%,K03359,52.5341356167554
2016,Uelzen,,unbekannt,%,K03360,30.7116104868914
2016,Verden,,unbekannt,%,K03361,34.5908122908427
2016,Stat. Region Lüneburg,,unbekannt,%,K033,38.6414181057038
2016,Delmenhorst  Stadt,,unbekannt,%,K03401,35.037037037037
2016,Emden  Stadt,,unbekannt,%,K03402,27.9177718832891
2016,Oldenburg(Oldb)  Stadt,,unbekannt,%,K03403,31.9042609153077
2016,Osnabrück  Stadt,,unbekannt,%,K03404,29.5263321907136
2016,Wilhelmshaven  Stadt,,unbekannt,%,K03405,28.719723183391
2016,Ammerland,,unbekannt,%,K03451,49.6930299747201
2016,Aurich,,unbekannt,%,K03452,40.7658321060383
2016,Cloppenburg,,unbekannt,%,K03453,50.5297473512632
2016,Emsland,,unbekannt,%,K03454,46.2300319488818
2016,Friesland,,unbekannt,%,K03455,40.3225806451613
2016,Grafschaft Bentheim,,unbekannt,%,K03456,37.1415770609319
2016,Leer,,unbekannt,%,K03457,42.0628525382756
2016,Oldenburg,,unbekannt,%,K03458,48.6808510638298
2016,Osnabrück,,unbekannt,%,K03459,45.9817313332775
2016,Vechta,,unbekannt,%,K03460,50.2097064110246
2016,Wesermarsch,,unbekannt,%,K03461,38.7027027027027
2016,Wittmund,,unbekannt,%,K03462,61.1918604651163
2016,Stat. Region Weser-Ems,,unbekannt,%,K034,42.8745273588596
2016,Niedersachsen,,unbekannt,%,K030,34.8630248735557
2015,Braunschweig  Stadt,,hoch,%,K03101,22.5643820684017
2015,Salzgitter  Stadt,,hoch,%,K03102,6.37426900584795
2015,Wolfsburg  Stadt,,hoch,%,K03103,22.4650880388585
2015,Gifhorn,,hoch,%,K03151,15.8707865168539
2015,Goslar,,hoch,%,K03153,19.5939086294416
2015,Helmstedt,,hoch,%,K03154,14.6067415730337
2015,Northeim,,hoch,%,K03155,8.96686159844054
2015,Peine,,hoch,%,K03157,6.25390869293308
2015,Wolfenbüttel,,hoch,%,K03158,10.9604519774011
2015,Göttingen,,hoch,%,K03159,27.5845640781324
2015,Stat. Region Braunschweig,,hoch,%,K031,19.2553037956415
2015,Hannover  Region,,hoch,%,K03241,11.7689767430967
2015,dav. Hannover  Lhst.,,hoch,%,K03241001,14.2987090228457
2015,dav. Hannover  Umland,,hoch,%,K03241999,6.64588351990931
2015,Diepholz,,hoch,%,K03251,7.85506479767257
2015,Hameln-Pyrmont,,hoch,%,K03252,10.8040201005025
2015,Hildesheim,,hoch,%,K03254,14.4593895499224
2015,Holzminden,,hoch,%,K03255,12.2209165687427
2015,Nienburg (Weser),,hoch,%,K03256,5.54465161923454
2015,Schaumburg,,hoch,%,K03257,7.6219512195122
2015,Stat. Region Hannover,,hoch,%,K032,11.2732573094401
2015,Celle,,hoch,%,K03351,14.4944252210688
2015,Cuxhaven,,hoch,%,K03352,6.2415196743555
2015,Harburg,,hoch,%,K03353,5.48862115127175
2015,Lüchow-Dannenberg,,hoch,%,K03354,5.56438791732909
2015,Lüneburg,,hoch,%,K03355,14.9415331312256
2015,Osterholz,,hoch,%,K03356,7.9696394686907
2015,Rotenburg (Wümme),,hoch,%,K03357,10.2736653207716
2015,Heidekreis,,hoch,%,K03358,7.72946859903382
2015,Stade,,hoch,%,K03359,6.39884532114506
2015,Uelzen,,hoch,%,K03360,16.7359667359667
2015,Verden,,hoch,%,K03361,11.9364375461936
2015,Stat. Region Lüneburg,,hoch,%,K033,9.1939309513949
2015,Delmenhorst  Stadt,,hoch,%,K03401,8.75536480686695
2015,Emden  Stadt,,hoch,%,K03402,8.09555408095554
2015,Oldenburg(Oldb)  Stadt,,hoch,%,K03403,19.8217578365089
2015,Osnabrück  Stadt,,hoch,%,K03404,10.6966053748232
2015,Wilhelmshaven  Stadt,,hoch,%,K03405,15.0943396226415
2015,Ammerland,,hoch,%,K03451,5.81645842309349
2015,Aurich,,hoch,%,K03452,6.94531741043369
2015,Cloppenburg,,hoch,%,K03453,3.22833105067501
2015,Emsland,,hoch,%,K03454,7.07601589539803
2015,Friesland,,hoch,%,K03455,9.46930280957336
2015,Grafschaft Bentheim,,hoch,%,K03456,6.47721454173067
2015,Leer,,hoch,%,K03457,10.2859778597786
2015,Oldenburg,,hoch,%,K03458,4.40891472868217
2015,Osnabrück,,hoch,%,K03459,4.26315279527178
2015,Vechta,,hoch,%,K03460,3.57237715803453
2015,Wesermarsch,,hoch,%,K03461,5.48387096774194
2015,Wittmund,,hoch,%,K03462,5.77777777777778
2015,Stat. Region Weser-Ems,,hoch,%,K034,6.9553936732861
2015,Niedersachsen,,hoch,%,K030,11.0600232678531
2015,Braunschweig  Stadt,,mittel,%,K03101,30.4673661261752
2015,Salzgitter  Stadt,,mittel,%,K03102,43.625730994152
2015,Wolfsburg  Stadt,,mittel,%,K03103,33.6369156041287
2015,Gifhorn,,mittel,%,K03151,27.1535580524345
2015,Goslar,,mittel,%,K03153,31.3197969543147
2015,Helmstedt,,mittel,%,K03154,33.5674157303371
2015,Northeim,,mittel,%,K03155,51.1695906432749
2015,Peine,,mittel,%,K03157,35.7098186366479
2015,Wolfenbüttel,,mittel,%,K03158,42.9378531073446
2015,Göttingen,,mittel,%,K03159,18.0403366682547
2015,Stat. Region Braunschweig,,mittel,%,K031,34.1550007216049
2015,Hannover  Region,,mittel,%,K03241,33.5995503196946
2015,dav. Hannover  Lhst.,,mittel,%,K03241001,32.6137914144771
2015,dav. Hannover  Umland,,mittel,%,K03241999,35.5958622644183
2015,Diepholz,,mittel,%,K03251,32.0021158423697
2015,Hameln-Pyrmont,,mittel,%,K03252,38.9447236180905
2015,Hildesheim,,mittel,%,K03254,38.6187273667874
2015,Holzminden,,mittel,%,K03255,36.192714453584
2015,Nienburg (Weser),,mittel,%,K03256,29.5878312070658
2015,Schaumburg,,mittel,%,K03257,39.8519163763066
2015,Stat. Region Hannover,,mittel,%,K032,34.2279001972048
2015,Celle,,mittel,%,K03351,35.0634371395617
2015,Cuxhaven,,mittel,%,K03352,30.1560379918589
2015,Harburg,,mittel,%,K03353,30.0312360553324
2015,Lüchow-Dannenberg,,mittel,%,K03354,24.6422893481717
2015,Lüneburg,,mittel,%,K03355,34.0840190558683
2015,Osterholz,,mittel,%,K03356,37.9506641366224
2015,Rotenburg (Wümme),,mittel,%,K03357,31.9425751458053
2015,Heidekreis,,mittel,%,K03358,37.7214170692432
2015,Stade,,mittel,%,K03359,25.0661534760645
2015,Uelzen,,mittel,%,K03360,33.991683991684
2015,Verden,,mittel,%,K03361,31.3008130081301
2015,Stat. Region Lüneburg,,mittel,%,K033,31.4521290614058
2015,Delmenhorst  Stadt,,mittel,%,K03401,28.412017167382
2015,Emden  Stadt,,mittel,%,K03402,40.9422694094227
2015,Oldenburg(Oldb)  Stadt,,mittel,%,K03403,28.7953288260602
2015,Osnabrück  Stadt,,mittel,%,K03404,32.7086280056577
2015,Wilhelmshaven  Stadt,,mittel,%,K03405,33.3333333333333
2015,Ammerland,,mittel,%,K03451,27.0573028866868
2015,Aurich,,mittel,%,K03452,30.6096794468887
2015,Cloppenburg,,mittel,%,K03453,21.3265505771865
2015,Emsland,,mittel,%,K03454,30.2140751185745
2015,Friesland,,mittel,%,K03455,30.9053069719043
2015,Grafschaft Bentheim,,mittel,%,K03456,39.7337429595494
2015,Leer,,mittel,%,K03457,33.0258302583026
2015,Oldenburg,,mittel,%,K03458,23.8856589147287
2015,Osnabrück,,mittel,%,K03459,25.5110938862513
2015,Vechta,,mittel,%,K03460,19.070385126162
2015,Wesermarsch,,mittel,%,K03461,40.5806451612903
2015,Wittmund,,mittel,%,K03462,22.2222222222222
2015,Stat. Region Weser-Ems,,mittel,%,K034,28.2872634134983
2015,Niedersachsen,,mittel,%,K030,31.8151708628588
2015,Braunschweig  Stadt,,niedrig,%,K03101,20.3161193623109
2015,Salzgitter  Stadt,,niedrig,%,K03102,22.4853801169591
2015,Wolfsburg  Stadt,,niedrig,%,K03103,11.2204007285975
2015,Gifhorn,,niedrig,%,K03151,25.0468164794007
2015,Goslar,,niedrig,%,K03153,18.7817258883249
2015,Helmstedt,,niedrig,%,K03154,25.2808988764045
2015,Northeim,,niedrig,%,K03155,16.5692007797271
2015,Peine,,niedrig,%,K03157,29.3933708567855
2015,Wolfenbüttel,,niedrig,%,K03158,18.1920903954802
2015,Göttingen,,niedrig,%,K03159,14.4195648721613
2015,Stat. Region Braunschweig,,niedrig,%,K031,19.4458074758262
2015,Hannover  Region,,niedrig,%,K03241,24.6832330140291
2015,dav. Hannover  Lhst.,,niedrig,%,K03241001,24.2486792848896
2015,dav. Hannover  Umland,,niedrig,%,K03241999,25.5632705115488
2015,Diepholz,,niedrig,%,K03251,23.6180904522613
2015,Hameln-Pyrmont,,niedrig,%,K03252,22.4694903086863
2015,Hildesheim,,niedrig,%,K03254,23.9524055871702
2015,Holzminden,,niedrig,%,K03255,31.3748531139835
2015,Nienburg (Weser),,niedrig,%,K03256,26.1040235525025
2015,Schaumburg,,niedrig,%,K03257,26.3937282229965
2015,Stat. Region Hannover,,niedrig,%,K032,24.6746120209209
2015,Celle,,niedrig,%,K03351,25.2979623221838
2015,Cuxhaven,,niedrig,%,K03352,22.3880597014925
2015,Harburg,,niedrig,%,K03353,17.4921909861669
2015,Lüchow-Dannenberg,,niedrig,%,K03354,8.42607313195549
2015,Lüneburg,,niedrig,%,K03355,22.3040277176267
2015,Osterholz,,niedrig,%,K03356,22.4857685009488
2015,Rotenburg (Wümme),,niedrig,%,K03357,19.0219829519964
2015,Heidekreis,,niedrig,%,K03358,19.4041867954911
2015,Stade,,niedrig,%,K03359,13.3028626413279
2015,Uelzen,,niedrig,%,K03360,16.4241164241164
2015,Verden,,niedrig,%,K03361,23.1337767923134
2015,Stat. Region Lüneburg,,niedrig,%,K033,19.3893302210007
2015,Delmenhorst  Stadt,,niedrig,%,K03401,25.3218884120172
2015,Emden  Stadt,,niedrig,%,K03402,20.9024552090246
2015,Oldenburg(Oldb)  Stadt,,niedrig,%,K03403,21.7271051014136
2015,Osnabrück  Stadt,,niedrig,%,K03404,28.2178217821782
2015,Wilhelmshaven  Stadt,,niedrig,%,K03405,21.4884696016771
2015,Ammerland,,niedrig,%,K03451,18.9142610943559
2015,Aurich,,niedrig,%,K03452,19.3588937774984
2015,Cloppenburg,,niedrig,%,K03453,21.5026413617687
2015,Emsland,,niedrig,%,K03454,15.7543904627612
2015,Friesland,,niedrig,%,K03455,19.8751300728408
2015,Grafschaft Bentheim,,niedrig,%,K03456,16.8202764976959
2015,Leer,,niedrig,%,K03457,13.4225092250923
2015,Oldenburg,,niedrig,%,K03458,20.7364341085271
2015,Osnabrück,,niedrig,%,K03459,24.7747311307044
2015,Vechta,,niedrig,%,K03460,25.8300132802125
2015,Wesermarsch,,niedrig,%,K03461,19.3548387096774
2015,Wittmund,,niedrig,%,K03462,10.6666666666667
2015,Stat. Region Weser-Ems,,niedrig,%,K034,21.5247979243588
2015,Niedersachsen,,niedrig,%,K030,21.83058999037
2015,Braunschweig  Stadt,,unbekannt,%,K03101,26.6521324431121
2015,Salzgitter  Stadt,,unbekannt,%,K03102,27.5146198830409
2015,Wolfsburg  Stadt,,unbekannt,%,K03103,32.6775956284153
2015,Gifhorn,,unbekannt,%,K03151,31.9288389513109
2015,Goslar,,unbekannt,%,K03153,30.3045685279188
2015,Helmstedt,,unbekannt,%,K03154,26.5449438202247
2015,Northeim,,unbekannt,%,K03155,23.2943469785575
2015,Peine,,unbekannt,%,K03157,28.6429018136335
2015,Wolfenbüttel,,unbekannt,%,K03158,27.909604519774
2015,Göttingen,,unbekannt,%,K03159,12.1010004764173
2015,Stat. Region Braunschweig,,unbekannt,%,K031,27.1438880069274
2015,Hannover  Region,,unbekannt,%,K03241,29.9482399231796
2015,dav. Hannover  Lhst.,,unbekannt,%,K03241001,28.8388202777875
2015,dav. Hannover  Umland,,unbekannt,%,K03241999,32.1949837041236
2015,Diepholz,,unbekannt,%,K03251,36.5247289076964
2015,Hameln-Pyrmont,,unbekannt,%,K03252,27.7817659727207
2015,Hildesheim,,unbekannt,%,K03254,22.96947749612
2015,Holzminden,,unbekannt,%,K03255,20.2115158636898
2015,Nienburg (Weser),,unbekannt,%,K03256,38.7634936211973
2015,Schaumburg,,unbekannt,%,K03257,26.1324041811847
2015,Stat. Region Hannover,,unbekannt,%,K032,29.8242304724342
2015,Celle,,unbekannt,%,K03351,25.1441753171857
2015,Cuxhaven,,unbekannt,%,K03352,41.2143826322931
2015,Harburg,,unbekannt,%,K03353,46.9879518072289
2015,Lüchow-Dannenberg,,unbekannt,%,K03354,61.3672496025437
2015,Lüneburg,,unbekannt,%,K03355,28.6704200952793
2015,Osterholz,,unbekannt,%,K03356,31.5939278937381
2015,Rotenburg (Wümme),,unbekannt,%,K03357,38.7617765814267
2015,Heidekreis,,unbekannt,%,K03358,35.1449275362319
2015,Stade,,unbekannt,%,K03359,55.2321385614626
2015,Uelzen,,unbekannt,%,K03360,32.8482328482329
2015,Verden,,unbekannt,%,K03361,33.6289726533629
2015,Stat. Region Lüneburg,,unbekannt,%,K033,39.9646097661986
2015,Delmenhorst  Stadt,,unbekannt,%,K03401,37.5107296137339
2015,Emden  Stadt,,unbekannt,%,K03402,30.0597213005972
2015,Oldenburg(Oldb)  Stadt,,unbekannt,%,K03403,29.6558082360172
2015,Osnabrück  Stadt,,unbekannt,%,K03404,28.3769448373409
2015,Wilhelmshaven  Stadt,,unbekannt,%,K03405,30.083857442348
2015,Ammerland,,unbekannt,%,K03451,48.2119775958639
2015,Aurich,,unbekannt,%,K03452,43.0861093651791
2015,Cloppenburg,,unbekannt,%,K03453,53.9424770103698
2015,Emsland,,unbekannt,%,K03454,46.9555185232663
2015,Friesland,,unbekannt,%,K03455,39.7502601456816
2015,Grafschaft Bentheim,,unbekannt,%,K03456,36.9687660010241
2015,Leer,,unbekannt,%,K03457,43.2656826568266
2015,Oldenburg,,unbekannt,%,K03458,50.968992248062
2015,Osnabrück,,unbekannt,%,K03459,45.4510221877725
2015,Vechta,,unbekannt,%,K03460,51.527224435591
2015,Wesermarsch,,unbekannt,%,K03461,34.5806451612903
2015,Wittmund,,unbekannt,%,K03462,61.3333333333333
2015,Stat. Region Weser-Ems,,unbekannt,%,K034,43.2325449888567
2015,Niedersachsen,,unbekannt,%,K030,35.2942158789181
2014,Braunschweig  Stadt,,hoch,%,K03101,22.9916897506925
2014,Salzgitter  Stadt,,hoch,%,K03102,6.25586487331874
2014,Wolfsburg  Stadt,,hoch,%,K03103,21.0626911314985
2014,Gifhorn,,hoch,%,K03151,14.7956544231764
2014,Goslar,,hoch,%,K03153,19.810795770729
2014,Helmstedt,,hoch,%,K03154,13.3136094674556
2014,Northeim,,hoch,%,K03155,8.38227442605446
2014,Peine,,hoch,%,K03157,5.94900849858357
2014,Wolfenbüttel,,hoch,%,K03158,10.969387755102
2014,Göttingen,,hoch,%,K03159,28.5335689045936
2014,Stat. Region Braunschweig,,hoch,%,K031,19.0055248618785
2014,Hannover  Region,,hoch,%,K03241,11.6362417491749
2014,dav. Hannover  Lhst.,,hoch,%,K03241001,14.5320003148862
2014,dav. Hannover  Umland,,hoch,%,K03241999,6.13694124682314
2014,Diepholz,,hoch,%,K03251,8.35266821345708
2014,Hameln-Pyrmont,,hoch,%,K03252,10.6613226452906
2014,Hildesheim,,hoch,%,K03254,13.7970031099802
2014,Holzminden,,hoch,%,K03255,9.27960927960928
2014,Nienburg (Weser),,hoch,%,K03256,5.66666666666667
2014,Schaumburg,,hoch,%,K03257,6.92708333333333
2014,Stat. Region Hannover,,hoch,%,K032,11.1319025433438
2014,Celle,,hoch,%,K03351,14.9036402569593
2014,Cuxhaven,,hoch,%,K03352,6.02453102453102
2014,Harburg,,hoch,%,K03353,5.31718873387734
2014,Lüchow-Dannenberg,,hoch,%,K03354,6.9060773480663
2014,Lüneburg,,hoch,%,K03355,14.8538572113081
2014,Osterholz,,hoch,%,K03356,6.67340748230536
2014,Rotenburg (Wümme),,hoch,%,K03357,9.46481665014866
2014,Heidekreis,,hoch,%,K03358,7.49559082892416
2014,Stade,,hoch,%,K03359,6.17816091954023
2014,Uelzen,,hoch,%,K03360,14.9358226371062
2014,Verden,,hoch,%,K03361,11.701689328389
2014,Stat. Region Lüneburg,,hoch,%,K033,8.92071398920714
2014,Delmenhorst  Stadt,,hoch,%,K03401,6.52573529411765
2014,Emden  Stadt,,hoch,%,K03402,8.61788617886179
2014,Oldenburg(Oldb)  Stadt,,hoch,%,K03403,18.5719189838654
2014,Osnabrück  Stadt,,hoch,%,K03404,10.1526868927226
2014,Wilhelmshaven  Stadt,,hoch,%,K03405,16.9689119170984
2014,Ammerland,,hoch,%,K03451,5.0656660412758
2014,Aurich,,hoch,%,K03452,7.11143695014663
2014,Cloppenburg,,hoch,%,K03453,3.05743612142389
2014,Emsland,,hoch,%,K03454,7.97153024911032
2014,Friesland,,hoch,%,K03455,9.11214953271028
2014,Grafschaft Bentheim,,hoch,%,K03456,6.39781685870224
2014,Leer,,hoch,%,K03457,10.4726100966702
2014,Oldenburg,,hoch,%,K03458,4.21160760143811
2014,Osnabrück,,hoch,%,K03459,4.32302954260294
2014,Vechta,,hoch,%,K03460,3.950233281493
2014,Wesermarsch,,hoch,%,K03461,4.81203007518797
2014,Wittmund,,hoch,%,K03462,4.09556313993174
2014,Stat. Region Weser-Ems,,hoch,%,K034,6.91272151775073
2014,Niedersachsen,,hoch,%,K030,11.0075446591095
2014,Braunschweig  Stadt,,mittel,%,K03101,29.8091720529394
2014,Salzgitter  Stadt,,mittel,%,K03102,42.6337191116672
2014,Wolfsburg  Stadt,,mittel,%,K03103,33.6136595310907
2014,Gifhorn,,mittel,%,K03151,26.9529229177444
2014,Goslar,,mittel,%,K03153,31.9421257651642
2014,Helmstedt,,mittel,%,K03154,33.5798816568047
2014,Northeim,,mittel,%,K03155,50.7741591030432
2014,Peine,,mittel,%,K03157,35.6232294617564
2014,Wolfenbüttel,,mittel,%,K03158,39.4132653061224
2014,Göttingen,,mittel,%,K03159,29.5229681978799
2014,Stat. Region Braunschweig,,mittel,%,K031,33.7647987371744
2014,Hannover  Region,,mittel,%,K03241,33.3694306930693
2014,dav. Hannover  Lhst.,,mittel,%,K03241001,33.0433755805715
2014,dav. Hannover  Umland,,mittel,%,K03241999,33.9886380624907
2014,Diepholz,,mittel,%,K03251,31.554524361949
2014,Hameln-Pyrmont,,mittel,%,K03252,39.5991983967936
2014,Hildesheim,,mittel,%,K03254,38.733389878428
2014,Holzminden,,mittel,%,K03255,37.7289377289377
2014,Nienburg (Weser),,mittel,%,K03256,30.2222222222222
2014,Schaumburg,,mittel,%,K03257,37.8645833333333
2014,Stat. Region Hannover,,mittel,%,K032,34.0487283281143
2014,Celle,,mittel,%,K03351,34.3040685224839
2014,Cuxhaven,,mittel,%,K03352,30.2669552669553
2014,Harburg,,mittel,%,K03353,29.7183469334035
2014,Lüchow-Dannenberg,,mittel,%,K03354,34.2541436464088
2014,Lüneburg,,mittel,%,K03355,32.8222328701485
2014,Osterholz,,mittel,%,K03356,34.6814964610718
2014,Rotenburg (Wümme),,mittel,%,K03357,31.3181367690783
2014,Heidekreis,,mittel,%,K03358,37.2134038800705
2014,Stade,,mittel,%,K03359,24.3055555555556
2014,Uelzen,,mittel,%,K03360,34.1890315052509
2014,Verden,,mittel,%,K03361,31.5203955500618
2014,Stat. Region Lüneburg,,mittel,%,K033,31.0087173100872
2014,Delmenhorst  Stadt,,mittel,%,K03401,27.1139705882353
2014,Emden  Stadt,,mittel,%,K03402,40.2439024390244
2014,Oldenburg(Oldb)  Stadt,,mittel,%,K03403,27.9437006522485
2014,Osnabrück  Stadt,,mittel,%,K03404,33.5117985326195
2014,Wilhelmshaven  Stadt,,mittel,%,K03405,35.6217616580311
2014,Ammerland,,mittel,%,K03451,28.0487804878049
2014,Aurich,,mittel,%,K03452,27.1260997067449
2014,Cloppenburg,,mittel,%,K03453,20.4193055252238
2014,Emsland,,mittel,%,K03454,35.5871886120996
2014,Friesland,,mittel,%,K03455,33.1775700934579
2014,Grafschaft Bentheim,,mittel,%,K03456,42.6318981200728
2014,Leer,,mittel,%,K03457,33.2438238453276
2014,Oldenburg,,mittel,%,K03458,23.1124807395994
2014,Osnabrück,,mittel,%,K03459,24.7861298049504
2014,Vechta,,mittel,%,K03460,17.293934681182
2014,Wesermarsch,,mittel,%,K03461,41.1278195488722
2014,Wittmund,,mittel,%,K03462,20.1365187713311
2014,Stat. Region Weser-Ems,,mittel,%,K034,28.4304722455599
2014,Niedersachsen,,mittel,%,K030,31.7277394895743
2014,Braunschweig  Stadt,,niedrig,%,K03101,18.990458602647
2014,Salzgitter  Stadt,,niedrig,%,K03102,21.5827338129496
2014,Wolfsburg  Stadt,,niedrig,%,K03103,11.1493374108053
2014,Gifhorn,,niedrig,%,K03151,26.4355923435075
2014,Goslar,,niedrig,%,K03153,18.8091263216472
2014,Helmstedt,,niedrig,%,K03154,24.2603550295858
2014,Northeim,,niedrig,%,K03155,17.4052322477309
2014,Peine,,niedrig,%,K03157,27.9745042492918
2014,Wolfenbüttel,,niedrig,%,K03158,18.4948979591837
2014,Göttingen,,niedrig,%,K03159,22.4028268551237
2014,Stat. Region Braunschweig,,niedrig,%,K031,18.7719021310182
2014,Hannover  Region,,niedrig,%,K03241,24.1001443894389
2014,dav. Hannover  Lhst.,,niedrig,%,K03241001,23.6007242383689
2014,dav. Hannover  Umland,,niedrig,%,K03241999,25.0485872327702
2014,Diepholz,,niedrig,%,K03251,20.9148160424263
2014,Hameln-Pyrmont,,niedrig,%,K03252,20.8817635270541
2014,Hildesheim,,niedrig,%,K03254,23.6641221374046
2014,Holzminden,,niedrig,%,K03255,31.1355311355311
2014,Nienburg (Weser),,niedrig,%,K03256,25.6111111111111
2014,Schaumburg,,niedrig,%,K03257,27.4479166666667
2014,Stat. Region Hannover,,niedrig,%,K032,24.0185595356297
2014,Celle,,niedrig,%,K03351,23.6402569593148
2014,Cuxhaven,,niedrig,%,K03352,21.1038961038961
2014,Harburg,,niedrig,%,K03353,18.2153198210055
2014,Lüchow-Dannenberg,,niedrig,%,K03354,13.2596685082873
2014,Lüneburg,,niedrig,%,K03355,21.5620507906085
2014,Osterholz,,niedrig,%,K03356,24.1658240647118
2014,Rotenburg (Wümme),,niedrig,%,K03357,18.3349851337958
2014,Heidekreis,,niedrig,%,K03358,18.5626102292769
2014,Stade,,niedrig,%,K03359,11.4224137931034
2014,Uelzen,,niedrig,%,K03360,15.4025670945158
2014,Verden,,niedrig,%,K03361,25.7519571487433
2014,Stat. Region Lüneburg,,niedrig,%,K033,19.057700290577
2014,Delmenhorst  Stadt,,niedrig,%,K03401,26.2867647058824
2014,Emden  Stadt,,niedrig,%,K03402,16.7479674796748
2014,Oldenburg(Oldb)  Stadt,,niedrig,%,K03403,22.9316855475455
2014,Osnabrück  Stadt,,niedrig,%,K03404,26.1748958953004
2014,Wilhelmshaven  Stadt,,niedrig,%,K03405,18.6528497409326
2014,Ammerland,,niedrig,%,K03451,18.7148217636023
2014,Aurich,,niedrig,%,K03452,18.8782991202346
2014,Cloppenburg,,niedrig,%,K03453,22.4939943219043
2014,Emsland,,niedrig,%,K03454,17.3309608540925
2014,Friesland,,niedrig,%,K03455,19.8598130841121
2014,Grafschaft Bentheim,,niedrig,%,K03456,16.0097028502123
2014,Leer,,niedrig,%,K03457,13.4801288936627
2014,Oldenburg,,niedrig,%,K03458,31.1248073959938
2014,Osnabrück,,niedrig,%,K03459,26.8963157294399
2014,Vechta,,niedrig,%,K03460,25.8631415241058
2014,Wesermarsch,,niedrig,%,K03461,20.3759398496241
2014,Wittmund,,niedrig,%,K03462,11.2627986348123
2014,Stat. Region Weser-Ems,,niedrig,%,K034,22.3813524550126
2014,Niedersachsen,,niedrig,%,K030,21.6993685584805
2014,Braunschweig  Stadt,,unbekannt,%,K03101,28.2086795937212
2014,Salzgitter  Stadt,,unbekannt,%,K03102,29.5276822020644
2014,Wolfsburg  Stadt,,unbekannt,%,K03103,34.1743119266055
2014,Gifhorn,,unbekannt,%,K03151,31.8158303155717
2014,Goslar,,unbekannt,%,K03153,29.4379521424596
2014,Helmstedt,,unbekannt,%,K03154,28.8461538461539
2014,Northeim,,unbekannt,%,K03155,23.4383342231714
2014,Peine,,unbekannt,%,K03157,30.4532577903683
2014,Wolfenbüttel,,unbekannt,%,K03158,31.1224489795918
2014,Göttingen,,unbekannt,%,K03159,19.5406360424028
2014,Stat. Region Braunschweig,,unbekannt,%,K031,28.457774269929
2014,Hannover  Region,,unbekannt,%,K03241,30.8941831683168
2014,dav. Hannover  Lhst.,,unbekannt,%,K03241001,28.8238998661733
2014,dav. Hannover  Umland,,unbekannt,%,K03241999,34.825833457916
2014,Diepholz,,unbekannt,%,K03251,39.1779913821677
2014,Hameln-Pyrmont,,unbekannt,%,K03252,28.8577154308617
2014,Hildesheim,,unbekannt,%,K03254,23.8054848741872
2014,Holzminden,,unbekannt,%,K03255,21.8559218559218
2014,Nienburg (Weser),,unbekannt,%,K03256,38.5
2014,Schaumburg,,unbekannt,%,K03257,27.7604166666667
2014,Stat. Region Hannover,,unbekannt,%,K032,30.8008095929123
2014,Celle,,unbekannt,%,K03351,27.152034261242
2014,Cuxhaven,,unbekannt,%,K03352,42.6046176046176
2014,Harburg,,unbekannt,%,K03353,46.7491445117136
2014,Lüchow-Dannenberg,,unbekannt,%,K03354,45.5801104972376
2014,Lüneburg,,unbekannt,%,K03355,30.7618591279348
2014,Osterholz,,unbekannt,%,K03356,34.479271991911
2014,Rotenburg (Wümme),,unbekannt,%,K03357,40.8820614469772
2014,Heidekreis,,unbekannt,%,K03358,36.7283950617284
2014,Stade,,unbekannt,%,K03359,58.0938697318008
2014,Uelzen,,unbekannt,%,K03360,35.4725787631272
2014,Verden,,unbekannt,%,K03361,31.0259579728059
2014,Stat. Region Lüneburg,,unbekannt,%,K033,41.0128684101287
2014,Delmenhorst  Stadt,,unbekannt,%,K03401,40.0735294117647
2014,Emden  Stadt,,unbekannt,%,K03402,34.390243902439
2014,Oldenburg(Oldb)  Stadt,,unbekannt,%,K03403,30.5526948163405
2014,Osnabrück  Stadt,,unbekannt,%,K03404,30.1606186793575
2014,Wilhelmshaven  Stadt,,unbekannt,%,K03405,28.7564766839378
2014,Ammerland,,unbekannt,%,K03451,48.1707317073171
2014,Aurich,,unbekannt,%,K03452,46.8841642228739
2014,Cloppenburg,,unbekannt,%,K03453,54.0292640314479
2014,Emsland,,unbekannt,%,K03454,39.1103202846975
2014,Friesland,,unbekannt,%,K03455,37.8504672897196
2014,Grafschaft Bentheim,,unbekannt,%,K03456,34.9605821710127
2014,Leer,,unbekannt,%,K03457,42.8034371643394
2014,Oldenburg,,unbekannt,%,K03458,41.5511042629687
2014,Osnabrück,,unbekannt,%,K03459,43.9945249230067
2014,Vechta,,unbekannt,%,K03460,52.8926905132193
2014,Wesermarsch,,unbekannt,%,K03461,33.6842105263158
2014,Wittmund,,unbekannt,%,K03462,64.5051194539249
2014,Stat. Region Weser-Ems,,unbekannt,%,K034,42.2754537816768
2014,Niedersachsen,,unbekannt,%,K030,35.5653472928357
2013,Braunschweig  Stadt,,hoch,%,K03101,19.8979591836735
2013,Salzgitter  Stadt,,hoch,%,K03102,5.42264752791069
2013,Wolfsburg  Stadt,,hoch,%,K03103,17.1244578788277
2013,Gifhorn,,hoch,%,K03151,12.7635327635328
2013,Goslar,,hoch,%,K03153,20.6093189964158
2013,Helmstedt,,hoch,%,K03154,11.4139693356048
2013,Northeim,,hoch,%,K03155,10.4531722054381
2013,Peine,,hoch,%,K03157,5.52611657834974
2013,Wolfenbüttel,,hoch,%,K03158,10.8991825613079
2013,Göttingen,,hoch,%,K03159,27.0985051743963
2013,Stat. Region Braunschweig,,hoch,%,K031,16.743734083903
2013,Hannover  Region,,hoch,%,K03241,9.6961006011803
2013,dav. Hannover  Lhst.,,hoch,%,K03241001,12.2829770321717
2013,dav. Hannover  Umland,,hoch,%,K03241999,4.69293632170888
2013,Diepholz,,hoch,%,K03251,8.19220165419456
2013,Hameln-Pyrmont,,hoch,%,K03252,8.01652892561983
2013,Hildesheim,,hoch,%,K03254,11.8282797958571
2013,Holzminden,,hoch,%,K03255,9.12751677852349
2013,Nienburg (Weser),,hoch,%,K03256,4.88698839340257
2013,Schaumburg,,hoch,%,K03257,6.64040517726505
2013,Stat. Region Hannover,,hoch,%,K032,9.39828786105808
2013,Celle,,hoch,%,K03351,13.0059117780809
2013,Cuxhaven,,hoch,%,K03352,5.15505436971406
2013,Harburg,,hoch,%,K03353,3.98690865813746
2013,Lüchow-Dannenberg,,hoch,%,K03354,6.27062706270627
2013,Lüneburg,,hoch,%,K03355,13.0047194546408
2013,Osterholz,,hoch,%,K03356,4.51045104510451
2013,Rotenburg (Wümme),,hoch,%,K03357,9.18949771689498
2013,Heidekreis,,hoch,%,K03358,5.36817102137767
2013,Stade,,hoch,%,K03359,6.13113113113113
2013,Uelzen,,hoch,%,K03360,12.5
2013,Verden,,hoch,%,K03361,10.4510942384993
2013,Stat. Region Lüneburg,,hoch,%,K033,7.73879850949741
2013,Delmenhorst  Stadt,,hoch,%,K03401,4.15458937198068
2013,Emden  Stadt,,hoch,%,K03402,8.15217391304348
2013,Oldenburg(Oldb)  Stadt,,hoch,%,K03403,15.5438596491228
2013,Osnabrück  Stadt,,hoch,%,K03404,9.07282132908874
2013,Wilhelmshaven  Stadt,,hoch,%,K03405,11.4958448753463
2013,Ammerland,,hoch,%,K03451,4.95565988523735
2013,Aurich,,hoch,%,K03452,6.8677494199536
2013,Cloppenburg,,hoch,%,K03453,2.27963525835866
2013,Emsland,,hoch,%,K03454,7.95100685073697
2013,Friesland,,hoch,%,K03455,8.00542740841248
2013,Grafschaft Bentheim,,hoch,%,K03456,5.35372848948375
2013,Leer,,hoch,%,K03457,7.8159645232816
2013,Oldenburg,,hoch,%,K03458,3.70595382746051
2013,Osnabrück,,hoch,%,K03459,3.70665603826226
2013,Vechta,,hoch,%,K03460,3.4937376400791
2013,Wesermarsch,,hoch,%,K03461,4.43548387096774
2013,Wittmund,,hoch,%,K03462,4.43548387096774
2013,Stat. Region Weser-Ems,,hoch,%,K034,6.11723988751893
2013,Niedersachsen,,hoch,%,K030,9.60958096886049
2013,Braunschweig  Stadt,,mittel,%,K03101,26.6458196181698
2013,Salzgitter  Stadt,,mittel,%,K03102,38.8197767145136
2013,Wolfsburg  Stadt,,mittel,%,K03103,32.8164016296491
2013,Gifhorn,,mittel,%,K03151,23.6467236467236
2013,Goslar,,mittel,%,K03153,26.6427718040621
2013,Helmstedt,,mittel,%,K03154,29.9829642248722
2013,Northeim,,mittel,%,K03155,44.3504531722054
2013,Peine,,mittel,%,K03157,31.9454958364875
2013,Wolfenbüttel,,mittel,%,K03158,35.4223433242507
2013,Göttingen,,mittel,%,K03159,29.781525488693
2013,Stat. Region Braunschweig,,mittel,%,K031,30.9073850690256
2013,Hannover  Region,,mittel,%,K03241,29.2537642711378
2013,dav. Hannover  Lhst.,,mittel,%,K03241001,29.0172781659206
2013,dav. Hannover  Umland,,mittel,%,K03241999,29.7111416781293
2013,Diepholz,,mittel,%,K03251,27.0972823946436
2013,Hameln-Pyrmont,,mittel,%,K03252,35.495867768595
2013,Hildesheim,,mittel,%,K03254,34.6142299609727
2013,Holzminden,,mittel,%,K03255,35.1677852348993
2013,Nienburg (Weser),,mittel,%,K03256,27.3060476481368
2013,Schaumburg,,mittel,%,K03257,36.015756893641
2013,Stat. Region Hannover,,mittel,%,K032,30.0897127958777
2013,Celle,,mittel,%,K03351,31.8326512050932
2013,Cuxhaven,,mittel,%,K03352,26.2988320579944
2013,Harburg,,mittel,%,K03353,24.8437964891401
2013,Lüchow-Dannenberg,,mittel,%,K03354,34.3234323432343
2013,Lüneburg,,mittel,%,K03355,28.2118510749869
2013,Osterholz,,mittel,%,K03356,31.5731573157316
2013,Rotenburg (Wümme),,mittel,%,K03357,27.8538812785388
2013,Heidekreis,,mittel,%,K03358,30.0237529691211
2013,Stade,,mittel,%,K03359,22.7977977977978
2013,Uelzen,,mittel,%,K03360,29.9202127659574
2013,Verden,,mittel,%,K03361,28.2715497990174
2013,Stat. Region Lüneburg,,mittel,%,K033,27.2925565754794
2013,Delmenhorst  Stadt,,mittel,%,K03401,23.1884057971014
2013,Emden  Stadt,,mittel,%,K03402,35.054347826087
2013,Oldenburg(Oldb)  Stadt,,mittel,%,K03403,22.280701754386
2013,Osnabrück  Stadt,,mittel,%,K03404,26.0644647831277
2013,Wilhelmshaven  Stadt,,mittel,%,K03405,30.8864265927978
2013,Ammerland,,mittel,%,K03451,23.5263432446531
2013,Aurich,,mittel,%,K03452,24.2227378190255
2013,Cloppenburg,,mittel,%,K03453,16.742654508612
2013,Emsland,,mittel,%,K03454,32.5929001453187
2013,Friesland,,mittel,%,K03455,25.9158751696065
2013,Grafschaft Bentheim,,mittel,%,K03456,37.6673040152964
2013,Leer,,mittel,%,K03457,24.7782705099778
2013,Oldenburg,,mittel,%,K03458,20.4738760631835
2013,Osnabrück,,mittel,%,K03459,22.4923608343297
2013,Vechta,,mittel,%,K03460,12.6730388925511
2013,Wesermarsch,,mittel,%,K03461,40.8870967741936
2013,Wittmund,,mittel,%,K03462,16.3306451612903
2013,Stat. Region Weser-Ems,,mittel,%,K034,24.2396712091715
2013,Niedersachsen,,mittel,%,K030,27.9942230790716
2013,Braunschweig  Stadt,,niedrig,%,K03101,16.919025674786
2013,Salzgitter  Stadt,,niedrig,%,K03102,20.7974481658692
2013,Wolfsburg  Stadt,,niedrig,%,K03103,6.42660007885399
2013,Gifhorn,,niedrig,%,K03151,26.8376068376068
2013,Goslar,,niedrig,%,K03153,20.4301075268817
2013,Helmstedt,,niedrig,%,K03154,26.5758091993186
2013,Northeim,,niedrig,%,K03155,17.0392749244713
2013,Peine,,niedrig,%,K03157,29.1445874337623
2013,Wolfenbüttel,,niedrig,%,K03158,16.7574931880109
2013,Göttingen,,niedrig,%,K03159,22.5756995017248
2013,Stat. Region Braunschweig,,niedrig,%,K031,16.9682348210696
2013,Hannover  Region,,niedrig,%,K03241,21.0716452484695
2013,dav. Hannover  Lhst.,,niedrig,%,K03241001,21.1479730577752
2013,dav. Hannover  Umland,,niedrig,%,K03241999,20.9240229792054
2013,Diepholz,,niedrig,%,K03251,18.31429696731
2013,Hameln-Pyrmont,,niedrig,%,K03252,20.702479338843
2013,Hildesheim,,niedrig,%,K03254,23.1462023416391
2013,Holzminden,,niedrig,%,K03255,31.2751677852349
2013,Nienburg (Weser),,niedrig,%,K03256,25.0458155161881
2013,Schaumburg,,niedrig,%,K03257,28.4186831738886
2013,Stat. Region Hannover,,niedrig,%,K032,21.6090821375049
2013,Celle,,niedrig,%,K03351,22.737608003638
2013,Cuxhaven,,niedrig,%,K03352,19.0092629883206
2013,Harburg,,niedrig,%,K03353,16.0963998809878
2013,Lüchow-Dannenberg,,niedrig,%,K03354,10.8910891089109
2013,Lüneburg,,niedrig,%,K03355,19.6119559517567
2013,Osterholz,,niedrig,%,K03356,22.4422442244224
2013,Rotenburg (Wümme),,niedrig,%,K03357,17.7511415525114
2013,Heidekreis,,niedrig,%,K03358,16.9596199524941
2013,Stade,,niedrig,%,K03359,9.50950950950951
2013,Uelzen,,niedrig,%,K03360,11.5691489361702
2013,Verden,,niedrig,%,K03361,24.4752121482805
2013,Stat. Region Lüneburg,,niedrig,%,K033,17.2998273198219
2013,Delmenhorst  Stadt,,niedrig,%,K03401,18.5507246376812
2013,Emden  Stadt,,niedrig,%,K03402,18.6594202898551
2013,Oldenburg(Oldb)  Stadt,,niedrig,%,K03403,21.4385964912281
2013,Osnabrück  Stadt,,niedrig,%,K03404,22.2244329486669
2013,Wilhelmshaven  Stadt,,niedrig,%,K03405,19.9445983379501
2013,Ammerland,,niedrig,%,K03451,15.8059467918623
2013,Aurich,,niedrig,%,K03452,18.5614849187935
2013,Cloppenburg,,niedrig,%,K03453,18.0091185410334
2013,Emsland,,niedrig,%,K03454,14.7809840149471
2013,Friesland,,niedrig,%,K03455,17.5033921302578
2013,Grafschaft Bentheim,,niedrig,%,K03456,15.4238368387508
2013,Leer,,niedrig,%,K03457,12.4722838137472
2013,Oldenburg,,niedrig,%,K03458,27.5212636695018
2013,Osnabrück,,niedrig,%,K03459,25.6808821575661
2013,Vechta,,niedrig,%,K03460,21.704021094265
2013,Wesermarsch,,niedrig,%,K03461,22.0161290322581
2013,Wittmund,,niedrig,%,K03462,9.87903225806452
2013,Stat. Region Weser-Ems,,niedrig,%,K034,20.0281202682241
2013,Niedersachsen,,niedrig,%,K030,19.5216327976511
2013,Braunschweig  Stadt,,unbekannt,%,K03101,36.5371955233706
2013,Salzgitter  Stadt,,unbekannt,%,K03102,34.9601275917066
2013,Wolfsburg  Stadt,,unbekannt,%,K03103,43.6325404126692
2013,Gifhorn,,unbekannt,%,K03151,36.7521367521367
2013,Goslar,,unbekannt,%,K03153,32.3178016726404
2013,Helmstedt,,unbekannt,%,K03154,32.0272572402044
2013,Northeim,,unbekannt,%,K03155,28.1570996978852
2013,Peine,,unbekannt,%,K03157,33.3838001514005
2013,Wolfenbüttel,,unbekannt,%,K03158,36.9209809264305
2013,Göttingen,,unbekannt,%,K03159,20.5442698351859
2013,Stat. Region Braunschweig,,unbekannt,%,K031,35.3806460260019
2013,Hannover  Region,,unbekannt,%,K03241,39.9784898792124
2013,dav. Hannover  Lhst.,,unbekannt,%,K03241001,37.5517717441325
2013,dav. Hannover  Umland,,unbekannt,%,K03241999,44.6718990209564
2013,Diepholz,,unbekannt,%,K03251,46.3962189838519
2013,Hameln-Pyrmont,,unbekannt,%,K03252,35.7851239669422
2013,Hildesheim,,unbekannt,%,K03254,30.4112879015311
2013,Holzminden,,unbekannt,%,K03255,24.4295302013423
2013,Nienburg (Weser),,unbekannt,%,K03256,42.7611484422725
2013,Schaumburg,,unbekannt,%,K03257,28.9251547552054
2013,Stat. Region Hannover,,unbekannt,%,K032,38.9029172055593
2013,Celle,,unbekannt,%,K03351,32.4238290131878
2013,Cuxhaven,,unbekannt,%,K03352,49.536850583971
2013,Harburg,,unbekannt,%,K03353,55.0728949717346
2013,Lüchow-Dannenberg,,unbekannt,%,K03354,48.5148514851485
2013,Lüneburg,,unbekannt,%,K03355,39.1714735186156
2013,Osterholz,,unbekannt,%,K03356,41.4741474147415
2013,Rotenburg (Wümme),,unbekannt,%,K03357,45.2054794520548
2013,Heidekreis,,unbekannt,%,K03358,47.6484560570071
2013,Stade,,unbekannt,%,K03359,61.5615615615616
2013,Uelzen,,unbekannt,%,K03360,46.0106382978723
2013,Verden,,unbekannt,%,K03361,36.8021438142028
2013,Stat. Region Lüneburg,,unbekannt,%,K033,47.6688175952013
2013,Delmenhorst  Stadt,,unbekannt,%,K03401,54.1062801932367
2013,Emden  Stadt,,unbekannt,%,K03402,38.1340579710145
2013,Oldenburg(Oldb)  Stadt,,unbekannt,%,K03403,40.7368421052632
2013,Osnabrück  Stadt,,unbekannt,%,K03404,42.6382809391166
2013,Wilhelmshaven  Stadt,,unbekannt,%,K03405,37.6731301939058
2013,Ammerland,,unbekannt,%,K03451,55.7120500782473
2013,Aurich,,unbekannt,%,K03452,50.3480278422274
2013,Cloppenburg,,unbekannt,%,K03453,62.968591691996
2013,Emsland,,unbekannt,%,K03454,44.6751089889973
2013,Friesland,,unbekannt,%,K03455,48.5753052917232
2013,Grafschaft Bentheim,,unbekannt,%,K03456,41.5551306564691
2013,Leer,,unbekannt,%,K03457,54.9334811529934
2013,Oldenburg,,unbekannt,%,K03458,48.2989064398542
2013,Osnabrück,,unbekannt,%,K03459,48.1201009698419
2013,Vechta,,unbekannt,%,K03460,62.1292023731048
2013,Wesermarsch,,unbekannt,%,K03461,32.6612903225806
2013,Wittmund,,unbekannt,%,K03462,69.3548387096774
2013,Stat. Region Weser-Ems,,unbekannt,%,K034,49.6149686350854
2013,Niedersachsen,,unbekannt,%,K030,42.8745631544168
2011,Braunschweig  Stadt,,hoch,%,K03101,16.5220820189274
2011,Salzgitter  Stadt,,hoch,%,K03102,3.95256916996047
2011,Wolfsburg  Stadt,,hoch,%,K03103,12.6304313969787
2011,Gifhorn,,hoch,%,K03151,9.9487929773226
2011,Goslar,,hoch,%,K03153,18.4921763869132
2011,Helmstedt,,hoch,%,K03154,9.74576271186441
2011,Northeim,,hoch,%,K03155,10.7985480943739
2011,Peine,,hoch,%,K03157,4.02397260273973
2011,Wolfenbüttel,,hoch,%,K03158,7.73381294964029
2011,Göttingen,,hoch,%,K03159,20.360824742268
2011,Stat. Region Braunschweig,,hoch,%,K031,13.7259586668259
2011,Hannover  Region,,hoch,%,K03241,8.13972223117327
2011,dav. Hannover  Lhst.,,hoch,%,K03241001,10.284757118928
2011,dav. Hannover  Umland,,hoch,%,K03241999,3.71868218583547
2011,Diepholz,,hoch,%,K03251,7.08312838170192
2011,Hameln-Pyrmont,,hoch,%,K03252,5.92255125284738
2011,Hildesheim,,hoch,%,K03254,8.38466803559206
2011,Holzminden,,hoch,%,K03255,6.64697193500739
2011,Nienburg (Weser),,hoch,%,K03256,3.21285140562249
2011,Schaumburg,,hoch,%,K03257,5.2665799739922
2011,Stat. Region Hannover,,hoch,%,K032,7.7107797228826
2011,Celle,,hoch,%,K03351,12.6785714285714
2011,Cuxhaven,,hoch,%,K03352,4.01742497579864
2011,Harburg,,hoch,%,K03353,3.35260115606936
2011,Lüchow-Dannenberg,,hoch,%,K03354,7.10382513661202
2011,Lüneburg,,hoch,%,K03355,10.1197604790419
2011,Osterholz,,hoch,%,K03356,3.2258064516129
2011,Rotenburg (Wümme),,hoch,%,K03357,6.81976339596381
2011,Heidekreis,,hoch,%,K03358,4.63499420625724
2011,Stade,,hoch,%,K03359,10.7105263157895
2011,Uelzen,,hoch,%,K03360,9.22818791946309
2011,Verden,,hoch,%,K03361,7.82295419454452
2011,Stat. Region Lüneburg,,hoch,%,K033,7.48199880894375
2011,Delmenhorst  Stadt,,hoch,%,K03401,3.60655737704918
2011,Emden  Stadt,,hoch,%,K03402,6.6006600660066
2011,Oldenburg(Oldb)  Stadt,,hoch,%,K03403,13.4075723830735
2011,Osnabrück  Stadt,,hoch,%,K03404,7.84675744288022
2011,Wilhelmshaven  Stadt,,hoch,%,K03405,13.915857605178
2011,Ammerland,,hoch,%,K03451,3.68098159509202
2011,Aurich,,hoch,%,K03452,5.63660477453581
2011,Cloppenburg,,hoch,%,K03453,2.07625519063798
2011,Emsland,,hoch,%,K03454,7.4254215304799
2011,Friesland,,hoch,%,K03455,6.61764705882353
2011,Grafschaft Bentheim,,hoch,%,K03456,4.52944136889784
2011,Leer,,hoch,%,K03457,4.94469746258946
2011,Oldenburg,,hoch,%,K03458,2.04081632653061
2011,Osnabrück,,hoch,%,K03459,3.0211958241063
2011,Vechta,,hoch,%,K03460,3.26267664172901
2011,Wesermarsch,,hoch,%,K03461,5.15574650912997
2011,Wittmund,,hoch,%,K03462,5.65552699228792
2011,Stat. Region Weser-Ems,,hoch,%,K034,5.30851720846668
2011,Niedersachsen,,hoch,%,K030,8.2176931542669
2011,Braunschweig  Stadt,,mittel,%,K03101,26.4195583596215
2011,Salzgitter  Stadt,,mittel,%,K03102,43.3704635285663
2011,Wolfsburg  Stadt,,mittel,%,K03103,43.933966671858
2011,Gifhorn,,mittel,%,K03151,23.1163130943672
2011,Goslar,,mittel,%,K03153,26.6002844950213
2011,Helmstedt,,mittel,%,K03154,30.9322033898305
2011,Northeim,,mittel,%,K03155,31.7604355716878
2011,Peine,,mittel,%,K03157,27.7397260273973
2011,Wolfenbüttel,,mittel,%,K03158,30.3956834532374
2011,Göttingen,,mittel,%,K03159,26.3960481099656
2011,Stat. Region Braunschweig,,mittel,%,K031,33.0307012304384
2011,Hannover  Region,,mittel,%,K03241,28.9498276028744
2011,dav. Hannover  Lhst.,,mittel,%,K03241001,30.437903804738
2011,dav. Hannover  Umland,,mittel,%,K03241999,25.882817123693
2011,Diepholz,,mittel,%,K03251,23.16773241515
2011,Hameln-Pyrmont,,mittel,%,K03252,31.753986332574
2011,Hildesheim,,mittel,%,K03254,32.4777549623546
2011,Holzminden,,mittel,%,K03255,31.9054652880355
2011,Nienburg (Weser),,mittel,%,K03256,24.0160642570281
2011,Schaumburg,,mittel,%,K03257,31.1443433029909
2011,Stat. Region Hannover,,mittel,%,K032,29.0444972744519
2011,Celle,,mittel,%,K03351,31.3690476190476
2011,Cuxhaven,,mittel,%,K03352,22.7492739593417
2011,Harburg,,mittel,%,K03353,20.616570327553
2011,Lüchow-Dannenberg,,mittel,%,K03354,28.4153005464481
2011,Lüneburg,,mittel,%,K03355,24.4910179640719
2011,Osterholz,,mittel,%,K03356,28.258064516129
2011,Rotenburg (Wümme),,mittel,%,K03357,27.2094641614475
2011,Heidekreis,,mittel,%,K03358,26.7091541135574
2011,Stade,,mittel,%,K03359,22.9736842105263
2011,Uelzen,,mittel,%,K03360,29.1946308724832
2011,Verden,,mittel,%,K03361,24.3952650540401
2011,Stat. Region Lüneburg,,mittel,%,K033,24.822695035461
2011,Delmenhorst  Stadt,,mittel,%,K03401,23.1693989071038
2011,Emden  Stadt,,mittel,%,K03402,35.0935093509351
2011,Oldenburg(Oldb)  Stadt,,mittel,%,K03403,23.5189309576837
2011,Osnabrück  Stadt,,mittel,%,K03404,25.571197784445
2011,Wilhelmshaven  Stadt,,mittel,%,K03405,27.831715210356
2011,Ammerland,,mittel,%,K03451,21.1997273346967
2011,Aurich,,mittel,%,K03452,23.209549071618
2011,Cloppenburg,,mittel,%,K03453,16.5722914307286
2011,Emsland,,mittel,%,K03454,35.3761348897536
2011,Friesland,,mittel,%,K03455,29.9632352941176
2011,Grafschaft Bentheim,,mittel,%,K03456,36.4871665827881
2011,Leer,,mittel,%,K03457,22.3812621990891
2011,Oldenburg,,mittel,%,K03458,18.3673469387755
2011,Osnabrück,,mittel,%,K03459,18.6649794368871
2011,Vechta,,mittel,%,K03460,10.2036575228595
2011,Wesermarsch,,mittel,%,K03461,40.0644468313641
2011,Wittmund,,mittel,%,K03462,17.4807197943445
2011,Stat. Region Weser-Ems,,mittel,%,K034,22.8117455505025
2011,Niedersachsen,,mittel,%,K030,27.3903797300764
2011,Braunschweig  Stadt,,niedrig,%,K03101,20.4652996845426
2011,Salzgitter  Stadt,,niedrig,%,K03102,33.6687028386633
2011,Wolfsburg  Stadt,,niedrig,%,K03103,12.9730571562062
2011,Gifhorn,,niedrig,%,K03151,32.8456474030724
2011,Goslar,,niedrig,%,K03153,19.2745376955903
2011,Helmstedt,,niedrig,%,K03154,33.3
2011,Northeim,,niedrig,%,K03155,24.9546279491833
2011,Peine,,niedrig,%,K03157,29.2808219178082
2011,Wolfenbüttel,,niedrig,%,K03158,20.6834532374101
2011,Göttingen,,niedrig,%,K03159,10.3522336769759
2011,Stat. Region Braunschweig,,niedrig,%,K031,21.9328634571736
2011,Hannover  Region,,niedrig,%,K03241,22.3568459381948
2011,dav. Hannover  Lhst.,,niedrig,%,K03241001,23.1299353912419
2011,dav. Hannover  Umland,,niedrig,%,K03241999,20.7634641941211
2011,Diepholz,,niedrig,%,K03251,19.1834727004427
2011,Hameln-Pyrmont,,niedrig,%,K03252,30.1138952164009
2011,Hildesheim,,niedrig,%,K03254,24.5037645448323
2011,Holzminden,,niedrig,%,K03255,36.7799113737075
2011,Nienburg (Weser),,niedrig,%,K03256,30.2008032128514
2011,Schaumburg,,niedrig,%,K03257,30.7542262678804
2011,Stat. Region Hannover,,niedrig,%,K032,23.5405710443532
2011,Celle,,niedrig,%,K03351,21.9642857142857
2011,Cuxhaven,,niedrig,%,K03352,26.621490803485
2011,Harburg,,niedrig,%,K03353,20.8092485549133
2011,Lüchow-Dannenberg,,niedrig,%,K03354,11.4754098360656
2011,Lüneburg,,niedrig,%,K03355,20.8383233532934
2011,Osterholz,,niedrig,%,K03356,18.7096774193548
2011,Rotenburg (Wümme),,niedrig,%,K03357,27.9053583855254
2011,Heidekreis,,niedrig,%,K03358,24.449594438007
2011,Stade,,niedrig,%,K03359,7.81578947368421
2011,Uelzen,,niedrig,%,K03360,11.4093959731544
2011,Verden,,niedrig,%,K03361,33.0931549150798
2011,Stat. Region Lüneburg,,niedrig,%,K033,20.5944453467598
2011,Delmenhorst  Stadt,,niedrig,%,K03401,18.7978142076503
2011,Emden  Stadt,,niedrig,%,K03402,16.0616061606161
2011,Oldenburg(Oldb)  Stadt,,niedrig,%,K03403,21.2026726057906
2011,Osnabrück  Stadt,,niedrig,%,K03404,31.9409185321948
2011,Wilhelmshaven  Stadt,,niedrig,%,K03405,20.5501618122977
2011,Ammerland,,niedrig,%,K03451,23.7900477164281
2011,Aurich,,niedrig,%,K03452,20.7559681697613
2011,Cloppenburg,,niedrig,%,K03453,25.5190637976595
2011,Emsland,,niedrig,%,K03454,17.8664072632944
2011,Friesland,,niedrig,%,K03455,18.3823529411765
2011,Grafschaft Bentheim,,niedrig,%,K03456,20.6844489179668
2011,Leer,,niedrig,%,K03457,13.4677944046844
2011,Oldenburg,,niedrig,%,K03458,16.3265306122449
2011,Osnabrück,,niedrig,%,K03459,36.0487187598861
2011,Vechta,,niedrig,%,K03460,20.8021612635079
2011,Wesermarsch,,niedrig,%,K03461,21.2674543501611
2011,Wittmund,,niedrig,%,K03462,.
2011,Stat. Region Weser-Ems,,niedrig,%,K034,24.3080119027567
2011,Niedersachsen,,niedrig,%,K030,22.9823995233721
2011,Braunschweig  Stadt,,unbekannt,%,K03101,36.5930599369085
2011,Salzgitter  Stadt,,unbekannt,%,K03102,19.0082644628099
2011,Wolfsburg  Stadt,,unbekannt,%,K03103,30.4625447749572
2011,Gifhorn,,unbekannt,%,K03151,34.0892465252377
2011,Goslar,,unbekannt,%,K03153,35.6330014224751
2011,Helmstedt,,unbekannt,%,K03154,26.0220338983051
2011,Northeim,,unbekannt,%,K03155,32.486388384755
2011,Peine,,unbekannt,%,K03157,38.9554794520548
2011,Wolfenbüttel,,unbekannt,%,K03158,41.1870503597122
2011,Göttingen,,unbekannt,%,K03159,36.4046391752577
2011,Stat. Region Braunschweig,,unbekannt,%,K031,31.3104766455621
2011,Hannover  Region,,unbekannt,%,K03241,40.5536042277575
2011,dav. Hannover  Lhst.,,unbekannt,%,K03241001,36.1474036850921
2011,dav. Hannover  Umland,,unbekannt,%,K03241999,49.6350364963504
2011,Diepholz,,unbekannt,%,K03251,50.5656665027054
2011,Hameln-Pyrmont,,unbekannt,%,K03252,32.2095671981777
2011,Hildesheim,,unbekannt,%,K03254,34.6338124572211
2011,Holzminden,,unbekannt,%,K03255,24.6676514032496
2011,Nienburg (Weser),,unbekannt,%,K03256,42.570281124498
2011,Schaumburg,,unbekannt,%,K03257,32.8348504551365
2011,Stat. Region Hannover,,unbekannt,%,K032,39.7041519583123
2011,Celle,,unbekannt,%,K03351,33.9880952380952
2011,Cuxhaven,,unbekannt,%,K03352,46.6118102613746
2011,Harburg,,unbekannt,%,K03353,55.2215799614644
2011,Lüchow-Dannenberg,,unbekannt,%,K03354,53.0054644808743
2011,Lüneburg,,unbekannt,%,K03355,44.5508982035928
2011,Osterholz,,unbekannt,%,K03356,49.8064516129032
2011,Rotenburg (Wümme),,unbekannt,%,K03357,38.0654140570633
2011,Heidekreis,,unbekannt,%,K03358,44.2062572421784
2011,Stade,,unbekannt,%,K03359,58.5
2011,Uelzen,,unbekannt,%,K03360,50.1677852348993
2011,Verden,,unbekannt,%,K03361,34.6886258363356
2011,Stat. Region Lüneburg,,unbekannt,%,K033,47.1008608088355
2011,Delmenhorst  Stadt,,unbekannt,%,K03401,54.4262295081967
2011,Emden  Stadt,,unbekannt,%,K03402,42.2442244224422
2011,Oldenburg(Oldb)  Stadt,,unbekannt,%,K03403,41.8708240534521
2011,Osnabrück  Stadt,,unbekannt,%,K03404,34.64112624048
2011,Wilhelmshaven  Stadt,,unbekannt,%,K03405,37.7022653721683
2011,Ammerland,,unbekannt,%,K03451,51.3292433537832
2011,Aurich,,unbekannt,%,K03452,50.3978779840849
2011,Cloppenburg,,unbekannt,%,K03453,55.8323895809739
2011,Emsland,,unbekannt,%,K03454,39.3320363164721
2011,Friesland,,unbekannt,%,K03455,45.0367647058824
2011,Grafschaft Bentheim,,unbekannt,%,K03456,38.2989431303473
2011,Leer,,unbekannt,%,K03457,59.206245933637
2011,Oldenburg,,unbekannt,%,K03458,63.265306122449
2011,Osnabrück,,unbekannt,%,K03459,42.2651059791205
2011,Vechta,,unbekannt,%,K03460,65.7315045719036
2011,Wesermarsch,,unbekannt,%,K03461,33.5123523093448
2011,Wittmund,,unbekannt,%,K03462,.
2011,Stat. Region Weser-Ems,,unbekannt,%,K034,47.5717253382741
2011,Niedersachsen,,unbekannt,%,K030,41.4095275922846
