Year,Migrationsstatus,Haushaltsnettoeinkommen,Haushaltsgröße,COMMENT_OBS,Value
2023,Insgesamt,Insgesamt,insgesamt,,3947
2023,Insgesamt,unter 500,insgesamt,,55
2023,Insgesamt,500 - 1000,insgesamt,,256
2023,Insgesamt,1000 - 1250,insgesamt,,205
2023,Insgesamt,1250 - 1500,insgesamt,,213
2023,Insgesamt,1500 - 2000,insgesamt,,502
2023,Insgesamt,2000 - 2500,insgesamt,,515
2023,Insgesamt,2500 - 3000,insgesamt,,392
2023,Insgesamt,3000 - 3500,insgesamt,,350
2023,Insgesamt,3500 - 4000,insgesamt,,302
2023,Insgesamt,4000 - 5000,insgesamt,,475
2023,Insgesamt,5000 und mehr,insgesamt,,681
2023,Kein Haushaltsmitglied hat einen Migrationshintergrund,Insgesamt,insgesamt,,2965
2023,Kein Haushaltsmitglied hat einen Migrationshintergrund,unter 500,insgesamt,,34
2023,Kein Haushaltsmitglied hat einen Migrationshintergrund,500 - 1000,insgesamt,,174
2023,Kein Haushaltsmitglied hat einen Migrationshintergrund,1000 - 1250,insgesamt,,154
2023,Kein Haushaltsmitglied hat einen Migrationshintergrund,1250 - 1500,insgesamt,,158
2023,Kein Haushaltsmitglied hat einen Migrationshintergrund,1500 - 2000,insgesamt,,372
2023,Kein Haushaltsmitglied hat einen Migrationshintergrund,2000 - 2500,insgesamt,,400
2023,Kein Haushaltsmitglied hat einen Migrationshintergrund,2500 - 3000,insgesamt,,295
2023,Kein Haushaltsmitglied hat einen Migrationshintergrund,3000 - 3500,insgesamt,,262
2023,Kein Haushaltsmitglied hat einen Migrationshintergrund,3500 - 4000,insgesamt,,225
2023,Kein Haushaltsmitglied hat einen Migrationshintergrund,4000 - 5000,insgesamt,,361
2023,Kein Haushaltsmitglied hat einen Migrationshintergrund,5000 und mehr,insgesamt,,529
2023,Ein Teil der Haushaltsmitglieder hat einen Migraitonshintergrund,Insgesamt,insgesamt,,256
2023,Ein Teil der Haushaltsmitglieder hat einen Migraitonshintergrund,unter 500,insgesamt,gesperrt,
2023,Ein Teil der Haushaltsmitglieder hat einen Migraitonshintergrund,500 - 1000,insgesamt,gesperrt,
2023,Ein Teil der Haushaltsmitglieder hat einen Migraitonshintergrund,1000 - 1250,insgesamt,gesperrt,
2023,Ein Teil der Haushaltsmitglieder hat einen Migraitonshintergrund,1250 - 1500,insgesamt,gesperrt,
2023,Ein Teil der Haushaltsmitglieder hat einen Migraitonshintergrund,1500 - 2000,insgesamt,,12
2023,Ein Teil der Haushaltsmitglieder hat einen Migraitonshintergrund,2000 - 2500,insgesamt,,21
2023,Ein Teil der Haushaltsmitglieder hat einen Migraitonshintergrund,2500 - 3000,insgesamt,,25
2023,Ein Teil der Haushaltsmitglieder hat einen Migraitonshintergrund,3000 - 3500,insgesamt,,27
2023,Ein Teil der Haushaltsmitglieder hat einen Migraitonshintergrund,3500 - 4000,insgesamt,,30
2023,Ein Teil der Haushaltsmitglieder hat einen Migraitonshintergrund,4000 - 5000,insgesamt,,53
2023,Ein Teil der Haushaltsmitglieder hat einen Migraitonshintergrund,5000 und mehr,insgesamt,,83
2023,Alle Haushaltsmitglieder haben einen Migrationshintergrund,Insgesamt,insgesamt,,726
2023,Alle Haushaltsmitglieder haben einen Migrationshintergrund,unter 500,insgesamt,,21
2023,Alle Haushaltsmitglieder haben einen Migrationshintergrund,500 - 1000,insgesamt,,81
2023,Alle Haushaltsmitglieder haben einen Migrationshintergrund,1000 - 1250,insgesamt,,50
2023,Alle Haushaltsmitglieder haben einen Migrationshintergrund,1250 - 1500,insgesamt,,51
2023,Alle Haushaltsmitglieder haben einen Migrationshintergrund,1500 - 2000,insgesamt,,118
2023,Alle Haushaltsmitglieder haben einen Migrationshintergrund,2000 - 2500,insgesamt,,94
2023,Alle Haushaltsmitglieder haben einen Migrationshintergrund,2500 - 3000,insgesamt,,72
2023,Alle Haushaltsmitglieder haben einen Migrationshintergrund,3000 - 3500,insgesamt,,62
2023,Alle Haushaltsmitglieder haben einen Migrationshintergrund,3500 - 4000,insgesamt,,47
2023,Alle Haushaltsmitglieder haben einen Migrationshintergrund,4000 - 5000,insgesamt,,61
2023,Alle Haushaltsmitglieder haben einen Migrationshintergrund,5000 und mehr,insgesamt,,68
2022,Insgesamt,Insgesamt,insgesamt,,3914
2022,Insgesamt,unter 500,insgesamt,,68
2022,Insgesamt,500 - 1000,insgesamt,,291
2022,Insgesamt,1000 - 1250,insgesamt,,221
2022,Insgesamt,1250 - 1500,insgesamt,,230
2022,Insgesamt,1500 - 2000,insgesamt,,527
2022,Insgesamt,2000 - 2500,insgesamt,,503
2022,Insgesamt,2500 - 3000,insgesamt,,399
2022,Insgesamt,3000 - 3500,insgesamt,,342
2022,Insgesamt,3500 - 4000,insgesamt,,301
2022,Insgesamt,4000 - 5000,insgesamt,,435
2022,Insgesamt,5000 und mehr,insgesamt,,597
2022,Kein Haushaltsmitglied hat einen Migrationshintergrund,Insgesamt,insgesamt,,2971
2022,Kein Haushaltsmitglied hat einen Migrationshintergrund,unter 500,insgesamt,,49
2022,Kein Haushaltsmitglied hat einen Migrationshintergrund,500 - 1000,insgesamt,,207
2022,Kein Haushaltsmitglied hat einen Migrationshintergrund,1000 - 1250,insgesamt,,171
2022,Kein Haushaltsmitglied hat einen Migrationshintergrund,1250 - 1500,insgesamt,,171
2022,Kein Haushaltsmitglied hat einen Migrationshintergrund,1500 - 2000,insgesamt,,395
2022,Kein Haushaltsmitglied hat einen Migrationshintergrund,2000 - 2500,insgesamt,,392
2022,Kein Haushaltsmitglied hat einen Migrationshintergrund,2500 - 3000,insgesamt,,302
2022,Kein Haushaltsmitglied hat einen Migrationshintergrund,3000 - 3500,insgesamt,,260
2022,Kein Haushaltsmitglied hat einen Migrationshintergrund,3500 - 4000,insgesamt,,226
2022,Kein Haushaltsmitglied hat einen Migrationshintergrund,4000 - 5000,insgesamt,,333
2022,Kein Haushaltsmitglied hat einen Migrationshintergrund,5000 und mehr,insgesamt,,465
2022,Ein Teil der Haushaltsmitglieder hat einen Migraitonshintergrund,Insgesamt,insgesamt,,249
2022,Ein Teil der Haushaltsmitglieder hat einen Migraitonshintergrund,unter 500,insgesamt,gesperrt,
2022,Ein Teil der Haushaltsmitglieder hat einen Migraitonshintergrund,500 - 1000,insgesamt,gesperrt,
2022,Ein Teil der Haushaltsmitglieder hat einen Migraitonshintergrund,1000 - 1250,insgesamt,gesperrt,
2022,Ein Teil der Haushaltsmitglieder hat einen Migraitonshintergrund,1250 - 1500,insgesamt,gesperrt,
2022,Ein Teil der Haushaltsmitglieder hat einen Migraitonshintergrund,1500 - 2000,insgesamt,,18
2022,Ein Teil der Haushaltsmitglieder hat einen Migraitonshintergrund,2000 - 2500,insgesamt,,22
2022,Ein Teil der Haushaltsmitglieder hat einen Migraitonshintergrund,2500 - 3000,insgesamt,,24
2022,Ein Teil der Haushaltsmitglieder hat einen Migraitonshintergrund,3000 - 3500,insgesamt,,26
2022,Ein Teil der Haushaltsmitglieder hat einen Migraitonshintergrund,3500 - 4000,insgesamt,,30
2022,Ein Teil der Haushaltsmitglieder hat einen Migraitonshintergrund,4000 - 5000,insgesamt,,44
2022,Ein Teil der Haushaltsmitglieder hat einen Migraitonshintergrund,5000 und mehr,insgesamt,,74
2022,Alle Haushaltsmitglieder haben einen Migrationshintergrund,Insgesamt,insgesamt,,695
2022,Alle Haushaltsmitglieder haben einen Migrationshintergrund,unter 500,insgesamt,,19
2022,Alle Haushaltsmitglieder haben einen Migrationshintergrund,500 - 1000,insgesamt,,82
2022,Alle Haushaltsmitglieder haben einen Migrationshintergrund,1000 - 1250,insgesamt,,46
2022,Alle Haushaltsmitglieder haben einen Migrationshintergrund,1250 - 1500,insgesamt,,54
2022,Alle Haushaltsmitglieder haben einen Migrationshintergrund,1500 - 2000,insgesamt,,114
2022,Alle Haushaltsmitglieder haben einen Migrationshintergrund,2000 - 2500,insgesamt,,89
2022,Alle Haushaltsmitglieder haben einen Migrationshintergrund,2500 - 3000,insgesamt,,74
2022,Alle Haushaltsmitglieder haben einen Migrationshintergrund,3000 - 3500,insgesamt,,56
2022,Alle Haushaltsmitglieder haben einen Migrationshintergrund,3500 - 4000,insgesamt,,46
2022,Alle Haushaltsmitglieder haben einen Migrationshintergrund,4000 - 5000,insgesamt,,58
2022,Alle Haushaltsmitglieder haben einen Migrationshintergrund,5000 und mehr,insgesamt,,58
2021,Insgesamt,Insgesamt,insgesamt,,3894    
2021,Insgesamt,unter 500,insgesamt,,83      
2021,Insgesamt,500 - 1000,insgesamt,,335     
2021,Insgesamt,1000 - 1250,insgesamt,,234     
2021,Insgesamt,1250 - 1500,insgesamt,,242     
2021,Insgesamt,1500 - 2000,insgesamt,,534     
2021,Insgesamt,2000 - 2500,insgesamt,,496     
2021,Insgesamt,2500 - 3000,insgesamt,,389     
2021,Insgesamt,3000 - 3500,insgesamt,,347     
2021,Insgesamt,3500 - 4000,insgesamt,,299     
2021,Insgesamt,4000 - 5000,insgesamt,,405     
2021,Insgesamt,5000 und mehr,insgesamt,,532     
2021,Kein Haushaltsmitglied hat einen Migrationshintergrund,Insgesamt,insgesamt,,2986    
2021,Kein Haushaltsmitglied hat einen Migrationshintergrund,unter 500,insgesamt,,57      
2021,Kein Haushaltsmitglied hat einen Migrationshintergrund,500 - 1000,insgesamt,,239     
2021,Kein Haushaltsmitglied hat einen Migrationshintergrund,1000 - 1250,insgesamt,,182     
2021,Kein Haushaltsmitglied hat einen Migrationshintergrund,1250 - 1500,insgesamt,,186     
2021,Kein Haushaltsmitglied hat einen Migrationshintergrund,1500 - 2000,insgesamt,,406     
2021,Kein Haushaltsmitglied hat einen Migrationshintergrund,2000 - 2500,insgesamt,,391     
2021,Kein Haushaltsmitglied hat einen Migrationshintergrund,2500 - 3000,insgesamt,,294     
2021,Kein Haushaltsmitglied hat einen Migrationshintergrund,3000 - 3500,insgesamt,,263     
2021,Kein Haushaltsmitglied hat einen Migrationshintergrund,3500 - 4000,insgesamt,,229     
2021,Kein Haushaltsmitglied hat einen Migrationshintergrund,4000 - 5000,insgesamt,,316     
2021,Kein Haushaltsmitglied hat einen Migrationshintergrund,5000 und mehr,insgesamt,,423     
2021,Ein Teil der Haushaltsmitglieder hat einen Migraitonshintergrund,Insgesamt,insgesamt,,241     
2021,Ein Teil der Haushaltsmitglieder hat einen Migraitonshintergrund,unter 500,insgesamt,gesperrt,       
2021,Ein Teil der Haushaltsmitglieder hat einen Migraitonshintergrund,500 - 1000,insgesamt,gesperrt,       
2021,Ein Teil der Haushaltsmitglieder hat einen Migraitonshintergrund,1000 - 1250,insgesamt,gesperrt,       
2021,Ein Teil der Haushaltsmitglieder hat einen Migraitonshintergrund,1250 - 1500,insgesamt,gesperrt,       
2021,Ein Teil der Haushaltsmitglieder hat einen Migraitonshintergrund,1500 - 2000,insgesamt,,18      
2021,Ein Teil der Haushaltsmitglieder hat einen Migraitonshintergrund,2000 - 2500,insgesamt,,21      
2021,Ein Teil der Haushaltsmitglieder hat einen Migraitonshintergrund,2500 - 3000,insgesamt,,28      
2021,Ein Teil der Haushaltsmitglieder hat einen Migraitonshintergrund,3000 - 3500,insgesamt,,30      
2021,Ein Teil der Haushaltsmitglieder hat einen Migraitonshintergrund,3500 - 4000,insgesamt,,29      
2021,Ein Teil der Haushaltsmitglieder hat einen Migraitonshintergrund,4000 - 5000,insgesamt,,38      
2021,Ein Teil der Haushaltsmitglieder hat einen Migraitonshintergrund,5000 und mehr,insgesamt,,65      
2021,Alle Haushaltsmitglieder haben einen Migrationshintergrund,Insgesamt,insgesamt,,667     
2021,Alle Haushaltsmitglieder haben einen Migrationshintergrund,unter 500,insgesamt,,25      
2021,Alle Haushaltsmitglieder haben einen Migrationshintergrund,500 - 1000,insgesamt,,94      
2021,Alle Haushaltsmitglieder haben einen Migrationshintergrund,1000 - 1250,insgesamt,,47      
2021,Alle Haushaltsmitglieder haben einen Migrationshintergrund,1250 - 1500,insgesamt,,51      
2021,Alle Haushaltsmitglieder haben einen Migrationshintergrund,1500 - 2000,insgesamt,,110     
2021,Alle Haushaltsmitglieder haben einen Migrationshintergrund,2000 - 2500,insgesamt,,84      
2021,Alle Haushaltsmitglieder haben einen Migrationshintergrund,2500 - 3000,insgesamt,,67      
2021,Alle Haushaltsmitglieder haben einen Migrationshintergrund,3000 - 3500,insgesamt,,54      
2021,Alle Haushaltsmitglieder haben einen Migrationshintergrund,3500 - 4000,insgesamt,,41      
2021,Alle Haushaltsmitglieder haben einen Migrationshintergrund,4000 - 5000,insgesamt,,50      
2021,Alle Haushaltsmitglieder haben einen Migrationshintergrund,5000 und mehr,insgesamt,,44      
2023,Insgesamt,Insgesamt,Einpersonenhaushalte,,1589
2023,Insgesamt,unter 500,Einpersonenhaushalte,,52
2023,Insgesamt,500 - 1000,Einpersonenhaushalte,,237
2023,Insgesamt,1000 - 1250,Einpersonenhaushalte,,178
2023,Insgesamt,1250 - 1500,Einpersonenhaushalte,,165
2023,Insgesamt,1500 - 2000,Einpersonenhaushalte,,344
2023,Insgesamt,2000 - 2500,Einpersonenhaushalte,,290
2023,Insgesamt,2500 - 3000,Einpersonenhaushalte,,138
2023,Insgesamt,3000 - 3500,Einpersonenhaushalte,,82
2023,Insgesamt,3500 - 4000,Einpersonenhaushalte,,39
2023,Insgesamt,4000 - 5000,Einpersonenhaushalte,,38
2023,Insgesamt,5000 und mehr,Einpersonenhaushalte,,25
2023,Kein Haushaltsmitglied hat einen Migrationshintergrund,Insgesamt,Einpersonenhaushalte,,1288
2023,Kein Haushaltsmitglied hat einen Migrationshintergrund,unter 500,Einpersonenhaushalte,,32
2023,Kein Haushaltsmitglied hat einen Migrationshintergrund,500 - 1000,Einpersonenhaushalte,,167
2023,Kein Haushaltsmitglied hat einen Migrationshintergrund,1000 - 1250,Einpersonenhaushalte,,142
2023,Kein Haushaltsmitglied hat einen Migrationshintergrund,1250 - 1500,Einpersonenhaushalte,,136
2023,Kein Haushaltsmitglied hat einen Migrationshintergrund,1500 - 2000,Einpersonenhaushalte,,279
2023,Kein Haushaltsmitglied hat einen Migrationshintergrund,2000 - 2500,Einpersonenhaushalte,,250
2023,Kein Haushaltsmitglied hat einen Migrationshintergrund,2500 - 3000,Einpersonenhaushalte,,121
2023,Kein Haushaltsmitglied hat einen Migrationshintergrund,3000 - 3500,Einpersonenhaushalte,,72
2023,Kein Haushaltsmitglied hat einen Migrationshintergrund,3500 - 4000,Einpersonenhaushalte,,35
2023,Kein Haushaltsmitglied hat einen Migrationshintergrund,4000 - 5000,Einpersonenhaushalte,,33
2023,Kein Haushaltsmitglied hat einen Migrationshintergrund,5000 und mehr,Einpersonenhaushalte,,22
2023,Ein Teil der Haushaltsmitglieder hat einen Migraitonshintergrund,Insgesamt,Einpersonenhaushalte,,
2023,Ein Teil der Haushaltsmitglieder hat einen Migraitonshintergrund,unter 500,Einpersonenhaushalte,,
2023,Ein Teil der Haushaltsmitglieder hat einen Migraitonshintergrund,500 - 1000,Einpersonenhaushalte,,
2023,Ein Teil der Haushaltsmitglieder hat einen Migraitonshintergrund,1000 - 1250,Einpersonenhaushalte,,
2023,Ein Teil der Haushaltsmitglieder hat einen Migraitonshintergrund,1250 - 1500,Einpersonenhaushalte,,
2023,Ein Teil der Haushaltsmitglieder hat einen Migraitonshintergrund,1500 - 2000,Einpersonenhaushalte,,
2023,Ein Teil der Haushaltsmitglieder hat einen Migraitonshintergrund,2000 - 2500,Einpersonenhaushalte,,
2023,Ein Teil der Haushaltsmitglieder hat einen Migraitonshintergrund,2500 - 3000,Einpersonenhaushalte,,
2023,Ein Teil der Haushaltsmitglieder hat einen Migraitonshintergrund,3000 - 3500,Einpersonenhaushalte,,
2023,Ein Teil der Haushaltsmitglieder hat einen Migraitonshintergrund,3500 - 4000,Einpersonenhaushalte,,
2023,Ein Teil der Haushaltsmitglieder hat einen Migraitonshintergrund,4000 - 5000,Einpersonenhaushalte,,
2023,Ein Teil der Haushaltsmitglieder hat einen Migraitonshintergrund,5000 und mehr,Einpersonenhaushalte,,
2023,Alle Haushaltsmitglieder haben einen Migrationshintergrund,Insgesamt,Einpersonenhaushalte,,300
2023,Alle Haushaltsmitglieder haben einen Migrationshintergrund,unter 500,Einpersonenhaushalte,,20
2023,Alle Haushaltsmitglieder haben einen Migrationshintergrund,500 - 1000,Einpersonenhaushalte,,70
2023,Alle Haushaltsmitglieder haben einen Migrationshintergrund,1000 - 1250,Einpersonenhaushalte,,36
2023,Alle Haushaltsmitglieder haben einen Migrationshintergrund,1250 - 1500,Einpersonenhaushalte,,29
2023,Alle Haushaltsmitglieder haben einen Migrationshintergrund,1500 - 2000,Einpersonenhaushalte,,64
2023,Alle Haushaltsmitglieder haben einen Migrationshintergrund,2000 - 2500,Einpersonenhaushalte,,40
2023,Alle Haushaltsmitglieder haben einen Migrationshintergrund,2500 - 3000,Einpersonenhaushalte,,17
2023,Alle Haushaltsmitglieder haben einen Migrationshintergrund,3000 - 3500,Einpersonenhaushalte,,10
2023,Alle Haushaltsmitglieder haben einen Migrationshintergrund,3500 - 4000,Einpersonenhaushalte,gesperrt,
2023,Alle Haushaltsmitglieder haben einen Migrationshintergrund,4000 - 5000,Einpersonenhaushalte,gesperrt,
2023,Alle Haushaltsmitglieder haben einen Migrationshintergrund,5000 und mehr,Einpersonenhaushalte,gesperrt,
2022,Insgesamt,Insgesamt,Einpersonenhaushalte,,1577
2022,Insgesamt,unter 500,Einpersonenhaushalte,,64
2022,Insgesamt,500 - 1000,Einpersonenhaushalte,,271
2022,Insgesamt,1000 - 1250,Einpersonenhaushalte,,184
2022,Insgesamt,1250 - 1500,Einpersonenhaushalte,,174
2022,Insgesamt,1500 - 2000,Einpersonenhaushalte,,340
2022,Insgesamt,2000 - 2500,Einpersonenhaushalte,,264
2022,Insgesamt,2500 - 3000,Einpersonenhaushalte,,123
2022,Insgesamt,3000 - 3500,Einpersonenhaushalte,,67
2022,Insgesamt,3500 - 4000,Einpersonenhaushalte,,32
2022,Insgesamt,4000 - 5000,Einpersonenhaushalte,,29
2022,Insgesamt,5000 und mehr,Einpersonenhaushalte,,28
2022,Kein Haushaltsmitglied hat einen Migrationshintergrund,Insgesamt,Einpersonenhaushalte,,1291
2022,Kein Haushaltsmitglied hat einen Migrationshintergrund,unter 500,Einpersonenhaushalte,,47
2022,Kein Haushaltsmitglied hat einen Migrationshintergrund,500 - 1000,Einpersonenhaushalte,,198
2022,Kein Haushaltsmitglied hat einen Migrationshintergrund,1000 - 1250,Einpersonenhaushalte,,151
2022,Kein Haushaltsmitglied hat einen Migrationshintergrund,1250 - 1500,Einpersonenhaushalte,,141
2022,Kein Haushaltsmitglied hat einen Migrationshintergrund,1500 - 2000,Einpersonenhaushalte,,282
2022,Kein Haushaltsmitglied hat einen Migrationshintergrund,2000 - 2500,Einpersonenhaushalte,,226
2022,Kein Haushaltsmitglied hat einen Migrationshintergrund,2500 - 3000,Einpersonenhaushalte,,110
2022,Kein Haushaltsmitglied hat einen Migrationshintergrund,3000 - 3500,Einpersonenhaushalte,,59
2022,Kein Haushaltsmitglied hat einen Migrationshintergrund,3500 - 4000,Einpersonenhaushalte,,29
2022,Kein Haushaltsmitglied hat einen Migrationshintergrund,4000 - 5000,Einpersonenhaushalte,,25
2022,Kein Haushaltsmitglied hat einen Migrationshintergrund,5000 und mehr,Einpersonenhaushalte,,22
2022,Ein Teil der Haushaltsmitglieder hat einen Migraitonshintergrund,Insgesamt,Einpersonenhaushalte,,
2022,Ein Teil der Haushaltsmitglieder hat einen Migraitonshintergrund,unter 500,Einpersonenhaushalte,,
2022,Ein Teil der Haushaltsmitglieder hat einen Migraitonshintergrund,500 - 1000,Einpersonenhaushalte,,
2022,Ein Teil der Haushaltsmitglieder hat einen Migraitonshintergrund,1000 - 1250,Einpersonenhaushalte,,
2022,Ein Teil der Haushaltsmitglieder hat einen Migraitonshintergrund,1250 - 1500,Einpersonenhaushalte,,
2022,Ein Teil der Haushaltsmitglieder hat einen Migraitonshintergrund,1500 - 2000,Einpersonenhaushalte,,
2022,Ein Teil der Haushaltsmitglieder hat einen Migraitonshintergrund,2000 - 2500,Einpersonenhaushalte,,
2022,Ein Teil der Haushaltsmitglieder hat einen Migraitonshintergrund,2500 - 3000,Einpersonenhaushalte,,
2022,Ein Teil der Haushaltsmitglieder hat einen Migraitonshintergrund,3000 - 3500,Einpersonenhaushalte,,
2022,Ein Teil der Haushaltsmitglieder hat einen Migraitonshintergrund,3500 - 4000,Einpersonenhaushalte,,
2022,Ein Teil der Haushaltsmitglieder hat einen Migraitonshintergrund,4000 - 5000,Einpersonenhaushalte,,
2022,Ein Teil der Haushaltsmitglieder hat einen Migraitonshintergrund,5000 und mehr,Einpersonenhaushalte,,
2022,Alle Haushaltsmitglieder haben einen Migrationshintergrund,Insgesamt,Einpersonenhaushalte,,286
2022,Alle Haushaltsmitglieder haben einen Migrationshintergrund,unter 500,Einpersonenhaushalte,,18
2022,Alle Haushaltsmitglieder haben einen Migrationshintergrund,500 - 1000,Einpersonenhaushalte,,73
2022,Alle Haushaltsmitglieder haben einen Migrationshintergrund,1000 - 1250,Einpersonenhaushalte,,33
2022,Alle Haushaltsmitglieder haben einen Migrationshintergrund,1250 - 1500,Einpersonenhaushalte,,33
2022,Alle Haushaltsmitglieder haben einen Migrationshintergrund,1500 - 2000,Einpersonenhaushalte,,58
2022,Alle Haushaltsmitglieder haben einen Migrationshintergrund,2000 - 2500,Einpersonenhaushalte,,38
2022,Alle Haushaltsmitglieder haben einen Migrationshintergrund,2500 - 3000,Einpersonenhaushalte,,13
2022,Alle Haushaltsmitglieder haben einen Migrationshintergrund,3000 - 3500,Einpersonenhaushalte,,7
2022,Alle Haushaltsmitglieder haben einen Migrationshintergrund,3500 - 4000,Einpersonenhaushalte,gesperrt,
2022,Alle Haushaltsmitglieder haben einen Migrationshintergrund,4000 - 5000,Einpersonenhaushalte,gesperrt,
2022,Alle Haushaltsmitglieder haben einen Migrationshintergrund,5000 und mehr,Einpersonenhaushalte,gesperrt,
2021,Insgesamt,Insgesamt,Einpersonenhaushalte,,1599    
2021,Insgesamt,unter 500,Einpersonenhaushalte,,78      
2021,Insgesamt,500 - 1000,Einpersonenhaushalte,,305     
2021,Insgesamt,1000 - 1250,Einpersonenhaushalte,,191     
2021,Insgesamt,1250 - 1500,Einpersonenhaushalte,,179     
2021,Insgesamt,1500 - 2000,Einpersonenhaushalte,,337     
2021,Insgesamt,2000 - 2500,Einpersonenhaushalte,,247     
2021,Insgesamt,2500 - 3000,Einpersonenhaushalte,,109     
2021,Insgesamt,3000 - 3500,Einpersonenhaushalte,,68      
2021,Insgesamt,3500 - 4000,Einpersonenhaushalte,,34      
2021,Insgesamt,4000 - 5000,Einpersonenhaushalte,,27      
2021,Insgesamt,5000 und mehr,Einpersonenhaushalte,,24      
2021,Kein Haushaltsmitglied hat einen Migrationshintergrund,Insgesamt,Einpersonenhaushalte,,1318    
2021,Kein Haushaltsmitglied hat einen Migrationshintergrund,unter 500,Einpersonenhaushalte,,55      
2021,Kein Haushaltsmitglied hat einen Migrationshintergrund,500 - 1000,Einpersonenhaushalte,,222     
2021,Kein Haushaltsmitglied hat einen Migrationshintergrund,1000 - 1250,Einpersonenhaushalte,,157     
2021,Kein Haushaltsmitglied hat einen Migrationshintergrund,1250 - 1500,Einpersonenhaushalte,,150     
2021,Kein Haushaltsmitglied hat einen Migrationshintergrund,1500 - 2000,Einpersonenhaushalte,,283     
2021,Kein Haushaltsmitglied hat einen Migrationshintergrund,2000 - 2500,Einpersonenhaushalte,,219     
2021,Kein Haushaltsmitglied hat einen Migrationshintergrund,2500 - 3000,Einpersonenhaushalte,,97      
2021,Kein Haushaltsmitglied hat einen Migrationshintergrund,3000 - 3500,Einpersonenhaushalte,,61      
2021,Kein Haushaltsmitglied hat einen Migrationshintergrund,3500 - 4000,Einpersonenhaushalte,,30      
2021,Kein Haushaltsmitglied hat einen Migrationshintergrund,4000 - 5000,Einpersonenhaushalte,,24      
2021,Kein Haushaltsmitglied hat einen Migrationshintergrund,5000 und mehr,Einpersonenhaushalte,,22      
2021,Ein Teil der Haushaltsmitglieder hat einen Migraitonshintergrund,Insgesamt,Einpersonenhaushalte,,X       
2021,Ein Teil der Haushaltsmitglieder hat einen Migraitonshintergrund,unter 500,Einpersonenhaushalte,,X       
2021,Ein Teil der Haushaltsmitglieder hat einen Migraitonshintergrund,500 - 1000,Einpersonenhaushalte,,X       
2021,Ein Teil der Haushaltsmitglieder hat einen Migraitonshintergrund,1000 - 1250,Einpersonenhaushalte,,X       
2021,Ein Teil der Haushaltsmitglieder hat einen Migraitonshintergrund,1250 - 1500,Einpersonenhaushalte,,X       
2021,Ein Teil der Haushaltsmitglieder hat einen Migraitonshintergrund,1500 - 2000,Einpersonenhaushalte,,X       
2021,Ein Teil der Haushaltsmitglieder hat einen Migraitonshintergrund,2000 - 2500,Einpersonenhaushalte,,X       
2021,Ein Teil der Haushaltsmitglieder hat einen Migraitonshintergrund,2500 - 3000,Einpersonenhaushalte,,X       
2021,Ein Teil der Haushaltsmitglieder hat einen Migraitonshintergrund,3000 - 3500,Einpersonenhaushalte,,X       
2021,Ein Teil der Haushaltsmitglieder hat einen Migraitonshintergrund,3500 - 4000,Einpersonenhaushalte,,X       
2021,Ein Teil der Haushaltsmitglieder hat einen Migraitonshintergrund,4000 - 5000,Einpersonenhaushalte,,X       
2021,Ein Teil der Haushaltsmitglieder hat einen Migraitonshintergrund,5000 und mehr,Einpersonenhaushalte,,X       
2021,Alle Haushaltsmitglieder haben einen Migrationshintergrund,Insgesamt,Einpersonenhaushalte,,280     
2021,Alle Haushaltsmitglieder haben einen Migrationshintergrund,unter 500,Einpersonenhaushalte,,23      
2021,Alle Haushaltsmitglieder haben einen Migrationshintergrund,500 - 1000,Einpersonenhaushalte,,83      
2021,Alle Haushaltsmitglieder haben einen Migrationshintergrund,1000 - 1250,Einpersonenhaushalte,,34      
2021,Alle Haushaltsmitglieder haben einen Migrationshintergrund,1250 - 1500,Einpersonenhaushalte,,28      
2021,Alle Haushaltsmitglieder haben einen Migrationshintergrund,1500 - 2000,Einpersonenhaushalte,,54      
2021,Alle Haushaltsmitglieder haben einen Migrationshintergrund,2000 - 2500,Einpersonenhaushalte,,28      
2021,Alle Haushaltsmitglieder haben einen Migrationshintergrund,2500 - 3000,Einpersonenhaushalte,,12      
2021,Alle Haushaltsmitglieder haben einen Migrationshintergrund,3000 - 3500,Einpersonenhaushalte,Statistisch unsicher,7     
2021,Alle Haushaltsmitglieder haben einen Migrationshintergrund,3500 - 4000,Einpersonenhaushalte,gesperrt,
2021,Alle Haushaltsmitglieder haben einen Migrationshintergrund,4000 - 5000,Einpersonenhaushalte,gesperrt,
2021,Alle Haushaltsmitglieder haben einen Migrationshintergrund,5000 und mehr,Einpersonenhaushalte,gesperrt,
2023,Insgesamt,Insgesamt,Mehrpersonenhaushalte (zusammen),,2358
2023,Insgesamt,unter 500,Mehrpersonenhaushalte (zusammen),gesperrt,
2023,Insgesamt,500 - 1000,Mehrpersonenhaushalte (zusammen),,19
2023,Insgesamt,1000 - 1250,Mehrpersonenhaushalte (zusammen),,28
2023,Insgesamt,1250 - 1500,Mehrpersonenhaushalte (zusammen),,47
2023,Insgesamt,1500 - 2000,Mehrpersonenhaushalte (zusammen),,158
2023,Insgesamt,2000 - 2500,Mehrpersonenhaushalte (zusammen),,225
2023,Insgesamt,2500 - 3000,Mehrpersonenhaushalte (zusammen),,254
2023,Insgesamt,3000 - 3500,Mehrpersonenhaushalte (zusammen),,268
2023,Insgesamt,3500 - 4000,Mehrpersonenhaushalte (zusammen),,263
2023,Insgesamt,4000 - 5000,Mehrpersonenhaushalte (zusammen),,438
2023,Insgesamt,5000 und mehr,Mehrpersonenhaushalte (zusammen),,655
2023,Kein Haushaltsmitglied hat einen Migrationshintergrund,Insgesamt,Mehrpersonenhaushalte (zusammen),,1676
2023,Kein Haushaltsmitglied hat einen Migrationshintergrund,unter 500,Mehrpersonenhaushalte (zusammen),gesperrt,
2023,Kein Haushaltsmitglied hat einen Migrationshintergrund,500 - 1000,Mehrpersonenhaushalte (zusammen),,7
2023,Kein Haushaltsmitglied hat einen Migrationshintergrund,1000 - 1250,Mehrpersonenhaushalte (zusammen),,12
2023,Kein Haushaltsmitglied hat einen Migrationshintergrund,1250 - 1500,Mehrpersonenhaushalte (zusammen),,22
2023,Kein Haushaltsmitglied hat einen Migrationshintergrund,1500 - 2000,Mehrpersonenhaushalte (zusammen),,93
2023,Kein Haushaltsmitglied hat einen Migrationshintergrund,2000 - 2500,Mehrpersonenhaushalte (zusammen),,150
2023,Kein Haushaltsmitglied hat einen Migrationshintergrund,2500 - 3000,Mehrpersonenhaushalte (zusammen),,175
2023,Kein Haushaltsmitglied hat einen Migrationshintergrund,3000 - 3500,Mehrpersonenhaushalte (zusammen),,190
2023,Kein Haushaltsmitglied hat einen Migrationshintergrund,3500 - 4000,Mehrpersonenhaushalte (zusammen),,190
2023,Kein Haushaltsmitglied hat einen Migrationshintergrund,4000 - 5000,Mehrpersonenhaushalte (zusammen),,327
2023,Kein Haushaltsmitglied hat einen Migrationshintergrund,5000 und mehr,Mehrpersonenhaushalte (zusammen),,508
2023,Ein Teil der Haushaltsmitglieder hat einen Migraitonshintergrund,Insgesamt,Mehrpersonenhaushalte (zusammen),,256
2023,Ein Teil der Haushaltsmitglieder hat einen Migraitonshintergrund,unter 500,Mehrpersonenhaushalte (zusammen),gesperrt,
2023,Ein Teil der Haushaltsmitglieder hat einen Migraitonshintergrund,500 - 1000,Mehrpersonenhaushalte (zusammen),gesperrt,
2023,Ein Teil der Haushaltsmitglieder hat einen Migraitonshintergrund,1000 - 1250,Mehrpersonenhaushalte (zusammen),gesperrt,
2023,Ein Teil der Haushaltsmitglieder hat einen Migraitonshintergrund,1250 - 1500,Mehrpersonenhaushalte (zusammen),gesperrt,
2023,Ein Teil der Haushaltsmitglieder hat einen Migraitonshintergrund,1500 - 2000,Mehrpersonenhaushalte (zusammen),,12
2023,Ein Teil der Haushaltsmitglieder hat einen Migraitonshintergrund,2000 - 2500,Mehrpersonenhaushalte (zusammen),,21
2023,Ein Teil der Haushaltsmitglieder hat einen Migraitonshintergrund,2500 - 3000,Mehrpersonenhaushalte (zusammen),,25
2023,Ein Teil der Haushaltsmitglieder hat einen Migraitonshintergrund,3000 - 3500,Mehrpersonenhaushalte (zusammen),,27
2023,Ein Teil der Haushaltsmitglieder hat einen Migraitonshintergrund,3500 - 4000,Mehrpersonenhaushalte (zusammen),,30
2023,Ein Teil der Haushaltsmitglieder hat einen Migraitonshintergrund,4000 - 5000,Mehrpersonenhaushalte (zusammen),,53
2023,Ein Teil der Haushaltsmitglieder hat einen Migraitonshintergrund,5000 und mehr,Mehrpersonenhaushalte (zusammen),,83
2023,Alle Haushaltsmitglieder haben einen Migrationshintergrund,Insgesamt,Mehrpersonenhaushalte (zusammen),,426
2023,Alle Haushaltsmitglieder haben einen Migrationshintergrund,unter 500,Mehrpersonenhaushalte (zusammen),gesperrt,
2023,Alle Haushaltsmitglieder haben einen Migrationshintergrund,500 - 1000,Mehrpersonenhaushalte (zusammen),,10
2023,Alle Haushaltsmitglieder haben einen Migrationshintergrund,1000 - 1250,Mehrpersonenhaushalte (zusammen),,14
2023,Alle Haushaltsmitglieder haben einen Migrationshintergrund,1250 - 1500,Mehrpersonenhaushalte (zusammen),,22
2023,Alle Haushaltsmitglieder haben einen Migrationshintergrund,1500 - 2000,Mehrpersonenhaushalte (zusammen),,54
2023,Alle Haushaltsmitglieder haben einen Migrationshintergrund,2000 - 2500,Mehrpersonenhaushalte (zusammen),,54
2023,Alle Haushaltsmitglieder haben einen Migrationshintergrund,2500 - 3000,Mehrpersonenhaushalte (zusammen),,54
2023,Alle Haushaltsmitglieder haben einen Migrationshintergrund,3000 - 3500,Mehrpersonenhaushalte (zusammen),,52
2023,Alle Haushaltsmitglieder haben einen Migrationshintergrund,3500 - 4000,Mehrpersonenhaushalte (zusammen),,43
2023,Alle Haushaltsmitglieder haben einen Migrationshintergrund,4000 - 5000,Mehrpersonenhaushalte (zusammen),,57
2023,Alle Haushaltsmitglieder haben einen Migrationshintergrund,5000 und mehr,Mehrpersonenhaushalte (zusammen),,65
2022,Insgesamt,Insgesamt,Mehrpersonenhaushalte (zusammen),,2337
2022,Insgesamt,unter 500,Mehrpersonenhaushalte (zusammen),gesperrt,
2022,Insgesamt,500 - 1000,Mehrpersonenhaushalte (zusammen),,20
2022,Insgesamt,1000 - 1250,Mehrpersonenhaushalte (zusammen),,37
2022,Insgesamt,1250 - 1500,Mehrpersonenhaushalte (zusammen),,56
2022,Insgesamt,1500 - 2000,Mehrpersonenhaushalte (zusammen),,186
2022,Insgesamt,2000 - 2500,Mehrpersonenhaushalte (zusammen),,239
2022,Insgesamt,2500 - 3000,Mehrpersonenhaushalte (zusammen),,276
2022,Insgesamt,3000 - 3500,Mehrpersonenhaushalte (zusammen),,275
2022,Insgesamt,3500 - 4000,Mehrpersonenhaushalte (zusammen),,269
2022,Insgesamt,4000 - 5000,Mehrpersonenhaushalte (zusammen),,406
2022,Insgesamt,5000 und mehr,Mehrpersonenhaushalte (zusammen),,569
2022,Kein Haushaltsmitglied hat einen Migrationshintergrund,Insgesamt,Mehrpersonenhaushalte (zusammen),,1680
2022,Kein Haushaltsmitglied hat einen Migrationshintergrund,unter 500,Mehrpersonenhaushalte (zusammen),gesperrt,
2022,Kein Haushaltsmitglied hat einen Migrationshintergrund,500 - 1000,Mehrpersonenhaushalte (zusammen),,10
2022,Kein Haushaltsmitglied hat einen Migrationshintergrund,1000 - 1250,Mehrpersonenhaushalte (zusammen),,20
2022,Kein Haushaltsmitglied hat einen Migrationshintergrund,1250 - 1500,Mehrpersonenhaushalte (zusammen),,30
2022,Kein Haushaltsmitglied hat einen Migrationshintergrund,1500 - 2000,Mehrpersonenhaushalte (zusammen),,112
2022,Kein Haushaltsmitglied hat einen Migrationshintergrund,2000 - 2500,Mehrpersonenhaushalte (zusammen),,166
2022,Kein Haushaltsmitglied hat einen Migrationshintergrund,2500 - 3000,Mehrpersonenhaushalte (zusammen),,191
2022,Kein Haushaltsmitglied hat einen Migrationshintergrund,3000 - 3500,Mehrpersonenhaushalte (zusammen),,201
2022,Kein Haushaltsmitglied hat einen Migrationshintergrund,3500 - 4000,Mehrpersonenhaushalte (zusammen),,196
2022,Kein Haushaltsmitglied hat einen Migrationshintergrund,4000 - 5000,Mehrpersonenhaushalte (zusammen),,308
2022,Kein Haushaltsmitglied hat einen Migrationshintergrund,5000 und mehr,Mehrpersonenhaushalte (zusammen),,443
2022,Ein Teil der Haushaltsmitglieder hat einen Migraitonshintergrund,Insgesamt,Mehrpersonenhaushalte (zusammen),,249
2022,Ein Teil der Haushaltsmitglieder hat einen Migraitonshintergrund,unter 500,Mehrpersonenhaushalte (zusammen),gesperrt,
2022,Ein Teil der Haushaltsmitglieder hat einen Migraitonshintergrund,500 - 1000,Mehrpersonenhaushalte (zusammen),gesperrt,
2022,Ein Teil der Haushaltsmitglieder hat einen Migraitonshintergrund,1000 - 1250,Mehrpersonenhaushalte (zusammen),gesperrt,
2022,Ein Teil der Haushaltsmitglieder hat einen Migraitonshintergrund,1250 - 1500,Mehrpersonenhaushalte (zusammen),gesperrt,
2022,Ein Teil der Haushaltsmitglieder hat einen Migraitonshintergrund,1500 - 2000,Mehrpersonenhaushalte (zusammen),,18
2022,Ein Teil der Haushaltsmitglieder hat einen Migraitonshintergrund,2000 - 2500,Mehrpersonenhaushalte (zusammen),,22
2022,Ein Teil der Haushaltsmitglieder hat einen Migraitonshintergrund,2500 - 3000,Mehrpersonenhaushalte (zusammen),,24
2022,Ein Teil der Haushaltsmitglieder hat einen Migraitonshintergrund,3000 - 3500,Mehrpersonenhaushalte (zusammen),,26
2022,Ein Teil der Haushaltsmitglieder hat einen Migraitonshintergrund,3500 - 4000,Mehrpersonenhaushalte (zusammen),,30
2022,Ein Teil der Haushaltsmitglieder hat einen Migraitonshintergrund,4000 - 5000,Mehrpersonenhaushalte (zusammen),,44
2022,Ein Teil der Haushaltsmitglieder hat einen Migraitonshintergrund,5000 und mehr,Mehrpersonenhaushalte (zusammen),,74
2022,Alle Haushaltsmitglieder haben einen Migrationshintergrund,Insgesamt,Mehrpersonenhaushalte (zusammen),,409
2022,Alle Haushaltsmitglieder haben einen Migrationshintergrund,unter 500,Mehrpersonenhaushalte (zusammen),gesperrt,
2022,Alle Haushaltsmitglieder haben einen Migrationshintergrund,500 - 1000,Mehrpersonenhaushalte (zusammen),,9
2022,Alle Haushaltsmitglieder haben einen Migrationshintergrund,1000 - 1250,Mehrpersonenhaushalte (zusammen),,13
2022,Alle Haushaltsmitglieder haben einen Migrationshintergrund,1250 - 1500,Mehrpersonenhaushalte (zusammen),,21
2022,Alle Haushaltsmitglieder haben einen Migrationshintergrund,1500 - 2000,Mehrpersonenhaushalte (zusammen),,56
2022,Alle Haushaltsmitglieder haben einen Migrationshintergrund,2000 - 2500,Mehrpersonenhaushalte (zusammen),,51
2022,Alle Haushaltsmitglieder haben einen Migrationshintergrund,2500 - 3000,Mehrpersonenhaushalte (zusammen),,60
2022,Alle Haushaltsmitglieder haben einen Migrationshintergrund,3000 - 3500,Mehrpersonenhaushalte (zusammen),,48
2022,Alle Haushaltsmitglieder haben einen Migrationshintergrund,3500 - 4000,Mehrpersonenhaushalte (zusammen),,43
2022,Alle Haushaltsmitglieder haben einen Migrationshintergrund,4000 - 5000,Mehrpersonenhaushalte (zusammen),,54
2022,Alle Haushaltsmitglieder haben einen Migrationshintergrund,5000 und mehr,Mehrpersonenhaushalte (zusammen),,52
2021,Insgesamt,Insgesamt,Mehrpersonenhaushalte (zusammen),,2295    
2021,Insgesamt,unter 500,Mehrpersonenhaushalte (zusammen),gesperrt,       
2021,Insgesamt,500 - 1000,Mehrpersonenhaushalte (zusammen),,30      
2021,Insgesamt,1000 - 1250,Mehrpersonenhaushalte (zusammen),,43      
2021,Insgesamt,1250 - 1500,Mehrpersonenhaushalte (zusammen),,63      
2021,Insgesamt,1500 - 2000,Mehrpersonenhaushalte (zusammen),,197     
2021,Insgesamt,2000 - 2500,Mehrpersonenhaushalte (zusammen),,248     
2021,Insgesamt,2500 - 3000,Mehrpersonenhaushalte (zusammen),,280     
2021,Insgesamt,3000 - 3500,Mehrpersonenhaushalte (zusammen),,279     
2021,Insgesamt,3500 - 4000,Mehrpersonenhaushalte (zusammen),,265     
2021,Insgesamt,4000 - 5000,Mehrpersonenhaushalte (zusammen),,377     
2021,Insgesamt,5000 und mehr,Mehrpersonenhaushalte (zusammen),,507     
2021,Kein Haushaltsmitglied hat einen Migrationshintergrund,Insgesamt,Mehrpersonenhaushalte (zusammen),,1667    
2021,Kein Haushaltsmitglied hat einen Migrationshintergrund,unter 500,Mehrpersonenhaushalte (zusammen),gesperrt,       
2021,Kein Haushaltsmitglied hat einen Migrationshintergrund,500 - 1000,Mehrpersonenhaushalte (zusammen),,17      
2021,Kein Haushaltsmitglied hat einen Migrationshintergrund,1000 - 1250,Mehrpersonenhaushalte (zusammen),,25      
2021,Kein Haushaltsmitglied hat einen Migrationshintergrund,1250 - 1500,Mehrpersonenhaushalte (zusammen),,35      
2021,Kein Haushaltsmitglied hat einen Migrationshintergrund,1500 - 2000,Mehrpersonenhaushalte (zusammen),,123     
2021,Kein Haushaltsmitglied hat einen Migrationshintergrund,2000 - 2500,Mehrpersonenhaushalte (zusammen),,171     
2021,Kein Haushaltsmitglied hat einen Migrationshintergrund,2500 - 3000,Mehrpersonenhaushalte (zusammen),,197     
2021,Kein Haushaltsmitglied hat einen Migrationshintergrund,3000 - 3500,Mehrpersonenhaushalte (zusammen),,202     
2021,Kein Haushaltsmitglied hat einen Migrationshintergrund,3500 - 4000,Mehrpersonenhaushalte (zusammen),,199     
2021,Kein Haushaltsmitglied hat einen Migrationshintergrund,4000 - 5000,Mehrpersonenhaushalte (zusammen),,293     
2021,Kein Haushaltsmitglied hat einen Migrationshintergrund,5000 und mehr,Mehrpersonenhaushalte (zusammen),,401     
2021,Ein Teil der Haushaltsmitglieder hat einen Migraitonshintergrund,Insgesamt,Mehrpersonenhaushalte (zusammen),,241     
2021,Ein Teil der Haushaltsmitglieder hat einen Migraitonshintergrund,unter 500,Mehrpersonenhaushalte (zusammen),gesperrt,       
2021,Ein Teil der Haushaltsmitglieder hat einen Migraitonshintergrund,500 - 1000,Mehrpersonenhaushalte (zusammen),gesperrt,       
2021,Ein Teil der Haushaltsmitglieder hat einen Migraitonshintergrund,1000 - 1250,Mehrpersonenhaushalte (zusammen),gesperrt,       
2021,Ein Teil der Haushaltsmitglieder hat einen Migraitonshintergrund,1250 - 1500,Mehrpersonenhaushalte (zusammen),gesperrt,       
2021,Ein Teil der Haushaltsmitglieder hat einen Migraitonshintergrund,1500 - 2000,Mehrpersonenhaushalte (zusammen),,18      
2021,Ein Teil der Haushaltsmitglieder hat einen Migraitonshintergrund,2000 - 2500,Mehrpersonenhaushalte (zusammen),,21      
2021,Ein Teil der Haushaltsmitglieder hat einen Migraitonshintergrund,2500 - 3000,Mehrpersonenhaushalte (zusammen),,28      
2021,Ein Teil der Haushaltsmitglieder hat einen Migraitonshintergrund,3000 - 3500,Mehrpersonenhaushalte (zusammen),,30      
2021,Ein Teil der Haushaltsmitglieder hat einen Migraitonshintergrund,3500 - 4000,Mehrpersonenhaushalte (zusammen),,29      
2021,Ein Teil der Haushaltsmitglieder hat einen Migraitonshintergrund,4000 - 5000,Mehrpersonenhaushalte (zusammen),,38      
2021,Ein Teil der Haushaltsmitglieder hat einen Migraitonshintergrund,5000 und mehr,Mehrpersonenhaushalte (zusammen),,65      
2021,Alle Haushaltsmitglieder haben einen Migrationshintergrund,Insgesamt,Mehrpersonenhaushalte (zusammen),,387     
2021,Alle Haushaltsmitglieder haben einen Migrationshintergrund,unter 500,Mehrpersonenhaushalte (zusammen),gesperrt,       
2021,Alle Haushaltsmitglieder haben einen Migrationshintergrund,500 - 1000,Mehrpersonenhaushalte (zusammen),Statistisch unsicher,10    
2021,Alle Haushaltsmitglieder haben einen Migrationshintergrund,1000 - 1250,Mehrpersonenhaushalte (zusammen),,13      
2021,Alle Haushaltsmitglieder haben einen Migrationshintergrund,1250 - 1500,Mehrpersonenhaushalte (zusammen),,23      
2021,Alle Haushaltsmitglieder haben einen Migrationshintergrund,1500 - 2000,Mehrpersonenhaushalte (zusammen),,56      
2021,Alle Haushaltsmitglieder haben einen Migrationshintergrund,2000 - 2500,Mehrpersonenhaushalte (zusammen),,56      
2021,Alle Haushaltsmitglieder haben einen Migrationshintergrund,2500 - 3000,Mehrpersonenhaushalte (zusammen),,55      
2021,Alle Haushaltsmitglieder haben einen Migrationshintergrund,3000 - 3500,Mehrpersonenhaushalte (zusammen),,47      
2021,Alle Haushaltsmitglieder haben einen Migrationshintergrund,3500 - 4000,Mehrpersonenhaushalte (zusammen),,37      
2021,Alle Haushaltsmitglieder haben einen Migrationshintergrund,4000 - 5000,Mehrpersonenhaushalte (zusammen),,46      
2021,Alle Haushaltsmitglieder haben einen Migrationshintergrund,5000 und mehr,Mehrpersonenhaushalte (zusammen),,41      
2023,Insgesamt,Insgesamt,davon mit 2 Personen,,1349
2023,Insgesamt,unter 500,davon mit 2 Personen,gesperrt,
2023,Insgesamt,500 - 1000,davon mit 2 Personen,,15
2023,Insgesamt,1000 - 1250,davon mit 2 Personen,,19
2023,Insgesamt,1250 - 1500,davon mit 2 Personen,,36
2023,Insgesamt,1500 - 2000,davon mit 2 Personen,,122
2023,Insgesamt,2000 - 2500,davon mit 2 Personen,,164
2023,Insgesamt,2500 - 3000,davon mit 2 Personen,,179
2023,Insgesamt,3000 - 3500,davon mit 2 Personen,,176
2023,Insgesamt,3500 - 4000,davon mit 2 Personen,,154
2023,Insgesamt,4000 - 5000,davon mit 2 Personen,,225
2023,Insgesamt,5000 und mehr,davon mit 2 Personen,,255
2023,Kein Haushaltsmitglied hat einen Migrationshintergrund,Insgesamt,davon mit 2 Personen,,1050
2023,Kein Haushaltsmitglied hat einen Migrationshintergrund,unter 500,davon mit 2 Personen,gesperrt,
2023,Kein Haushaltsmitglied hat einen Migrationshintergrund,500 - 1000,davon mit 2 Personen,,6
2023,Kein Haushaltsmitglied hat einen Migrationshintergrund,1000 - 1250,davon mit 2 Personen,,10
2023,Kein Haushaltsmitglied hat einen Migrationshintergrund,1250 - 1500,davon mit 2 Personen,,20
2023,Kein Haushaltsmitglied hat einen Migrationshintergrund,1500 - 2000,davon mit 2 Personen,,82
2023,Kein Haushaltsmitglied hat einen Migrationshintergrund,2000 - 2500,davon mit 2 Personen,,127
2023,Kein Haushaltsmitglied hat einen Migrationshintergrund,2500 - 3000,davon mit 2 Personen,,139
2023,Kein Haushaltsmitglied hat einen Migrationshintergrund,3000 - 3500,davon mit 2 Personen,,139
2023,Kein Haushaltsmitglied hat einen Migrationshintergrund,3500 - 4000,davon mit 2 Personen,,125
2023,Kein Haushaltsmitglied hat einen Migrationshintergrund,4000 - 5000,davon mit 2 Personen,,185
2023,Kein Haushaltsmitglied hat einen Migrationshintergrund,5000 und mehr,davon mit 2 Personen,,215
2023,Ein Teil der Haushaltsmitglieder hat einen Migraitonshintergrund,Insgesamt,davon mit 2 Personen,,128
2023,Ein Teil der Haushaltsmitglieder hat einen Migraitonshintergrund,unter 500,davon mit 2 Personen,gesperrt,
2023,Ein Teil der Haushaltsmitglieder hat einen Migraitonshintergrund,500 - 1000,davon mit 2 Personen,gesperrt,
2023,Ein Teil der Haushaltsmitglieder hat einen Migraitonshintergrund,1000 - 1250,davon mit 2 Personen,gesperrt,
2023,Ein Teil der Haushaltsmitglieder hat einen Migraitonshintergrund,1250 - 1500,davon mit 2 Personen,gesperrt,
2023,Ein Teil der Haushaltsmitglieder hat einen Migraitonshintergrund,1500 - 2000,davon mit 2 Personen,,9
2023,Ein Teil der Haushaltsmitglieder hat einen Migraitonshintergrund,2000 - 2500,davon mit 2 Personen,,15
2023,Ein Teil der Haushaltsmitglieder hat einen Migraitonshintergrund,2500 - 3000,davon mit 2 Personen,,17
2023,Ein Teil der Haushaltsmitglieder hat einen Migraitonshintergrund,3000 - 3500,davon mit 2 Personen,,16
2023,Ein Teil der Haushaltsmitglieder hat einen Migraitonshintergrund,3500 - 4000,davon mit 2 Personen,,15
2023,Ein Teil der Haushaltsmitglieder hat einen Migraitonshintergrund,4000 - 5000,davon mit 2 Personen,,25
2023,Ein Teil der Haushaltsmitglieder hat einen Migraitonshintergrund,5000 und mehr,davon mit 2 Personen,,28
2023,Alle Haushaltsmitglieder haben einen Migrationshintergrund,Insgesamt,davon mit 2 Personen,,171
2023,Alle Haushaltsmitglieder haben einen Migrationshintergrund,unter 500,davon mit 2 Personen,gesperrt,
2023,Alle Haushaltsmitglieder haben einen Migrationshintergrund,500 - 1000,davon mit 2 Personen,,8
2023,Alle Haushaltsmitglieder haben einen Migrationshintergrund,1000 - 1250,davon mit 2 Personen,,8
2023,Alle Haushaltsmitglieder haben einen Migrationshintergrund,1250 - 1500,davon mit 2 Personen,,13
2023,Alle Haushaltsmitglieder haben einen Migrationshintergrund,1500 - 2000,davon mit 2 Personen,,31
2023,Alle Haushaltsmitglieder haben einen Migrationshintergrund,2000 - 2500,davon mit 2 Personen,,22
2023,Alle Haushaltsmitglieder haben einen Migrationshintergrund,2500 - 3000,davon mit 2 Personen,,23
2023,Alle Haushaltsmitglieder haben einen Migrationshintergrund,3000 - 3500,davon mit 2 Personen,,22
2023,Alle Haushaltsmitglieder haben einen Migrationshintergrund,3500 - 4000,davon mit 2 Personen,,14
2023,Alle Haushaltsmitglieder haben einen Migrationshintergrund,4000 - 5000,davon mit 2 Personen,,15
2023,Alle Haushaltsmitglieder haben einen Migrationshintergrund,5000 und mehr,davon mit 2 Personen,,13
2022,Insgesamt,Insgesamt,davon mit 2 Personen,,1343
2022,Insgesamt,unter 500,davon mit 2 Personen,gesperrt,
2022,Insgesamt,500 - 1000,davon mit 2 Personen,,16
2022,Insgesamt,1000 - 1250,davon mit 2 Personen,,27
2022,Insgesamt,1250 - 1500,davon mit 2 Personen,,45
2022,Insgesamt,1500 - 2000,davon mit 2 Personen,,141
2022,Insgesamt,2000 - 2500,davon mit 2 Personen,,172
2022,Insgesamt,2500 - 3000,davon mit 2 Personen,,186
2022,Insgesamt,3000 - 3500,davon mit 2 Personen,,171
2022,Insgesamt,3500 - 4000,davon mit 2 Personen,,154
2022,Insgesamt,4000 - 5000,davon mit 2 Personen,,206
2022,Insgesamt,5000 und mehr,davon mit 2 Personen,,223
2022,Kein Haushaltsmitglied hat einen Migrationshintergrund,Insgesamt,davon mit 2 Personen,,1058
2022,Kein Haushaltsmitglied hat einen Migrationshintergrund,unter 500,davon mit 2 Personen,gesperrt,
2022,Kein Haushaltsmitglied hat einen Migrationshintergrund,500 - 1000,davon mit 2 Personen,,9
2022,Kein Haushaltsmitglied hat einen Migrationshintergrund,1000 - 1250,davon mit 2 Personen,,16
2022,Kein Haushaltsmitglied hat einen Migrationshintergrund,1250 - 1500,davon mit 2 Personen,,26
2022,Kein Haushaltsmitglied hat einen Migrationshintergrund,1500 - 2000,davon mit 2 Personen,,97
2022,Kein Haushaltsmitglied hat einen Migrationshintergrund,2000 - 2500,davon mit 2 Personen,,136
2022,Kein Haushaltsmitglied hat einen Migrationshintergrund,2500 - 3000,davon mit 2 Personen,,147
2022,Kein Haushaltsmitglied hat einen Migrationshintergrund,3000 - 3500,davon mit 2 Personen,,138
2022,Kein Haushaltsmitglied hat einen Migrationshintergrund,3500 - 4000,davon mit 2 Personen,,125
2022,Kein Haushaltsmitglied hat einen Migrationshintergrund,4000 - 5000,davon mit 2 Personen,,173
2022,Kein Haushaltsmitglied hat einen Migrationshintergrund,5000 und mehr,davon mit 2 Personen,,189
2022,Ein Teil der Haushaltsmitglieder hat einen Migraitonshintergrund,Insgesamt,davon mit 2 Personen,,128
2022,Ein Teil der Haushaltsmitglieder hat einen Migraitonshintergrund,unter 500,davon mit 2 Personen,gesperrt,
2022,Ein Teil der Haushaltsmitglieder hat einen Migraitonshintergrund,500 - 1000,davon mit 2 Personen,gesperrt,
2022,Ein Teil der Haushaltsmitglieder hat einen Migraitonshintergrund,1000 - 1250,davon mit 2 Personen,gesperrt,
2022,Ein Teil der Haushaltsmitglieder hat einen Migraitonshintergrund,1250 - 1500,davon mit 2 Personen,gesperrt,
2022,Ein Teil der Haushaltsmitglieder hat einen Migraitonshintergrund,1500 - 2000,davon mit 2 Personen,,14
2022,Ein Teil der Haushaltsmitglieder hat einen Migraitonshintergrund,2000 - 2500,davon mit 2 Personen,,16
2022,Ein Teil der Haushaltsmitglieder hat einen Migraitonshintergrund,2500 - 3000,davon mit 2 Personen,,15
2022,Ein Teil der Haushaltsmitglieder hat einen Migraitonshintergrund,3000 - 3500,davon mit 2 Personen,,15
2022,Ein Teil der Haushaltsmitglieder hat einen Migraitonshintergrund,3500 - 4000,davon mit 2 Personen,,15
2022,Ein Teil der Haushaltsmitglieder hat einen Migraitonshintergrund,4000 - 5000,davon mit 2 Personen,,20
2022,Ein Teil der Haushaltsmitglieder hat einen Migraitonshintergrund,5000 und mehr,davon mit 2 Personen,,25
2022,Alle Haushaltsmitglieder haben einen Migrationshintergrund,Insgesamt,davon mit 2 Personen,,158
2022,Alle Haushaltsmitglieder haben einen Migrationshintergrund,unter 500,davon mit 2 Personen,gesperrt,
2022,Alle Haushaltsmitglieder haben einen Migrationshintergrund,500 - 1000,davon mit 2 Personen,,7
2022,Alle Haushaltsmitglieder haben einen Migrationshintergrund,1000 - 1250,davon mit 2 Personen,,8
2022,Alle Haushaltsmitglieder haben einen Migrationshintergrund,1250 - 1500,davon mit 2 Personen,,15
2022,Alle Haushaltsmitglieder haben einen Migrationshintergrund,1500 - 2000,davon mit 2 Personen,,29
2022,Alle Haushaltsmitglieder haben einen Migrationshintergrund,2000 - 2500,davon mit 2 Personen,,20
2022,Alle Haushaltsmitglieder haben einen Migrationshintergrund,2500 - 3000,davon mit 2 Personen,,24
2022,Alle Haushaltsmitglieder haben einen Migrationshintergrund,3000 - 3500,davon mit 2 Personen,,18
2022,Alle Haushaltsmitglieder haben einen Migrationshintergrund,3500 - 4000,davon mit 2 Personen,,15
2022,Alle Haushaltsmitglieder haben einen Migrationshintergrund,4000 - 5000,davon mit 2 Personen,,13
2022,Alle Haushaltsmitglieder haben einen Migrationshintergrund,5000 und mehr,davon mit 2 Personen,,9
2021,Insgesamt,Insgesamt,davon mit 2 Personen,,1316    
2021,Insgesamt,unter 500,davon mit 2 Personen,gesperrt,       
2021,Insgesamt,500 - 1000,davon mit 2 Personen,,24      
2021,Insgesamt,1000 - 1250,davon mit 2 Personen,,33      
2021,Insgesamt,1250 - 1500,davon mit 2 Personen,,47      
2021,Insgesamt,1500 - 2000,davon mit 2 Personen,,146     
2021,Insgesamt,2000 - 2500,davon mit 2 Personen,,180     
2021,Insgesamt,2500 - 3000,davon mit 2 Personen,,183     
2021,Insgesamt,3000 - 3500,davon mit 2 Personen,,168     
2021,Insgesamt,3500 - 4000,davon mit 2 Personen,,143     
2021,Insgesamt,4000 - 5000,davon mit 2 Personen,,185     
2021,Insgesamt,5000 und mehr,davon mit 2 Personen,,202     
2021,Kein Haushaltsmitglied hat einen Migrationshintergrund,Insgesamt,davon mit 2 Personen,,1042    
2021,Kein Haushaltsmitglied hat einen Migrationshintergrund,unter 500,davon mit 2 Personen,gesperrt,
2021,Kein Haushaltsmitglied hat einen Migrationshintergrund,500 - 1000,davon mit 2 Personen,,15      
2021,Kein Haushaltsmitglied hat einen Migrationshintergrund,1000 - 1250,davon mit 2 Personen,,21      
2021,Kein Haushaltsmitglied hat einen Migrationshintergrund,1250 - 1500,davon mit 2 Personen,,30      
2021,Kein Haushaltsmitglied hat einen Migrationshintergrund,1500 - 2000,davon mit 2 Personen,,104     
2021,Kein Haushaltsmitglied hat einen Migrationshintergrund,2000 - 2500,davon mit 2 Personen,,140     
2021,Kein Haushaltsmitglied hat einen Migrationshintergrund,2500 - 3000,davon mit 2 Personen,,144     
2021,Kein Haushaltsmitglied hat einen Migrationshintergrund,3000 - 3500,davon mit 2 Personen,,136     
2021,Kein Haushaltsmitglied hat einen Migrationshintergrund,3500 - 4000,davon mit 2 Personen,,120     
2021,Kein Haushaltsmitglied hat einen Migrationshintergrund,4000 - 5000,davon mit 2 Personen,,157     
2021,Kein Haushaltsmitglied hat einen Migrationshintergrund,5000 und mehr,davon mit 2 Personen,,172     
2021,Ein Teil der Haushaltsmitglieder hat einen Migraitonshintergrund,Insgesamt,davon mit 2 Personen,,124     
2021,Ein Teil der Haushaltsmitglieder hat einen Migraitonshintergrund,unter 500,davon mit 2 Personen,gesperrt,       
2021,Ein Teil der Haushaltsmitglieder hat einen Migraitonshintergrund,500 - 1000,davon mit 2 Personen,gesperrt,       
2021,Ein Teil der Haushaltsmitglieder hat einen Migraitonshintergrund,1000 - 1250,davon mit 2 Personen,gesperrt,       
2021,Ein Teil der Haushaltsmitglieder hat einen Migraitonshintergrund,1250 - 1500,davon mit 2 Personen,gesperrt,       
2021,Ein Teil der Haushaltsmitglieder hat einen Migraitonshintergrund,1500 - 2000,davon mit 2 Personen,,13      
2021,Ein Teil der Haushaltsmitglieder hat einen Migraitonshintergrund,2000 - 2500,davon mit 2 Personen,,14      
2021,Ein Teil der Haushaltsmitglieder hat einen Migraitonshintergrund,2500 - 3000,davon mit 2 Personen,,18      
2021,Ein Teil der Haushaltsmitglieder hat einen Migraitonshintergrund,3000 - 3500,davon mit 2 Personen,,17      
2021,Ein Teil der Haushaltsmitglieder hat einen Migraitonshintergrund,3500 - 4000,davon mit 2 Personen,,14      
2021,Ein Teil der Haushaltsmitglieder hat einen Migraitonshintergrund,4000 - 5000,davon mit 2 Personen,,17      
2021,Ein Teil der Haushaltsmitglieder hat einen Migraitonshintergrund,5000 und mehr,davon mit 2 Personen,,22      
2021,Alle Haushaltsmitglieder haben einen Migrationshintergrund,Insgesamt,davon mit 2 Personen,,150     
2021,Alle Haushaltsmitglieder haben einen Migrationshintergrund,unter 500,davon mit 2 Personen,gesperrt,       
2021,Alle Haushaltsmitglieder haben einen Migrationshintergrund,500 - 1000,davon mit 2 Personen,Statistisch unsicher,8     
2021,Alle Haushaltsmitglieder haben einen Migrationshintergrund,1000 - 1250,davon mit 2 Personen,Statistisch unsicher,9     
2021,Alle Haushaltsmitglieder haben einen Migrationshintergrund,1250 - 1500,davon mit 2 Personen,,14      
2021,Alle Haushaltsmitglieder haben einen Migrationshintergrund,1500 - 2000,davon mit 2 Personen,,29      
2021,Alle Haushaltsmitglieder haben einen Migrationshintergrund,2000 - 2500,davon mit 2 Personen,,26      
2021,Alle Haushaltsmitglieder haben einen Migrationshintergrund,2500 - 3000,davon mit 2 Personen,,21      
2021,Alle Haushaltsmitglieder haben einen Migrationshintergrund,3000 - 3500,davon mit 2 Personen,,16      
2021,Alle Haushaltsmitglieder haben einen Migrationshintergrund,3500 - 4000,davon mit 2 Personen,Statistisch unsicher,9     
2021,Alle Haushaltsmitglieder haben einen Migrationshintergrund,4000 - 5000,davon mit 2 Personen,,11      
2021,Alle Haushaltsmitglieder haben einen Migrationshintergrund,5000 und mehr,davon mit 2 Personen,Statistisch unsicher,7     
2023,Insgesamt,Insgesamt,davon mit 3 Personen,,474
2023,Insgesamt,unter 500,davon mit 3 Personen,gesperrt,
2023,Insgesamt,500 - 1000,davon mit 3 Personen,gesperrt,
2023,Insgesamt,1000 - 1250,davon mit 3 Personen,gesperrt,
2023,Insgesamt,1250 - 1500,davon mit 3 Personen,,8
2023,Insgesamt,1500 - 2000,davon mit 3 Personen,,23
2023,Insgesamt,2000 - 2500,davon mit 3 Personen,,31
2023,Insgesamt,2500 - 3000,davon mit 3 Personen,,36
2023,Insgesamt,3000 - 3500,davon mit 3 Personen,,44
2023,Insgesamt,3500 - 4000,davon mit 3 Personen,,52
2023,Insgesamt,4000 - 5000,davon mit 3 Personen,,104
2023,Insgesamt,5000 und mehr,davon mit 3 Personen,,166
2023,Kein Haushaltsmitglied hat einen Migrationshintergrund,Insgesamt,davon mit 3 Personen,,318
2023,Kein Haushaltsmitglied hat einen Migrationshintergrund,unter 500,davon mit 3 Personen,gesperrt,
2023,Kein Haushaltsmitglied hat einen Migrationshintergrund,500 - 1000,davon mit 3 Personen,gesperrt,
2023,Kein Haushaltsmitglied hat einen Migrationshintergrund,1000 - 1250,davon mit 3 Personen,gesperrt,
2023,Kein Haushaltsmitglied hat einen Migrationshintergrund,1250 - 1500,davon mit 3 Personen,gesperrt,
2023,Kein Haushaltsmitglied hat einen Migrationshintergrund,1500 - 2000,davon mit 3 Personen,,8
2023,Kein Haushaltsmitglied hat einen Migrationshintergrund,2000 - 2500,davon mit 3 Personen,,15
2023,Kein Haushaltsmitglied hat einen Migrationshintergrund,2500 - 3000,davon mit 3 Personen,,21
2023,Kein Haushaltsmitglied hat einen Migrationshintergrund,3000 - 3500,davon mit 3 Personen,,28
2023,Kein Haushaltsmitglied hat einen Migrationshintergrund,3500 - 4000,davon mit 3 Personen,,35
2023,Kein Haushaltsmitglied hat einen Migrationshintergrund,4000 - 5000,davon mit 3 Personen,,77
2023,Kein Haushaltsmitglied hat einen Migrationshintergrund,5000 und mehr,davon mit 3 Personen,,129
2023,Ein Teil der Haushaltsmitglieder hat einen Migraitonshintergrund,Insgesamt,davon mit 3 Personen,,59
2023,Ein Teil der Haushaltsmitglieder hat einen Migraitonshintergrund,unter 500,davon mit 3 Personen,gesperrt,
2023,Ein Teil der Haushaltsmitglieder hat einen Migraitonshintergrund,500 - 1000,davon mit 3 Personen,gesperrt,
2023,Ein Teil der Haushaltsmitglieder hat einen Migraitonshintergrund,1000 - 1250,davon mit 3 Personen,gesperrt,
2023,Ein Teil der Haushaltsmitglieder hat einen Migraitonshintergrund,1250 - 1500,davon mit 3 Personen,gesperrt,
2023,Ein Teil der Haushaltsmitglieder hat einen Migraitonshintergrund,1500 - 2000,davon mit 3 Personen,gesperrt,
2023,Ein Teil der Haushaltsmitglieder hat einen Migraitonshintergrund,2000 - 2500,davon mit 3 Personen,gesperrt,
2023,Ein Teil der Haushaltsmitglieder hat einen Migraitonshintergrund,2500 - 3000,davon mit 3 Personen,gesperrt,
2023,Ein Teil der Haushaltsmitglieder hat einen Migraitonshintergrund,3000 - 3500,davon mit 3 Personen,gesperrt,
2023,Ein Teil der Haushaltsmitglieder hat einen Migraitonshintergrund,3500 - 4000,davon mit 3 Personen,,8
2023,Ein Teil der Haushaltsmitglieder hat einen Migraitonshintergrund,4000 - 5000,davon mit 3 Personen,,13
2023,Ein Teil der Haushaltsmitglieder hat einen Migraitonshintergrund,5000 und mehr,davon mit 3 Personen,,22
2023,Alle Haushaltsmitglieder haben einen Migrationshintergrund,Insgesamt,davon mit 3 Personen,,96
2023,Alle Haushaltsmitglieder haben einen Migrationshintergrund,unter 500,davon mit 3 Personen,gesperrt,
2023,Alle Haushaltsmitglieder haben einen Migrationshintergrund,500 - 1000,davon mit 3 Personen,gesperrt,
2023,Alle Haushaltsmitglieder haben einen Migrationshintergrund,1000 - 1250,davon mit 3 Personen,gesperrt,
2023,Alle Haushaltsmitglieder haben einen Migrationshintergrund,1250 - 1500,davon mit 3 Personen,gesperrt,
2023,Alle Haushaltsmitglieder haben einen Migrationshintergrund,1500 - 2000,davon mit 3 Personen,,13
2023,Alle Haushaltsmitglieder haben einen Migrationshintergrund,2000 - 2500,davon mit 3 Personen,,12
2023,Alle Haushaltsmitglieder haben einen Migrationshintergrund,2500 - 3000,davon mit 3 Personen,,10
2023,Alle Haushaltsmitglieder haben einen Migrationshintergrund,3000 - 3500,davon mit 3 Personen,,9
2023,Alle Haushaltsmitglieder haben einen Migrationshintergrund,3500 - 4000,davon mit 3 Personen,,9
2023,Alle Haushaltsmitglieder haben einen Migrationshintergrund,4000 - 5000,davon mit 3 Personen,,14
2023,Alle Haushaltsmitglieder haben einen Migrationshintergrund,5000 und mehr,davon mit 3 Personen,,15
2022,Insgesamt,Insgesamt,davon mit 3 Personen,,465
2022,Insgesamt,unter 500,davon mit 3 Personen,gesperrt,
2022,Insgesamt,500 - 1000,davon mit 3 Personen,gesperrt,
2022,Insgesamt,1000 - 1250,davon mit 3 Personen,gesperrt,
2022,Insgesamt,1250 - 1500,davon mit 3 Personen,,7
2022,Insgesamt,1500 - 2000,davon mit 3 Personen,,25
2022,Insgesamt,2000 - 2500,davon mit 3 Personen,,35
2022,Insgesamt,2500 - 3000,davon mit 3 Personen,,44
2022,Insgesamt,3000 - 3500,davon mit 3 Personen,,51
2022,Insgesamt,3500 - 4000,davon mit 3 Personen,,55
2022,Insgesamt,4000 - 5000,davon mit 3 Personen,,100
2022,Insgesamt,5000 und mehr,davon mit 3 Personen,,140
2022,Kein Haushaltsmitglied hat einen Migrationshintergrund,Insgesamt,davon mit 3 Personen,,318
2022,Kein Haushaltsmitglied hat einen Migrationshintergrund,unter 500,davon mit 3 Personen,gesperrt,
2022,Kein Haushaltsmitglied hat einen Migrationshintergrund,500 - 1000,davon mit 3 Personen,gesperrt,
2022,Kein Haushaltsmitglied hat einen Migrationshintergrund,1000 - 1250,davon mit 3 Personen,gesperrt,
2022,Kein Haushaltsmitglied hat einen Migrationshintergrund,1250 - 1500,davon mit 3 Personen,gesperrt,
2022,Kein Haushaltsmitglied hat einen Migrationshintergrund,1500 - 2000,davon mit 3 Personen,,11
2022,Kein Haushaltsmitglied hat einen Migrationshintergrund,2000 - 2500,davon mit 3 Personen,,19
2022,Kein Haushaltsmitglied hat einen Migrationshintergrund,2500 - 3000,davon mit 3 Personen,,25
2022,Kein Haushaltsmitglied hat einen Migrationshintergrund,3000 - 3500,davon mit 3 Personen,,33
2022,Kein Haushaltsmitglied hat einen Migrationshintergrund,3500 - 4000,davon mit 3 Personen,,38
2022,Kein Haushaltsmitglied hat einen Migrationshintergrund,4000 - 5000,davon mit 3 Personen,,74
2022,Kein Haushaltsmitglied hat einen Migrationshintergrund,5000 und mehr,davon mit 3 Personen,,109
2022,Ein Teil der Haushaltsmitglieder hat einen Migraitonshintergrund,Insgesamt,davon mit 3 Personen,,56
2022,Ein Teil der Haushaltsmitglieder hat einen Migraitonshintergrund,unter 500,davon mit 3 Personen,gesperrt,
2022,Ein Teil der Haushaltsmitglieder hat einen Migraitonshintergrund,500 - 1000,davon mit 3 Personen,gesperrt,
2022,Ein Teil der Haushaltsmitglieder hat einen Migraitonshintergrund,1000 - 1250,davon mit 3 Personen,gesperrt,
2022,Ein Teil der Haushaltsmitglieder hat einen Migraitonshintergrund,1250 - 1500,davon mit 3 Personen,gesperrt,
2022,Ein Teil der Haushaltsmitglieder hat einen Migraitonshintergrund,1500 - 2000,davon mit 3 Personen,gesperrt,
2022,Ein Teil der Haushaltsmitglieder hat einen Migraitonshintergrund,2000 - 2500,davon mit 3 Personen,gesperrt,
2022,Ein Teil der Haushaltsmitglieder hat einen Migraitonshintergrund,2500 - 3000,davon mit 3 Personen,gesperrt,
2022,Ein Teil der Haushaltsmitglieder hat einen Migraitonshintergrund,3000 - 3500,davon mit 3 Personen,,7
2022,Ein Teil der Haushaltsmitglieder hat einen Migraitonshintergrund,3500 - 4000,davon mit 3 Personen,,8
2022,Ein Teil der Haushaltsmitglieder hat einen Migraitonshintergrund,4000 - 5000,davon mit 3 Personen,,11
2022,Ein Teil der Haushaltsmitglieder hat einen Migraitonshintergrund,5000 und mehr,davon mit 3 Personen,,19
2022,Alle Haushaltsmitglieder haben einen Migrationshintergrund,Insgesamt,davon mit 3 Personen,,92
2022,Alle Haushaltsmitglieder haben einen Migrationshintergrund,unter 500,davon mit 3 Personen,gesperrt,
2022,Alle Haushaltsmitglieder haben einen Migrationshintergrund,500 - 1000,davon mit 3 Personen,gesperrt,
2022,Alle Haushaltsmitglieder haben einen Migrationshintergrund,1000 - 1250,davon mit 3 Personen,gesperrt,
2022,Alle Haushaltsmitglieder haben einen Migrationshintergrund,1250 - 1500,davon mit 3 Personen,gesperrt,
2022,Alle Haushaltsmitglieder haben einen Migrationshintergrund,1500 - 2000,davon mit 3 Personen,,12
2022,Alle Haushaltsmitglieder haben einen Migrationshintergrund,2000 - 2500,davon mit 3 Personen,,12
2022,Alle Haushaltsmitglieder haben einen Migrationshintergrund,2500 - 3000,davon mit 3 Personen,,14
2022,Alle Haushaltsmitglieder haben einen Migrationshintergrund,3000 - 3500,davon mit 3 Personen,,11
2022,Alle Haushaltsmitglieder haben einen Migrationshintergrund,3500 - 4000,davon mit 3 Personen,,9
2022,Alle Haushaltsmitglieder haben einen Migrationshintergrund,4000 - 5000,davon mit 3 Personen,,16
2022,Alle Haushaltsmitglieder haben einen Migrationshintergrund,5000 und mehr,davon mit 3 Personen,,12
2021,Insgesamt,Insgesamt,davon mit 3 Personen,,459     
2021,Insgesamt,unter 500,davon mit 3 Personen,gesperrt,       
2021,Insgesamt,500 - 1000,davon mit 3 Personen,gesperrt,       
2021,Insgesamt,1000 - 1250,davon mit 3 Personen,Statistisch unsicher,6     
2021,Insgesamt,1250 - 1500,davon mit 3 Personen,Statistisch unsicher,9     
2021,Insgesamt,1500 - 2000,davon mit 3 Personen,,29      
2021,Insgesamt,2000 - 2500,davon mit 3 Personen,,35      
2021,Insgesamt,2500 - 3000,davon mit 3 Personen,,49      
2021,Insgesamt,3000 - 3500,davon mit 3 Personen,,53      
2021,Insgesamt,3500 - 4000,davon mit 3 Personen,,58      
2021,Insgesamt,4000 - 5000,davon mit 3 Personen,,92      
2021,Insgesamt,5000 und mehr,davon mit 3 Personen,,122     
2021,Kein Haushaltsmitglied hat einen Migrationshintergrund,Insgesamt,davon mit 3 Personen,,315     
2021,Kein Haushaltsmitglied hat einen Migrationshintergrund,unter 500,davon mit 3 Personen,gesperrt,       
2021,Kein Haushaltsmitglied hat einen Migrationshintergrund,500 - 1000,davon mit 3 Personen,gesperrt,       
2021,Kein Haushaltsmitglied hat einen Migrationshintergrund,1000 - 1250,davon mit 3 Personen,gesperrt,       
2021,Kein Haushaltsmitglied hat einen Migrationshintergrund,1250 - 1500,davon mit 3 Personen,gesperrt,       
2021,Kein Haushaltsmitglied hat einen Migrationshintergrund,1500 - 2000,davon mit 3 Personen,,12      
2021,Kein Haushaltsmitglied hat einen Migrationshintergrund,2000 - 2500,davon mit 3 Personen,,19      
2021,Kein Haushaltsmitglied hat einen Migrationshintergrund,2500 - 3000,davon mit 3 Personen,,32      
2021,Kein Haushaltsmitglied hat einen Migrationshintergrund,3000 - 3500,davon mit 3 Personen,,35      
2021,Kein Haushaltsmitglied hat einen Migrationshintergrund,3500 - 4000,davon mit 3 Personen,,40      
2021,Kein Haushaltsmitglied hat einen Migrationshintergrund,4000 - 5000,davon mit 3 Personen,,70      
2021,Kein Haushaltsmitglied hat einen Migrationshintergrund,5000 und mehr,davon mit 3 Personen,,97      
2021,Ein Teil der Haushaltsmitglieder hat einen Migraitonshintergrund,Insgesamt,davon mit 3 Personen,,54      
2021,Ein Teil der Haushaltsmitglieder hat einen Migraitonshintergrund,unter 500,davon mit 3 Personen,gesperrt,       
2021,Ein Teil der Haushaltsmitglieder hat einen Migraitonshintergrund,500 - 1000,davon mit 3 Personen,gesperrt,       
2021,Ein Teil der Haushaltsmitglieder hat einen Migraitonshintergrund,1000 - 1250,davon mit 3 Personen,gesperrt,       
2021,Ein Teil der Haushaltsmitglieder hat einen Migraitonshintergrund,1250 - 1500,davon mit 3 Personen,gesperrt,       
2021,Ein Teil der Haushaltsmitglieder hat einen Migraitonshintergrund,1500 - 2000,davon mit 3 Personen,gesperrt,       
2021,Ein Teil der Haushaltsmitglieder hat einen Migraitonshintergrund,2000 - 2500,davon mit 3 Personen,gesperrt,       
2021,Ein Teil der Haushaltsmitglieder hat einen Migraitonshintergrund,2500 - 3000,davon mit 3 Personen,gesperrt,       
2021,Ein Teil der Haushaltsmitglieder hat einen Migraitonshintergrund,3000 - 3500,davon mit 3 Personen,Statistisch unsicher,7     
2021,Ein Teil der Haushaltsmitglieder hat einen Migraitonshintergrund,3500 - 4000,davon mit 3 Personen,Statistisch unsicher,7     
2021,Ein Teil der Haushaltsmitglieder hat einen Migraitonshintergrund,4000 - 5000,davon mit 3 Personen,Statistisch unsicher,10    
2021,Ein Teil der Haushaltsmitglieder hat einen Migraitonshintergrund,5000 und mehr,davon mit 3 Personen,,16      
2021,Alle Haushaltsmitglieder haben einen Migrationshintergrund,Insgesamt,davon mit 3 Personen,,89      
2021,Alle Haushaltsmitglieder haben einen Migrationshintergrund,unter 500,davon mit 3 Personen,gesperrt,       
2021,Alle Haushaltsmitglieder haben einen Migrationshintergrund,500 - 1000,davon mit 3 Personen,gesperrt,       
2021,Alle Haushaltsmitglieder haben einen Migrationshintergrund,1000 - 1250,davon mit 3 Personen,gesperrt,       
2021,Alle Haushaltsmitglieder haben einen Migrationshintergrund,1250 - 1500,davon mit 3 Personen,gesperrt,       
2021,Alle Haushaltsmitglieder haben einen Migrationshintergrund,1500 - 2000,davon mit 3 Personen,,14      
2021,Alle Haushaltsmitglieder haben einen Migrationshintergrund,2000 - 2500,davon mit 3 Personen,,12      
2021,Alle Haushaltsmitglieder haben einen Migrationshintergrund,2500 - 3000,davon mit 3 Personen,,12      
2021,Alle Haushaltsmitglieder haben einen Migrationshintergrund,3000 - 3500,davon mit 3 Personen,Statistisch unsicher,11    
2021,Alle Haushaltsmitglieder haben einen Migrationshintergrund,3500 - 4000,davon mit 3 Personen,Statistisch unsicher,10    
2021,Alle Haushaltsmitglieder haben einen Migrationshintergrund,4000 - 5000,davon mit 3 Personen,,13      
2021,Alle Haushaltsmitglieder haben einen Migrationshintergrund,5000 und mehr,davon mit 3 Personen,Statistisch unsicher,9     
2023,Insgesamt,Insgesamt,davon mit 4 Personen,,373
2023,Insgesamt,unter 500,davon mit 4 Personen,gesperrt,
2023,Insgesamt,500 - 1000,davon mit 4 Personen,gesperrt,
2023,Insgesamt,1000 - 1250,davon mit 4 Personen,gesperrt,
2023,Insgesamt,1250 - 1500,davon mit 4 Personen,gesperrt,
2023,Insgesamt,1500 - 2000,davon mit 4 Personen,,10
2023,Insgesamt,2000 - 2500,davon mit 4 Personen,,18
2023,Insgesamt,2500 - 3000,davon mit 4 Personen,,25
2023,Insgesamt,3000 - 3500,davon mit 4 Personen,,32
2023,Insgesamt,3500 - 4000,davon mit 4 Personen,,40
2023,Insgesamt,4000 - 5000,davon mit 4 Personen,,78
2023,Insgesamt,5000 und mehr,davon mit 4 Personen,,165
2023,Kein Haushaltsmitglied hat einen Migrationshintergrund,Insgesamt,davon mit 4 Personen,,231
2023,Kein Haushaltsmitglied hat einen Migrationshintergrund,unter 500,davon mit 4 Personen,gesperrt,
2023,Kein Haushaltsmitglied hat einen Migrationshintergrund,500 - 1000,davon mit 4 Personen,gesperrt,
2023,Kein Haushaltsmitglied hat einen Migrationshintergrund,1000 - 1250,davon mit 4 Personen,gesperrt,
2023,Kein Haushaltsmitglied hat einen Migrationshintergrund,1250 - 1500,davon mit 4 Personen,gesperrt,
2023,Kein Haushaltsmitglied hat einen Migrationshintergrund,1500 - 2000,davon mit 4 Personen,gesperrt,
2023,Kein Haushaltsmitglied hat einen Migrationshintergrund,2000 - 2500,davon mit 4 Personen,gesperrt,
2023,Kein Haushaltsmitglied hat einen Migrationshintergrund,2500 - 3000,davon mit 4 Personen,,11
2023,Kein Haushaltsmitglied hat einen Migrationshintergrund,3000 - 3500,davon mit 4 Personen,,18
2023,Kein Haushaltsmitglied hat einen Migrationshintergrund,3500 - 4000,davon mit 4 Personen,,23
2023,Kein Haushaltsmitglied hat einen Migrationshintergrund,4000 - 5000,davon mit 4 Personen,,50
2023,Kein Haushaltsmitglied hat einen Migrationshintergrund,5000 und mehr,davon mit 4 Personen,,119
2023,Ein Teil der Haushaltsmitglieder hat einen Migraitonshintergrund,Insgesamt,davon mit 4 Personen,,52
2023,Ein Teil der Haushaltsmitglieder hat einen Migraitonshintergrund,unter 500,davon mit 4 Personen,gesperrt,
2023,Ein Teil der Haushaltsmitglieder hat einen Migraitonshintergrund,500 - 1000,davon mit 4 Personen,gesperrt,
2023,Ein Teil der Haushaltsmitglieder hat einen Migraitonshintergrund,1000 - 1250,davon mit 4 Personen,gesperrt,
2023,Ein Teil der Haushaltsmitglieder hat einen Migraitonshintergrund,1250 - 1500,davon mit 4 Personen,gesperrt,
2023,Ein Teil der Haushaltsmitglieder hat einen Migraitonshintergrund,1500 - 2000,davon mit 4 Personen,gesperrt,
2023,Ein Teil der Haushaltsmitglieder hat einen Migraitonshintergrund,2000 - 2500,davon mit 4 Personen,gesperrt,
2023,Ein Teil der Haushaltsmitglieder hat einen Migraitonshintergrund,2500 - 3000,davon mit 4 Personen,gesperrt,
2023,Ein Teil der Haushaltsmitglieder hat einen Migraitonshintergrund,3000 - 3500,davon mit 4 Personen,gesperrt,
2023,Ein Teil der Haushaltsmitglieder hat einen Migraitonshintergrund,3500 - 4000,davon mit 4 Personen,gesperrt,
2023,Ein Teil der Haushaltsmitglieder hat einen Migraitonshintergrund,4000 - 5000,davon mit 4 Personen,,11
2023,Ein Teil der Haushaltsmitglieder hat einen Migraitonshintergrund,5000 und mehr,davon mit 4 Personen,,25
2023,Alle Haushaltsmitglieder haben einen Migrationshintergrund,Insgesamt,davon mit 4 Personen,,91
2023,Alle Haushaltsmitglieder haben einen Migrationshintergrund,unter 500,davon mit 4 Personen,gesperrt,
2023,Alle Haushaltsmitglieder haben einen Migrationshintergrund,500 - 1000,davon mit 4 Personen,gesperrt,
2023,Alle Haushaltsmitglieder haben einen Migrationshintergrund,1000 - 1250,davon mit 4 Personen,gesperrt,
2023,Alle Haushaltsmitglieder haben einen Migrationshintergrund,1250 - 1500,davon mit 4 Personen,gesperrt,
2023,Alle Haushaltsmitglieder haben einen Migrationshintergrund,1500 - 2000,davon mit 4 Personen,gesperrt,
2023,Alle Haushaltsmitglieder haben einen Migrationshintergrund,2000 - 2500,davon mit 4 Personen,,10
2023,Alle Haushaltsmitglieder haben einen Migrationshintergrund,2500 - 3000,davon mit 4 Personen,,12
2023,Alle Haushaltsmitglieder haben einen Migrationshintergrund,3000 - 3500,davon mit 4 Personen,,10
2023,Alle Haushaltsmitglieder haben einen Migrationshintergrund,3500 - 4000,davon mit 4 Personen,,11
2023,Alle Haushaltsmitglieder haben einen Migrationshintergrund,4000 - 5000,davon mit 4 Personen,,17
2023,Alle Haushaltsmitglieder haben einen Migrationshintergrund,5000 und mehr,davon mit 4 Personen,,21
2022,Insgesamt,Insgesamt,davon mit 4 Personen,,365
2022,Insgesamt,unter 500,davon mit 4 Personen,gesperrt,
2022,Insgesamt,500 - 1000,davon mit 4 Personen,gesperrt,
2022,Insgesamt,1000 - 1250,davon mit 4 Personen,gesperrt,
2022,Insgesamt,1250 - 1500,davon mit 4 Personen,gesperrt,
2022,Insgesamt,1500 - 2000,davon mit 4 Personen,,13
2022,Insgesamt,2000 - 2500,davon mit 4 Personen,,22
2022,Insgesamt,2500 - 3000,davon mit 4 Personen,,29
2022,Insgesamt,3000 - 3500,davon mit 4 Personen,,37
2022,Insgesamt,3500 - 4000,davon mit 4 Personen,,43
2022,Insgesamt,4000 - 5000,davon mit 4 Personen,,73
2022,Insgesamt,5000 und mehr,davon mit 4 Personen,,143
2022,Kein Haushaltsmitglied hat einen Migrationshintergrund,Insgesamt,davon mit 4 Personen,,228
2022,Kein Haushaltsmitglied hat einen Migrationshintergrund,unter 500,davon mit 4 Personen,gesperrt,
2022,Kein Haushaltsmitglied hat einen Migrationshintergrund,500 - 1000,davon mit 4 Personen,gesperrt,
2022,Kein Haushaltsmitglied hat einen Migrationshintergrund,1000 - 1250,davon mit 4 Personen,gesperrt,
2022,Kein Haushaltsmitglied hat einen Migrationshintergrund,1250 - 1500,davon mit 4 Personen,gesperrt,
2022,Kein Haushaltsmitglied hat einen Migrationshintergrund,1500 - 2000,davon mit 4 Personen,gesperrt,
2022,Kein Haushaltsmitglied hat einen Migrationshintergrund,2000 - 2500,davon mit 4 Personen,,9
2022,Kein Haushaltsmitglied hat einen Migrationshintergrund,2500 - 3000,davon mit 4 Personen,,15
2022,Kein Haushaltsmitglied hat einen Migrationshintergrund,3000 - 3500,davon mit 4 Personen,,21
2022,Kein Haushaltsmitglied hat einen Migrationshintergrund,3500 - 4000,davon mit 4 Personen,,26
2022,Kein Haushaltsmitglied hat einen Migrationshintergrund,4000 - 5000,davon mit 4 Personen,,47
2022,Kein Haushaltsmitglied hat einen Migrationshintergrund,5000 und mehr,davon mit 4 Personen,,104
2022,Ein Teil der Haushaltsmitglieder hat einen Migraitonshintergrund,Insgesamt,davon mit 4 Personen,,47
2022,Ein Teil der Haushaltsmitglieder hat einen Migraitonshintergrund,unter 500,davon mit 4 Personen,gesperrt,
2022,Ein Teil der Haushaltsmitglieder hat einen Migraitonshintergrund,500 - 1000,davon mit 4 Personen,gesperrt,
2022,Ein Teil der Haushaltsmitglieder hat einen Migraitonshintergrund,1000 - 1250,davon mit 4 Personen,gesperrt,
2022,Ein Teil der Haushaltsmitglieder hat einen Migraitonshintergrund,1250 - 1500,davon mit 4 Personen,gesperrt,
2022,Ein Teil der Haushaltsmitglieder hat einen Migraitonshintergrund,1500 - 2000,davon mit 4 Personen,gesperrt,
2022,Ein Teil der Haushaltsmitglieder hat einen Migraitonshintergrund,2000 - 2500,davon mit 4 Personen,gesperrt,
2022,Ein Teil der Haushaltsmitglieder hat einen Migraitonshintergrund,2500 - 3000,davon mit 4 Personen,gesperrt,
2022,Ein Teil der Haushaltsmitglieder hat einen Migraitonshintergrund,3000 - 3500,davon mit 4 Personen,gesperrt,
2022,Ein Teil der Haushaltsmitglieder hat einen Migraitonshintergrund,3500 - 4000,davon mit 4 Personen,gesperrt,
2022,Ein Teil der Haushaltsmitglieder hat einen Migraitonshintergrund,4000 - 5000,davon mit 4 Personen,,10
2022,Ein Teil der Haushaltsmitglieder hat einen Migraitonshintergrund,5000 und mehr,davon mit 4 Personen,,22
2022,Alle Haushaltsmitglieder haben einen Migrationshintergrund,Insgesamt,davon mit 4 Personen,,90
2022,Alle Haushaltsmitglieder haben einen Migrationshintergrund,unter 500,davon mit 4 Personen,gesperrt,
2022,Alle Haushaltsmitglieder haben einen Migrationshintergrund,500 - 1000,davon mit 4 Personen,gesperrt,
2022,Alle Haushaltsmitglieder haben einen Migrationshintergrund,1000 - 1250,davon mit 4 Personen,gesperrt,
2022,Alle Haushaltsmitglieder haben einen Migrationshintergrund,1250 - 1500,davon mit 4 Personen,gesperrt,
2022,Alle Haushaltsmitglieder haben einen Migrationshintergrund,1500 - 2000,davon mit 4 Personen,,9
2022,Alle Haushaltsmitglieder haben einen Migrationshintergrund,2000 - 2500,davon mit 4 Personen,,11
2022,Alle Haushaltsmitglieder haben einen Migrationshintergrund,2500 - 3000,davon mit 4 Personen,,12
2022,Alle Haushaltsmitglieder haben einen Migrationshintergrund,3000 - 3500,davon mit 4 Personen,,12
2022,Alle Haushaltsmitglieder haben einen Migrationshintergrund,3500 - 4000,davon mit 4 Personen,,11
2022,Alle Haushaltsmitglieder haben einen Migrationshintergrund,4000 - 5000,davon mit 4 Personen,,15
2022,Alle Haushaltsmitglieder haben einen Migrationshintergrund,5000 und mehr,davon mit 4 Personen,,17
2021,Insgesamt,Insgesamt,davon mit 4 Personen,,368     
2021,Insgesamt,unter 500,davon mit 4 Personen,gesperrt,       
2021,Insgesamt,500 - 1000,davon mit 4 Personen,gesperrt,       
2021,Insgesamt,1000 - 1250,davon mit 4 Personen,gesperrt,       
2021,Insgesamt,1250 - 1500,davon mit 4 Personen,gesperrt,       
2021,Insgesamt,1500 - 2000,davon mit 4 Personen,,13      
2021,Insgesamt,2000 - 2500,davon mit 4 Personen,,21      
2021,Insgesamt,2500 - 3000,davon mit 4 Personen,,33      
2021,Insgesamt,3000 - 3500,davon mit 4 Personen,,41      
2021,Insgesamt,3500 - 4000,davon mit 4 Personen,,48      
2021,Insgesamt,4000 - 5000,davon mit 4 Personen,,71      
2021,Insgesamt,5000 und mehr,davon mit 4 Personen,,133     
2021,Kein Haushaltsmitglied hat einen Migrationshintergrund,Insgesamt,davon mit 4 Personen,,239     
2021,Kein Haushaltsmitglied hat einen Migrationshintergrund,unter 500,davon mit 4 Personen,gesperrt,       
2021,Kein Haushaltsmitglied hat einen Migrationshintergrund,500 - 1000,davon mit 4 Personen,gesperrt,       
2021,Kein Haushaltsmitglied hat einen Migrationshintergrund,1000 - 1250,davon mit 4 Personen,gesperrt,       
2021,Kein Haushaltsmitglied hat einen Migrationshintergrund,1250 - 1500,davon mit 4 Personen,gesperrt,       
2021,Kein Haushaltsmitglied hat einen Migrationshintergrund,1500 - 2000,davon mit 4 Personen,gesperrt,       
2021,Kein Haushaltsmitglied hat einen Migrationshintergrund,2000 - 2500,davon mit 4 Personen,Statistisch unsicher,9     
2021,Kein Haushaltsmitglied hat einen Migrationshintergrund,2500 - 3000,davon mit 4 Personen,,16      
2021,Kein Haushaltsmitglied hat einen Migrationshintergrund,3000 - 3500,davon mit 4 Personen,,25      
2021,Kein Haushaltsmitglied hat einen Migrationshintergrund,3500 - 4000,davon mit 4 Personen,,30      
2021,Kein Haushaltsmitglied hat einen Migrationshintergrund,4000 - 5000,davon mit 4 Personen,,51      
2021,Kein Haushaltsmitglied hat einen Migrationshintergrund,5000 und mehr,davon mit 4 Personen,,100     
2021,Ein Teil der Haushaltsmitglieder hat einen Migraitonshintergrund,Insgesamt,davon mit 4 Personen,,46      
2021,Ein Teil der Haushaltsmitglieder hat einen Migraitonshintergrund,unter 500,davon mit 4 Personen,gesperrt,       
2021,Ein Teil der Haushaltsmitglieder hat einen Migraitonshintergrund,500 - 1000,davon mit 4 Personen,gesperrt,       
2021,Ein Teil der Haushaltsmitglieder hat einen Migraitonshintergrund,1000 - 1250,davon mit 4 Personen,gesperrt,       
2021,Ein Teil der Haushaltsmitglieder hat einen Migraitonshintergrund,1250 - 1500,davon mit 4 Personen,gesperrt,       
2021,Ein Teil der Haushaltsmitglieder hat einen Migraitonshintergrund,1500 - 2000,davon mit 4 Personen,gesperrt,       
2021,Ein Teil der Haushaltsmitglieder hat einen Migraitonshintergrund,2000 - 2500,davon mit 4 Personen,gesperrt,       
2021,Ein Teil der Haushaltsmitglieder hat einen Migraitonshintergrund,2500 - 3000,davon mit 4 Personen,gesperrt,       
2021,Ein Teil der Haushaltsmitglieder hat einen Migraitonshintergrund,3000 - 3500,davon mit 4 Personen,gesperrt,       
2021,Ein Teil der Haushaltsmitglieder hat einen Migraitonshintergrund,3500 - 4000,davon mit 4 Personen,Statistisch unsicher,6     
2021,Ein Teil der Haushaltsmitglieder hat einen Migraitonshintergrund,4000 - 5000,davon mit 4 Personen,Statistisch unsicher,8     
2021,Ein Teil der Haushaltsmitglieder hat einen Migraitonshintergrund,5000 und mehr,davon mit 4 Personen,,20      
2021,Alle Haushaltsmitglieder haben einen Migrationshintergrund,Insgesamt,davon mit 4 Personen,,83      
2021,Alle Haushaltsmitglieder haben einen Migrationshintergrund,unter 500,davon mit 4 Personen,gesperrt,       
2021,Alle Haushaltsmitglieder haben einen Migrationshintergrund,500 - 1000,davon mit 4 Personen,gesperrt,       
2021,Alle Haushaltsmitglieder haben einen Migrationshintergrund,1000 - 1250,davon mit 4 Personen,gesperrt,       
2021,Alle Haushaltsmitglieder haben einen Migrationshintergrund,1250 - 1500,davon mit 4 Personen,gesperrt,       
2021,Alle Haushaltsmitglieder haben einen Migrationshintergrund,1500 - 2000,davon mit 4 Personen,gesperrt,       
2021,Alle Haushaltsmitglieder haben einen Migrationshintergrund,2000 - 2500,davon mit 4 Personen,Statistisch unsicher,10    
2021,Alle Haushaltsmitglieder haben einen Migrationshintergrund,2500 - 3000,davon mit 4 Personen,,13      
2021,Alle Haushaltsmitglieder haben einen Migrationshintergrund,3000 - 3500,davon mit 4 Personen,,12      
2021,Alle Haushaltsmitglieder haben einen Migrationshintergrund,3500 - 4000,davon mit 4 Personen,,12      
2021,Alle Haushaltsmitglieder haben einen Migrationshintergrund,4000 - 5000,davon mit 4 Personen,,12      
2021,Alle Haushaltsmitglieder haben einen Migrationshintergrund,5000 und mehr,davon mit 4 Personen,,14      
2023,Insgesamt,Insgesamt,davon mit 5 und mehr Personen,,163
2023,Insgesamt,unter 500,davon mit 5 und mehr Personen,gesperrt,
2023,Insgesamt,500 - 1000,davon mit 5 und mehr Personen,gesperrt,
2023,Insgesamt,1000 - 1250,davon mit 5 und mehr Personen,gesperrt,
2023,Insgesamt,1250 - 1500,davon mit 5 und mehr Personen,gesperrt,
2023,Insgesamt,1500 - 2000,davon mit 5 und mehr Personen,gesperrt,
2023,Insgesamt,2000 - 2500,davon mit 5 und mehr Personen,,12
2023,Insgesamt,2500 - 3000,davon mit 5 und mehr Personen,,14
2023,Insgesamt,3000 - 3500,davon mit 5 und mehr Personen,,15
2023,Insgesamt,3500 - 4000,davon mit 5 und mehr Personen,,17
2023,Insgesamt,4000 - 5000,davon mit 5 und mehr Personen,,30
2023,Insgesamt,5000 und mehr,davon mit 5 und mehr Personen,,69
2023,Kein Haushaltsmitglied hat einen Migrationshintergrund,Insgesamt,davon mit 5 und mehr Personen,,77
2023,Kein Haushaltsmitglied hat einen Migrationshintergrund,unter 500,davon mit 5 und mehr Personen,gesperrt,
2023,Kein Haushaltsmitglied hat einen Migrationshintergrund,500 - 1000,davon mit 5 und mehr Personen,gesperrt,
2023,Kein Haushaltsmitglied hat einen Migrationshintergrund,1000 - 1250,davon mit 5 und mehr Personen,gesperrt,
2023,Kein Haushaltsmitglied hat einen Migrationshintergrund,1250 - 1500,davon mit 5 und mehr Personen,gesperrt,
2023,Kein Haushaltsmitglied hat einen Migrationshintergrund,1500 - 2000,davon mit 5 und mehr Personen,gesperrt,
2023,Kein Haushaltsmitglied hat einen Migrationshintergrund,2000 - 2500,davon mit 5 und mehr Personen,gesperrt,
2023,Kein Haushaltsmitglied hat einen Migrationshintergrund,2500 - 3000,davon mit 5 und mehr Personen,gesperrt,
2023,Kein Haushaltsmitglied hat einen Migrationshintergrund,3000 - 3500,davon mit 5 und mehr Personen,gesperrt,
2023,Kein Haushaltsmitglied hat einen Migrationshintergrund,3500 - 4000,davon mit 5 und mehr Personen,,7
2023,Kein Haushaltsmitglied hat einen Migrationshintergrund,4000 - 5000,davon mit 5 und mehr Personen,,15
2023,Kein Haushaltsmitglied hat einen Migrationshintergrund,5000 und mehr,davon mit 5 und mehr Personen,,44
2023,Ein Teil der Haushaltsmitglieder hat einen Migraitonshintergrund,Insgesamt,davon mit 5 und mehr Personen,,18
2023,Ein Teil der Haushaltsmitglieder hat einen Migraitonshintergrund,unter 500,davon mit 5 und mehr Personen,gesperrt,
2023,Ein Teil der Haushaltsmitglieder hat einen Migraitonshintergrund,500 - 1000,davon mit 5 und mehr Personen,gesperrt,
2023,Ein Teil der Haushaltsmitglieder hat einen Migraitonshintergrund,1000 - 1250,davon mit 5 und mehr Personen,gesperrt,
2023,Ein Teil der Haushaltsmitglieder hat einen Migraitonshintergrund,1250 - 1500,davon mit 5 und mehr Personen,gesperrt,
2023,Ein Teil der Haushaltsmitglieder hat einen Migraitonshintergrund,1500 - 2000,davon mit 5 und mehr Personen,gesperrt,
2023,Ein Teil der Haushaltsmitglieder hat einen Migraitonshintergrund,2000 - 2500,davon mit 5 und mehr Personen,gesperrt,
2023,Ein Teil der Haushaltsmitglieder hat einen Migraitonshintergrund,2500 - 3000,davon mit 5 und mehr Personen,gesperrt,
2023,Ein Teil der Haushaltsmitglieder hat einen Migraitonshintergrund,3000 - 3500,davon mit 5 und mehr Personen,gesperrt,
2023,Ein Teil der Haushaltsmitglieder hat einen Migraitonshintergrund,3500 - 4000,davon mit 5 und mehr Personen,gesperrt,
2023,Ein Teil der Haushaltsmitglieder hat einen Migraitonshintergrund,4000 - 5000,davon mit 5 und mehr Personen,gesperrt,
2023,Ein Teil der Haushaltsmitglieder hat einen Migraitonshintergrund,5000 und mehr,davon mit 5 und mehr Personen,,8
2023,Alle Haushaltsmitglieder haben einen Migrationshintergrund,Insgesamt,davon mit 5 und mehr Personen,,68
2023,Alle Haushaltsmitglieder haben einen Migrationshintergrund,unter 500,davon mit 5 und mehr Personen,gesperrt,
2023,Alle Haushaltsmitglieder haben einen Migrationshintergrund,500 - 1000,davon mit 5 und mehr Personen,gesperrt,
2023,Alle Haushaltsmitglieder haben einen Migrationshintergrund,1000 - 1250,davon mit 5 und mehr Personen,gesperrt,
2023,Alle Haushaltsmitglieder haben einen Migrationshintergrund,1250 - 1500,davon mit 5 und mehr Personen,gesperrt,
2023,Alle Haushaltsmitglieder haben einen Migrationshintergrund,1500 - 2000,davon mit 5 und mehr Personen,gesperrt,
2023,Alle Haushaltsmitglieder haben einen Migrationshintergrund,2000 - 2500,davon mit 5 und mehr Personen,,10
2023,Alle Haushaltsmitglieder haben einen Migrationshintergrund,2500 - 3000,davon mit 5 und mehr Personen,,9
2023,Alle Haushaltsmitglieder haben einen Migrationshintergrund,3000 - 3500,davon mit 5 und mehr Personen,,10
2023,Alle Haushaltsmitglieder haben einen Migrationshintergrund,3500 - 4000,davon mit 5 und mehr Personen,,8
2023,Alle Haushaltsmitglieder haben einen Migrationshintergrund,4000 - 5000,davon mit 5 und mehr Personen,,10
2023,Alle Haushaltsmitglieder haben einen Migrationshintergrund,5000 und mehr,davon mit 5 und mehr Personen,,16
2022,Insgesamt,Insgesamt,davon mit 5 und mehr Personen,,164
2022,Insgesamt,unter 500,davon mit 5 und mehr Personen,gesperrt,
2022,Insgesamt,500 - 1000,davon mit 5 und mehr Personen,gesperrt,
2022,Insgesamt,1000 - 1250,davon mit 5 und mehr Personen,gesperrt,
2022,Insgesamt,1250 - 1500,davon mit 5 und mehr Personen,gesperrt,
2022,Insgesamt,1500 - 2000,davon mit 5 und mehr Personen,,8
2022,Insgesamt,2000 - 2500,davon mit 5 und mehr Personen,,11
2022,Insgesamt,2500 - 3000,davon mit 5 und mehr Personen,,16
2022,Insgesamt,3000 - 3500,davon mit 5 und mehr Personen,,17
2022,Insgesamt,3500 - 4000,davon mit 5 und mehr Personen,,17
2022,Insgesamt,4000 - 5000,davon mit 5 und mehr Personen,,28
2022,Insgesamt,5000 und mehr,davon mit 5 und mehr Personen,,63
2022,Kein Haushaltsmitglied hat einen Migrationshintergrund,Insgesamt,davon mit 5 und mehr Personen,,77
2022,Kein Haushaltsmitglied hat einen Migrationshintergrund,unter 500,davon mit 5 und mehr Personen,gesperrt,
2022,Kein Haushaltsmitglied hat einen Migrationshintergrund,500 - 1000,davon mit 5 und mehr Personen,gesperrt,
2022,Kein Haushaltsmitglied hat einen Migrationshintergrund,1000 - 1250,davon mit 5 und mehr Personen,gesperrt,
2022,Kein Haushaltsmitglied hat einen Migrationshintergrund,1250 - 1500,davon mit 5 und mehr Personen,gesperrt,
2022,Kein Haushaltsmitglied hat einen Migrationshintergrund,1500 - 2000,davon mit 5 und mehr Personen,gesperrt,
2022,Kein Haushaltsmitglied hat einen Migrationshintergrund,2000 - 2500,davon mit 5 und mehr Personen,gesperrt,
2022,Kein Haushaltsmitglied hat einen Migrationshintergrund,2500 - 3000,davon mit 5 und mehr Personen,gesperrt,
2022,Kein Haushaltsmitglied hat einen Migrationshintergrund,3000 - 3500,davon mit 5 und mehr Personen,,7
2022,Kein Haushaltsmitglied hat einen Migrationshintergrund,3500 - 4000,davon mit 5 und mehr Personen,,7
2022,Kein Haushaltsmitglied hat einen Migrationshintergrund,4000 - 5000,davon mit 5 und mehr Personen,,14
2022,Kein Haushaltsmitglied hat einen Migrationshintergrund,5000 und mehr,davon mit 5 und mehr Personen,,40
2022,Ein Teil der Haushaltsmitglieder hat einen Migraitonshintergrund,Insgesamt,davon mit 5 und mehr Personen,,18
2022,Ein Teil der Haushaltsmitglieder hat einen Migraitonshintergrund,unter 500,davon mit 5 und mehr Personen,gesperrt,
2022,Ein Teil der Haushaltsmitglieder hat einen Migraitonshintergrund,500 - 1000,davon mit 5 und mehr Personen,gesperrt,
2022,Ein Teil der Haushaltsmitglieder hat einen Migraitonshintergrund,1000 - 1250,davon mit 5 und mehr Personen,gesperrt,
2022,Ein Teil der Haushaltsmitglieder hat einen Migraitonshintergrund,1250 - 1500,davon mit 5 und mehr Personen,gesperrt,
2022,Ein Teil der Haushaltsmitglieder hat einen Migraitonshintergrund,1500 - 2000,davon mit 5 und mehr Personen,gesperrt,
2022,Ein Teil der Haushaltsmitglieder hat einen Migraitonshintergrund,2000 - 2500,davon mit 5 und mehr Personen,gesperrt,
2022,Ein Teil der Haushaltsmitglieder hat einen Migraitonshintergrund,2500 - 3000,davon mit 5 und mehr Personen,gesperrt,
2022,Ein Teil der Haushaltsmitglieder hat einen Migraitonshintergrund,3000 - 3500,davon mit 5 und mehr Personen,gesperrt,
2022,Ein Teil der Haushaltsmitglieder hat einen Migraitonshintergrund,3500 - 4000,davon mit 5 und mehr Personen,gesperrt,
2022,Ein Teil der Haushaltsmitglieder hat einen Migraitonshintergrund,4000 - 5000,davon mit 5 und mehr Personen,gesperrt,
2022,Ein Teil der Haushaltsmitglieder hat einen Migraitonshintergrund,5000 und mehr,davon mit 5 und mehr Personen,,9
2022,Alle Haushaltsmitglieder haben einen Migrationshintergrund,Insgesamt,davon mit 5 und mehr Personen,,69
2022,Alle Haushaltsmitglieder haben einen Migrationshintergrund,unter 500,davon mit 5 und mehr Personen,gesperrt,
2022,Alle Haushaltsmitglieder haben einen Migrationshintergrund,500 - 1000,davon mit 5 und mehr Personen,gesperrt,
2022,Alle Haushaltsmitglieder haben einen Migrationshintergrund,1000 - 1250,davon mit 5 und mehr Personen,gesperrt,
2022,Alle Haushaltsmitglieder haben einen Migrationshintergrund,1250 - 1500,davon mit 5 und mehr Personen,gesperrt,
2022,Alle Haushaltsmitglieder haben einen Migrationshintergrund,1500 - 2000,davon mit 5 und mehr Personen,gesperrt,
2022,Alle Haushaltsmitglieder haben einen Migrationshintergrund,2000 - 2500,davon mit 5 und mehr Personen,,8
2022,Alle Haushaltsmitglieder haben einen Migrationshintergrund,2500 - 3000,davon mit 5 und mehr Personen,,11
2022,Alle Haushaltsmitglieder haben einen Migrationshintergrund,3000 - 3500,davon mit 5 und mehr Personen,,9
2022,Alle Haushaltsmitglieder haben einen Migrationshintergrund,3500 - 4000,davon mit 5 und mehr Personen,,8
2022,Alle Haushaltsmitglieder haben einen Migrationshintergrund,4000 - 5000,davon mit 5 und mehr Personen,,10
2022,Alle Haushaltsmitglieder haben einen Migrationshintergrund,5000 und mehr,davon mit 5 und mehr Personen,,14
2021,Insgesamt,Insgesamt,davon mit 5 und mehr Personen,,152     
2021,Insgesamt,unter 500,davon mit 5 und mehr Personen,gesperrt,       
2021,Insgesamt,500 - 1000,davon mit 5 und mehr Personen,gesperrt,       
2021,Insgesamt,1000 - 1250,davon mit 5 und mehr Personen,gesperrt,       
2021,Insgesamt,1250 - 1500,davon mit 5 und mehr Personen,gesperrt,       
2021,Insgesamt,1500 - 2000,davon mit 5 und mehr Personen,Statistisch unsicher,10    
2021,Insgesamt,2000 - 2500,davon mit 5 und mehr Personen,,12      
2021,Insgesamt,2500 - 3000,davon mit 5 und mehr Personen,,15      
2021,Insgesamt,3000 - 3500,davon mit 5 und mehr Personen,,17      
2021,Insgesamt,3500 - 4000,davon mit 5 und mehr Personen,,17      
2021,Insgesamt,4000 - 5000,davon mit 5 und mehr Personen,,28      
2021,Insgesamt,5000 und mehr,davon mit 5 und mehr Personen,,51      
2021,Kein Haushaltsmitglied hat einen Migrationshintergrund,Insgesamt,davon mit 5 und mehr Personen,,71      
2021,Kein Haushaltsmitglied hat einen Migrationshintergrund,unter 500,davon mit 5 und mehr Personen,gesperrt,       
2021,Kein Haushaltsmitglied hat einen Migrationshintergrund,500 - 1000,davon mit 5 und mehr Personen,gesperrt,       
2021,Kein Haushaltsmitglied hat einen Migrationshintergrund,1000 - 1250,davon mit 5 und mehr Personen,gesperrt,       
2021,Kein Haushaltsmitglied hat einen Migrationshintergrund,1250 - 1500,davon mit 5 und mehr Personen,gesperrt,       
2021,Kein Haushaltsmitglied hat einen Migrationshintergrund,1500 - 2000,davon mit 5 und mehr Personen,gesperrt,       
2021,Kein Haushaltsmitglied hat einen Migrationshintergrund,2000 - 2500,davon mit 5 und mehr Personen,gesperrt,       
2021,Kein Haushaltsmitglied hat einen Migrationshintergrund,2500 - 3000,davon mit 5 und mehr Personen,gesperrt,       
2021,Kein Haushaltsmitglied hat einen Migrationshintergrund,3000 - 3500,davon mit 5 und mehr Personen,Statistisch unsicher,6     
2021,Kein Haushaltsmitglied hat einen Migrationshintergrund,3500 - 4000,davon mit 5 und mehr Personen,Statistisch unsicher,9     
2021,Kein Haushaltsmitglied hat einen Migrationshintergrund,4000 - 5000,davon mit 5 und mehr Personen,,15      
2021,Kein Haushaltsmitglied hat einen Migrationshintergrund,5000 und mehr,davon mit 5 und mehr Personen,,32      
2021,Ein Teil der Haushaltsmitglieder hat einen Migraitonshintergrund,Insgesamt,davon mit 5 und mehr Personen,,16      
2021,Ein Teil der Haushaltsmitglieder hat einen Migraitonshintergrund,unter 500,davon mit 5 und mehr Personen,gesperrt,       
2021,Ein Teil der Haushaltsmitglieder hat einen Migraitonshintergrund,500 - 1000,davon mit 5 und mehr Personen,gesperrt,       
2021,Ein Teil der Haushaltsmitglieder hat einen Migraitonshintergrund,1000 - 1250,davon mit 5 und mehr Personen,gesperrt,       
2021,Ein Teil der Haushaltsmitglieder hat einen Migraitonshintergrund,1250 - 1500,davon mit 5 und mehr Personen,gesperrt,       
2021,Ein Teil der Haushaltsmitglieder hat einen Migraitonshintergrund,1500 - 2000,davon mit 5 und mehr Personen,gesperrt,       
2021,Ein Teil der Haushaltsmitglieder hat einen Migraitonshintergrund,2000 - 2500,davon mit 5 und mehr Personen,gesperrt,       
2021,Ein Teil der Haushaltsmitglieder hat einen Migraitonshintergrund,2500 - 3000,davon mit 5 und mehr Personen,gesperrt,       
2021,Ein Teil der Haushaltsmitglieder hat einen Migraitonshintergrund,3000 - 3500,davon mit 5 und mehr Personen,gesperrt,       
2021,Ein Teil der Haushaltsmitglieder hat einen Migraitonshintergrund,3500 - 4000,davon mit 5 und mehr Personen,gesperrt,       
2021,Ein Teil der Haushaltsmitglieder hat einen Migraitonshintergrund,4000 - 5000,davon mit 5 und mehr Personen,gesperrt,       
2021,Ein Teil der Haushaltsmitglieder hat einen Migraitonshintergrund,5000 und mehr,davon mit 5 und mehr Personen,Statistisch unsicher,7     
2021,Alle Haushaltsmitglieder haben einen Migrationshintergrund,Insgesamt,davon mit 5 und mehr Personen,,64      
2021,Alle Haushaltsmitglieder haben einen Migrationshintergrund,unter 500,davon mit 5 und mehr Personen,gesperrt,       
2021,Alle Haushaltsmitglieder haben einen Migrationshintergrund,500 - 1000,davon mit 5 und mehr Personen,gesperrt,       
2021,Alle Haushaltsmitglieder haben einen Migrationshintergrund,1000 - 1250,davon mit 5 und mehr Personen,gesperrt,       
2021,Alle Haushaltsmitglieder haben einen Migrationshintergrund,1250 - 1500,davon mit 5 und mehr Personen,gesperrt,       
2021,Alle Haushaltsmitglieder haben einen Migrationshintergrund,1500 - 2000,davon mit 5 und mehr Personen,Statistisch unsicher,8     
2021,Alle Haushaltsmitglieder haben einen Migrationshintergrund,2000 - 2500,davon mit 5 und mehr Personen,Statistisch unsicher,8     
2021,Alle Haushaltsmitglieder haben einen Migrationshintergrund,2500 - 3000,davon mit 5 und mehr Personen,Statistisch unsicher,9     
2021,Alle Haushaltsmitglieder haben einen Migrationshintergrund,3000 - 3500,davon mit 5 und mehr Personen,Statistisch unsicher,8     
2021,Alle Haushaltsmitglieder haben einen Migrationshintergrund,3500 - 4000,davon mit 5 und mehr Personen,Statistisch unsicher,6     
2021,Alle Haushaltsmitglieder haben einen Migrationshintergrund,4000 - 5000,davon mit 5 und mehr Personen,Statistisch unsicher,10    
2021,Alle Haushaltsmitglieder haben einen Migrationshintergrund,5000 und mehr,davon mit 5 und mehr Personen,,11      
