Year,Migrationsstatus,Haushaltsnettoeinkommen,Haushaltsgröße,COMMENT_OBS,Value
2023,Insgesamt,Insgesamt,insgesamt,,3947.0
2023,Insgesamt,unter 500,insgesamt,,55.0
2023,Insgesamt,500 - 1000,insgesamt,,256.0
2023,Insgesamt,1000 - 1250,insgesamt,,205.0
2023,Insgesamt,1250 - 1500,insgesamt,,213.0
2023,Insgesamt,1500 - 2000,insgesamt,,502.0
2023,Insgesamt,2000 - 2500,insgesamt,,515.0
2023,Insgesamt,2500 - 3000,insgesamt,,392.0
2023,Insgesamt,3000 - 3500,insgesamt,,350.0
2023,Insgesamt,3500 - 4000,insgesamt,,302.0
2023,Insgesamt,4000 - 5000,insgesamt,,475.0
2023,Insgesamt,5000 und mehr,insgesamt,,681.0
2023,Kein Haushaltsmitglied hat einen Migrationshintergrund,Insgesamt,insgesamt,,2965.0
2023,Kein Haushaltsmitglied hat einen Migrationshintergrund,unter 500,insgesamt,,34.0
2023,Kein Haushaltsmitglied hat einen Migrationshintergrund,500 - 1000,insgesamt,,174.0
2023,Kein Haushaltsmitglied hat einen Migrationshintergrund,1000 - 1250,insgesamt,,154.0
2023,Kein Haushaltsmitglied hat einen Migrationshintergrund,1250 - 1500,insgesamt,,158.0
2023,Kein Haushaltsmitglied hat einen Migrationshintergrund,1500 - 2000,insgesamt,,372.0
2023,Kein Haushaltsmitglied hat einen Migrationshintergrund,2000 - 2500,insgesamt,,400.0
2023,Kein Haushaltsmitglied hat einen Migrationshintergrund,2500 - 3000,insgesamt,,295.0
2023,Kein Haushaltsmitglied hat einen Migrationshintergrund,3000 - 3500,insgesamt,,262.0
2023,Kein Haushaltsmitglied hat einen Migrationshintergrund,3500 - 4000,insgesamt,,225.0
2023,Kein Haushaltsmitglied hat einen Migrationshintergrund,4000 - 5000,insgesamt,,361.0
2023,Kein Haushaltsmitglied hat einen Migrationshintergrund,5000 und mehr,insgesamt,,529.0
2023,Ein Teil der Haushaltsmitglieder hat einen Migrationshintergrund,Insgesamt,insgesamt,,256.0
2023,Ein Teil der Haushaltsmitglieder hat einen Migrationshintergrund,unter 500,insgesamt,gesperrt,
2023,Ein Teil der Haushaltsmitglieder hat einen Migrationshintergrund,500 - 1000,insgesamt,gesperrt,
2023,Ein Teil der Haushaltsmitglieder hat einen Migrationshintergrund,1000 - 1250,insgesamt,gesperrt,
2023,Ein Teil der Haushaltsmitglieder hat einen Migrationshintergrund,1250 - 1500,insgesamt,gesperrt,
2023,Ein Teil der Haushaltsmitglieder hat einen Migrationshintergrund,1500 - 2000,insgesamt,,12.0
2023,Ein Teil der Haushaltsmitglieder hat einen Migrationshintergrund,2000 - 2500,insgesamt,,21.0
2023,Ein Teil der Haushaltsmitglieder hat einen Migrationshintergrund,2500 - 3000,insgesamt,,25.0
2023,Ein Teil der Haushaltsmitglieder hat einen Migrationshintergrund,3000 - 3500,insgesamt,,27.0
2023,Ein Teil der Haushaltsmitglieder hat einen Migrationshintergrund,3500 - 4000,insgesamt,,30.0
2023,Ein Teil der Haushaltsmitglieder hat einen Migrationshintergrund,4000 - 5000,insgesamt,,53.0
2023,Ein Teil der Haushaltsmitglieder hat einen Migrationshintergrund,5000 und mehr,insgesamt,,83.0
2023,Alle Haushaltsmitglieder haben einen Migrationshintergrund,Insgesamt,insgesamt,,726.0
2023,Alle Haushaltsmitglieder haben einen Migrationshintergrund,unter 500,insgesamt,,21.0
2023,Alle Haushaltsmitglieder haben einen Migrationshintergrund,500 - 1000,insgesamt,,81.0
2023,Alle Haushaltsmitglieder haben einen Migrationshintergrund,1000 - 1250,insgesamt,,50.0
2023,Alle Haushaltsmitglieder haben einen Migrationshintergrund,1250 - 1500,insgesamt,,51.0
2023,Alle Haushaltsmitglieder haben einen Migrationshintergrund,1500 - 2000,insgesamt,,118.0
2023,Alle Haushaltsmitglieder haben einen Migrationshintergrund,2000 - 2500,insgesamt,,94.0
2023,Alle Haushaltsmitglieder haben einen Migrationshintergrund,2500 - 3000,insgesamt,,72.0
2023,Alle Haushaltsmitglieder haben einen Migrationshintergrund,3000 - 3500,insgesamt,,62.0
2023,Alle Haushaltsmitglieder haben einen Migrationshintergrund,3500 - 4000,insgesamt,,47.0
2023,Alle Haushaltsmitglieder haben einen Migrationshintergrund,4000 - 5000,insgesamt,,61.0
2023,Alle Haushaltsmitglieder haben einen Migrationshintergrund,5000 und mehr,insgesamt,,68.0
2022,Insgesamt,Insgesamt,insgesamt,,3914.0
2022,Insgesamt,unter 500,insgesamt,,68.0
2022,Insgesamt,500 - 1000,insgesamt,,291.0
2022,Insgesamt,1000 - 1250,insgesamt,,221.0
2022,Insgesamt,1250 - 1500,insgesamt,,230.0
2022,Insgesamt,1500 - 2000,insgesamt,,527.0
2022,Insgesamt,2000 - 2500,insgesamt,,503.0
2022,Insgesamt,2500 - 3000,insgesamt,,399.0
2022,Insgesamt,3000 - 3500,insgesamt,,342.0
2022,Insgesamt,3500 - 4000,insgesamt,,301.0
2022,Insgesamt,4000 - 5000,insgesamt,,435.0
2022,Insgesamt,5000 und mehr,insgesamt,,597.0
2022,Kein Haushaltsmitglied hat einen Migrationshintergrund,Insgesamt,insgesamt,,2971.0
2022,Kein Haushaltsmitglied hat einen Migrationshintergrund,unter 500,insgesamt,,49.0
2022,Kein Haushaltsmitglied hat einen Migrationshintergrund,500 - 1000,insgesamt,,207.0
2022,Kein Haushaltsmitglied hat einen Migrationshintergrund,1000 - 1250,insgesamt,,171.0
2022,Kein Haushaltsmitglied hat einen Migrationshintergrund,1250 - 1500,insgesamt,,171.0
2022,Kein Haushaltsmitglied hat einen Migrationshintergrund,1500 - 2000,insgesamt,,395.0
2022,Kein Haushaltsmitglied hat einen Migrationshintergrund,2000 - 2500,insgesamt,,392.0
2022,Kein Haushaltsmitglied hat einen Migrationshintergrund,2500 - 3000,insgesamt,,302.0
2022,Kein Haushaltsmitglied hat einen Migrationshintergrund,3000 - 3500,insgesamt,,260.0
2022,Kein Haushaltsmitglied hat einen Migrationshintergrund,3500 - 4000,insgesamt,,226.0
2022,Kein Haushaltsmitglied hat einen Migrationshintergrund,4000 - 5000,insgesamt,,333.0
2022,Kein Haushaltsmitglied hat einen Migrationshintergrund,5000 und mehr,insgesamt,,465.0
2022,Ein Teil der Haushaltsmitglieder hat einen Migrationshintergrund,Insgesamt,insgesamt,,249.0
2022,Ein Teil der Haushaltsmitglieder hat einen Migrationshintergrund,unter 500,insgesamt,gesperrt,
2022,Ein Teil der Haushaltsmitglieder hat einen Migrationshintergrund,500 - 1000,insgesamt,gesperrt,
2022,Ein Teil der Haushaltsmitglieder hat einen Migrationshintergrund,1000 - 1250,insgesamt,gesperrt,
2022,Ein Teil der Haushaltsmitglieder hat einen Migrationshintergrund,1250 - 1500,insgesamt,gesperrt,
2022,Ein Teil der Haushaltsmitglieder hat einen Migrationshintergrund,1500 - 2000,insgesamt,,18.0
2022,Ein Teil der Haushaltsmitglieder hat einen Migrationshintergrund,2000 - 2500,insgesamt,,22.0
2022,Ein Teil der Haushaltsmitglieder hat einen Migrationshintergrund,2500 - 3000,insgesamt,,24.0
2022,Ein Teil der Haushaltsmitglieder hat einen Migrationshintergrund,3000 - 3500,insgesamt,,26.0
2022,Ein Teil der Haushaltsmitglieder hat einen Migrationshintergrund,3500 - 4000,insgesamt,,30.0
2022,Ein Teil der Haushaltsmitglieder hat einen Migrationshintergrund,4000 - 5000,insgesamt,,44.0
2022,Ein Teil der Haushaltsmitglieder hat einen Migrationshintergrund,5000 und mehr,insgesamt,,74.0
2022,Alle Haushaltsmitglieder haben einen Migrationshintergrund,Insgesamt,insgesamt,,695.0
2022,Alle Haushaltsmitglieder haben einen Migrationshintergrund,unter 500,insgesamt,,19.0
2022,Alle Haushaltsmitglieder haben einen Migrationshintergrund,500 - 1000,insgesamt,,82.0
2022,Alle Haushaltsmitglieder haben einen Migrationshintergrund,1000 - 1250,insgesamt,,46.0
2022,Alle Haushaltsmitglieder haben einen Migrationshintergrund,1250 - 1500,insgesamt,,54.0
2022,Alle Haushaltsmitglieder haben einen Migrationshintergrund,1500 - 2000,insgesamt,,114.0
2022,Alle Haushaltsmitglieder haben einen Migrationshintergrund,2000 - 2500,insgesamt,,89.0
2022,Alle Haushaltsmitglieder haben einen Migrationshintergrund,2500 - 3000,insgesamt,,74.0
2022,Alle Haushaltsmitglieder haben einen Migrationshintergrund,3000 - 3500,insgesamt,,56.0
2022,Alle Haushaltsmitglieder haben einen Migrationshintergrund,3500 - 4000,insgesamt,,46.0
2022,Alle Haushaltsmitglieder haben einen Migrationshintergrund,4000 - 5000,insgesamt,,58.0
2022,Alle Haushaltsmitglieder haben einen Migrationshintergrund,5000 und mehr,insgesamt,,58.0
2021,Insgesamt,Insgesamt,insgesamt,,3894.0
2021,Insgesamt,unter 500,insgesamt,,83.0
2021,Insgesamt,500 - 1000,insgesamt,,335.0
2021,Insgesamt,1000 - 1250,insgesamt,,234.0
2021,Insgesamt,1250 - 1500,insgesamt,,242.0
2021,Insgesamt,1500 - 2000,insgesamt,,534.0
2021,Insgesamt,2000 - 2500,insgesamt,,496.0
2021,Insgesamt,2500 - 3000,insgesamt,,389.0
2021,Insgesamt,3000 - 3500,insgesamt,,347.0
2021,Insgesamt,3500 - 4000,insgesamt,,299.0
2021,Insgesamt,4000 - 5000,insgesamt,,405.0
2021,Insgesamt,5000 und mehr,insgesamt,,532.0
2021,Kein Haushaltsmitglied hat einen Migrationshintergrund,Insgesamt,insgesamt,,2986.0
2021,Kein Haushaltsmitglied hat einen Migrationshintergrund,unter 500,insgesamt,,57.0
2021,Kein Haushaltsmitglied hat einen Migrationshintergrund,500 - 1000,insgesamt,,239.0
2021,Kein Haushaltsmitglied hat einen Migrationshintergrund,1000 - 1250,insgesamt,,182.0
2021,Kein Haushaltsmitglied hat einen Migrationshintergrund,1250 - 1500,insgesamt,,186.0
2021,Kein Haushaltsmitglied hat einen Migrationshintergrund,1500 - 2000,insgesamt,,406.0
2021,Kein Haushaltsmitglied hat einen Migrationshintergrund,2000 - 2500,insgesamt,,391.0
2021,Kein Haushaltsmitglied hat einen Migrationshintergrund,2500 - 3000,insgesamt,,294.0
2021,Kein Haushaltsmitglied hat einen Migrationshintergrund,3000 - 3500,insgesamt,,263.0
2021,Kein Haushaltsmitglied hat einen Migrationshintergrund,3500 - 4000,insgesamt,,229.0
2021,Kein Haushaltsmitglied hat einen Migrationshintergrund,4000 - 5000,insgesamt,,316.0
2021,Kein Haushaltsmitglied hat einen Migrationshintergrund,5000 und mehr,insgesamt,,423.0
2021,Ein Teil der Haushaltsmitglieder hat einen Migrationshintergrund,Insgesamt,insgesamt,,241.0
2021,Ein Teil der Haushaltsmitglieder hat einen Migrationshintergrund,unter 500,insgesamt,gesperrt,
2021,Ein Teil der Haushaltsmitglieder hat einen Migrationshintergrund,500 - 1000,insgesamt,gesperrt,
2021,Ein Teil der Haushaltsmitglieder hat einen Migrationshintergrund,1000 - 1250,insgesamt,gesperrt,
2021,Ein Teil der Haushaltsmitglieder hat einen Migrationshintergrund,1250 - 1500,insgesamt,gesperrt,
2021,Ein Teil der Haushaltsmitglieder hat einen Migrationshintergrund,1500 - 2000,insgesamt,,18.0
2021,Ein Teil der Haushaltsmitglieder hat einen Migrationshintergrund,2000 - 2500,insgesamt,,21.0
2021,Ein Teil der Haushaltsmitglieder hat einen Migrationshintergrund,2500 - 3000,insgesamt,,28.0
2021,Ein Teil der Haushaltsmitglieder hat einen Migrationshintergrund,3000 - 3500,insgesamt,,30.0
2021,Ein Teil der Haushaltsmitglieder hat einen Migrationshintergrund,3500 - 4000,insgesamt,,29.0
2021,Ein Teil der Haushaltsmitglieder hat einen Migrationshintergrund,4000 - 5000,insgesamt,,38.0
2021,Ein Teil der Haushaltsmitglieder hat einen Migrationshintergrund,5000 und mehr,insgesamt,,65.0
2021,Alle Haushaltsmitglieder haben einen Migrationshintergrund,Insgesamt,insgesamt,,667.0
2021,Alle Haushaltsmitglieder haben einen Migrationshintergrund,unter 500,insgesamt,,25.0
2021,Alle Haushaltsmitglieder haben einen Migrationshintergrund,500 - 1000,insgesamt,,94.0
2021,Alle Haushaltsmitglieder haben einen Migrationshintergrund,1000 - 1250,insgesamt,,47.0
2021,Alle Haushaltsmitglieder haben einen Migrationshintergrund,1250 - 1500,insgesamt,,51.0
2021,Alle Haushaltsmitglieder haben einen Migrationshintergrund,1500 - 2000,insgesamt,,110.0
2021,Alle Haushaltsmitglieder haben einen Migrationshintergrund,2000 - 2500,insgesamt,,84.0
2021,Alle Haushaltsmitglieder haben einen Migrationshintergrund,2500 - 3000,insgesamt,,67.0
2021,Alle Haushaltsmitglieder haben einen Migrationshintergrund,3000 - 3500,insgesamt,,54.0
2021,Alle Haushaltsmitglieder haben einen Migrationshintergrund,3500 - 4000,insgesamt,,41.0
2021,Alle Haushaltsmitglieder haben einen Migrationshintergrund,4000 - 5000,insgesamt,,50.0
2021,Alle Haushaltsmitglieder haben einen Migrationshintergrund,5000 und mehr,insgesamt,,44.0
2023,Insgesamt,Insgesamt,Einpersonenhaushalte,,1589.0
2023,Insgesamt,unter 500,Einpersonenhaushalte,,52.0
2023,Insgesamt,500 - 1000,Einpersonenhaushalte,,237.0
2023,Insgesamt,1000 - 1250,Einpersonenhaushalte,,178.0
2023,Insgesamt,1250 - 1500,Einpersonenhaushalte,,165.0
2023,Insgesamt,1500 - 2000,Einpersonenhaushalte,,344.0
2023,Insgesamt,2000 - 2500,Einpersonenhaushalte,,290.0
2023,Insgesamt,2500 - 3000,Einpersonenhaushalte,,138.0
2023,Insgesamt,3000 - 3500,Einpersonenhaushalte,,82.0
2023,Insgesamt,3500 - 4000,Einpersonenhaushalte,,39.0
2023,Insgesamt,4000 - 5000,Einpersonenhaushalte,,38.0
2023,Insgesamt,5000 und mehr,Einpersonenhaushalte,,25.0
2023,Kein Haushaltsmitglied hat einen Migrationshintergrund,Insgesamt,Einpersonenhaushalte,,1288.0
2023,Kein Haushaltsmitglied hat einen Migrationshintergrund,unter 500,Einpersonenhaushalte,,32.0
2023,Kein Haushaltsmitglied hat einen Migrationshintergrund,500 - 1000,Einpersonenhaushalte,,167.0
2023,Kein Haushaltsmitglied hat einen Migrationshintergrund,1000 - 1250,Einpersonenhaushalte,,142.0
2023,Kein Haushaltsmitglied hat einen Migrationshintergrund,1250 - 1500,Einpersonenhaushalte,,136.0
2023,Kein Haushaltsmitglied hat einen Migrationshintergrund,1500 - 2000,Einpersonenhaushalte,,279.0
2023,Kein Haushaltsmitglied hat einen Migrationshintergrund,2000 - 2500,Einpersonenhaushalte,,250.0
2023,Kein Haushaltsmitglied hat einen Migrationshintergrund,2500 - 3000,Einpersonenhaushalte,,121.0
2023,Kein Haushaltsmitglied hat einen Migrationshintergrund,3000 - 3500,Einpersonenhaushalte,,72.0
2023,Kein Haushaltsmitglied hat einen Migrationshintergrund,3500 - 4000,Einpersonenhaushalte,,35.0
2023,Kein Haushaltsmitglied hat einen Migrationshintergrund,4000 - 5000,Einpersonenhaushalte,,33.0
2023,Kein Haushaltsmitglied hat einen Migrationshintergrund,5000 und mehr,Einpersonenhaushalte,,22.0
2023,Ein Teil der Haushaltsmitglieder hat einen Migrationshintergrund,Insgesamt,Einpersonenhaushalte,,
2023,Ein Teil der Haushaltsmitglieder hat einen Migrationshintergrund,unter 500,Einpersonenhaushalte,,
2023,Ein Teil der Haushaltsmitglieder hat einen Migrationshintergrund,500 - 1000,Einpersonenhaushalte,,
2023,Ein Teil der Haushaltsmitglieder hat einen Migrationshintergrund,1000 - 1250,Einpersonenhaushalte,,
2023,Ein Teil der Haushaltsmitglieder hat einen Migrationshintergrund,1250 - 1500,Einpersonenhaushalte,,
2023,Ein Teil der Haushaltsmitglieder hat einen Migrationshintergrund,1500 - 2000,Einpersonenhaushalte,,
2023,Ein Teil der Haushaltsmitglieder hat einen Migrationshintergrund,2000 - 2500,Einpersonenhaushalte,,
2023,Ein Teil der Haushaltsmitglieder hat einen Migrationshintergrund,2500 - 3000,Einpersonenhaushalte,,
2023,Ein Teil der Haushaltsmitglieder hat einen Migrationshintergrund,3000 - 3500,Einpersonenhaushalte,,
2023,Ein Teil der Haushaltsmitglieder hat einen Migrationshintergrund,3500 - 4000,Einpersonenhaushalte,,
2023,Ein Teil der Haushaltsmitglieder hat einen Migrationshintergrund,4000 - 5000,Einpersonenhaushalte,,
2023,Ein Teil der Haushaltsmitglieder hat einen Migrationshintergrund,5000 und mehr,Einpersonenhaushalte,,
2023,Alle Haushaltsmitglieder haben einen Migrationshintergrund,Insgesamt,Einpersonenhaushalte,,300.0
2023,Alle Haushaltsmitglieder haben einen Migrationshintergrund,unter 500,Einpersonenhaushalte,,20.0
2023,Alle Haushaltsmitglieder haben einen Migrationshintergrund,500 - 1000,Einpersonenhaushalte,,70.0
2023,Alle Haushaltsmitglieder haben einen Migrationshintergrund,1000 - 1250,Einpersonenhaushalte,,36.0
2023,Alle Haushaltsmitglieder haben einen Migrationshintergrund,1250 - 1500,Einpersonenhaushalte,,29.0
2023,Alle Haushaltsmitglieder haben einen Migrationshintergrund,1500 - 2000,Einpersonenhaushalte,,64.0
2023,Alle Haushaltsmitglieder haben einen Migrationshintergrund,2000 - 2500,Einpersonenhaushalte,,40.0
2023,Alle Haushaltsmitglieder haben einen Migrationshintergrund,2500 - 3000,Einpersonenhaushalte,,17.0
2023,Alle Haushaltsmitglieder haben einen Migrationshintergrund,3000 - 3500,Einpersonenhaushalte,,10.0
2023,Alle Haushaltsmitglieder haben einen Migrationshintergrund,3500 - 4000,Einpersonenhaushalte,gesperrt,
2023,Alle Haushaltsmitglieder haben einen Migrationshintergrund,4000 - 5000,Einpersonenhaushalte,gesperrt,
2023,Alle Haushaltsmitglieder haben einen Migrationshintergrund,5000 und mehr,Einpersonenhaushalte,gesperrt,
2022,Insgesamt,Insgesamt,Einpersonenhaushalte,,1577.0
2022,Insgesamt,unter 500,Einpersonenhaushalte,,64.0
2022,Insgesamt,500 - 1000,Einpersonenhaushalte,,271.0
2022,Insgesamt,1000 - 1250,Einpersonenhaushalte,,184.0
2022,Insgesamt,1250 - 1500,Einpersonenhaushalte,,174.0
2022,Insgesamt,1500 - 2000,Einpersonenhaushalte,,340.0
2022,Insgesamt,2000 - 2500,Einpersonenhaushalte,,264.0
2022,Insgesamt,2500 - 3000,Einpersonenhaushalte,,123.0
2022,Insgesamt,3000 - 3500,Einpersonenhaushalte,,67.0
2022,Insgesamt,3500 - 4000,Einpersonenhaushalte,,32.0
2022,Insgesamt,4000 - 5000,Einpersonenhaushalte,,29.0
2022,Insgesamt,5000 und mehr,Einpersonenhaushalte,,28.0
2022,Kein Haushaltsmitglied hat einen Migrationshintergrund,Insgesamt,Einpersonenhaushalte,,1291.0
2022,Kein Haushaltsmitglied hat einen Migrationshintergrund,unter 500,Einpersonenhaushalte,,47.0
2022,Kein Haushaltsmitglied hat einen Migrationshintergrund,500 - 1000,Einpersonenhaushalte,,198.0
2022,Kein Haushaltsmitglied hat einen Migrationshintergrund,1000 - 1250,Einpersonenhaushalte,,151.0
2022,Kein Haushaltsmitglied hat einen Migrationshintergrund,1250 - 1500,Einpersonenhaushalte,,141.0
2022,Kein Haushaltsmitglied hat einen Migrationshintergrund,1500 - 2000,Einpersonenhaushalte,,282.0
2022,Kein Haushaltsmitglied hat einen Migrationshintergrund,2000 - 2500,Einpersonenhaushalte,,226.0
2022,Kein Haushaltsmitglied hat einen Migrationshintergrund,2500 - 3000,Einpersonenhaushalte,,110.0
2022,Kein Haushaltsmitglied hat einen Migrationshintergrund,3000 - 3500,Einpersonenhaushalte,,59.0
2022,Kein Haushaltsmitglied hat einen Migrationshintergrund,3500 - 4000,Einpersonenhaushalte,,29.0
2022,Kein Haushaltsmitglied hat einen Migrationshintergrund,4000 - 5000,Einpersonenhaushalte,,25.0
2022,Kein Haushaltsmitglied hat einen Migrationshintergrund,5000 und mehr,Einpersonenhaushalte,,22.0
2022,Ein Teil der Haushaltsmitglieder hat einen Migrationshintergrund,Insgesamt,Einpersonenhaushalte,,
2022,Ein Teil der Haushaltsmitglieder hat einen Migrationshintergrund,unter 500,Einpersonenhaushalte,,
2022,Ein Teil der Haushaltsmitglieder hat einen Migrationshintergrund,500 - 1000,Einpersonenhaushalte,,
2022,Ein Teil der Haushaltsmitglieder hat einen Migrationshintergrund,1000 - 1250,Einpersonenhaushalte,,
2022,Ein Teil der Haushaltsmitglieder hat einen Migrationshintergrund,1250 - 1500,Einpersonenhaushalte,,
2022,Ein Teil der Haushaltsmitglieder hat einen Migrationshintergrund,1500 - 2000,Einpersonenhaushalte,,
2022,Ein Teil der Haushaltsmitglieder hat einen Migrationshintergrund,2000 - 2500,Einpersonenhaushalte,,
2022,Ein Teil der Haushaltsmitglieder hat einen Migrationshintergrund,2500 - 3000,Einpersonenhaushalte,,
2022,Ein Teil der Haushaltsmitglieder hat einen Migrationshintergrund,3000 - 3500,Einpersonenhaushalte,,
2022,Ein Teil der Haushaltsmitglieder hat einen Migrationshintergrund,3500 - 4000,Einpersonenhaushalte,,
2022,Ein Teil der Haushaltsmitglieder hat einen Migrationshintergrund,4000 - 5000,Einpersonenhaushalte,,
2022,Ein Teil der Haushaltsmitglieder hat einen Migrationshintergrund,5000 und mehr,Einpersonenhaushalte,,
2022,Alle Haushaltsmitglieder haben einen Migrationshintergrund,Insgesamt,Einpersonenhaushalte,,286.0
2022,Alle Haushaltsmitglieder haben einen Migrationshintergrund,unter 500,Einpersonenhaushalte,,18.0
2022,Alle Haushaltsmitglieder haben einen Migrationshintergrund,500 - 1000,Einpersonenhaushalte,,73.0
2022,Alle Haushaltsmitglieder haben einen Migrationshintergrund,1000 - 1250,Einpersonenhaushalte,,33.0
2022,Alle Haushaltsmitglieder haben einen Migrationshintergrund,1250 - 1500,Einpersonenhaushalte,,33.0
2022,Alle Haushaltsmitglieder haben einen Migrationshintergrund,1500 - 2000,Einpersonenhaushalte,,58.0
2022,Alle Haushaltsmitglieder haben einen Migrationshintergrund,2000 - 2500,Einpersonenhaushalte,,38.0
2022,Alle Haushaltsmitglieder haben einen Migrationshintergrund,2500 - 3000,Einpersonenhaushalte,,13.0
2022,Alle Haushaltsmitglieder haben einen Migrationshintergrund,3000 - 3500,Einpersonenhaushalte,,7.0
2022,Alle Haushaltsmitglieder haben einen Migrationshintergrund,3500 - 4000,Einpersonenhaushalte,gesperrt,
2022,Alle Haushaltsmitglieder haben einen Migrationshintergrund,4000 - 5000,Einpersonenhaushalte,gesperrt,
2022,Alle Haushaltsmitglieder haben einen Migrationshintergrund,5000 und mehr,Einpersonenhaushalte,gesperrt,
2021,Insgesamt,Insgesamt,Einpersonenhaushalte,,1599.0
2021,Insgesamt,unter 500,Einpersonenhaushalte,,78.0
2021,Insgesamt,500 - 1000,Einpersonenhaushalte,,305.0
2021,Insgesamt,1000 - 1250,Einpersonenhaushalte,,191.0
2021,Insgesamt,1250 - 1500,Einpersonenhaushalte,,179.0
2021,Insgesamt,1500 - 2000,Einpersonenhaushalte,,337.0
2021,Insgesamt,2000 - 2500,Einpersonenhaushalte,,247.0
2021,Insgesamt,2500 - 3000,Einpersonenhaushalte,,109.0
2021,Insgesamt,3000 - 3500,Einpersonenhaushalte,,68.0
2021,Insgesamt,3500 - 4000,Einpersonenhaushalte,,34.0
2021,Insgesamt,4000 - 5000,Einpersonenhaushalte,,27.0
2021,Insgesamt,5000 und mehr,Einpersonenhaushalte,,24.0
2021,Kein Haushaltsmitglied hat einen Migrationshintergrund,Insgesamt,Einpersonenhaushalte,,1318.0
2021,Kein Haushaltsmitglied hat einen Migrationshintergrund,unter 500,Einpersonenhaushalte,,55.0
2021,Kein Haushaltsmitglied hat einen Migrationshintergrund,500 - 1000,Einpersonenhaushalte,,222.0
2021,Kein Haushaltsmitglied hat einen Migrationshintergrund,1000 - 1250,Einpersonenhaushalte,,157.0
2021,Kein Haushaltsmitglied hat einen Migrationshintergrund,1250 - 1500,Einpersonenhaushalte,,150.0
2021,Kein Haushaltsmitglied hat einen Migrationshintergrund,1500 - 2000,Einpersonenhaushalte,,283.0
2021,Kein Haushaltsmitglied hat einen Migrationshintergrund,2000 - 2500,Einpersonenhaushalte,,219.0
2021,Kein Haushaltsmitglied hat einen Migrationshintergrund,2500 - 3000,Einpersonenhaushalte,,97.0
2021,Kein Haushaltsmitglied hat einen Migrationshintergrund,3000 - 3500,Einpersonenhaushalte,,61.0
2021,Kein Haushaltsmitglied hat einen Migrationshintergrund,3500 - 4000,Einpersonenhaushalte,,30.0
2021,Kein Haushaltsmitglied hat einen Migrationshintergrund,4000 - 5000,Einpersonenhaushalte,,24.0
2021,Kein Haushaltsmitglied hat einen Migrationshintergrund,5000 und mehr,Einpersonenhaushalte,,22.0
2021,Ein Teil der Haushaltsmitglieder hat einen Migrationshintergrund,Insgesamt,Einpersonenhaushalte,,
2021,Ein Teil der Haushaltsmitglieder hat einen Migrationshintergrund,unter 500,Einpersonenhaushalte,,
2021,Ein Teil der Haushaltsmitglieder hat einen Migrationshintergrund,500 - 1000,Einpersonenhaushalte,,
2021,Ein Teil der Haushaltsmitglieder hat einen Migrationshintergrund,1000 - 1250,Einpersonenhaushalte,,
2021,Ein Teil der Haushaltsmitglieder hat einen Migrationshintergrund,1250 - 1500,Einpersonenhaushalte,,
2021,Ein Teil der Haushaltsmitglieder hat einen Migrationshintergrund,1500 - 2000,Einpersonenhaushalte,,
2021,Ein Teil der Haushaltsmitglieder hat einen Migrationshintergrund,2000 - 2500,Einpersonenhaushalte,,
2021,Ein Teil der Haushaltsmitglieder hat einen Migrationshintergrund,2500 - 3000,Einpersonenhaushalte,,
2021,Ein Teil der Haushaltsmitglieder hat einen Migrationshintergrund,3000 - 3500,Einpersonenhaushalte,,
2021,Ein Teil der Haushaltsmitglieder hat einen Migrationshintergrund,3500 - 4000,Einpersonenhaushalte,,
2021,Ein Teil der Haushaltsmitglieder hat einen Migrationshintergrund,4000 - 5000,Einpersonenhaushalte,,
2021,Ein Teil der Haushaltsmitglieder hat einen Migrationshintergrund,5000 und mehr,Einpersonenhaushalte,,
2021,Alle Haushaltsmitglieder haben einen Migrationshintergrund,Insgesamt,Einpersonenhaushalte,,280.0
2021,Alle Haushaltsmitglieder haben einen Migrationshintergrund,unter 500,Einpersonenhaushalte,,23.0
2021,Alle Haushaltsmitglieder haben einen Migrationshintergrund,500 - 1000,Einpersonenhaushalte,,83.0
2021,Alle Haushaltsmitglieder haben einen Migrationshintergrund,1000 - 1250,Einpersonenhaushalte,,34.0
2021,Alle Haushaltsmitglieder haben einen Migrationshintergrund,1250 - 1500,Einpersonenhaushalte,,28.0
2021,Alle Haushaltsmitglieder haben einen Migrationshintergrund,1500 - 2000,Einpersonenhaushalte,,54.0
2021,Alle Haushaltsmitglieder haben einen Migrationshintergrund,2000 - 2500,Einpersonenhaushalte,,28.0
2021,Alle Haushaltsmitglieder haben einen Migrationshintergrund,2500 - 3000,Einpersonenhaushalte,,12.0
2021,Alle Haushaltsmitglieder haben einen Migrationshintergrund,3000 - 3500,Einpersonenhaushalte,Statistisch unsicher,7.0
2021,Alle Haushaltsmitglieder haben einen Migrationshintergrund,3500 - 4000,Einpersonenhaushalte,gesperrt,
2021,Alle Haushaltsmitglieder haben einen Migrationshintergrund,4000 - 5000,Einpersonenhaushalte,gesperrt,
2021,Alle Haushaltsmitglieder haben einen Migrationshintergrund,5000 und mehr,Einpersonenhaushalte,gesperrt,
2023,Insgesamt,Insgesamt,Mehrpersonenhaushalte (zusammen),,2358.0
2023,Insgesamt,unter 500,Mehrpersonenhaushalte (zusammen),gesperrt,
2023,Insgesamt,500 - 1000,Mehrpersonenhaushalte (zusammen),,19.0
2023,Insgesamt,1000 - 1250,Mehrpersonenhaushalte (zusammen),,28.0
2023,Insgesamt,1250 - 1500,Mehrpersonenhaushalte (zusammen),,47.0
2023,Insgesamt,1500 - 2000,Mehrpersonenhaushalte (zusammen),,158.0
2023,Insgesamt,2000 - 2500,Mehrpersonenhaushalte (zusammen),,225.0
2023,Insgesamt,2500 - 3000,Mehrpersonenhaushalte (zusammen),,254.0
2023,Insgesamt,3000 - 3500,Mehrpersonenhaushalte (zusammen),,268.0
2023,Insgesamt,3500 - 4000,Mehrpersonenhaushalte (zusammen),,263.0
2023,Insgesamt,4000 - 5000,Mehrpersonenhaushalte (zusammen),,438.0
2023,Insgesamt,5000 und mehr,Mehrpersonenhaushalte (zusammen),,655.0
2023,Kein Haushaltsmitglied hat einen Migrationshintergrund,Insgesamt,Mehrpersonenhaushalte (zusammen),,1676.0
2023,Kein Haushaltsmitglied hat einen Migrationshintergrund,unter 500,Mehrpersonenhaushalte (zusammen),gesperrt,
2023,Kein Haushaltsmitglied hat einen Migrationshintergrund,500 - 1000,Mehrpersonenhaushalte (zusammen),,7.0
2023,Kein Haushaltsmitglied hat einen Migrationshintergrund,1000 - 1250,Mehrpersonenhaushalte (zusammen),,12.0
2023,Kein Haushaltsmitglied hat einen Migrationshintergrund,1250 - 1500,Mehrpersonenhaushalte (zusammen),,22.0
2023,Kein Haushaltsmitglied hat einen Migrationshintergrund,1500 - 2000,Mehrpersonenhaushalte (zusammen),,93.0
2023,Kein Haushaltsmitglied hat einen Migrationshintergrund,2000 - 2500,Mehrpersonenhaushalte (zusammen),,150.0
2023,Kein Haushaltsmitglied hat einen Migrationshintergrund,2500 - 3000,Mehrpersonenhaushalte (zusammen),,175.0
2023,Kein Haushaltsmitglied hat einen Migrationshintergrund,3000 - 3500,Mehrpersonenhaushalte (zusammen),,190.0
2023,Kein Haushaltsmitglied hat einen Migrationshintergrund,3500 - 4000,Mehrpersonenhaushalte (zusammen),,190.0
2023,Kein Haushaltsmitglied hat einen Migrationshintergrund,4000 - 5000,Mehrpersonenhaushalte (zusammen),,327.0
2023,Kein Haushaltsmitglied hat einen Migrationshintergrund,5000 und mehr,Mehrpersonenhaushalte (zusammen),,508.0
2023,Ein Teil der Haushaltsmitglieder hat einen Migrationshintergrund,Insgesamt,Mehrpersonenhaushalte (zusammen),,256.0
2023,Ein Teil der Haushaltsmitglieder hat einen Migrationshintergrund,unter 500,Mehrpersonenhaushalte (zusammen),gesperrt,
2023,Ein Teil der Haushaltsmitglieder hat einen Migrationshintergrund,500 - 1000,Mehrpersonenhaushalte (zusammen),gesperrt,
2023,Ein Teil der Haushaltsmitglieder hat einen Migrationshintergrund,1000 - 1250,Mehrpersonenhaushalte (zusammen),gesperrt,
2023,Ein Teil der Haushaltsmitglieder hat einen Migrationshintergrund,1250 - 1500,Mehrpersonenhaushalte (zusammen),gesperrt,
2023,Ein Teil der Haushaltsmitglieder hat einen Migrationshintergrund,1500 - 2000,Mehrpersonenhaushalte (zusammen),,12.0
2023,Ein Teil der Haushaltsmitglieder hat einen Migrationshintergrund,2000 - 2500,Mehrpersonenhaushalte (zusammen),,21.0
2023,Ein Teil der Haushaltsmitglieder hat einen Migrationshintergrund,2500 - 3000,Mehrpersonenhaushalte (zusammen),,25.0
2023,Ein Teil der Haushaltsmitglieder hat einen Migrationshintergrund,3000 - 3500,Mehrpersonenhaushalte (zusammen),,27.0
2023,Ein Teil der Haushaltsmitglieder hat einen Migrationshintergrund,3500 - 4000,Mehrpersonenhaushalte (zusammen),,30.0
2023,Ein Teil der Haushaltsmitglieder hat einen Migrationshintergrund,4000 - 5000,Mehrpersonenhaushalte (zusammen),,53.0
2023,Ein Teil der Haushaltsmitglieder hat einen Migrationshintergrund,5000 und mehr,Mehrpersonenhaushalte (zusammen),,83.0
2023,Alle Haushaltsmitglieder haben einen Migrationshintergrund,Insgesamt,Mehrpersonenhaushalte (zusammen),,426.0
2023,Alle Haushaltsmitglieder haben einen Migrationshintergrund,unter 500,Mehrpersonenhaushalte (zusammen),gesperrt,
2023,Alle Haushaltsmitglieder haben einen Migrationshintergrund,500 - 1000,Mehrpersonenhaushalte (zusammen),,10.0
2023,Alle Haushaltsmitglieder haben einen Migrationshintergrund,1000 - 1250,Mehrpersonenhaushalte (zusammen),,14.0
2023,Alle Haushaltsmitglieder haben einen Migrationshintergrund,1250 - 1500,Mehrpersonenhaushalte (zusammen),,22.0
2023,Alle Haushaltsmitglieder haben einen Migrationshintergrund,1500 - 2000,Mehrpersonenhaushalte (zusammen),,54.0
2023,Alle Haushaltsmitglieder haben einen Migrationshintergrund,2000 - 2500,Mehrpersonenhaushalte (zusammen),,54.0
2023,Alle Haushaltsmitglieder haben einen Migrationshintergrund,2500 - 3000,Mehrpersonenhaushalte (zusammen),,54.0
2023,Alle Haushaltsmitglieder haben einen Migrationshintergrund,3000 - 3500,Mehrpersonenhaushalte (zusammen),,52.0
2023,Alle Haushaltsmitglieder haben einen Migrationshintergrund,3500 - 4000,Mehrpersonenhaushalte (zusammen),,43.0
2023,Alle Haushaltsmitglieder haben einen Migrationshintergrund,4000 - 5000,Mehrpersonenhaushalte (zusammen),,57.0
2023,Alle Haushaltsmitglieder haben einen Migrationshintergrund,5000 und mehr,Mehrpersonenhaushalte (zusammen),,65.0
2022,Insgesamt,Insgesamt,Mehrpersonenhaushalte (zusammen),,2337.0
2022,Insgesamt,unter 500,Mehrpersonenhaushalte (zusammen),gesperrt,
2022,Insgesamt,500 - 1000,Mehrpersonenhaushalte (zusammen),,20.0
2022,Insgesamt,1000 - 1250,Mehrpersonenhaushalte (zusammen),,37.0
2022,Insgesamt,1250 - 1500,Mehrpersonenhaushalte (zusammen),,56.0
2022,Insgesamt,1500 - 2000,Mehrpersonenhaushalte (zusammen),,186.0
2022,Insgesamt,2000 - 2500,Mehrpersonenhaushalte (zusammen),,239.0
2022,Insgesamt,2500 - 3000,Mehrpersonenhaushalte (zusammen),,276.0
2022,Insgesamt,3000 - 3500,Mehrpersonenhaushalte (zusammen),,275.0
2022,Insgesamt,3500 - 4000,Mehrpersonenhaushalte (zusammen),,269.0
2022,Insgesamt,4000 - 5000,Mehrpersonenhaushalte (zusammen),,406.0
2022,Insgesamt,5000 und mehr,Mehrpersonenhaushalte (zusammen),,569.0
2022,Kein Haushaltsmitglied hat einen Migrationshintergrund,Insgesamt,Mehrpersonenhaushalte (zusammen),,1680.0
2022,Kein Haushaltsmitglied hat einen Migrationshintergrund,unter 500,Mehrpersonenhaushalte (zusammen),gesperrt,
2022,Kein Haushaltsmitglied hat einen Migrationshintergrund,500 - 1000,Mehrpersonenhaushalte (zusammen),,10.0
2022,Kein Haushaltsmitglied hat einen Migrationshintergrund,1000 - 1250,Mehrpersonenhaushalte (zusammen),,20.0
2022,Kein Haushaltsmitglied hat einen Migrationshintergrund,1250 - 1500,Mehrpersonenhaushalte (zusammen),,30.0
2022,Kein Haushaltsmitglied hat einen Migrationshintergrund,1500 - 2000,Mehrpersonenhaushalte (zusammen),,112.0
2022,Kein Haushaltsmitglied hat einen Migrationshintergrund,2000 - 2500,Mehrpersonenhaushalte (zusammen),,166.0
2022,Kein Haushaltsmitglied hat einen Migrationshintergrund,2500 - 3000,Mehrpersonenhaushalte (zusammen),,191.0
2022,Kein Haushaltsmitglied hat einen Migrationshintergrund,3000 - 3500,Mehrpersonenhaushalte (zusammen),,201.0
2022,Kein Haushaltsmitglied hat einen Migrationshintergrund,3500 - 4000,Mehrpersonenhaushalte (zusammen),,196.0
2022,Kein Haushaltsmitglied hat einen Migrationshintergrund,4000 - 5000,Mehrpersonenhaushalte (zusammen),,308.0
2022,Kein Haushaltsmitglied hat einen Migrationshintergrund,5000 und mehr,Mehrpersonenhaushalte (zusammen),,443.0
2022,Ein Teil der Haushaltsmitglieder hat einen Migrationshintergrund,Insgesamt,Mehrpersonenhaushalte (zusammen),,249.0
2022,Ein Teil der Haushaltsmitglieder hat einen Migrationshintergrund,unter 500,Mehrpersonenhaushalte (zusammen),gesperrt,
2022,Ein Teil der Haushaltsmitglieder hat einen Migrationshintergrund,500 - 1000,Mehrpersonenhaushalte (zusammen),gesperrt,
2022,Ein Teil der Haushaltsmitglieder hat einen Migrationshintergrund,1000 - 1250,Mehrpersonenhaushalte (zusammen),gesperrt,
2022,Ein Teil der Haushaltsmitglieder hat einen Migrationshintergrund,1250 - 1500,Mehrpersonenhaushalte (zusammen),gesperrt,
2022,Ein Teil der Haushaltsmitglieder hat einen Migrationshintergrund,1500 - 2000,Mehrpersonenhaushalte (zusammen),,18.0
2022,Ein Teil der Haushaltsmitglieder hat einen Migrationshintergrund,2000 - 2500,Mehrpersonenhaushalte (zusammen),,22.0
2022,Ein Teil der Haushaltsmitglieder hat einen Migrationshintergrund,2500 - 3000,Mehrpersonenhaushalte (zusammen),,24.0
2022,Ein Teil der Haushaltsmitglieder hat einen Migrationshintergrund,3000 - 3500,Mehrpersonenhaushalte (zusammen),,26.0
2022,Ein Teil der Haushaltsmitglieder hat einen Migrationshintergrund,3500 - 4000,Mehrpersonenhaushalte (zusammen),,30.0
2022,Ein Teil der Haushaltsmitglieder hat einen Migrationshintergrund,4000 - 5000,Mehrpersonenhaushalte (zusammen),,44.0
2022,Ein Teil der Haushaltsmitglieder hat einen Migrationshintergrund,5000 und mehr,Mehrpersonenhaushalte (zusammen),,74.0
2022,Alle Haushaltsmitglieder haben einen Migrationshintergrund,Insgesamt,Mehrpersonenhaushalte (zusammen),,409.0
2022,Alle Haushaltsmitglieder haben einen Migrationshintergrund,unter 500,Mehrpersonenhaushalte (zusammen),gesperrt,
2022,Alle Haushaltsmitglieder haben einen Migrationshintergrund,500 - 1000,Mehrpersonenhaushalte (zusammen),,9.0
2022,Alle Haushaltsmitglieder haben einen Migrationshintergrund,1000 - 1250,Mehrpersonenhaushalte (zusammen),,13.0
2022,Alle Haushaltsmitglieder haben einen Migrationshintergrund,1250 - 1500,Mehrpersonenhaushalte (zusammen),,21.0
2022,Alle Haushaltsmitglieder haben einen Migrationshintergrund,1500 - 2000,Mehrpersonenhaushalte (zusammen),,56.0
2022,Alle Haushaltsmitglieder haben einen Migrationshintergrund,2000 - 2500,Mehrpersonenhaushalte (zusammen),,51.0
2022,Alle Haushaltsmitglieder haben einen Migrationshintergrund,2500 - 3000,Mehrpersonenhaushalte (zusammen),,60.0
2022,Alle Haushaltsmitglieder haben einen Migrationshintergrund,3000 - 3500,Mehrpersonenhaushalte (zusammen),,48.0
2022,Alle Haushaltsmitglieder haben einen Migrationshintergrund,3500 - 4000,Mehrpersonenhaushalte (zusammen),,43.0
2022,Alle Haushaltsmitglieder haben einen Migrationshintergrund,4000 - 5000,Mehrpersonenhaushalte (zusammen),,54.0
2022,Alle Haushaltsmitglieder haben einen Migrationshintergrund,5000 und mehr,Mehrpersonenhaushalte (zusammen),,52.0
2021,Insgesamt,Insgesamt,Mehrpersonenhaushalte (zusammen),,2295.0
2021,Insgesamt,unter 500,Mehrpersonenhaushalte (zusammen),gesperrt,
2021,Insgesamt,500 - 1000,Mehrpersonenhaushalte (zusammen),,30.0
2021,Insgesamt,1000 - 1250,Mehrpersonenhaushalte (zusammen),,43.0
2021,Insgesamt,1250 - 1500,Mehrpersonenhaushalte (zusammen),,63.0
2021,Insgesamt,1500 - 2000,Mehrpersonenhaushalte (zusammen),,197.0
2021,Insgesamt,2000 - 2500,Mehrpersonenhaushalte (zusammen),,248.0
2021,Insgesamt,2500 - 3000,Mehrpersonenhaushalte (zusammen),,280.0
2021,Insgesamt,3000 - 3500,Mehrpersonenhaushalte (zusammen),,279.0
2021,Insgesamt,3500 - 4000,Mehrpersonenhaushalte (zusammen),,265.0
2021,Insgesamt,4000 - 5000,Mehrpersonenhaushalte (zusammen),,377.0
2021,Insgesamt,5000 und mehr,Mehrpersonenhaushalte (zusammen),,507.0
2021,Kein Haushaltsmitglied hat einen Migrationshintergrund,Insgesamt,Mehrpersonenhaushalte (zusammen),,1667.0
2021,Kein Haushaltsmitglied hat einen Migrationshintergrund,unter 500,Mehrpersonenhaushalte (zusammen),gesperrt,
2021,Kein Haushaltsmitglied hat einen Migrationshintergrund,500 - 1000,Mehrpersonenhaushalte (zusammen),,17.0
2021,Kein Haushaltsmitglied hat einen Migrationshintergrund,1000 - 1250,Mehrpersonenhaushalte (zusammen),,25.0
2021,Kein Haushaltsmitglied hat einen Migrationshintergrund,1250 - 1500,Mehrpersonenhaushalte (zusammen),,35.0
2021,Kein Haushaltsmitglied hat einen Migrationshintergrund,1500 - 2000,Mehrpersonenhaushalte (zusammen),,123.0
2021,Kein Haushaltsmitglied hat einen Migrationshintergrund,2000 - 2500,Mehrpersonenhaushalte (zusammen),,171.0
2021,Kein Haushaltsmitglied hat einen Migrationshintergrund,2500 - 3000,Mehrpersonenhaushalte (zusammen),,197.0
2021,Kein Haushaltsmitglied hat einen Migrationshintergrund,3000 - 3500,Mehrpersonenhaushalte (zusammen),,202.0
2021,Kein Haushaltsmitglied hat einen Migrationshintergrund,3500 - 4000,Mehrpersonenhaushalte (zusammen),,199.0
2021,Kein Haushaltsmitglied hat einen Migrationshintergrund,4000 - 5000,Mehrpersonenhaushalte (zusammen),,293.0
2021,Kein Haushaltsmitglied hat einen Migrationshintergrund,5000 und mehr,Mehrpersonenhaushalte (zusammen),,401.0
2021,Ein Teil der Haushaltsmitglieder hat einen Migrationshintergrund,Insgesamt,Mehrpersonenhaushalte (zusammen),,241.0
2021,Ein Teil der Haushaltsmitglieder hat einen Migrationshintergrund,unter 500,Mehrpersonenhaushalte (zusammen),gesperrt,
2021,Ein Teil der Haushaltsmitglieder hat einen Migrationshintergrund,500 - 1000,Mehrpersonenhaushalte (zusammen),gesperrt,
2021,Ein Teil der Haushaltsmitglieder hat einen Migrationshintergrund,1000 - 1250,Mehrpersonenhaushalte (zusammen),gesperrt,
2021,Ein Teil der Haushaltsmitglieder hat einen Migrationshintergrund,1250 - 1500,Mehrpersonenhaushalte (zusammen),gesperrt,
2021,Ein Teil der Haushaltsmitglieder hat einen Migrationshintergrund,1500 - 2000,Mehrpersonenhaushalte (zusammen),,18.0
2021,Ein Teil der Haushaltsmitglieder hat einen Migrationshintergrund,2000 - 2500,Mehrpersonenhaushalte (zusammen),,21.0
2021,Ein Teil der Haushaltsmitglieder hat einen Migrationshintergrund,2500 - 3000,Mehrpersonenhaushalte (zusammen),,28.0
2021,Ein Teil der Haushaltsmitglieder hat einen Migrationshintergrund,3000 - 3500,Mehrpersonenhaushalte (zusammen),,30.0
2021,Ein Teil der Haushaltsmitglieder hat einen Migrationshintergrund,3500 - 4000,Mehrpersonenhaushalte (zusammen),,29.0
2021,Ein Teil der Haushaltsmitglieder hat einen Migrationshintergrund,4000 - 5000,Mehrpersonenhaushalte (zusammen),,38.0
2021,Ein Teil der Haushaltsmitglieder hat einen Migrationshintergrund,5000 und mehr,Mehrpersonenhaushalte (zusammen),,65.0
2021,Alle Haushaltsmitglieder haben einen Migrationshintergrund,Insgesamt,Mehrpersonenhaushalte (zusammen),,387.0
2021,Alle Haushaltsmitglieder haben einen Migrationshintergrund,unter 500,Mehrpersonenhaushalte (zusammen),gesperrt,
2021,Alle Haushaltsmitglieder haben einen Migrationshintergrund,500 - 1000,Mehrpersonenhaushalte (zusammen),Statistisch unsicher,10.0
2021,Alle Haushaltsmitglieder haben einen Migrationshintergrund,1000 - 1250,Mehrpersonenhaushalte (zusammen),,13.0
2021,Alle Haushaltsmitglieder haben einen Migrationshintergrund,1250 - 1500,Mehrpersonenhaushalte (zusammen),,23.0
2021,Alle Haushaltsmitglieder haben einen Migrationshintergrund,1500 - 2000,Mehrpersonenhaushalte (zusammen),,56.0
2021,Alle Haushaltsmitglieder haben einen Migrationshintergrund,2000 - 2500,Mehrpersonenhaushalte (zusammen),,56.0
2021,Alle Haushaltsmitglieder haben einen Migrationshintergrund,2500 - 3000,Mehrpersonenhaushalte (zusammen),,55.0
2021,Alle Haushaltsmitglieder haben einen Migrationshintergrund,3000 - 3500,Mehrpersonenhaushalte (zusammen),,47.0
2021,Alle Haushaltsmitglieder haben einen Migrationshintergrund,3500 - 4000,Mehrpersonenhaushalte (zusammen),,37.0
2021,Alle Haushaltsmitglieder haben einen Migrationshintergrund,4000 - 5000,Mehrpersonenhaushalte (zusammen),,46.0
2021,Alle Haushaltsmitglieder haben einen Migrationshintergrund,5000 und mehr,Mehrpersonenhaushalte (zusammen),,41.0
2023,Insgesamt,Insgesamt,davon mit 2 Personen,,1349.0
2023,Insgesamt,unter 500,davon mit 2 Personen,gesperrt,
2023,Insgesamt,500 - 1000,davon mit 2 Personen,,15.0
2023,Insgesamt,1000 - 1250,davon mit 2 Personen,,19.0
2023,Insgesamt,1250 - 1500,davon mit 2 Personen,,36.0
2023,Insgesamt,1500 - 2000,davon mit 2 Personen,,122.0
2023,Insgesamt,2000 - 2500,davon mit 2 Personen,,164.0
2023,Insgesamt,2500 - 3000,davon mit 2 Personen,,179.0
2023,Insgesamt,3000 - 3500,davon mit 2 Personen,,176.0
2023,Insgesamt,3500 - 4000,davon mit 2 Personen,,154.0
2023,Insgesamt,4000 - 5000,davon mit 2 Personen,,225.0
2023,Insgesamt,5000 und mehr,davon mit 2 Personen,,255.0
2023,Kein Haushaltsmitglied hat einen Migrationshintergrund,Insgesamt,davon mit 2 Personen,,1050.0
2023,Kein Haushaltsmitglied hat einen Migrationshintergrund,unter 500,davon mit 2 Personen,gesperrt,
2023,Kein Haushaltsmitglied hat einen Migrationshintergrund,500 - 1000,davon mit 2 Personen,,6.0
2023,Kein Haushaltsmitglied hat einen Migrationshintergrund,1000 - 1250,davon mit 2 Personen,,10.0
2023,Kein Haushaltsmitglied hat einen Migrationshintergrund,1250 - 1500,davon mit 2 Personen,,20.0
2023,Kein Haushaltsmitglied hat einen Migrationshintergrund,1500 - 2000,davon mit 2 Personen,,82.0
2023,Kein Haushaltsmitglied hat einen Migrationshintergrund,2000 - 2500,davon mit 2 Personen,,127.0
2023,Kein Haushaltsmitglied hat einen Migrationshintergrund,2500 - 3000,davon mit 2 Personen,,139.0
2023,Kein Haushaltsmitglied hat einen Migrationshintergrund,3000 - 3500,davon mit 2 Personen,,139.0
2023,Kein Haushaltsmitglied hat einen Migrationshintergrund,3500 - 4000,davon mit 2 Personen,,125.0
2023,Kein Haushaltsmitglied hat einen Migrationshintergrund,4000 - 5000,davon mit 2 Personen,,185.0
2023,Kein Haushaltsmitglied hat einen Migrationshintergrund,5000 und mehr,davon mit 2 Personen,,215.0
2023,Ein Teil der Haushaltsmitglieder hat einen Migrationshintergrund,Insgesamt,davon mit 2 Personen,,128.0
2023,Ein Teil der Haushaltsmitglieder hat einen Migrationshintergrund,unter 500,davon mit 2 Personen,gesperrt,
2023,Ein Teil der Haushaltsmitglieder hat einen Migrationshintergrund,500 - 1000,davon mit 2 Personen,gesperrt,
2023,Ein Teil der Haushaltsmitglieder hat einen Migrationshintergrund,1000 - 1250,davon mit 2 Personen,gesperrt,
2023,Ein Teil der Haushaltsmitglieder hat einen Migrationshintergrund,1250 - 1500,davon mit 2 Personen,gesperrt,
2023,Ein Teil der Haushaltsmitglieder hat einen Migrationshintergrund,1500 - 2000,davon mit 2 Personen,,9.0
2023,Ein Teil der Haushaltsmitglieder hat einen Migrationshintergrund,2000 - 2500,davon mit 2 Personen,,15.0
2023,Ein Teil der Haushaltsmitglieder hat einen Migrationshintergrund,2500 - 3000,davon mit 2 Personen,,17.0
2023,Ein Teil der Haushaltsmitglieder hat einen Migrationshintergrund,3000 - 3500,davon mit 2 Personen,,16.0
2023,Ein Teil der Haushaltsmitglieder hat einen Migrationshintergrund,3500 - 4000,davon mit 2 Personen,,15.0
2023,Ein Teil der Haushaltsmitglieder hat einen Migrationshintergrund,4000 - 5000,davon mit 2 Personen,,25.0
2023,Ein Teil der Haushaltsmitglieder hat einen Migrationshintergrund,5000 und mehr,davon mit 2 Personen,,28.0
2023,Alle Haushaltsmitglieder haben einen Migrationshintergrund,Insgesamt,davon mit 2 Personen,,171.0
2023,Alle Haushaltsmitglieder haben einen Migrationshintergrund,unter 500,davon mit 2 Personen,gesperrt,
2023,Alle Haushaltsmitglieder haben einen Migrationshintergrund,500 - 1000,davon mit 2 Personen,,8.0
2023,Alle Haushaltsmitglieder haben einen Migrationshintergrund,1000 - 1250,davon mit 2 Personen,,8.0
2023,Alle Haushaltsmitglieder haben einen Migrationshintergrund,1250 - 1500,davon mit 2 Personen,,13.0
2023,Alle Haushaltsmitglieder haben einen Migrationshintergrund,1500 - 2000,davon mit 2 Personen,,31.0
2023,Alle Haushaltsmitglieder haben einen Migrationshintergrund,2000 - 2500,davon mit 2 Personen,,22.0
2023,Alle Haushaltsmitglieder haben einen Migrationshintergrund,2500 - 3000,davon mit 2 Personen,,23.0
2023,Alle Haushaltsmitglieder haben einen Migrationshintergrund,3000 - 3500,davon mit 2 Personen,,22.0
2023,Alle Haushaltsmitglieder haben einen Migrationshintergrund,3500 - 4000,davon mit 2 Personen,,14.0
2023,Alle Haushaltsmitglieder haben einen Migrationshintergrund,4000 - 5000,davon mit 2 Personen,,15.0
2023,Alle Haushaltsmitglieder haben einen Migrationshintergrund,5000 und mehr,davon mit 2 Personen,,13.0
2022,Insgesamt,Insgesamt,davon mit 2 Personen,,1343.0
2022,Insgesamt,unter 500,davon mit 2 Personen,gesperrt,
2022,Insgesamt,500 - 1000,davon mit 2 Personen,,16.0
2022,Insgesamt,1000 - 1250,davon mit 2 Personen,,27.0
2022,Insgesamt,1250 - 1500,davon mit 2 Personen,,45.0
2022,Insgesamt,1500 - 2000,davon mit 2 Personen,,141.0
2022,Insgesamt,2000 - 2500,davon mit 2 Personen,,172.0
2022,Insgesamt,2500 - 3000,davon mit 2 Personen,,186.0
2022,Insgesamt,3000 - 3500,davon mit 2 Personen,,171.0
2022,Insgesamt,3500 - 4000,davon mit 2 Personen,,154.0
2022,Insgesamt,4000 - 5000,davon mit 2 Personen,,206.0
2022,Insgesamt,5000 und mehr,davon mit 2 Personen,,223.0
2022,Kein Haushaltsmitglied hat einen Migrationshintergrund,Insgesamt,davon mit 2 Personen,,1058.0
2022,Kein Haushaltsmitglied hat einen Migrationshintergrund,unter 500,davon mit 2 Personen,gesperrt,
2022,Kein Haushaltsmitglied hat einen Migrationshintergrund,500 - 1000,davon mit 2 Personen,,9.0
2022,Kein Haushaltsmitglied hat einen Migrationshintergrund,1000 - 1250,davon mit 2 Personen,,16.0
2022,Kein Haushaltsmitglied hat einen Migrationshintergrund,1250 - 1500,davon mit 2 Personen,,26.0
2022,Kein Haushaltsmitglied hat einen Migrationshintergrund,1500 - 2000,davon mit 2 Personen,,97.0
2022,Kein Haushaltsmitglied hat einen Migrationshintergrund,2000 - 2500,davon mit 2 Personen,,136.0
2022,Kein Haushaltsmitglied hat einen Migrationshintergrund,2500 - 3000,davon mit 2 Personen,,147.0
2022,Kein Haushaltsmitglied hat einen Migrationshintergrund,3000 - 3500,davon mit 2 Personen,,138.0
2022,Kein Haushaltsmitglied hat einen Migrationshintergrund,3500 - 4000,davon mit 2 Personen,,125.0
2022,Kein Haushaltsmitglied hat einen Migrationshintergrund,4000 - 5000,davon mit 2 Personen,,173.0
2022,Kein Haushaltsmitglied hat einen Migrationshintergrund,5000 und mehr,davon mit 2 Personen,,189.0
2022,Ein Teil der Haushaltsmitglieder hat einen Migrationshintergrund,Insgesamt,davon mit 2 Personen,,128.0
2022,Ein Teil der Haushaltsmitglieder hat einen Migrationshintergrund,unter 500,davon mit 2 Personen,gesperrt,
2022,Ein Teil der Haushaltsmitglieder hat einen Migrationshintergrund,500 - 1000,davon mit 2 Personen,gesperrt,
2022,Ein Teil der Haushaltsmitglieder hat einen Migrationshintergrund,1000 - 1250,davon mit 2 Personen,gesperrt,
2022,Ein Teil der Haushaltsmitglieder hat einen Migrationshintergrund,1250 - 1500,davon mit 2 Personen,gesperrt,
2022,Ein Teil der Haushaltsmitglieder hat einen Migrationshintergrund,1500 - 2000,davon mit 2 Personen,,14.0
2022,Ein Teil der Haushaltsmitglieder hat einen Migrationshintergrund,2000 - 2500,davon mit 2 Personen,,16.0
2022,Ein Teil der Haushaltsmitglieder hat einen Migrationshintergrund,2500 - 3000,davon mit 2 Personen,,15.0
2022,Ein Teil der Haushaltsmitglieder hat einen Migrationshintergrund,3000 - 3500,davon mit 2 Personen,,15.0
2022,Ein Teil der Haushaltsmitglieder hat einen Migrationshintergrund,3500 - 4000,davon mit 2 Personen,,15.0
2022,Ein Teil der Haushaltsmitglieder hat einen Migrationshintergrund,4000 - 5000,davon mit 2 Personen,,20.0
2022,Ein Teil der Haushaltsmitglieder hat einen Migrationshintergrund,5000 und mehr,davon mit 2 Personen,,25.0
2022,Alle Haushaltsmitglieder haben einen Migrationshintergrund,Insgesamt,davon mit 2 Personen,,158.0
2022,Alle Haushaltsmitglieder haben einen Migrationshintergrund,unter 500,davon mit 2 Personen,gesperrt,
2022,Alle Haushaltsmitglieder haben einen Migrationshintergrund,500 - 1000,davon mit 2 Personen,,7.0
2022,Alle Haushaltsmitglieder haben einen Migrationshintergrund,1000 - 1250,davon mit 2 Personen,,8.0
2022,Alle Haushaltsmitglieder haben einen Migrationshintergrund,1250 - 1500,davon mit 2 Personen,,15.0
2022,Alle Haushaltsmitglieder haben einen Migrationshintergrund,1500 - 2000,davon mit 2 Personen,,29.0
2022,Alle Haushaltsmitglieder haben einen Migrationshintergrund,2000 - 2500,davon mit 2 Personen,,20.0
2022,Alle Haushaltsmitglieder haben einen Migrationshintergrund,2500 - 3000,davon mit 2 Personen,,24.0
2022,Alle Haushaltsmitglieder haben einen Migrationshintergrund,3000 - 3500,davon mit 2 Personen,,18.0
2022,Alle Haushaltsmitglieder haben einen Migrationshintergrund,3500 - 4000,davon mit 2 Personen,,15.0
2022,Alle Haushaltsmitglieder haben einen Migrationshintergrund,4000 - 5000,davon mit 2 Personen,,13.0
2022,Alle Haushaltsmitglieder haben einen Migrationshintergrund,5000 und mehr,davon mit 2 Personen,,9.0
2021,Insgesamt,Insgesamt,davon mit 2 Personen,,1316.0
2021,Insgesamt,unter 500,davon mit 2 Personen,gesperrt,
2021,Insgesamt,500 - 1000,davon mit 2 Personen,,24.0
2021,Insgesamt,1000 - 1250,davon mit 2 Personen,,33.0
2021,Insgesamt,1250 - 1500,davon mit 2 Personen,,47.0
2021,Insgesamt,1500 - 2000,davon mit 2 Personen,,146.0
2021,Insgesamt,2000 - 2500,davon mit 2 Personen,,180.0
2021,Insgesamt,2500 - 3000,davon mit 2 Personen,,183.0
2021,Insgesamt,3000 - 3500,davon mit 2 Personen,,168.0
2021,Insgesamt,3500 - 4000,davon mit 2 Personen,,143.0
2021,Insgesamt,4000 - 5000,davon mit 2 Personen,,185.0
2021,Insgesamt,5000 und mehr,davon mit 2 Personen,,202.0
2021,Kein Haushaltsmitglied hat einen Migrationshintergrund,Insgesamt,davon mit 2 Personen,,1042.0
2021,Kein Haushaltsmitglied hat einen Migrationshintergrund,unter 500,davon mit 2 Personen,gesperrt,
2021,Kein Haushaltsmitglied hat einen Migrationshintergrund,500 - 1000,davon mit 2 Personen,,15.0
2021,Kein Haushaltsmitglied hat einen Migrationshintergrund,1000 - 1250,davon mit 2 Personen,,21.0
2021,Kein Haushaltsmitglied hat einen Migrationshintergrund,1250 - 1500,davon mit 2 Personen,,30.0
2021,Kein Haushaltsmitglied hat einen Migrationshintergrund,1500 - 2000,davon mit 2 Personen,,104.0
2021,Kein Haushaltsmitglied hat einen Migrationshintergrund,2000 - 2500,davon mit 2 Personen,,140.0
2021,Kein Haushaltsmitglied hat einen Migrationshintergrund,2500 - 3000,davon mit 2 Personen,,144.0
2021,Kein Haushaltsmitglied hat einen Migrationshintergrund,3000 - 3500,davon mit 2 Personen,,136.0
2021,Kein Haushaltsmitglied hat einen Migrationshintergrund,3500 - 4000,davon mit 2 Personen,,120.0
2021,Kein Haushaltsmitglied hat einen Migrationshintergrund,4000 - 5000,davon mit 2 Personen,,157.0
2021,Kein Haushaltsmitglied hat einen Migrationshintergrund,5000 und mehr,davon mit 2 Personen,,172.0
2021,Ein Teil der Haushaltsmitglieder hat einen Migrationshintergrund,Insgesamt,davon mit 2 Personen,,124.0
2021,Ein Teil der Haushaltsmitglieder hat einen Migrationshintergrund,unter 500,davon mit 2 Personen,gesperrt,
2021,Ein Teil der Haushaltsmitglieder hat einen Migrationshintergrund,500 - 1000,davon mit 2 Personen,gesperrt,
2021,Ein Teil der Haushaltsmitglieder hat einen Migrationshintergrund,1000 - 1250,davon mit 2 Personen,gesperrt,
2021,Ein Teil der Haushaltsmitglieder hat einen Migrationshintergrund,1250 - 1500,davon mit 2 Personen,gesperrt,
2021,Ein Teil der Haushaltsmitglieder hat einen Migrationshintergrund,1500 - 2000,davon mit 2 Personen,,13.0
2021,Ein Teil der Haushaltsmitglieder hat einen Migrationshintergrund,2000 - 2500,davon mit 2 Personen,,14.0
2021,Ein Teil der Haushaltsmitglieder hat einen Migrationshintergrund,2500 - 3000,davon mit 2 Personen,,18.0
2021,Ein Teil der Haushaltsmitglieder hat einen Migrationshintergrund,3000 - 3500,davon mit 2 Personen,,17.0
2021,Ein Teil der Haushaltsmitglieder hat einen Migrationshintergrund,3500 - 4000,davon mit 2 Personen,,14.0
2021,Ein Teil der Haushaltsmitglieder hat einen Migrationshintergrund,4000 - 5000,davon mit 2 Personen,,17.0
2021,Ein Teil der Haushaltsmitglieder hat einen Migrationshintergrund,5000 und mehr,davon mit 2 Personen,,22.0
2021,Alle Haushaltsmitglieder haben einen Migrationshintergrund,Insgesamt,davon mit 2 Personen,,150.0
2021,Alle Haushaltsmitglieder haben einen Migrationshintergrund,unter 500,davon mit 2 Personen,gesperrt,
2021,Alle Haushaltsmitglieder haben einen Migrationshintergrund,500 - 1000,davon mit 2 Personen,Statistisch unsicher,8.0
2021,Alle Haushaltsmitglieder haben einen Migrationshintergrund,1000 - 1250,davon mit 2 Personen,Statistisch unsicher,9.0
2021,Alle Haushaltsmitglieder haben einen Migrationshintergrund,1250 - 1500,davon mit 2 Personen,,14.0
2021,Alle Haushaltsmitglieder haben einen Migrationshintergrund,1500 - 2000,davon mit 2 Personen,,29.0
2021,Alle Haushaltsmitglieder haben einen Migrationshintergrund,2000 - 2500,davon mit 2 Personen,,26.0
2021,Alle Haushaltsmitglieder haben einen Migrationshintergrund,2500 - 3000,davon mit 2 Personen,,21.0
2021,Alle Haushaltsmitglieder haben einen Migrationshintergrund,3000 - 3500,davon mit 2 Personen,,16.0
2021,Alle Haushaltsmitglieder haben einen Migrationshintergrund,3500 - 4000,davon mit 2 Personen,Statistisch unsicher,9.0
2021,Alle Haushaltsmitglieder haben einen Migrationshintergrund,4000 - 5000,davon mit 2 Personen,,11.0
2021,Alle Haushaltsmitglieder haben einen Migrationshintergrund,5000 und mehr,davon mit 2 Personen,Statistisch unsicher,7.0
2023,Insgesamt,Insgesamt,davon mit 3 Personen,,474.0
2023,Insgesamt,unter 500,davon mit 3 Personen,gesperrt,
2023,Insgesamt,500 - 1000,davon mit 3 Personen,gesperrt,
2023,Insgesamt,1000 - 1250,davon mit 3 Personen,gesperrt,
2023,Insgesamt,1250 - 1500,davon mit 3 Personen,,8.0
2023,Insgesamt,1500 - 2000,davon mit 3 Personen,,23.0
2023,Insgesamt,2000 - 2500,davon mit 3 Personen,,31.0
2023,Insgesamt,2500 - 3000,davon mit 3 Personen,,36.0
2023,Insgesamt,3000 - 3500,davon mit 3 Personen,,44.0
2023,Insgesamt,3500 - 4000,davon mit 3 Personen,,52.0
2023,Insgesamt,4000 - 5000,davon mit 3 Personen,,104.0
2023,Insgesamt,5000 und mehr,davon mit 3 Personen,,166.0
2023,Kein Haushaltsmitglied hat einen Migrationshintergrund,Insgesamt,davon mit 3 Personen,,318.0
2023,Kein Haushaltsmitglied hat einen Migrationshintergrund,unter 500,davon mit 3 Personen,gesperrt,
2023,Kein Haushaltsmitglied hat einen Migrationshintergrund,500 - 1000,davon mit 3 Personen,gesperrt,
2023,Kein Haushaltsmitglied hat einen Migrationshintergrund,1000 - 1250,davon mit 3 Personen,gesperrt,
2023,Kein Haushaltsmitglied hat einen Migrationshintergrund,1250 - 1500,davon mit 3 Personen,gesperrt,
2023,Kein Haushaltsmitglied hat einen Migrationshintergrund,1500 - 2000,davon mit 3 Personen,,8.0
2023,Kein Haushaltsmitglied hat einen Migrationshintergrund,2000 - 2500,davon mit 3 Personen,,15.0
2023,Kein Haushaltsmitglied hat einen Migrationshintergrund,2500 - 3000,davon mit 3 Personen,,21.0
2023,Kein Haushaltsmitglied hat einen Migrationshintergrund,3000 - 3500,davon mit 3 Personen,,28.0
2023,Kein Haushaltsmitglied hat einen Migrationshintergrund,3500 - 4000,davon mit 3 Personen,,35.0
2023,Kein Haushaltsmitglied hat einen Migrationshintergrund,4000 - 5000,davon mit 3 Personen,,77.0
2023,Kein Haushaltsmitglied hat einen Migrationshintergrund,5000 und mehr,davon mit 3 Personen,,129.0
2023,Ein Teil der Haushaltsmitglieder hat einen Migrationshintergrund,Insgesamt,davon mit 3 Personen,,59.0
2023,Ein Teil der Haushaltsmitglieder hat einen Migrationshintergrund,unter 500,davon mit 3 Personen,gesperrt,
2023,Ein Teil der Haushaltsmitglieder hat einen Migrationshintergrund,500 - 1000,davon mit 3 Personen,gesperrt,
2023,Ein Teil der Haushaltsmitglieder hat einen Migrationshintergrund,1000 - 1250,davon mit 3 Personen,gesperrt,
2023,Ein Teil der Haushaltsmitglieder hat einen Migrationshintergrund,1250 - 1500,davon mit 3 Personen,gesperrt,
2023,Ein Teil der Haushaltsmitglieder hat einen Migrationshintergrund,1500 - 2000,davon mit 3 Personen,gesperrt,
2023,Ein Teil der Haushaltsmitglieder hat einen Migrationshintergrund,2000 - 2500,davon mit 3 Personen,gesperrt,
2023,Ein Teil der Haushaltsmitglieder hat einen Migrationshintergrund,2500 - 3000,davon mit 3 Personen,gesperrt,
2023,Ein Teil der Haushaltsmitglieder hat einen Migrationshintergrund,3000 - 3500,davon mit 3 Personen,gesperrt,
2023,Ein Teil der Haushaltsmitglieder hat einen Migrationshintergrund,3500 - 4000,davon mit 3 Personen,,8.0
2023,Ein Teil der Haushaltsmitglieder hat einen Migrationshintergrund,4000 - 5000,davon mit 3 Personen,,13.0
2023,Ein Teil der Haushaltsmitglieder hat einen Migrationshintergrund,5000 und mehr,davon mit 3 Personen,,22.0
2023,Alle Haushaltsmitglieder haben einen Migrationshintergrund,Insgesamt,davon mit 3 Personen,,96.0
2023,Alle Haushaltsmitglieder haben einen Migrationshintergrund,unter 500,davon mit 3 Personen,gesperrt,
2023,Alle Haushaltsmitglieder haben einen Migrationshintergrund,500 - 1000,davon mit 3 Personen,gesperrt,
2023,Alle Haushaltsmitglieder haben einen Migrationshintergrund,1000 - 1250,davon mit 3 Personen,gesperrt,
2023,Alle Haushaltsmitglieder haben einen Migrationshintergrund,1250 - 1500,davon mit 3 Personen,gesperrt,
2023,Alle Haushaltsmitglieder haben einen Migrationshintergrund,1500 - 2000,davon mit 3 Personen,,13.0
2023,Alle Haushaltsmitglieder haben einen Migrationshintergrund,2000 - 2500,davon mit 3 Personen,,12.0
2023,Alle Haushaltsmitglieder haben einen Migrationshintergrund,2500 - 3000,davon mit 3 Personen,,10.0
2023,Alle Haushaltsmitglieder haben einen Migrationshintergrund,3000 - 3500,davon mit 3 Personen,,9.0
2023,Alle Haushaltsmitglieder haben einen Migrationshintergrund,3500 - 4000,davon mit 3 Personen,,9.0
2023,Alle Haushaltsmitglieder haben einen Migrationshintergrund,4000 - 5000,davon mit 3 Personen,,14.0
2023,Alle Haushaltsmitglieder haben einen Migrationshintergrund,5000 und mehr,davon mit 3 Personen,,15.0
2022,Insgesamt,Insgesamt,davon mit 3 Personen,,465.0
2022,Insgesamt,unter 500,davon mit 3 Personen,gesperrt,
2022,Insgesamt,500 - 1000,davon mit 3 Personen,gesperrt,
2022,Insgesamt,1000 - 1250,davon mit 3 Personen,gesperrt,
2022,Insgesamt,1250 - 1500,davon mit 3 Personen,,7.0
2022,Insgesamt,1500 - 2000,davon mit 3 Personen,,25.0
2022,Insgesamt,2000 - 2500,davon mit 3 Personen,,35.0
2022,Insgesamt,2500 - 3000,davon mit 3 Personen,,44.0
2022,Insgesamt,3000 - 3500,davon mit 3 Personen,,51.0
2022,Insgesamt,3500 - 4000,davon mit 3 Personen,,55.0
2022,Insgesamt,4000 - 5000,davon mit 3 Personen,,100.0
2022,Insgesamt,5000 und mehr,davon mit 3 Personen,,140.0
2022,Kein Haushaltsmitglied hat einen Migrationshintergrund,Insgesamt,davon mit 3 Personen,,318.0
2022,Kein Haushaltsmitglied hat einen Migrationshintergrund,unter 500,davon mit 3 Personen,gesperrt,
2022,Kein Haushaltsmitglied hat einen Migrationshintergrund,500 - 1000,davon mit 3 Personen,gesperrt,
2022,Kein Haushaltsmitglied hat einen Migrationshintergrund,1000 - 1250,davon mit 3 Personen,gesperrt,
2022,Kein Haushaltsmitglied hat einen Migrationshintergrund,1250 - 1500,davon mit 3 Personen,gesperrt,
2022,Kein Haushaltsmitglied hat einen Migrationshintergrund,1500 - 2000,davon mit 3 Personen,,11.0
2022,Kein Haushaltsmitglied hat einen Migrationshintergrund,2000 - 2500,davon mit 3 Personen,,19.0
2022,Kein Haushaltsmitglied hat einen Migrationshintergrund,2500 - 3000,davon mit 3 Personen,,25.0
2022,Kein Haushaltsmitglied hat einen Migrationshintergrund,3000 - 3500,davon mit 3 Personen,,33.0
2022,Kein Haushaltsmitglied hat einen Migrationshintergrund,3500 - 4000,davon mit 3 Personen,,38.0
2022,Kein Haushaltsmitglied hat einen Migrationshintergrund,4000 - 5000,davon mit 3 Personen,,74.0
2022,Kein Haushaltsmitglied hat einen Migrationshintergrund,5000 und mehr,davon mit 3 Personen,,109.0
2022,Ein Teil der Haushaltsmitglieder hat einen Migrationshintergrund,Insgesamt,davon mit 3 Personen,,56.0
2022,Ein Teil der Haushaltsmitglieder hat einen Migrationshintergrund,unter 500,davon mit 3 Personen,gesperrt,
2022,Ein Teil der Haushaltsmitglieder hat einen Migrationshintergrund,500 - 1000,davon mit 3 Personen,gesperrt,
2022,Ein Teil der Haushaltsmitglieder hat einen Migrationshintergrund,1000 - 1250,davon mit 3 Personen,gesperrt,
2022,Ein Teil der Haushaltsmitglieder hat einen Migrationshintergrund,1250 - 1500,davon mit 3 Personen,gesperrt,
2022,Ein Teil der Haushaltsmitglieder hat einen Migrationshintergrund,1500 - 2000,davon mit 3 Personen,gesperrt,
2022,Ein Teil der Haushaltsmitglieder hat einen Migrationshintergrund,2000 - 2500,davon mit 3 Personen,gesperrt,
2022,Ein Teil der Haushaltsmitglieder hat einen Migrationshintergrund,2500 - 3000,davon mit 3 Personen,gesperrt,
2022,Ein Teil der Haushaltsmitglieder hat einen Migrationshintergrund,3000 - 3500,davon mit 3 Personen,,7.0
2022,Ein Teil der Haushaltsmitglieder hat einen Migrationshintergrund,3500 - 4000,davon mit 3 Personen,,8.0
2022,Ein Teil der Haushaltsmitglieder hat einen Migrationshintergrund,4000 - 5000,davon mit 3 Personen,,11.0
2022,Ein Teil der Haushaltsmitglieder hat einen Migrationshintergrund,5000 und mehr,davon mit 3 Personen,,19.0
2022,Alle Haushaltsmitglieder haben einen Migrationshintergrund,Insgesamt,davon mit 3 Personen,,92.0
2022,Alle Haushaltsmitglieder haben einen Migrationshintergrund,unter 500,davon mit 3 Personen,gesperrt,
2022,Alle Haushaltsmitglieder haben einen Migrationshintergrund,500 - 1000,davon mit 3 Personen,gesperrt,
2022,Alle Haushaltsmitglieder haben einen Migrationshintergrund,1000 - 1250,davon mit 3 Personen,gesperrt,
2022,Alle Haushaltsmitglieder haben einen Migrationshintergrund,1250 - 1500,davon mit 3 Personen,gesperrt,
2022,Alle Haushaltsmitglieder haben einen Migrationshintergrund,1500 - 2000,davon mit 3 Personen,,12.0
2022,Alle Haushaltsmitglieder haben einen Migrationshintergrund,2000 - 2500,davon mit 3 Personen,,12.0
2022,Alle Haushaltsmitglieder haben einen Migrationshintergrund,2500 - 3000,davon mit 3 Personen,,14.0
2022,Alle Haushaltsmitglieder haben einen Migrationshintergrund,3000 - 3500,davon mit 3 Personen,,11.0
2022,Alle Haushaltsmitglieder haben einen Migrationshintergrund,3500 - 4000,davon mit 3 Personen,,9.0
2022,Alle Haushaltsmitglieder haben einen Migrationshintergrund,4000 - 5000,davon mit 3 Personen,,16.0
2022,Alle Haushaltsmitglieder haben einen Migrationshintergrund,5000 und mehr,davon mit 3 Personen,,12.0
2021,Insgesamt,Insgesamt,davon mit 3 Personen,,459.0
2021,Insgesamt,unter 500,davon mit 3 Personen,gesperrt,
2021,Insgesamt,500 - 1000,davon mit 3 Personen,gesperrt,
2021,Insgesamt,1000 - 1250,davon mit 3 Personen,Statistisch unsicher,6.0
2021,Insgesamt,1250 - 1500,davon mit 3 Personen,Statistisch unsicher,9.0
2021,Insgesamt,1500 - 2000,davon mit 3 Personen,,29.0
2021,Insgesamt,2000 - 2500,davon mit 3 Personen,,35.0
2021,Insgesamt,2500 - 3000,davon mit 3 Personen,,49.0
2021,Insgesamt,3000 - 3500,davon mit 3 Personen,,53.0
2021,Insgesamt,3500 - 4000,davon mit 3 Personen,,58.0
2021,Insgesamt,4000 - 5000,davon mit 3 Personen,,92.0
2021,Insgesamt,5000 und mehr,davon mit 3 Personen,,122.0
2021,Kein Haushaltsmitglied hat einen Migrationshintergrund,Insgesamt,davon mit 3 Personen,,315.0
2021,Kein Haushaltsmitglied hat einen Migrationshintergrund,unter 500,davon mit 3 Personen,gesperrt,
2021,Kein Haushaltsmitglied hat einen Migrationshintergrund,500 - 1000,davon mit 3 Personen,gesperrt,
2021,Kein Haushaltsmitglied hat einen Migrationshintergrund,1000 - 1250,davon mit 3 Personen,gesperrt,
2021,Kein Haushaltsmitglied hat einen Migrationshintergrund,1250 - 1500,davon mit 3 Personen,gesperrt,
2021,Kein Haushaltsmitglied hat einen Migrationshintergrund,1500 - 2000,davon mit 3 Personen,,12.0
2021,Kein Haushaltsmitglied hat einen Migrationshintergrund,2000 - 2500,davon mit 3 Personen,,19.0
2021,Kein Haushaltsmitglied hat einen Migrationshintergrund,2500 - 3000,davon mit 3 Personen,,32.0
2021,Kein Haushaltsmitglied hat einen Migrationshintergrund,3000 - 3500,davon mit 3 Personen,,35.0
2021,Kein Haushaltsmitglied hat einen Migrationshintergrund,3500 - 4000,davon mit 3 Personen,,40.0
2021,Kein Haushaltsmitglied hat einen Migrationshintergrund,4000 - 5000,davon mit 3 Personen,,70.0
2021,Kein Haushaltsmitglied hat einen Migrationshintergrund,5000 und mehr,davon mit 3 Personen,,97.0
2021,Ein Teil der Haushaltsmitglieder hat einen Migrationshintergrund,Insgesamt,davon mit 3 Personen,,54.0
2021,Ein Teil der Haushaltsmitglieder hat einen Migrationshintergrund,unter 500,davon mit 3 Personen,gesperrt,
2021,Ein Teil der Haushaltsmitglieder hat einen Migrationshintergrund,500 - 1000,davon mit 3 Personen,gesperrt,
2021,Ein Teil der Haushaltsmitglieder hat einen Migrationshintergrund,1000 - 1250,davon mit 3 Personen,gesperrt,
2021,Ein Teil der Haushaltsmitglieder hat einen Migrationshintergrund,1250 - 1500,davon mit 3 Personen,gesperrt,
2021,Ein Teil der Haushaltsmitglieder hat einen Migrationshintergrund,1500 - 2000,davon mit 3 Personen,gesperrt,
2021,Ein Teil der Haushaltsmitglieder hat einen Migrationshintergrund,2000 - 2500,davon mit 3 Personen,gesperrt,
2021,Ein Teil der Haushaltsmitglieder hat einen Migrationshintergrund,2500 - 3000,davon mit 3 Personen,gesperrt,
2021,Ein Teil der Haushaltsmitglieder hat einen Migrationshintergrund,3000 - 3500,davon mit 3 Personen,Statistisch unsicher,7.0
2021,Ein Teil der Haushaltsmitglieder hat einen Migrationshintergrund,3500 - 4000,davon mit 3 Personen,Statistisch unsicher,7.0
2021,Ein Teil der Haushaltsmitglieder hat einen Migrationshintergrund,4000 - 5000,davon mit 3 Personen,Statistisch unsicher,10.0
2021,Ein Teil der Haushaltsmitglieder hat einen Migrationshintergrund,5000 und mehr,davon mit 3 Personen,,16.0
2021,Alle Haushaltsmitglieder haben einen Migrationshintergrund,Insgesamt,davon mit 3 Personen,,89.0
2021,Alle Haushaltsmitglieder haben einen Migrationshintergrund,unter 500,davon mit 3 Personen,gesperrt,
2021,Alle Haushaltsmitglieder haben einen Migrationshintergrund,500 - 1000,davon mit 3 Personen,gesperrt,
2021,Alle Haushaltsmitglieder haben einen Migrationshintergrund,1000 - 1250,davon mit 3 Personen,gesperrt,
2021,Alle Haushaltsmitglieder haben einen Migrationshintergrund,1250 - 1500,davon mit 3 Personen,gesperrt,
2021,Alle Haushaltsmitglieder haben einen Migrationshintergrund,1500 - 2000,davon mit 3 Personen,,14.0
2021,Alle Haushaltsmitglieder haben einen Migrationshintergrund,2000 - 2500,davon mit 3 Personen,,12.0
2021,Alle Haushaltsmitglieder haben einen Migrationshintergrund,2500 - 3000,davon mit 3 Personen,,12.0
2021,Alle Haushaltsmitglieder haben einen Migrationshintergrund,3000 - 3500,davon mit 3 Personen,Statistisch unsicher,11.0
2021,Alle Haushaltsmitglieder haben einen Migrationshintergrund,3500 - 4000,davon mit 3 Personen,Statistisch unsicher,10.0
2021,Alle Haushaltsmitglieder haben einen Migrationshintergrund,4000 - 5000,davon mit 3 Personen,,13.0
2021,Alle Haushaltsmitglieder haben einen Migrationshintergrund,5000 und mehr,davon mit 3 Personen,Statistisch unsicher,9.0
2023,Insgesamt,Insgesamt,davon mit 4 Personen,,373.0
2023,Insgesamt,unter 500,davon mit 4 Personen,gesperrt,
2023,Insgesamt,500 - 1000,davon mit 4 Personen,gesperrt,
2023,Insgesamt,1000 - 1250,davon mit 4 Personen,gesperrt,
2023,Insgesamt,1250 - 1500,davon mit 4 Personen,gesperrt,
2023,Insgesamt,1500 - 2000,davon mit 4 Personen,,10.0
2023,Insgesamt,2000 - 2500,davon mit 4 Personen,,18.0
2023,Insgesamt,2500 - 3000,davon mit 4 Personen,,25.0
2023,Insgesamt,3000 - 3500,davon mit 4 Personen,,32.0
2023,Insgesamt,3500 - 4000,davon mit 4 Personen,,40.0
2023,Insgesamt,4000 - 5000,davon mit 4 Personen,,78.0
2023,Insgesamt,5000 und mehr,davon mit 4 Personen,,165.0
2023,Kein Haushaltsmitglied hat einen Migrationshintergrund,Insgesamt,davon mit 4 Personen,,231.0
2023,Kein Haushaltsmitglied hat einen Migrationshintergrund,unter 500,davon mit 4 Personen,gesperrt,
2023,Kein Haushaltsmitglied hat einen Migrationshintergrund,500 - 1000,davon mit 4 Personen,gesperrt,
2023,Kein Haushaltsmitglied hat einen Migrationshintergrund,1000 - 1250,davon mit 4 Personen,gesperrt,
2023,Kein Haushaltsmitglied hat einen Migrationshintergrund,1250 - 1500,davon mit 4 Personen,gesperrt,
2023,Kein Haushaltsmitglied hat einen Migrationshintergrund,1500 - 2000,davon mit 4 Personen,gesperrt,
2023,Kein Haushaltsmitglied hat einen Migrationshintergrund,2000 - 2500,davon mit 4 Personen,gesperrt,
2023,Kein Haushaltsmitglied hat einen Migrationshintergrund,2500 - 3000,davon mit 4 Personen,,11.0
2023,Kein Haushaltsmitglied hat einen Migrationshintergrund,3000 - 3500,davon mit 4 Personen,,18.0
2023,Kein Haushaltsmitglied hat einen Migrationshintergrund,3500 - 4000,davon mit 4 Personen,,23.0
2023,Kein Haushaltsmitglied hat einen Migrationshintergrund,4000 - 5000,davon mit 4 Personen,,50.0
2023,Kein Haushaltsmitglied hat einen Migrationshintergrund,5000 und mehr,davon mit 4 Personen,,119.0
2023,Ein Teil der Haushaltsmitglieder hat einen Migrationshintergrund,Insgesamt,davon mit 4 Personen,,52.0
2023,Ein Teil der Haushaltsmitglieder hat einen Migrationshintergrund,unter 500,davon mit 4 Personen,gesperrt,
2023,Ein Teil der Haushaltsmitglieder hat einen Migrationshintergrund,500 - 1000,davon mit 4 Personen,gesperrt,
2023,Ein Teil der Haushaltsmitglieder hat einen Migrationshintergrund,1000 - 1250,davon mit 4 Personen,gesperrt,
2023,Ein Teil der Haushaltsmitglieder hat einen Migrationshintergrund,1250 - 1500,davon mit 4 Personen,gesperrt,
2023,Ein Teil der Haushaltsmitglieder hat einen Migrationshintergrund,1500 - 2000,davon mit 4 Personen,gesperrt,
2023,Ein Teil der Haushaltsmitglieder hat einen Migrationshintergrund,2000 - 2500,davon mit 4 Personen,gesperrt,
2023,Ein Teil der Haushaltsmitglieder hat einen Migrationshintergrund,2500 - 3000,davon mit 4 Personen,gesperrt,
2023,Ein Teil der Haushaltsmitglieder hat einen Migrationshintergrund,3000 - 3500,davon mit 4 Personen,gesperrt,
2023,Ein Teil der Haushaltsmitglieder hat einen Migrationshintergrund,3500 - 4000,davon mit 4 Personen,gesperrt,
2023,Ein Teil der Haushaltsmitglieder hat einen Migrationshintergrund,4000 - 5000,davon mit 4 Personen,,11.0
2023,Ein Teil der Haushaltsmitglieder hat einen Migrationshintergrund,5000 und mehr,davon mit 4 Personen,,25.0
2023,Alle Haushaltsmitglieder haben einen Migrationshintergrund,Insgesamt,davon mit 4 Personen,,91.0
2023,Alle Haushaltsmitglieder haben einen Migrationshintergrund,unter 500,davon mit 4 Personen,gesperrt,
2023,Alle Haushaltsmitglieder haben einen Migrationshintergrund,500 - 1000,davon mit 4 Personen,gesperrt,
2023,Alle Haushaltsmitglieder haben einen Migrationshintergrund,1000 - 1250,davon mit 4 Personen,gesperrt,
2023,Alle Haushaltsmitglieder haben einen Migrationshintergrund,1250 - 1500,davon mit 4 Personen,gesperrt,
2023,Alle Haushaltsmitglieder haben einen Migrationshintergrund,1500 - 2000,davon mit 4 Personen,gesperrt,
2023,Alle Haushaltsmitglieder haben einen Migrationshintergrund,2000 - 2500,davon mit 4 Personen,,10.0
2023,Alle Haushaltsmitglieder haben einen Migrationshintergrund,2500 - 3000,davon mit 4 Personen,,12.0
2023,Alle Haushaltsmitglieder haben einen Migrationshintergrund,3000 - 3500,davon mit 4 Personen,,10.0
2023,Alle Haushaltsmitglieder haben einen Migrationshintergrund,3500 - 4000,davon mit 4 Personen,,11.0
2023,Alle Haushaltsmitglieder haben einen Migrationshintergrund,4000 - 5000,davon mit 4 Personen,,17.0
2023,Alle Haushaltsmitglieder haben einen Migrationshintergrund,5000 und mehr,davon mit 4 Personen,,21.0
2022,Insgesamt,Insgesamt,davon mit 4 Personen,,365.0
2022,Insgesamt,unter 500,davon mit 4 Personen,gesperrt,
2022,Insgesamt,500 - 1000,davon mit 4 Personen,gesperrt,
2022,Insgesamt,1000 - 1250,davon mit 4 Personen,gesperrt,
2022,Insgesamt,1250 - 1500,davon mit 4 Personen,gesperrt,
2022,Insgesamt,1500 - 2000,davon mit 4 Personen,,13.0
2022,Insgesamt,2000 - 2500,davon mit 4 Personen,,22.0
2022,Insgesamt,2500 - 3000,davon mit 4 Personen,,29.0
2022,Insgesamt,3000 - 3500,davon mit 4 Personen,,37.0
2022,Insgesamt,3500 - 4000,davon mit 4 Personen,,43.0
2022,Insgesamt,4000 - 5000,davon mit 4 Personen,,73.0
2022,Insgesamt,5000 und mehr,davon mit 4 Personen,,143.0
2022,Kein Haushaltsmitglied hat einen Migrationshintergrund,Insgesamt,davon mit 4 Personen,,228.0
2022,Kein Haushaltsmitglied hat einen Migrationshintergrund,unter 500,davon mit 4 Personen,gesperrt,
2022,Kein Haushaltsmitglied hat einen Migrationshintergrund,500 - 1000,davon mit 4 Personen,gesperrt,
2022,Kein Haushaltsmitglied hat einen Migrationshintergrund,1000 - 1250,davon mit 4 Personen,gesperrt,
2022,Kein Haushaltsmitglied hat einen Migrationshintergrund,1250 - 1500,davon mit 4 Personen,gesperrt,
2022,Kein Haushaltsmitglied hat einen Migrationshintergrund,1500 - 2000,davon mit 4 Personen,gesperrt,
2022,Kein Haushaltsmitglied hat einen Migrationshintergrund,2000 - 2500,davon mit 4 Personen,,9.0
2022,Kein Haushaltsmitglied hat einen Migrationshintergrund,2500 - 3000,davon mit 4 Personen,,15.0
2022,Kein Haushaltsmitglied hat einen Migrationshintergrund,3000 - 3500,davon mit 4 Personen,,21.0
2022,Kein Haushaltsmitglied hat einen Migrationshintergrund,3500 - 4000,davon mit 4 Personen,,26.0
2022,Kein Haushaltsmitglied hat einen Migrationshintergrund,4000 - 5000,davon mit 4 Personen,,47.0
2022,Kein Haushaltsmitglied hat einen Migrationshintergrund,5000 und mehr,davon mit 4 Personen,,104.0
2022,Ein Teil der Haushaltsmitglieder hat einen Migrationshintergrund,Insgesamt,davon mit 4 Personen,,47.0
2022,Ein Teil der Haushaltsmitglieder hat einen Migrationshintergrund,unter 500,davon mit 4 Personen,gesperrt,
2022,Ein Teil der Haushaltsmitglieder hat einen Migrationshintergrund,500 - 1000,davon mit 4 Personen,gesperrt,
2022,Ein Teil der Haushaltsmitglieder hat einen Migrationshintergrund,1000 - 1250,davon mit 4 Personen,gesperrt,
2022,Ein Teil der Haushaltsmitglieder hat einen Migrationshintergrund,1250 - 1500,davon mit 4 Personen,gesperrt,
2022,Ein Teil der Haushaltsmitglieder hat einen Migrationshintergrund,1500 - 2000,davon mit 4 Personen,gesperrt,
2022,Ein Teil der Haushaltsmitglieder hat einen Migrationshintergrund,2000 - 2500,davon mit 4 Personen,gesperrt,
2022,Ein Teil der Haushaltsmitglieder hat einen Migrationshintergrund,2500 - 3000,davon mit 4 Personen,gesperrt,
2022,Ein Teil der Haushaltsmitglieder hat einen Migrationshintergrund,3000 - 3500,davon mit 4 Personen,gesperrt,
2022,Ein Teil der Haushaltsmitglieder hat einen Migrationshintergrund,3500 - 4000,davon mit 4 Personen,gesperrt,
2022,Ein Teil der Haushaltsmitglieder hat einen Migrationshintergrund,4000 - 5000,davon mit 4 Personen,,10.0
2022,Ein Teil der Haushaltsmitglieder hat einen Migrationshintergrund,5000 und mehr,davon mit 4 Personen,,22.0
2022,Alle Haushaltsmitglieder haben einen Migrationshintergrund,Insgesamt,davon mit 4 Personen,,90.0
2022,Alle Haushaltsmitglieder haben einen Migrationshintergrund,unter 500,davon mit 4 Personen,gesperrt,
2022,Alle Haushaltsmitglieder haben einen Migrationshintergrund,500 - 1000,davon mit 4 Personen,gesperrt,
2022,Alle Haushaltsmitglieder haben einen Migrationshintergrund,1000 - 1250,davon mit 4 Personen,gesperrt,
2022,Alle Haushaltsmitglieder haben einen Migrationshintergrund,1250 - 1500,davon mit 4 Personen,gesperrt,
2022,Alle Haushaltsmitglieder haben einen Migrationshintergrund,1500 - 2000,davon mit 4 Personen,,9.0
2022,Alle Haushaltsmitglieder haben einen Migrationshintergrund,2000 - 2500,davon mit 4 Personen,,11.0
2022,Alle Haushaltsmitglieder haben einen Migrationshintergrund,2500 - 3000,davon mit 4 Personen,,12.0
2022,Alle Haushaltsmitglieder haben einen Migrationshintergrund,3000 - 3500,davon mit 4 Personen,,12.0
2022,Alle Haushaltsmitglieder haben einen Migrationshintergrund,3500 - 4000,davon mit 4 Personen,,11.0
2022,Alle Haushaltsmitglieder haben einen Migrationshintergrund,4000 - 5000,davon mit 4 Personen,,15.0
2022,Alle Haushaltsmitglieder haben einen Migrationshintergrund,5000 und mehr,davon mit 4 Personen,,17.0
2021,Insgesamt,Insgesamt,davon mit 4 Personen,,368.0
2021,Insgesamt,unter 500,davon mit 4 Personen,gesperrt,
2021,Insgesamt,500 - 1000,davon mit 4 Personen,gesperrt,
2021,Insgesamt,1000 - 1250,davon mit 4 Personen,gesperrt,
2021,Insgesamt,1250 - 1500,davon mit 4 Personen,gesperrt,
2021,Insgesamt,1500 - 2000,davon mit 4 Personen,,13.0
2021,Insgesamt,2000 - 2500,davon mit 4 Personen,,21.0
2021,Insgesamt,2500 - 3000,davon mit 4 Personen,,33.0
2021,Insgesamt,3000 - 3500,davon mit 4 Personen,,41.0
2021,Insgesamt,3500 - 4000,davon mit 4 Personen,,48.0
2021,Insgesamt,4000 - 5000,davon mit 4 Personen,,71.0
2021,Insgesamt,5000 und mehr,davon mit 4 Personen,,133.0
2021,Kein Haushaltsmitglied hat einen Migrationshintergrund,Insgesamt,davon mit 4 Personen,,239.0
2021,Kein Haushaltsmitglied hat einen Migrationshintergrund,unter 500,davon mit 4 Personen,gesperrt,
2021,Kein Haushaltsmitglied hat einen Migrationshintergrund,500 - 1000,davon mit 4 Personen,gesperrt,
2021,Kein Haushaltsmitglied hat einen Migrationshintergrund,1000 - 1250,davon mit 4 Personen,gesperrt,
2021,Kein Haushaltsmitglied hat einen Migrationshintergrund,1250 - 1500,davon mit 4 Personen,gesperrt,
2021,Kein Haushaltsmitglied hat einen Migrationshintergrund,1500 - 2000,davon mit 4 Personen,gesperrt,
2021,Kein Haushaltsmitglied hat einen Migrationshintergrund,2000 - 2500,davon mit 4 Personen,Statistisch unsicher,9.0
2021,Kein Haushaltsmitglied hat einen Migrationshintergrund,2500 - 3000,davon mit 4 Personen,,16.0
2021,Kein Haushaltsmitglied hat einen Migrationshintergrund,3000 - 3500,davon mit 4 Personen,,25.0
2021,Kein Haushaltsmitglied hat einen Migrationshintergrund,3500 - 4000,davon mit 4 Personen,,30.0
2021,Kein Haushaltsmitglied hat einen Migrationshintergrund,4000 - 5000,davon mit 4 Personen,,51.0
2021,Kein Haushaltsmitglied hat einen Migrationshintergrund,5000 und mehr,davon mit 4 Personen,,100.0
2021,Ein Teil der Haushaltsmitglieder hat einen Migrationshintergrund,Insgesamt,davon mit 4 Personen,,46.0
2021,Ein Teil der Haushaltsmitglieder hat einen Migrationshintergrund,unter 500,davon mit 4 Personen,gesperrt,
2021,Ein Teil der Haushaltsmitglieder hat einen Migrationshintergrund,500 - 1000,davon mit 4 Personen,gesperrt,
2021,Ein Teil der Haushaltsmitglieder hat einen Migrationshintergrund,1000 - 1250,davon mit 4 Personen,gesperrt,
2021,Ein Teil der Haushaltsmitglieder hat einen Migrationshintergrund,1250 - 1500,davon mit 4 Personen,gesperrt,
2021,Ein Teil der Haushaltsmitglieder hat einen Migrationshintergrund,1500 - 2000,davon mit 4 Personen,gesperrt,
2021,Ein Teil der Haushaltsmitglieder hat einen Migrationshintergrund,2000 - 2500,davon mit 4 Personen,gesperrt,
2021,Ein Teil der Haushaltsmitglieder hat einen Migrationshintergrund,2500 - 3000,davon mit 4 Personen,gesperrt,
2021,Ein Teil der Haushaltsmitglieder hat einen Migrationshintergrund,3000 - 3500,davon mit 4 Personen,gesperrt,
2021,Ein Teil der Haushaltsmitglieder hat einen Migrationshintergrund,3500 - 4000,davon mit 4 Personen,Statistisch unsicher,6.0
2021,Ein Teil der Haushaltsmitglieder hat einen Migrationshintergrund,4000 - 5000,davon mit 4 Personen,Statistisch unsicher,8.0
2021,Ein Teil der Haushaltsmitglieder hat einen Migrationshintergrund,5000 und mehr,davon mit 4 Personen,,20.0
2021,Alle Haushaltsmitglieder haben einen Migrationshintergrund,Insgesamt,davon mit 4 Personen,,83.0
2021,Alle Haushaltsmitglieder haben einen Migrationshintergrund,unter 500,davon mit 4 Personen,gesperrt,
2021,Alle Haushaltsmitglieder haben einen Migrationshintergrund,500 - 1000,davon mit 4 Personen,gesperrt,
2021,Alle Haushaltsmitglieder haben einen Migrationshintergrund,1000 - 1250,davon mit 4 Personen,gesperrt,
2021,Alle Haushaltsmitglieder haben einen Migrationshintergrund,1250 - 1500,davon mit 4 Personen,gesperrt,
2021,Alle Haushaltsmitglieder haben einen Migrationshintergrund,1500 - 2000,davon mit 4 Personen,gesperrt,
2021,Alle Haushaltsmitglieder haben einen Migrationshintergrund,2000 - 2500,davon mit 4 Personen,Statistisch unsicher,10.0
2021,Alle Haushaltsmitglieder haben einen Migrationshintergrund,2500 - 3000,davon mit 4 Personen,,13.0
2021,Alle Haushaltsmitglieder haben einen Migrationshintergrund,3000 - 3500,davon mit 4 Personen,,12.0
2021,Alle Haushaltsmitglieder haben einen Migrationshintergrund,3500 - 4000,davon mit 4 Personen,,12.0
2021,Alle Haushaltsmitglieder haben einen Migrationshintergrund,4000 - 5000,davon mit 4 Personen,,12.0
2021,Alle Haushaltsmitglieder haben einen Migrationshintergrund,5000 und mehr,davon mit 4 Personen,,14.0
2023,Insgesamt,Insgesamt,davon mit 5 und mehr Personen,,163.0
2023,Insgesamt,unter 500,davon mit 5 und mehr Personen,gesperrt,
2023,Insgesamt,500 - 1000,davon mit 5 und mehr Personen,gesperrt,
2023,Insgesamt,1000 - 1250,davon mit 5 und mehr Personen,gesperrt,
2023,Insgesamt,1250 - 1500,davon mit 5 und mehr Personen,gesperrt,
2023,Insgesamt,1500 - 2000,davon mit 5 und mehr Personen,gesperrt,
2023,Insgesamt,2000 - 2500,davon mit 5 und mehr Personen,,12.0
2023,Insgesamt,2500 - 3000,davon mit 5 und mehr Personen,,14.0
2023,Insgesamt,3000 - 3500,davon mit 5 und mehr Personen,,15.0
2023,Insgesamt,3500 - 4000,davon mit 5 und mehr Personen,,17.0
2023,Insgesamt,4000 - 5000,davon mit 5 und mehr Personen,,30.0
2023,Insgesamt,5000 und mehr,davon mit 5 und mehr Personen,,69.0
2023,Kein Haushaltsmitglied hat einen Migrationshintergrund,Insgesamt,davon mit 5 und mehr Personen,,77.0
2023,Kein Haushaltsmitglied hat einen Migrationshintergrund,unter 500,davon mit 5 und mehr Personen,gesperrt,
2023,Kein Haushaltsmitglied hat einen Migrationshintergrund,500 - 1000,davon mit 5 und mehr Personen,gesperrt,
2023,Kein Haushaltsmitglied hat einen Migrationshintergrund,1000 - 1250,davon mit 5 und mehr Personen,gesperrt,
2023,Kein Haushaltsmitglied hat einen Migrationshintergrund,1250 - 1500,davon mit 5 und mehr Personen,gesperrt,
2023,Kein Haushaltsmitglied hat einen Migrationshintergrund,1500 - 2000,davon mit 5 und mehr Personen,gesperrt,
2023,Kein Haushaltsmitglied hat einen Migrationshintergrund,2000 - 2500,davon mit 5 und mehr Personen,gesperrt,
2023,Kein Haushaltsmitglied hat einen Migrationshintergrund,2500 - 3000,davon mit 5 und mehr Personen,gesperrt,
2023,Kein Haushaltsmitglied hat einen Migrationshintergrund,3000 - 3500,davon mit 5 und mehr Personen,gesperrt,
2023,Kein Haushaltsmitglied hat einen Migrationshintergrund,3500 - 4000,davon mit 5 und mehr Personen,,7.0
2023,Kein Haushaltsmitglied hat einen Migrationshintergrund,4000 - 5000,davon mit 5 und mehr Personen,,15.0
2023,Kein Haushaltsmitglied hat einen Migrationshintergrund,5000 und mehr,davon mit 5 und mehr Personen,,44.0
2023,Ein Teil der Haushaltsmitglieder hat einen Migrationshintergrund,Insgesamt,davon mit 5 und mehr Personen,,18.0
2023,Ein Teil der Haushaltsmitglieder hat einen Migrationshintergrund,unter 500,davon mit 5 und mehr Personen,gesperrt,
2023,Ein Teil der Haushaltsmitglieder hat einen Migrationshintergrund,500 - 1000,davon mit 5 und mehr Personen,gesperrt,
2023,Ein Teil der Haushaltsmitglieder hat einen Migrationshintergrund,1000 - 1250,davon mit 5 und mehr Personen,gesperrt,
2023,Ein Teil der Haushaltsmitglieder hat einen Migrationshintergrund,1250 - 1500,davon mit 5 und mehr Personen,gesperrt,
2023,Ein Teil der Haushaltsmitglieder hat einen Migrationshintergrund,1500 - 2000,davon mit 5 und mehr Personen,gesperrt,
2023,Ein Teil der Haushaltsmitglieder hat einen Migrationshintergrund,2000 - 2500,davon mit 5 und mehr Personen,gesperrt,
2023,Ein Teil der Haushaltsmitglieder hat einen Migrationshintergrund,2500 - 3000,davon mit 5 und mehr Personen,gesperrt,
2023,Ein Teil der Haushaltsmitglieder hat einen Migrationshintergrund,3000 - 3500,davon mit 5 und mehr Personen,gesperrt,
2023,Ein Teil der Haushaltsmitglieder hat einen Migrationshintergrund,3500 - 4000,davon mit 5 und mehr Personen,gesperrt,
2023,Ein Teil der Haushaltsmitglieder hat einen Migrationshintergrund,4000 - 5000,davon mit 5 und mehr Personen,gesperrt,
2023,Ein Teil der Haushaltsmitglieder hat einen Migrationshintergrund,5000 und mehr,davon mit 5 und mehr Personen,,8.0
2023,Alle Haushaltsmitglieder haben einen Migrationshintergrund,Insgesamt,davon mit 5 und mehr Personen,,68.0
2023,Alle Haushaltsmitglieder haben einen Migrationshintergrund,unter 500,davon mit 5 und mehr Personen,gesperrt,
2023,Alle Haushaltsmitglieder haben einen Migrationshintergrund,500 - 1000,davon mit 5 und mehr Personen,gesperrt,
2023,Alle Haushaltsmitglieder haben einen Migrationshintergrund,1000 - 1250,davon mit 5 und mehr Personen,gesperrt,
2023,Alle Haushaltsmitglieder haben einen Migrationshintergrund,1250 - 1500,davon mit 5 und mehr Personen,gesperrt,
2023,Alle Haushaltsmitglieder haben einen Migrationshintergrund,1500 - 2000,davon mit 5 und mehr Personen,gesperrt,
2023,Alle Haushaltsmitglieder haben einen Migrationshintergrund,2000 - 2500,davon mit 5 und mehr Personen,,10.0
2023,Alle Haushaltsmitglieder haben einen Migrationshintergrund,2500 - 3000,davon mit 5 und mehr Personen,,9.0
2023,Alle Haushaltsmitglieder haben einen Migrationshintergrund,3000 - 3500,davon mit 5 und mehr Personen,,10.0
2023,Alle Haushaltsmitglieder haben einen Migrationshintergrund,3500 - 4000,davon mit 5 und mehr Personen,,8.0
2023,Alle Haushaltsmitglieder haben einen Migrationshintergrund,4000 - 5000,davon mit 5 und mehr Personen,,10.0
2023,Alle Haushaltsmitglieder haben einen Migrationshintergrund,5000 und mehr,davon mit 5 und mehr Personen,,16.0
2022,Insgesamt,Insgesamt,davon mit 5 und mehr Personen,,164.0
2022,Insgesamt,unter 500,davon mit 5 und mehr Personen,gesperrt,
2022,Insgesamt,500 - 1000,davon mit 5 und mehr Personen,gesperrt,
2022,Insgesamt,1000 - 1250,davon mit 5 und mehr Personen,gesperrt,
2022,Insgesamt,1250 - 1500,davon mit 5 und mehr Personen,gesperrt,
2022,Insgesamt,1500 - 2000,davon mit 5 und mehr Personen,,8.0
2022,Insgesamt,2000 - 2500,davon mit 5 und mehr Personen,,11.0
2022,Insgesamt,2500 - 3000,davon mit 5 und mehr Personen,,16.0
2022,Insgesamt,3000 - 3500,davon mit 5 und mehr Personen,,17.0
2022,Insgesamt,3500 - 4000,davon mit 5 und mehr Personen,,17.0
2022,Insgesamt,4000 - 5000,davon mit 5 und mehr Personen,,28.0
2022,Insgesamt,5000 und mehr,davon mit 5 und mehr Personen,,63.0
2022,Kein Haushaltsmitglied hat einen Migrationshintergrund,Insgesamt,davon mit 5 und mehr Personen,,77.0
2022,Kein Haushaltsmitglied hat einen Migrationshintergrund,unter 500,davon mit 5 und mehr Personen,gesperrt,
2022,Kein Haushaltsmitglied hat einen Migrationshintergrund,500 - 1000,davon mit 5 und mehr Personen,gesperrt,
2022,Kein Haushaltsmitglied hat einen Migrationshintergrund,1000 - 1250,davon mit 5 und mehr Personen,gesperrt,
2022,Kein Haushaltsmitglied hat einen Migrationshintergrund,1250 - 1500,davon mit 5 und mehr Personen,gesperrt,
2022,Kein Haushaltsmitglied hat einen Migrationshintergrund,1500 - 2000,davon mit 5 und mehr Personen,gesperrt,
2022,Kein Haushaltsmitglied hat einen Migrationshintergrund,2000 - 2500,davon mit 5 und mehr Personen,gesperrt,
2022,Kein Haushaltsmitglied hat einen Migrationshintergrund,2500 - 3000,davon mit 5 und mehr Personen,gesperrt,
2022,Kein Haushaltsmitglied hat einen Migrationshintergrund,3000 - 3500,davon mit 5 und mehr Personen,,7.0
2022,Kein Haushaltsmitglied hat einen Migrationshintergrund,3500 - 4000,davon mit 5 und mehr Personen,,7.0
2022,Kein Haushaltsmitglied hat einen Migrationshintergrund,4000 - 5000,davon mit 5 und mehr Personen,,14.0
2022,Kein Haushaltsmitglied hat einen Migrationshintergrund,5000 und mehr,davon mit 5 und mehr Personen,,40.0
2022,Ein Teil der Haushaltsmitglieder hat einen Migrationshintergrund,Insgesamt,davon mit 5 und mehr Personen,,18.0
2022,Ein Teil der Haushaltsmitglieder hat einen Migrationshintergrund,unter 500,davon mit 5 und mehr Personen,gesperrt,
2022,Ein Teil der Haushaltsmitglieder hat einen Migrationshintergrund,500 - 1000,davon mit 5 und mehr Personen,gesperrt,
2022,Ein Teil der Haushaltsmitglieder hat einen Migrationshintergrund,1000 - 1250,davon mit 5 und mehr Personen,gesperrt,
2022,Ein Teil der Haushaltsmitglieder hat einen Migrationshintergrund,1250 - 1500,davon mit 5 und mehr Personen,gesperrt,
2022,Ein Teil der Haushaltsmitglieder hat einen Migrationshintergrund,1500 - 2000,davon mit 5 und mehr Personen,gesperrt,
2022,Ein Teil der Haushaltsmitglieder hat einen Migrationshintergrund,2000 - 2500,davon mit 5 und mehr Personen,gesperrt,
2022,Ein Teil der Haushaltsmitglieder hat einen Migrationshintergrund,2500 - 3000,davon mit 5 und mehr Personen,gesperrt,
2022,Ein Teil der Haushaltsmitglieder hat einen Migrationshintergrund,3000 - 3500,davon mit 5 und mehr Personen,gesperrt,
2022,Ein Teil der Haushaltsmitglieder hat einen Migrationshintergrund,3500 - 4000,davon mit 5 und mehr Personen,gesperrt,
2022,Ein Teil der Haushaltsmitglieder hat einen Migrationshintergrund,4000 - 5000,davon mit 5 und mehr Personen,gesperrt,
2022,Ein Teil der Haushaltsmitglieder hat einen Migrationshintergrund,5000 und mehr,davon mit 5 und mehr Personen,,9.0
2022,Alle Haushaltsmitglieder haben einen Migrationshintergrund,Insgesamt,davon mit 5 und mehr Personen,,69.0
2022,Alle Haushaltsmitglieder haben einen Migrationshintergrund,unter 500,davon mit 5 und mehr Personen,gesperrt,
2022,Alle Haushaltsmitglieder haben einen Migrationshintergrund,500 - 1000,davon mit 5 und mehr Personen,gesperrt,
2022,Alle Haushaltsmitglieder haben einen Migrationshintergrund,1000 - 1250,davon mit 5 und mehr Personen,gesperrt,
2022,Alle Haushaltsmitglieder haben einen Migrationshintergrund,1250 - 1500,davon mit 5 und mehr Personen,gesperrt,
2022,Alle Haushaltsmitglieder haben einen Migrationshintergrund,1500 - 2000,davon mit 5 und mehr Personen,gesperrt,
2022,Alle Haushaltsmitglieder haben einen Migrationshintergrund,2000 - 2500,davon mit 5 und mehr Personen,,8.0
2022,Alle Haushaltsmitglieder haben einen Migrationshintergrund,2500 - 3000,davon mit 5 und mehr Personen,,11.0
2022,Alle Haushaltsmitglieder haben einen Migrationshintergrund,3000 - 3500,davon mit 5 und mehr Personen,,9.0
2022,Alle Haushaltsmitglieder haben einen Migrationshintergrund,3500 - 4000,davon mit 5 und mehr Personen,,8.0
2022,Alle Haushaltsmitglieder haben einen Migrationshintergrund,4000 - 5000,davon mit 5 und mehr Personen,,10.0
2022,Alle Haushaltsmitglieder haben einen Migrationshintergrund,5000 und mehr,davon mit 5 und mehr Personen,,14.0
2021,Insgesamt,Insgesamt,davon mit 5 und mehr Personen,,152.0
2021,Insgesamt,unter 500,davon mit 5 und mehr Personen,gesperrt,
2021,Insgesamt,500 - 1000,davon mit 5 und mehr Personen,gesperrt,
2021,Insgesamt,1000 - 1250,davon mit 5 und mehr Personen,gesperrt,
2021,Insgesamt,1250 - 1500,davon mit 5 und mehr Personen,gesperrt,
2021,Insgesamt,1500 - 2000,davon mit 5 und mehr Personen,Statistisch unsicher,10.0
2021,Insgesamt,2000 - 2500,davon mit 5 und mehr Personen,,12.0
2021,Insgesamt,2500 - 3000,davon mit 5 und mehr Personen,,15.0
2021,Insgesamt,3000 - 3500,davon mit 5 und mehr Personen,,17.0
2021,Insgesamt,3500 - 4000,davon mit 5 und mehr Personen,,17.0
2021,Insgesamt,4000 - 5000,davon mit 5 und mehr Personen,,28.0
2021,Insgesamt,5000 und mehr,davon mit 5 und mehr Personen,,51.0
2021,Kein Haushaltsmitglied hat einen Migrationshintergrund,Insgesamt,davon mit 5 und mehr Personen,,71.0
2021,Kein Haushaltsmitglied hat einen Migrationshintergrund,unter 500,davon mit 5 und mehr Personen,gesperrt,
2021,Kein Haushaltsmitglied hat einen Migrationshintergrund,500 - 1000,davon mit 5 und mehr Personen,gesperrt,
2021,Kein Haushaltsmitglied hat einen Migrationshintergrund,1000 - 1250,davon mit 5 und mehr Personen,gesperrt,
2021,Kein Haushaltsmitglied hat einen Migrationshintergrund,1250 - 1500,davon mit 5 und mehr Personen,gesperrt,
2021,Kein Haushaltsmitglied hat einen Migrationshintergrund,1500 - 2000,davon mit 5 und mehr Personen,gesperrt,
2021,Kein Haushaltsmitglied hat einen Migrationshintergrund,2000 - 2500,davon mit 5 und mehr Personen,gesperrt,
2021,Kein Haushaltsmitglied hat einen Migrationshintergrund,2500 - 3000,davon mit 5 und mehr Personen,gesperrt,
2021,Kein Haushaltsmitglied hat einen Migrationshintergrund,3000 - 3500,davon mit 5 und mehr Personen,Statistisch unsicher,6.0
2021,Kein Haushaltsmitglied hat einen Migrationshintergrund,3500 - 4000,davon mit 5 und mehr Personen,Statistisch unsicher,9.0
2021,Kein Haushaltsmitglied hat einen Migrationshintergrund,4000 - 5000,davon mit 5 und mehr Personen,,15.0
2021,Kein Haushaltsmitglied hat einen Migrationshintergrund,5000 und mehr,davon mit 5 und mehr Personen,,32.0
2021,Ein Teil der Haushaltsmitglieder hat einen Migrationshintergrund,Insgesamt,davon mit 5 und mehr Personen,,16.0
2021,Ein Teil der Haushaltsmitglieder hat einen Migrationshintergrund,unter 500,davon mit 5 und mehr Personen,gesperrt,
2021,Ein Teil der Haushaltsmitglieder hat einen Migrationshintergrund,500 - 1000,davon mit 5 und mehr Personen,gesperrt,
2021,Ein Teil der Haushaltsmitglieder hat einen Migrationshintergrund,1000 - 1250,davon mit 5 und mehr Personen,gesperrt,
2021,Ein Teil der Haushaltsmitglieder hat einen Migrationshintergrund,1250 - 1500,davon mit 5 und mehr Personen,gesperrt,
2021,Ein Teil der Haushaltsmitglieder hat einen Migrationshintergrund,1500 - 2000,davon mit 5 und mehr Personen,gesperrt,
2021,Ein Teil der Haushaltsmitglieder hat einen Migrationshintergrund,2000 - 2500,davon mit 5 und mehr Personen,gesperrt,
2021,Ein Teil der Haushaltsmitglieder hat einen Migrationshintergrund,2500 - 3000,davon mit 5 und mehr Personen,gesperrt,
2021,Ein Teil der Haushaltsmitglieder hat einen Migrationshintergrund,3000 - 3500,davon mit 5 und mehr Personen,gesperrt,
2021,Ein Teil der Haushaltsmitglieder hat einen Migrationshintergrund,3500 - 4000,davon mit 5 und mehr Personen,gesperrt,
2021,Ein Teil der Haushaltsmitglieder hat einen Migrationshintergrund,4000 - 5000,davon mit 5 und mehr Personen,gesperrt,
2021,Ein Teil der Haushaltsmitglieder hat einen Migrationshintergrund,5000 und mehr,davon mit 5 und mehr Personen,Statistisch unsicher,7.0
2021,Alle Haushaltsmitglieder haben einen Migrationshintergrund,Insgesamt,davon mit 5 und mehr Personen,,64.0
2021,Alle Haushaltsmitglieder haben einen Migrationshintergrund,unter 500,davon mit 5 und mehr Personen,gesperrt,
2021,Alle Haushaltsmitglieder haben einen Migrationshintergrund,500 - 1000,davon mit 5 und mehr Personen,gesperrt,
2021,Alle Haushaltsmitglieder haben einen Migrationshintergrund,1000 - 1250,davon mit 5 und mehr Personen,gesperrt,
2021,Alle Haushaltsmitglieder haben einen Migrationshintergrund,1250 - 1500,davon mit 5 und mehr Personen,gesperrt,
2021,Alle Haushaltsmitglieder haben einen Migrationshintergrund,1500 - 2000,davon mit 5 und mehr Personen,Statistisch unsicher,8.0
2021,Alle Haushaltsmitglieder haben einen Migrationshintergrund,2000 - 2500,davon mit 5 und mehr Personen,Statistisch unsicher,8.0
2021,Alle Haushaltsmitglieder haben einen Migrationshintergrund,2500 - 3000,davon mit 5 und mehr Personen,Statistisch unsicher,9.0
2021,Alle Haushaltsmitglieder haben einen Migrationshintergrund,3000 - 3500,davon mit 5 und mehr Personen,Statistisch unsicher,8.0
2021,Alle Haushaltsmitglieder haben einen Migrationshintergrund,3500 - 4000,davon mit 5 und mehr Personen,Statistisch unsicher,6.0
2021,Alle Haushaltsmitglieder haben einen Migrationshintergrund,4000 - 5000,davon mit 5 und mehr Personen,Statistisch unsicher,10.0
2021,Alle Haushaltsmitglieder haben einen Migrationshintergrund,5000 und mehr,davon mit 5 und mehr Personen,,11.0
