Year,Migrationsstatus der Familie,Lebensform,mit ledigen Kindern,Unnamed: 5,Value
2019,Insgesamt                              ,Insgesamt                              ,,,2249.6
2019, ohne Migrationshintergrund            , ohne Migrationshintergrund            ,,,1706.1
2019, mit Migrationshintergrund             , mit Migrationshintergrund             ,,,543.5
2019,Insgesamt                              ,Insgesamt                              ,,,1710.4
2019, ohne Migrationshintergrund            , ohne Migrationshintergrund            ,,,1285.7
2019, mit Migrationshintergrund             , mit Migrationshintergrund             ,,,424.6
2019,  ein Partner mit Migrationshintergr.  ,  ein Partner mit Migrationshintergr.  ,,,142.8
2019,  beide Partner mit Migrationshintergr.,  beide Partner mit Migrationshintergr.,,,281.9
2019,Insgesamt                              ,Insgesamt                              ,,,299.2
2019, ohne Migrationshintergrund            , ohne Migrationshintergrund            ,,,236.2
2019, mit Migrationshintergrund             , mit Migrationshintergrund             ,,,63.1
2019,  ein Partner mit Migrationshintergr.  ,  ein Partner mit Migrationshintergr.  ,,,41.7
2019,  beide Partner mit Migrationshintergr.,  beide Partner mit Migrationshintergr.,,,21.4
2018,Insgesamt                              ,Insgesamt                              ,,,2255.4
2018, ohne Migrationshintergrund            , ohne Migrationshintergrund            ,,,1713.0
2018, mit Migrationshintergrund             , mit Migrationshintergrund             ,,,542.3
2018,Insgesamt                              ,Insgesamt                              ,,,1717.1
2018, ohne Migrationshintergrund            , ohne Migrationshintergrund            ,,,1294.3
2018, mit Migrationshintergrund             , mit Migrationshintergrund             ,,,422.8
2018,  ein Partner mit Migrationshintergr.  ,  ein Partner mit Migrationshintergr.  ,,,144.3
2018,  beide Partner mit Migrationshintergr.,  beide Partner mit Migrationshintergr.,,,278.5
2018,Insgesamt                              ,Insgesamt                              ,,,300.8
2018, ohne Migrationshintergrund            , ohne Migrationshintergrund            ,,,234.0
2018, mit Migrationshintergrund             , mit Migrationshintergrund             ,,,66.8
2018,  ein Partner mit Migrationshintergr.  ,  ein Partner mit Migrationshintergr.  ,,,40.9
2018,  beide Partner mit Migrationshintergr.,  beide Partner mit Migrationshintergr.,,,25.9
2017,Insgesamt                              ,Insgesamt                              ,,,2242.7
2017, ohne Migrationshintergrund            , ohne Migrationshintergrund            ,,,1737.6
2017, mit Migrationshintergrund             , mit Migrationshintergrund             ,,,505.1
2017,Insgesamt                              ,Insgesamt                              ,,,1707.3
2017, ohne Migrationshintergrund            , ohne Migrationshintergrund            ,,,1311.7
2017, mit Migrationshintergrund             , mit Migrationshintergrund             ,,,395.6
2017,  ein Partner mit Migrationshintergr.  ,  ein Partner mit Migrationshintergr.  ,,,124.2
2017,  beide Partner mit Migrationshintergr.,  beide Partner mit Migrationshintergr.,,,271.5
2017,Insgesamt                              ,Insgesamt                              ,,,291.0
2017, ohne Migrationshintergrund            , ohne Migrationshintergrund            ,,,235.3
2017, mit Migrationshintergrund             , mit Migrationshintergrund             ,,,55.7
2017,  ein Partner mit Migrationshintergr.  ,  ein Partner mit Migrationshintergr.  ,,,32.1
2017,  beide Partner mit Migrationshintergr.,  beide Partner mit Migrationshintergr.,,,23.6
2016,Insgesamt                              ,Insgesamt                              ,,,2256.1
2016, ohne Migrationshintergrund            , ohne Migrationshintergrund            ,,,1779.4
2016, mit Migrationshintergrund             , mit Migrationshintergrund             ,,,476.8
2016,Insgesamt                              ,Insgesamt                              ,,,1728.0
2016, ohne Migrationshintergrund            , ohne Migrationshintergrund            ,,,1358.0
2016, mit Migrationshintergrund             , mit Migrationshintergrund             ,,,370.0
2016,  ein Partner mit Migrationshintergr.  ,  ein Partner mit Migrationshintergr.  ,,,116.3
2016,  beide Partner mit Migrationshintergr.,  beide Partner mit Migrationshintergr.,,,253.8
2016,Insgesamt                              ,Insgesamt                              ,,,267.3
2016, ohne Migrationshintergrund            , ohne Migrationshintergrund            ,,,217.1
2016, mit Migrationshintergrund             , mit Migrationshintergrund             ,,,50.1
2016,  ein Partner mit Migrationshintergr.  ,  ein Partner mit Migrationshintergr.  ,,,27.3
2016,  beide Partner mit Migrationshintergr.,  beide Partner mit Migrationshintergr.,,,22.8
2015,Insgesamt                              ,Insgesamt                              ,,,2240.5
2015, ohne Migrationshintergrund            , ohne Migrationshintergrund            ,,,1804.0
2015, mit Migrationshintergrund             , mit Migrationshintergrund             ,,,436.5
2015,Insgesamt                              ,Insgesamt                              ,,,1718.0
2015, ohne Migrationshintergrund            , ohne Migrationshintergrund            ,,,1375.2
2015, mit Migrationshintergrund             , mit Migrationshintergrund             ,,,342.9
2015,  ein Partner mit Migrationshintergr.  ,  ein Partner mit Migrationshintergr.  ,,,112.5
2015,  beide Partner mit Migrationshintergr.,  beide Partner mit Migrationshintergr.,,,230.4
2015,Insgesamt                              ,Insgesamt                              ,,,273.2
2015, ohne Migrationshintergrund            , ohne Migrationshintergrund            ,,,226.9
2015, mit Migrationshintergrund             , mit Migrationshintergrund             ,,,46.3
2015,  ein Partner mit Migrationshintergr.  ,  ein Partner mit Migrationshintergr.  ,,,25.8
2015,  beide Partner mit Migrationshintergr.,  beide Partner mit Migrationshintergr.,,,20.5
2014,Insgesamt                              ,Insgesamt                              ,,,2235.2
2014, ohne Migrationshintergrund            , ohne Migrationshintergrund            ,,,1807.8
2014, mit Migrationshintergrund             , mit Migrationshintergrund             ,,,427.5
2014,Insgesamt                              ,Insgesamt                              ,,,1731.2
2014, ohne Migrationshintergrund            , ohne Migrationshintergrund            ,,,1392.2
2014, mit Migrationshintergrund             , mit Migrationshintergrund             ,,,339.0
2014,  ein Partner mit Migrationshintergr.  ,  ein Partner mit Migrationshintergr.  ,,,111.3
2014,  beide Partner mit Migrationshintergr.,  beide Partner mit Migrationshintergr.,,,227.7
2014,Insgesamt                              ,Insgesamt                              ,,,266.1
2014, ohne Migrationshintergrund            , ohne Migrationshintergrund            ,,,221.4
2014, mit Migrationshintergrund             , mit Migrationshintergrund             ,,,44.7
2014,  ein Partner mit Migrationshintergr.  ,  ein Partner mit Migrationshintergr.  ,,,27.4
2014,  beide Partner mit Migrationshintergr.,  beide Partner mit Migrationshintergr.,,,17.3
2013,Insgesamt                              ,Insgesamt                              ,,,2226.9
2013, ohne Migrationshintergrund            , ohne Migrationshintergrund            ,,,1778.6
2013, mit Migrationshintergrund             , mit Migrationshintergrund             ,,,448.3
2013,Insgesamt                              ,Insgesamt                              ,,,1733.2
2013, ohne Migrationshintergrund            , ohne Migrationshintergrund            ,,,1383.2
2013, mit Migrationshintergrund             , mit Migrationshintergrund             ,,,350.0
2013,  ein Partner mit Migrationshintergr.  ,  ein Partner mit Migrationshintergr.  ,,,116.3
2013,  beide Partner mit Migrationshintergr.,  beide Partner mit Migrationshintergr.,,,233.7
2013,Insgesamt                              ,Insgesamt                              ,,,254.1
2013, ohne Migrationshintergrund            , ohne Migrationshintergrund            ,,,202.8
2013, mit Migrationshintergrund             , mit Migrationshintergrund             ,,,51.3
2013,  ein Partner mit Migrationshintergr.  ,  ein Partner mit Migrationshintergr.  ,,,32.1
2013,  beide Partner mit Migrationshintergr.,  beide Partner mit Migrationshintergr.,,,19.2
2012,Insgesamt                              ,Insgesamt                              ,,,2223.8
2012, ohne Migrationshintergrund            , ohne Migrationshintergrund            ,,,1817.1
2012, mit Migrationshintergrund             , mit Migrationshintergrund             ,,,406.6
2012,Insgesamt                              ,Insgesamt                              ,,,1741.7
2012, ohne Migrationshintergrund            , ohne Migrationshintergrund            ,,,1412.7
2012, mit Migrationshintergrund             , mit Migrationshintergrund             ,,,329.0
2012,  ein Partner mit Migrationshintergr.  ,  ein Partner mit Migrationshintergr.  ,,,106.2
2012,  beide Partner mit Migrationshintergr.,  beide Partner mit Migrationshintergr.,,,222.8
2012,Insgesamt                              ,Insgesamt                              ,,,246.2
2012, ohne Migrationshintergrund            , ohne Migrationshintergrund            ,,,208.8
2012, mit Migrationshintergrund             , mit Migrationshintergrund             ,,,37.4
2012,  ein Partner mit Migrationshintergr.  ,  ein Partner mit Migrationshintergr.  ,,,23.6
2012,  beide Partner mit Migrationshintergr.,  beide Partner mit Migrationshintergr.,,,13.8
2011,Insgesamt                              ,Insgesamt                              ,,,2227.8
2011, ohne Migrationshintergrund            , ohne Migrationshintergrund            ,,,1831.3
2011, mit Migrationshintergrund             , mit Migrationshintergrund             ,,,396.5
2011,Insgesamt                              ,Insgesamt                              ,,,1740.2
2011, ohne Migrationshintergrund            , ohne Migrationshintergrund            ,,,1421.8
2011, mit Migrationshintergrund             , mit Migrationshintergrund             ,,,318.3
2011,  ein Partner mit Migrationshintergr.  ,  ein Partner mit Migrationshintergr.  ,,,104.4
2011,  beide Partner mit Migrationshintergr.,  beide Partner mit Migrationshintergr.,,,213.9
2011,Insgesamt                              ,Insgesamt                              ,,,248.8
2011, ohne Migrationshintergrund            , ohne Migrationshintergrund            ,,,212.9
2011, mit Migrationshintergrund             , mit Migrationshintergrund             ,,,35.9
2011,  ein Partner mit Migrationshintergr.  ,  ein Partner mit Migrationshintergr.  ,,,21.7
2011,  beide Partner mit Migrationshintergr.,  beide Partner mit Migrationshintergr.,,,14.2
2019,Insgesamt                              ,Insgesamt                              ,Ohne ledige Kinder,,1154.3
2019, ohne Migrationshintergrund            , ohne Migrationshintergrund            ,Ohne ledige Kinder,,943.0
2019, mit Migrationshintergrund             , mit Migrationshintergrund             ,Ohne ledige Kinder,,211.3
2019,Insgesamt                              ,Insgesamt                              ,Ohne ledige Kinder,,946.8
2019, ohne Migrationshintergrund            , ohne Migrationshintergrund            ,Ohne ledige Kinder,,775.4
2019, mit Migrationshintergrund             , mit Migrationshintergrund             ,Ohne ledige Kinder,,171.4
2019,  ein Partner mit Migrationshintergr.  ,  ein Partner mit Migrationshintergr.  ,Ohne ledige Kinder,,70.5
2019,  beide Partner mit Migrationshintergr.,  beide Partner mit Migrationshintergr.,Ohne ledige Kinder,,100.8
2019,Insgesamt                              ,Insgesamt                              ,Ohne ledige Kinder,,207.5
2019, ohne Migrationshintergrund            , ohne Migrationshintergrund            ,Ohne ledige Kinder,,167.6
2019, mit Migrationshintergrund             , mit Migrationshintergrund             ,Ohne ledige Kinder,,39.9
2019,  ein Partner mit Migrationshintergr.  ,  ein Partner mit Migrationshintergr.  ,Ohne ledige Kinder,,30.3
2019,  beide Partner mit Migrationshintergr.,  beide Partner mit Migrationshintergr.,Ohne ledige Kinder,,9.6
2018,Insgesamt                              ,Insgesamt                              ,Ohne ledige Kinder,,1172.7
2018, ohne Migrationshintergrund            , ohne Migrationshintergrund            ,Ohne ledige Kinder,,954.3
2018, mit Migrationshintergrund             , mit Migrationshintergrund             ,Ohne ledige Kinder,,218.3
2018,Insgesamt                              ,Insgesamt                              ,Ohne ledige Kinder,,955.6
2018, ohne Migrationshintergrund            , ohne Migrationshintergrund            ,Ohne ledige Kinder,,782.3
2018, mit Migrationshintergrund             , mit Migrationshintergrund             ,Ohne ledige Kinder,,173.3
2018,  ein Partner mit Migrationshintergr.  ,  ein Partner mit Migrationshintergr.  ,Ohne ledige Kinder,,69.9
2018,  beide Partner mit Migrationshintergr.,  beide Partner mit Migrationshintergr.,Ohne ledige Kinder,,103.3
2018,Insgesamt                              ,Insgesamt                              ,Ohne ledige Kinder,,217.0
2018, ohne Migrationshintergrund            , ohne Migrationshintergrund            ,Ohne ledige Kinder,,172.0
2018, mit Migrationshintergrund             , mit Migrationshintergrund             ,Ohne ledige Kinder,,45.1
2018,  ein Partner mit Migrationshintergr.  ,  ein Partner mit Migrationshintergr.  ,Ohne ledige Kinder,,29.9
2018,  beide Partner mit Migrationshintergr.,  beide Partner mit Migrationshintergr.,Ohne ledige Kinder,,15.1
2017,Insgesamt                              ,Insgesamt                              ,Ohne ledige Kinder,,1143.2
2017, ohne Migrationshintergrund            , ohne Migrationshintergrund            ,Ohne ledige Kinder,,948.1
2017, mit Migrationshintergrund             , mit Migrationshintergrund             ,Ohne ledige Kinder,,195.1
2017,Insgesamt                              ,Insgesamt                              ,Ohne ledige Kinder,,935.8
2017, ohne Migrationshintergrund            , ohne Migrationshintergrund            ,Ohne ledige Kinder,,777.2
2017, mit Migrationshintergrund             , mit Migrationshintergrund             ,Ohne ledige Kinder,,158.7
2017,  ein Partner mit Migrationshintergr.  ,  ein Partner mit Migrationshintergr.  ,Ohne ledige Kinder,,58.0
2017,  beide Partner mit Migrationshintergr.,  beide Partner mit Migrationshintergr.,Ohne ledige Kinder,,100.7
2017,Insgesamt                              ,Insgesamt                              ,Ohne ledige Kinder,,207.4
2017, ohne Migrationshintergrund            , ohne Migrationshintergrund            ,Ohne ledige Kinder,,171.0
2017, mit Migrationshintergrund             , mit Migrationshintergrund             ,Ohne ledige Kinder,,36.4
2017,  ein Partner mit Migrationshintergr.  ,  ein Partner mit Migrationshintergr.  ,Ohne ledige Kinder,,23.5
2017,  beide Partner mit Migrationshintergr.,  beide Partner mit Migrationshintergr.,Ohne ledige Kinder,,12.9
2016,Insgesamt                              ,Insgesamt                              ,Ohne ledige Kinder,,1144.1
2016, ohne Migrationshintergrund            , ohne Migrationshintergrund            ,Ohne ledige Kinder,,959.4
2016, mit Migrationshintergrund             , mit Migrationshintergrund             ,Ohne ledige Kinder,,184.6
2016,Insgesamt                              ,Insgesamt                              ,Ohne ledige Kinder,,954.9
2016, ohne Migrationshintergrund            , ohne Migrationshintergrund            ,Ohne ledige Kinder,,801.8
2016, mit Migrationshintergrund             , mit Migrationshintergrund             ,Ohne ledige Kinder,,153.1
2016,  ein Partner mit Migrationshintergr.  ,  ein Partner mit Migrationshintergr.  ,Ohne ledige Kinder,,57.3
2016,  beide Partner mit Migrationshintergr.,  beide Partner mit Migrationshintergr.,Ohne ledige Kinder,,95.7
2016,Insgesamt                              ,Insgesamt                              ,Ohne ledige Kinder,,189.2
2016, ohne Migrationshintergrund            , ohne Migrationshintergrund            ,Ohne ledige Kinder,,157.6
2016, mit Migrationshintergrund             , mit Migrationshintergrund             ,Ohne ledige Kinder,,31.5
2016,  ein Partner mit Migrationshintergr.  ,  ein Partner mit Migrationshintergr.  ,Ohne ledige Kinder,,18.2
2016,  beide Partner mit Migrationshintergr.,  beide Partner mit Migrationshintergr.,Ohne ledige Kinder,,13.4
2015,Insgesamt                              ,Insgesamt                              ,Ohne ledige Kinder,,1148.0
2015, ohne Migrationshintergrund            , ohne Migrationshintergrund            ,Ohne ledige Kinder,,978.4
2015, mit Migrationshintergrund             , mit Migrationshintergrund             ,Ohne ledige Kinder,,169.6
2015,Insgesamt                              ,Insgesamt                              ,Ohne ledige Kinder,,953.7
2015, ohne Migrationshintergrund            , ohne Migrationshintergrund            ,Ohne ledige Kinder,,814.2
2015, mit Migrationshintergrund             , mit Migrationshintergrund             ,Ohne ledige Kinder,,139.5
2015,  ein Partner mit Migrationshintergr.  ,  ein Partner mit Migrationshintergr.  ,Ohne ledige Kinder,,55.2
2015,  beide Partner mit Migrationshintergr.,  beide Partner mit Migrationshintergr.,Ohne ledige Kinder,,84.3
2015,Insgesamt                              ,Insgesamt                              ,Ohne ledige Kinder,,194.3
2015, ohne Migrationshintergrund            , ohne Migrationshintergrund            ,Ohne ledige Kinder,,164.2
2015, mit Migrationshintergrund             , mit Migrationshintergrund             ,Ohne ledige Kinder,,30.1
2015,  ein Partner mit Migrationshintergr.  ,  ein Partner mit Migrationshintergr.  ,Ohne ledige Kinder,,17.8
2015,  beide Partner mit Migrationshintergr.,  beide Partner mit Migrationshintergr.,Ohne ledige Kinder,,12.3
2014,Insgesamt                              ,Insgesamt                              ,Ohne ledige Kinder,,1146.5
2014, ohne Migrationshintergrund            , ohne Migrationshintergrund            ,Ohne ledige Kinder,,977.0
2014, mit Migrationshintergrund             , mit Migrationshintergrund             ,Ohne ledige Kinder,,169.5
2014,Insgesamt                              ,Insgesamt                              ,Ohne ledige Kinder,,960.1
2014, ohne Migrationshintergrund            , ohne Migrationshintergrund            ,Ohne ledige Kinder,,819.1
2014, mit Migrationshintergrund             , mit Migrationshintergrund             ,Ohne ledige Kinder,,140.9
2014,  ein Partner mit Migrationshintergr.  ,  ein Partner mit Migrationshintergr.  ,Ohne ledige Kinder,,52.5
2014,  beide Partner mit Migrationshintergr.,  beide Partner mit Migrationshintergr.,Ohne ledige Kinder,,88.5
2014,Insgesamt                              ,Insgesamt                              ,Ohne ledige Kinder,,186.5
2014, ohne Migrationshintergrund            , ohne Migrationshintergrund            ,Ohne ledige Kinder,,157.9
2014, mit Migrationshintergrund             , mit Migrationshintergrund             ,Ohne ledige Kinder,,28.6
2014,  ein Partner mit Migrationshintergr.  ,  ein Partner mit Migrationshintergr.  ,Ohne ledige Kinder,,18.7
2014,  beide Partner mit Migrationshintergr.,  beide Partner mit Migrationshintergr.,Ohne ledige Kinder,,9.9
2013,Insgesamt                              ,Insgesamt                              ,Ohne ledige Kinder,,1139.4
2013, ohne Migrationshintergrund            , ohne Migrationshintergrund            ,Ohne ledige Kinder,,959.3
2013, mit Migrationshintergrund             , mit Migrationshintergrund             ,Ohne ledige Kinder,,180.1
2013,Insgesamt                              ,Insgesamt                              ,Ohne ledige Kinder,,959.8
2013, ohne Migrationshintergrund            , ohne Migrationshintergrund            ,Ohne ledige Kinder,,814.8
2013, mit Migrationshintergrund             , mit Migrationshintergrund             ,Ohne ledige Kinder,,145.0
2013,  ein Partner mit Migrationshintergr.  ,  ein Partner mit Migrationshintergr.  ,Ohne ledige Kinder,,56.3
2013,  beide Partner mit Migrationshintergr.,  beide Partner mit Migrationshintergr.,Ohne ledige Kinder,,88.7
2013,Insgesamt                              ,Insgesamt                              ,Ohne ledige Kinder,,179.5
2013, ohne Migrationshintergrund            , ohne Migrationshintergrund            ,Ohne ledige Kinder,,144.5
2013, mit Migrationshintergrund             , mit Migrationshintergrund             ,Ohne ledige Kinder,,35.0
2013,  ein Partner mit Migrationshintergr.  ,  ein Partner mit Migrationshintergr.  ,Ohne ledige Kinder,,21.4
2013,  beide Partner mit Migrationshintergr.,  beide Partner mit Migrationshintergr.,Ohne ledige Kinder,,13.6
2012,Insgesamt                              ,Insgesamt                              ,Ohne ledige Kinder,,1128.4
2012, ohne Migrationshintergrund            , ohne Migrationshintergrund            ,Ohne ledige Kinder,,970.1
2012, mit Migrationshintergrund             , mit Migrationshintergrund             ,Ohne ledige Kinder,,158.2
2012,Insgesamt                              ,Insgesamt                              ,Ohne ledige Kinder,,950.5
2012, ohne Migrationshintergrund            , ohne Migrationshintergrund            ,Ohne ledige Kinder,,816.2
2012, mit Migrationshintergrund             , mit Migrationshintergrund             ,Ohne ledige Kinder,,134.2
2012,  ein Partner mit Migrationshintergr.  ,  ein Partner mit Migrationshintergr.  ,Ohne ledige Kinder,,52.2
2012,  beide Partner mit Migrationshintergr.,  beide Partner mit Migrationshintergr.,Ohne ledige Kinder,,82.1
2012,Insgesamt                              ,Insgesamt                              ,Ohne ledige Kinder,,177.9
2012, ohne Migrationshintergrund            , ohne Migrationshintergrund            ,Ohne ledige Kinder,,153.9
2012, mit Migrationshintergrund             , mit Migrationshintergrund             ,Ohne ledige Kinder,,24.0
2012,  ein Partner mit Migrationshintergr.  ,  ein Partner mit Migrationshintergr.  ,Ohne ledige Kinder,,16.2
2012,  beide Partner mit Migrationshintergr.,  beide Partner mit Migrationshintergr.,Ohne ledige Kinder,,7.8
2011,Insgesamt                              ,Insgesamt                              ,Ohne ledige Kinder,,1122.3
2011, ohne Migrationshintergrund            , ohne Migrationshintergrund            ,Ohne ledige Kinder,,971.6
2011, mit Migrationshintergrund             , mit Migrationshintergrund             ,Ohne ledige Kinder,,150.7
2011,Insgesamt                              ,Insgesamt                              ,Ohne ledige Kinder,,938.7
2011, ohne Migrationshintergrund            , ohne Migrationshintergrund            ,Ohne ledige Kinder,,812.2
2011, mit Migrationshintergrund             , mit Migrationshintergrund             ,Ohne ledige Kinder,,126.5
2011,  ein Partner mit Migrationshintergr.  ,  ein Partner mit Migrationshintergr.  ,Ohne ledige Kinder,,50.9
2011,  beide Partner mit Migrationshintergr.,  beide Partner mit Migrationshintergr.,Ohne ledige Kinder,,75.6
2011,Insgesamt                              ,Insgesamt                              ,Ohne ledige Kinder,,183.6
2011, ohne Migrationshintergrund            , ohne Migrationshintergrund            ,Ohne ledige Kinder,,159.4
2011, mit Migrationshintergrund             , mit Migrationshintergrund             ,Ohne ledige Kinder,,24.2
2011,  ein Partner mit Migrationshintergr.  ,  ein Partner mit Migrationshintergr.  ,Ohne ledige Kinder,,15.1
2011,  beide Partner mit Migrationshintergr.,  beide Partner mit Migrationshintergr.,Ohne ledige Kinder,,9.1
2019,Insgesamt                              ,Insgesamt                              ,Mit ledigen Kindern,,1095.3
2019, ohne Migrationshintergrund            , ohne Migrationshintergrund            ,Mit ledigen Kindern,,763.0
2019, mit Migrationshintergrund             , mit Migrationshintergrund             ,Mit ledigen Kindern,,332.2
2019,Insgesamt                              ,Insgesamt                              ,Mit ledigen Kindern,,763.6
2019, ohne Migrationshintergrund            , ohne Migrationshintergrund            ,Mit ledigen Kindern,,510.3
2019, mit Migrationshintergrund             , mit Migrationshintergrund             ,Mit ledigen Kindern,,253.3
2019,  ein Partner mit Migrationshintergr.  ,  ein Partner mit Migrationshintergr.  ,Mit ledigen Kindern,,72.2
2019,  beide Partner mit Migrationshintergr.,  beide Partner mit Migrationshintergr.,Mit ledigen Kindern,,181.0
2019,Insgesamt                              ,Insgesamt                              ,Mit ledigen Kindern,,91.7
2019, ohne Migrationshintergrund            , ohne Migrationshintergrund            ,Mit ledigen Kindern,,68.5
2019, mit Migrationshintergrund             , mit Migrationshintergrund             ,Mit ledigen Kindern,,23.2
2019,  ein Partner mit Migrationshintergr.  ,  ein Partner mit Migrationshintergr.  ,Mit ledigen Kindern,,11.3
2019,  beide Partner mit Migrationshintergr.,  beide Partner mit Migrationshintergr.,Mit ledigen Kindern,,11.8
2018,Insgesamt                              ,Insgesamt                              ,Mit ledigen Kindern,,1082.7
2018, ohne Migrationshintergrund            , ohne Migrationshintergrund            ,Mit ledigen Kindern,,758.7
2018, mit Migrationshintergrund             , mit Migrationshintergrund             ,Mit ledigen Kindern,,324.0
2018,Insgesamt                              ,Insgesamt                              ,Mit ledigen Kindern,,761.4
2018, ohne Migrationshintergrund            , ohne Migrationshintergrund            ,Mit ledigen Kindern,,511.9
2018, mit Migrationshintergrund             , mit Migrationshintergrund             ,Mit ledigen Kindern,,249.5
2018,  ein Partner mit Migrationshintergr.  ,  ein Partner mit Migrationshintergr.  ,Mit ledigen Kindern,,74.4
2018,  beide Partner mit Migrationshintergr.,  beide Partner mit Migrationshintergr.,Mit ledigen Kindern,,175.1
2018,Insgesamt                              ,Insgesamt                              ,Mit ledigen Kindern,,83.7
2018, ohne Migrationshintergrund            , ohne Migrationshintergrund            ,Mit ledigen Kindern,,62.1
2018, mit Migrationshintergrund             , mit Migrationshintergrund             ,Mit ledigen Kindern,,21.7
2018,  ein Partner mit Migrationshintergr.  ,  ein Partner mit Migrationshintergr.  ,Mit ledigen Kindern,,10.9
2018,  beide Partner mit Migrationshintergr.,  beide Partner mit Migrationshintergr.,Mit ledigen Kindern,,10.8
2017,Insgesamt                              ,Insgesamt                              ,Mit ledigen Kindern,,1099.5
2017, ohne Migrationshintergrund            , ohne Migrationshintergrund            ,Mit ledigen Kindern,,789.5
2017, mit Migrationshintergrund             , mit Migrationshintergrund             ,Mit ledigen Kindern,,310.0
2017,Insgesamt                              ,Insgesamt                              ,Mit ledigen Kindern,,771.5
2017, ohne Migrationshintergrund            , ohne Migrationshintergrund            ,Mit ledigen Kindern,,534.5
2017, mit Migrationshintergrund             , mit Migrationshintergrund             ,Mit ledigen Kindern,,237.0
2017,  ein Partner mit Migrationshintergr.  ,  ein Partner mit Migrationshintergr.  ,Mit ledigen Kindern,,66.2
2017,  beide Partner mit Migrationshintergr.,  beide Partner mit Migrationshintergr.,Mit ledigen Kindern,,170.8
2017,Insgesamt                              ,Insgesamt                              ,Mit ledigen Kindern,,83.6
2017, ohne Migrationshintergrund            , ohne Migrationshintergrund            ,Mit ledigen Kindern,,64.3
2017, mit Migrationshintergrund             , mit Migrationshintergrund             ,Mit ledigen Kindern,,19.3
2017,  ein Partner mit Migrationshintergr.  ,  ein Partner mit Migrationshintergr.  ,Mit ledigen Kindern,,8.6
2017,  beide Partner mit Migrationshintergr.,  beide Partner mit Migrationshintergr.,Mit ledigen Kindern,,10.7
2016,Insgesamt                              ,Insgesamt                              ,Mit ledigen Kindern,,1112.1
2016, ohne Migrationshintergrund            , ohne Migrationshintergrund            ,Mit ledigen Kindern,,819.9
2016, mit Migrationshintergrund             , mit Migrationshintergrund             ,Mit ledigen Kindern,,292.1
2016,Insgesamt                              ,Insgesamt                              ,Mit ledigen Kindern,,773.1
2016, ohne Migrationshintergrund            , ohne Migrationshintergrund            ,Mit ledigen Kindern,,556.2
2016, mit Migrationshintergrund             , mit Migrationshintergrund             ,Mit ledigen Kindern,,217.0
2016,  ein Partner mit Migrationshintergr.  ,  ein Partner mit Migrationshintergr.  ,Mit ledigen Kindern,,58.9
2016,  beide Partner mit Migrationshintergr.,  beide Partner mit Migrationshintergr.,Mit ledigen Kindern,,158.0
2016,Insgesamt                              ,Insgesamt                              ,Mit ledigen Kindern,,78.1
2016, ohne Migrationshintergrund            , ohne Migrationshintergrund            ,Mit ledigen Kindern,,59.5
2016, mit Migrationshintergrund             , mit Migrationshintergrund             ,Mit ledigen Kindern,,18.6
2016,  ein Partner mit Migrationshintergr.  ,  ein Partner mit Migrationshintergr.  ,Mit ledigen Kindern,,9.2
2016,  beide Partner mit Migrationshintergr.,  beide Partner mit Migrationshintergr.,Mit ledigen Kindern,,9.4
2015,Insgesamt                              ,Insgesamt                              ,Mit ledigen Kindern,,1092.5
2015, ohne Migrationshintergrund            , ohne Migrationshintergrund            ,Mit ledigen Kindern,,825.6
2015, mit Migrationshintergrund             , mit Migrationshintergrund             ,Mit ledigen Kindern,,267.0
2015,Insgesamt                              ,Insgesamt                              ,Mit ledigen Kindern,,764.4
2015, ohne Migrationshintergrund            , ohne Migrationshintergrund            ,Mit ledigen Kindern,,561.0
2015, mit Migrationshintergrund             , mit Migrationshintergrund             ,Mit ledigen Kindern,,203.4
2015,  ein Partner mit Migrationshintergr.  ,  ein Partner mit Migrationshintergr.  ,Mit ledigen Kindern,,57.3
2015,  beide Partner mit Migrationshintergr.,  beide Partner mit Migrationshintergr.,Mit ledigen Kindern,,146.1
2015,Insgesamt                              ,Insgesamt                              ,Mit ledigen Kindern,,78.9
2015, ohne Migrationshintergrund            , ohne Migrationshintergrund            ,Mit ledigen Kindern,,62.7
2015, mit Migrationshintergrund             , mit Migrationshintergrund             ,Mit ledigen Kindern,,16.2
2015,  ein Partner mit Migrationshintergr.  ,  ein Partner mit Migrationshintergr.  ,Mit ledigen Kindern,,8.0
2015,  beide Partner mit Migrationshintergr.,  beide Partner mit Migrationshintergr.,Mit ledigen Kindern,,8.2
2014,Insgesamt                              ,Insgesamt                              ,Mit ledigen Kindern,,1088.7
2014, ohne Migrationshintergrund            , ohne Migrationshintergrund            ,Mit ledigen Kindern,,830.8
2014, mit Migrationshintergrund             , mit Migrationshintergrund             ,Mit ledigen Kindern,,257.9
2014,Insgesamt                              ,Insgesamt                              ,Mit ledigen Kindern,,771.2
2014, ohne Migrationshintergrund            , ohne Migrationshintergrund            ,Mit ledigen Kindern,,573.1
2014, mit Migrationshintergrund             , mit Migrationshintergrund             ,Mit ledigen Kindern,,198.1
2014,  ein Partner mit Migrationshintergr.  ,  ein Partner mit Migrationshintergr.  ,Mit ledigen Kindern,,58.9
2014,  beide Partner mit Migrationshintergr.,  beide Partner mit Migrationshintergr.,Mit ledigen Kindern,,139.2
2014,Insgesamt                              ,Insgesamt                              ,Mit ledigen Kindern,,79.7
2014, ohne Migrationshintergrund            , ohne Migrationshintergrund            ,Mit ledigen Kindern,,63.5
2014, mit Migrationshintergrund             , mit Migrationshintergrund             ,Mit ledigen Kindern,,16.1
2014,  ein Partner mit Migrationshintergr.  ,  ein Partner mit Migrationshintergr.  ,Mit ledigen Kindern,,8.7
2014,  beide Partner mit Migrationshintergr.,  beide Partner mit Migrationshintergr.,Mit ledigen Kindern,,7.5
2013,Insgesamt                              ,Insgesamt                              ,Mit ledigen Kindern,,1087.5
2013, ohne Migrationshintergrund            , ohne Migrationshintergrund            ,Mit ledigen Kindern,,819.3
2013, mit Migrationshintergrund             , mit Migrationshintergrund             ,Mit ledigen Kindern,,268.2
2013,Insgesamt                              ,Insgesamt                              ,Mit ledigen Kindern,,773.3
2013, ohne Migrationshintergrund            , ohne Migrationshintergrund            ,Mit ledigen Kindern,,568.4
2013, mit Migrationshintergrund             , mit Migrationshintergrund             ,Mit ledigen Kindern,,205.0
2013,  ein Partner mit Migrationshintergr.  ,  ein Partner mit Migrationshintergr.  ,Mit ledigen Kindern,,60.0
2013,  beide Partner mit Migrationshintergr.,  beide Partner mit Migrationshintergr.,Mit ledigen Kindern,,144.9
2013,Insgesamt                              ,Insgesamt                              ,Mit ledigen Kindern,,74.6
2013, ohne Migrationshintergrund            , ohne Migrationshintergrund            ,Mit ledigen Kindern,,58.4
2013, mit Migrationshintergrund             , mit Migrationshintergrund             ,Mit ledigen Kindern,,16.2
2013,  ein Partner mit Migrationshintergr.  ,  ein Partner mit Migrationshintergr.  ,Mit ledigen Kindern,,10.7
2013,  beide Partner mit Migrationshintergr.,  beide Partner mit Migrationshintergr.,Mit ledigen Kindern,,5.6
2012,Insgesamt                              ,Insgesamt                              ,Mit ledigen Kindern,,1095.4
2012, ohne Migrationshintergrund            , ohne Migrationshintergrund            ,Mit ledigen Kindern,,847.0
2012, mit Migrationshintergrund             , mit Migrationshintergrund             ,Mit ledigen Kindern,,248.4
2012,Insgesamt                              ,Insgesamt                              ,Mit ledigen Kindern,,791.3
2012, ohne Migrationshintergrund            , ohne Migrationshintergrund            ,Mit ledigen Kindern,,596.5
2012, mit Migrationshintergrund             , mit Migrationshintergrund             ,Mit ledigen Kindern,,194.8
2012,  ein Partner mit Migrationshintergr.  ,  ein Partner mit Migrationshintergr.  ,Mit ledigen Kindern,,54.1
2012,  beide Partner mit Migrationshintergr.,  beide Partner mit Migrationshintergr.,Mit ledigen Kindern,,140.7
2012,Insgesamt                              ,Insgesamt                              ,Mit ledigen Kindern,,68.3
2012, ohne Migrationshintergrund            , ohne Migrationshintergrund            ,Mit ledigen Kindern,,54.9
2012, mit Migrationshintergrund             , mit Migrationshintergrund             ,Mit ledigen Kindern,,13.4
2012,  ein Partner mit Migrationshintergr.  ,  ein Partner mit Migrationshintergr.  ,Mit ledigen Kindern,,7.4
2012,  beide Partner mit Migrationshintergr.,  beide Partner mit Migrationshintergr.,Mit ledigen Kindern,,6.0
2011,Insgesamt                              ,Insgesamt                              ,Mit ledigen Kindern,,1105.5
2011, ohne Migrationshintergrund            , ohne Migrationshintergrund            ,Mit ledigen Kindern,,859.7
2011, mit Migrationshintergrund             , mit Migrationshintergrund             ,Mit ledigen Kindern,,245.8
2011,Insgesamt                              ,Insgesamt                              ,Mit ledigen Kindern,,801.5
2011, ohne Migrationshintergrund            , ohne Migrationshintergrund            ,Mit ledigen Kindern,,609.7
2011, mit Migrationshintergrund             , mit Migrationshintergrund             ,Mit ledigen Kindern,,191.8
2011,  ein Partner mit Migrationshintergr.  ,  ein Partner mit Migrationshintergr.  ,Mit ledigen Kindern,,53.5
2011,  beide Partner mit Migrationshintergr.,  beide Partner mit Migrationshintergr.,Mit ledigen Kindern,,138.4
2011,Insgesamt                              ,Insgesamt                              ,Mit ledigen Kindern,,65.2
2011, ohne Migrationshintergrund            , ohne Migrationshintergrund            ,Mit ledigen Kindern,,53.5
2011, mit Migrationshintergrund             , mit Migrationshintergrund             ,Mit ledigen Kindern,,11.7
2011,  ein Partner mit Migrationshintergr.  ,  ein Partner mit Migrationshintergr.  ,Mit ledigen Kindern,,6.6
2011,  beide Partner mit Migrationshintergr.,  beide Partner mit Migrationshintergr.,Mit ledigen Kindern,,5.1
2019,Insgesamt                              ,Insgesamt                              ,1 Kind,,544.9
2019, ohne Migrationshintergrund            , ohne Migrationshintergrund            ,1 Kind,,408.2
2019, mit Migrationshintergrund             , mit Migrationshintergrund             ,1 Kind,,136.7
2019,Insgesamt                              ,Insgesamt                              ,1 Kind,,329.7
2019, ohne Migrationshintergrund            , ohne Migrationshintergrund            ,1 Kind,,239.9
2019, mit Migrationshintergrund             , mit Migrationshintergrund             ,1 Kind,,89.7
2019,  ein Partner mit Migrationshintergr.  ,  ein Partner mit Migrationshintergr.  ,1 Kind,,31.3
2019,  beide Partner mit Migrationshintergr.,  beide Partner mit Migrationshintergr.,1 Kind,,58.4
2019,Insgesamt                              ,Insgesamt                              ,1 Kind,,56.9
2019, ohne Migrationshintergrund            , ohne Migrationshintergrund            ,1 Kind,,43.3
2019, mit Migrationshintergrund             , mit Migrationshintergrund             ,1 Kind,,13.6
2019,  ein Partner mit Migrationshintergr.  ,  ein Partner mit Migrationshintergr.  ,1 Kind,,7.1
2019,  beide Partner mit Migrationshintergr.,  beide Partner mit Migrationshintergr.,1 Kind,,6.4
2018,Insgesamt                              ,Insgesamt                              ,1 Kind,,541.4
2018, ohne Migrationshintergrund            , ohne Migrationshintergrund            ,1 Kind,,405.6
2018, mit Migrationshintergrund             , mit Migrationshintergrund             ,1 Kind,,135.8
2018,Insgesamt                              ,Insgesamt                              ,1 Kind,,332.0
2018, ohne Migrationshintergrund            , ohne Migrationshintergrund            ,1 Kind,,239.9
2018, mit Migrationshintergrund             , mit Migrationshintergrund             ,1 Kind,,92.1
2018,  ein Partner mit Migrationshintergr.  ,  ein Partner mit Migrationshintergr.  ,1 Kind,,33.9
2018,  beide Partner mit Migrationshintergr.,  beide Partner mit Migrationshintergr.,1 Kind,,58.2
2018,Insgesamt                              ,Insgesamt                              ,1 Kind,,50.6
2018, ohne Migrationshintergrund            , ohne Migrationshintergrund            ,1 Kind,,38.0
2018, mit Migrationshintergrund             , mit Migrationshintergrund             ,1 Kind,,12.6
2018,  ein Partner mit Migrationshintergr.  ,  ein Partner mit Migrationshintergr.  ,1 Kind,,6.9
2018,  beide Partner mit Migrationshintergr.,  beide Partner mit Migrationshintergr.,1 Kind,,5.7
2017,Insgesamt                              ,Insgesamt                              ,1 Kind,,542.0
2017, ohne Migrationshintergrund            , ohne Migrationshintergrund            ,1 Kind,,415.6
2017, mit Migrationshintergrund             , mit Migrationshintergrund             ,1 Kind,,126.4
2017,Insgesamt                              ,Insgesamt                              ,1 Kind,,327.9
2017, ohne Migrationshintergrund            , ohne Migrationshintergrund            ,1 Kind,,244.0
2017, mit Migrationshintergrund             , mit Migrationshintergrund             ,1 Kind,,83.9
2017,  ein Partner mit Migrationshintergr.  ,  ein Partner mit Migrationshintergr.  ,1 Kind,,27.7
2017,  beide Partner mit Migrationshintergr.,  beide Partner mit Migrationshintergr.,1 Kind,,56.2
2017,Insgesamt                              ,Insgesamt                              ,1 Kind,,50.2
2017, ohne Migrationshintergrund            , ohne Migrationshintergrund            ,1 Kind,,39.8
2017, mit Migrationshintergrund             , mit Migrationshintergrund             ,1 Kind,,10.4
2017,  ein Partner mit Migrationshintergr.  ,  ein Partner mit Migrationshintergr.  ,1 Kind,,5.2
2017,  beide Partner mit Migrationshintergr.,  beide Partner mit Migrationshintergr.,1 Kind,,5.2
2016,Insgesamt                              ,Insgesamt                              ,1 Kind,,554.3
2016, ohne Migrationshintergrund            , ohne Migrationshintergrund            ,1 Kind,,430.0
2016, mit Migrationshintergrund             , mit Migrationshintergrund             ,1 Kind,,124.3
2016,Insgesamt                              ,Insgesamt                              ,1 Kind,,335.6
2016, ohne Migrationshintergrund            , ohne Migrationshintergrund            ,1 Kind,,255.3
2016, mit Migrationshintergrund             , mit Migrationshintergrund             ,1 Kind,,80.3
2016,  ein Partner mit Migrationshintergr.  ,  ein Partner mit Migrationshintergr.  ,1 Kind,,24.0
2016,  beide Partner mit Migrationshintergr.,  beide Partner mit Migrationshintergr.,1 Kind,,56.3
2016,Insgesamt                              ,Insgesamt                              ,1 Kind,,47.2
2016, ohne Migrationshintergrund            , ohne Migrationshintergrund            ,1 Kind,,36.4
2016, mit Migrationshintergrund             , mit Migrationshintergrund             ,1 Kind,,10.8
2016,  ein Partner mit Migrationshintergr.  ,  ein Partner mit Migrationshintergr.  ,1 Kind,,5.7
2016,  beide Partner mit Migrationshintergr.,  beide Partner mit Migrationshintergr.,1 Kind,,5.1
2015,Insgesamt                              ,Insgesamt                              ,1 Kind,,561.6
2015, ohne Migrationshintergrund            , ohne Migrationshintergrund            ,1 Kind,,441.7
2015, mit Migrationshintergrund             , mit Migrationshintergrund             ,1 Kind,,119.9
2015,Insgesamt                              ,Insgesamt                              ,1 Kind,,343.3
2015, ohne Migrationshintergrund            , ohne Migrationshintergrund            ,1 Kind,,261.4
2015, mit Migrationshintergrund             , mit Migrationshintergrund             ,1 Kind,,81.9
2015,  ein Partner mit Migrationshintergr.  ,  ein Partner mit Migrationshintergr.  ,1 Kind,,27.5
2015,  beide Partner mit Migrationshintergr.,  beide Partner mit Migrationshintergr.,1 Kind,,54.3
2015,Insgesamt                              ,Insgesamt                              ,1 Kind,,49.6
2015, ohne Migrationshintergrund            , ohne Migrationshintergrund            ,1 Kind,,40.2
2015, mit Migrationshintergrund             , mit Migrationshintergrund             ,1 Kind,,9.4
2015,  ein Partner mit Migrationshintergr.  ,  ein Partner mit Migrationshintergr.  ,1 Kind,,4.9
2015,  beide Partner mit Migrationshintergr.,  beide Partner mit Migrationshintergr.,1 Kind,,4.5
2014,Insgesamt                              ,Insgesamt                              ,1 Kind,,552.4
2014, ohne Migrationshintergrund            , ohne Migrationshintergrund            ,1 Kind,,439.5
2014, mit Migrationshintergrund             , mit Migrationshintergrund             ,1 Kind,,112.9
2014,Insgesamt                              ,Insgesamt                              ,1 Kind,,342.3
2014, ohne Migrationshintergrund            , ohne Migrationshintergrund            ,1 Kind,,264.1
2014, mit Migrationshintergrund             , mit Migrationshintergrund             ,1 Kind,,78.1
2014,  ein Partner mit Migrationshintergr.  ,  ein Partner mit Migrationshintergr.  ,1 Kind,,27.9
2014,  beide Partner mit Migrationshintergr.,  beide Partner mit Migrationshintergr.,1 Kind,,50.2
2014,Insgesamt                              ,Insgesamt                              ,1 Kind,,50.3
2014, ohne Migrationshintergrund            , ohne Migrationshintergrund            ,1 Kind,,40.8
2014, mit Migrationshintergrund             , mit Migrationshintergrund             ,1 Kind,,9.5
2014,  ein Partner mit Migrationshintergr.  ,  ein Partner mit Migrationshintergr.  ,1 Kind,,4.9
2014,  beide Partner mit Migrationshintergr.,  beide Partner mit Migrationshintergr.,1 Kind,,4.6
2013,Insgesamt                              ,Insgesamt                              ,1 Kind,,545.6
2013, ohne Migrationshintergrund            , ohne Migrationshintergrund            ,1 Kind,,425.8
2013, mit Migrationshintergrund             , mit Migrationshintergrund             ,1 Kind,,119.8
2013,Insgesamt                              ,Insgesamt                              ,1 Kind,,339.8
2013, ohne Migrationshintergrund            , ohne Migrationshintergrund            ,1 Kind,,259.0
2013, mit Migrationshintergrund             , mit Migrationshintergrund             ,1 Kind,,80.8
2013,  ein Partner mit Migrationshintergr.  ,  ein Partner mit Migrationshintergr.  ,1 Kind,,28.0
2013,  beide Partner mit Migrationshintergr.,  beide Partner mit Migrationshintergr.,1 Kind,,52.8
2013,Insgesamt                              ,Insgesamt                              ,1 Kind,,47.1
2013, ohne Migrationshintergrund            , ohne Migrationshintergrund            ,1 Kind,,37.1
2013, mit Migrationshintergrund             , mit Migrationshintergrund             ,1 Kind,,10.1
2013,  ein Partner mit Migrationshintergr.  ,  ein Partner mit Migrationshintergr.  ,1 Kind,,6.7
2013,  beide Partner mit Migrationshintergr.,  beide Partner mit Migrationshintergr.,1 Kind,,3.4
2012,Insgesamt                              ,Insgesamt                              ,1 Kind,,538.9
2012, ohne Migrationshintergrund            , ohne Migrationshintergrund            ,1 Kind,,431.2
2012, mit Migrationshintergrund             , mit Migrationshintergrund             ,1 Kind,,107.7
2012,Insgesamt                              ,Insgesamt                              ,1 Kind,,342.9
2012, ohne Migrationshintergrund            , ohne Migrationshintergrund            ,1 Kind,,266.5
2012, mit Migrationshintergrund             , mit Migrationshintergrund             ,1 Kind,,76.4
2012,  ein Partner mit Migrationshintergr.  ,  ein Partner mit Migrationshintergr.  ,1 Kind,,24.8
2012,  beide Partner mit Migrationshintergr.,  beide Partner mit Migrationshintergr.,1 Kind,,51.6
2012,Insgesamt                              ,Insgesamt                              ,1 Kind,,43.3
2012, ohne Migrationshintergrund            , ohne Migrationshintergrund            ,1 Kind,,35.3
2012, mit Migrationshintergrund             , mit Migrationshintergrund             ,1 Kind,,8.1
2012,  ein Partner mit Migrationshintergr.  ,  ein Partner mit Migrationshintergr.  ,1 Kind,,4.7
2012,  beide Partner mit Migrationshintergr.,  beide Partner mit Migrationshintergr.,1 Kind,,3.4
2011,Insgesamt                              ,Insgesamt                              ,1 Kind,,543.0
2011, ohne Migrationshintergrund            , ohne Migrationshintergrund            ,1 Kind,,435.6
2011, mit Migrationshintergrund             , mit Migrationshintergrund             ,1 Kind,,107.4
2011,Insgesamt                              ,Insgesamt                              ,1 Kind,,343.8
2011, ohne Migrationshintergrund            , ohne Migrationshintergrund            ,1 Kind,,269.5
2011, mit Migrationshintergrund             , mit Migrationshintergrund             ,1 Kind,,74.2
2011,  ein Partner mit Migrationshintergr.  ,  ein Partner mit Migrationshintergr.  ,1 Kind,,23.4
2011,  beide Partner mit Migrationshintergr.,  beide Partner mit Migrationshintergr.,1 Kind,,50.9
2011,Insgesamt                              ,Insgesamt                              ,1 Kind,,44.2
2011, ohne Migrationshintergrund            , ohne Migrationshintergrund            ,1 Kind,,36.3
2011, mit Migrationshintergrund             , mit Migrationshintergrund             ,1 Kind,,7.9
2011,  ein Partner mit Migrationshintergr.  ,  ein Partner mit Migrationshintergr.  ,1 Kind,,4.6
2011,  beide Partner mit Migrationshintergr.,  beide Partner mit Migrationshintergr.,1 Kind,,3.3
2019,Insgesamt                              ,Insgesamt                              ,2 Kinder,,407.9
2019, ohne Migrationshintergrund            , ohne Migrationshintergrund            ,2 Kinder,,277.9
2019, mit Migrationshintergrund             , mit Migrationshintergrund             ,2 Kinder,,130.0
2019,Insgesamt                              ,Insgesamt                              ,2 Kinder,,319.0
2019, ohne Migrationshintergrund            , ohne Migrationshintergrund            ,2 Kinder,,211.7
2019, mit Migrationshintergrund             , mit Migrationshintergrund             ,2 Kinder,,107.3
2019,  ein Partner mit Migrationshintergr.  ,  ein Partner mit Migrationshintergr.  ,2 Kinder,,31.9
2019,  beide Partner mit Migrationshintergr.,  beide Partner mit Migrationshintergr.,2 Kinder,,75.4
2019,Insgesamt                              ,Insgesamt                              ,2 Kinder,,26.1
2019, ohne Migrationshintergrund            , ohne Migrationshintergrund            ,2 Kinder,,19.4
2019, mit Migrationshintergrund             , mit Migrationshintergrund             ,2 Kinder,,6.7
2019,  ein Partner mit Migrationshintergr.  ,  ein Partner mit Migrationshintergr.  ,2 Kinder,,3.7
2019,  beide Partner mit Migrationshintergr.,  beide Partner mit Migrationshintergr.,2 Kinder,,3.0
2018,Insgesamt                              ,Insgesamt                              ,2 Kinder,,398.9
2018, ohne Migrationshintergrund            , ohne Migrationshintergrund            ,2 Kinder,,276.1
2018, mit Migrationshintergrund             , mit Migrationshintergrund             ,2 Kinder,,122.8
2018,Insgesamt                              ,Insgesamt                              ,2 Kinder,,314.2
2018, ohne Migrationshintergrund            , ohne Migrationshintergrund            ,2 Kinder,,212.4
2018, mit Migrationshintergrund             , mit Migrationshintergrund             ,2 Kinder,,101.8
2018,  ein Partner mit Migrationshintergr.  ,  ein Partner mit Migrationshintergr.  ,2 Kinder,,30.1
2018,  beide Partner mit Migrationshintergr.,  beide Partner mit Migrationshintergr.,2 Kinder,,71.7
2018,Insgesamt                              ,Insgesamt                              ,2 Kinder,,25.5
2018, ohne Migrationshintergrund            , ohne Migrationshintergrund            ,2 Kinder,,19.1
2018, mit Migrationshintergrund             , mit Migrationshintergrund             ,2 Kinder,,6.3
2018,  ein Partner mit Migrationshintergr.  ,  ein Partner mit Migrationshintergr.  ,2 Kinder,,3.1
2018,  beide Partner mit Migrationshintergr.,  beide Partner mit Migrationshintergr.,2 Kinder,,3.2
2017,Insgesamt                              ,Insgesamt                              ,2 Kinder,,414.3
2017, ohne Migrationshintergrund            , ohne Migrationshintergrund            ,2 Kinder,,292.2
2017, mit Migrationshintergrund             , mit Migrationshintergrund             ,2 Kinder,,122.0
2017,Insgesamt                              ,Insgesamt                              ,2 Kinder,,326.6
2017, ohne Migrationshintergrund            , ohne Migrationshintergrund            ,2 Kinder,,225.9
2017, mit Migrationshintergrund             , mit Migrationshintergrund             ,2 Kinder,,100.7
2017,  ein Partner mit Migrationshintergr.  ,  ein Partner mit Migrationshintergr.  ,2 Kinder,,28.9
2017,  beide Partner mit Migrationshintergr.,  beide Partner mit Migrationshintergr.,2 Kinder,,71.8
2017,Insgesamt                              ,Insgesamt                              ,2 Kinder,,25.4
2017, ohne Migrationshintergrund            , ohne Migrationshintergrund            ,2 Kinder,,19.5
2017, mit Migrationshintergrund             , mit Migrationshintergrund             ,2 Kinder,,5.9
2017,  ein Partner mit Migrationshintergr.  ,  ein Partner mit Migrationshintergr.  ,2 Kinder,,2.1
2017,  beide Partner mit Migrationshintergr.,  beide Partner mit Migrationshintergr.,2 Kinder,,3.8
2016,Insgesamt                              ,Insgesamt                              ,2 Kinder,,411.8
2016, ohne Migrationshintergrund            , ohne Migrationshintergrund            ,2 Kinder,,303.5
2016, mit Migrationshintergrund             , mit Migrationshintergrund             ,2 Kinder,,108.3
2016,Insgesamt                              ,Insgesamt                              ,2 Kinder,,320.5
2016, ohne Migrationshintergrund            , ohne Migrationshintergrund            ,2 Kinder,,233.3
2016, mit Migrationshintergrund             , mit Migrationshintergrund             ,2 Kinder,,87.2
2016,  ein Partner mit Migrationshintergr.  ,  ein Partner mit Migrationshintergr.  ,2 Kinder,,26.4
2016,  beide Partner mit Migrationshintergr.,  beide Partner mit Migrationshintergr.,2 Kinder,,60.8
2016,Insgesamt                              ,Insgesamt                              ,2 Kinder,,23.7
2016, ohne Migrationshintergrund            , ohne Migrationshintergrund            ,2 Kinder,,18.1
2016, mit Migrationshintergrund             , mit Migrationshintergrund             ,2 Kinder,,5.6
2016,  ein Partner mit Migrationshintergr.  ,  ein Partner mit Migrationshintergr.  ,2 Kinder,,2.5
2016,  beide Partner mit Migrationshintergr.,  beide Partner mit Migrationshintergr.,2 Kinder,,3.0
2015,Insgesamt                              ,Insgesamt                              ,2 Kinder,,392.0
2015, ohne Migrationshintergrund            , ohne Migrationshintergrund            ,2 Kinder,,298.8
2015, mit Migrationshintergrund             , mit Migrationshintergrund             ,2 Kinder,,93.2
2015,Insgesamt                              ,Insgesamt                              ,2 Kinder,,309.4
2015, ohne Migrationshintergrund            , ohne Migrationshintergrund            ,2 Kinder,,233.8
2015, mit Migrationshintergrund             , mit Migrationshintergrund             ,2 Kinder,,75.5
2015,  ein Partner mit Migrationshintergr.  ,  ein Partner mit Migrationshintergr.  ,2 Kinder,,21.7
2015,  beide Partner mit Migrationshintergr.,  beide Partner mit Migrationshintergr.,2 Kinder,,53.9
2015,Insgesamt                              ,Insgesamt                              ,2 Kinder,,20.3
2015, ohne Migrationshintergrund            , ohne Migrationshintergrund            ,2 Kinder,,16.1
2015, mit Migrationshintergrund             , mit Migrationshintergrund             ,2 Kinder,,4.1
2015,  ein Partner mit Migrationshintergr.  ,  ein Partner mit Migrationshintergr.  ,2 Kinder,,1.7
2015,  beide Partner mit Migrationshintergr.,  beide Partner mit Migrationshintergr.,2 Kinder,,2.4
2014,Insgesamt                              ,Insgesamt                              ,2 Kinder,,397.4
2014, ohne Migrationshintergrund            , ohne Migrationshintergrund            ,2 Kinder,,302.5
2014, mit Migrationshintergrund             , mit Migrationshintergrund             ,2 Kinder,,94.9
2014,Insgesamt                              ,Insgesamt                              ,2 Kinder,,314.0
2014, ohne Migrationshintergrund            , ohne Migrationshintergrund            ,2 Kinder,,238.7
2014, mit Migrationshintergrund             , mit Migrationshintergrund             ,2 Kinder,,75.3
2014,  ein Partner mit Migrationshintergr.  ,  ein Partner mit Migrationshintergr.  ,2 Kinder,,24.2
2014,  beide Partner mit Migrationshintergr.,  beide Partner mit Migrationshintergr.,2 Kinder,,51.1
2014,Insgesamt                              ,Insgesamt                              ,2 Kinder,,23.0
2014, ohne Migrationshintergrund            , ohne Migrationshintergrund            ,2 Kinder,,17.0
2014, mit Migrationshintergrund             , mit Migrationshintergrund             ,2 Kinder,,5.9
2014,  ein Partner mit Migrationshintergr.  ,  ein Partner mit Migrationshintergr.  ,2 Kinder,,3.5
2014,  beide Partner mit Migrationshintergr.,  beide Partner mit Migrationshintergr.,2 Kinder,,2.5
2013,Insgesamt                              ,Insgesamt                              ,2 Kinder,,399.1
2013, ohne Migrationshintergrund            , ohne Migrationshintergrund            ,2 Kinder,,305.6
2013, mit Migrationshintergrund             , mit Migrationshintergrund             ,2 Kinder,,93.4
2013,Insgesamt                              ,Insgesamt                              ,2 Kinder,,315.6
2013, ohne Migrationshintergrund            , ohne Migrationshintergrund            ,2 Kinder,,239.6
2013, mit Migrationshintergrund             , mit Migrationshintergrund             ,2 Kinder,,76.1
2013,  ein Partner mit Migrationshintergr.  ,  ein Partner mit Migrationshintergr.  ,2 Kinder,,23.6
2013,  beide Partner mit Migrationshintergr.,  beide Partner mit Migrationshintergr.,2 Kinder,,52.5
2013,Insgesamt                              ,Insgesamt                              ,2 Kinder,,21.0
2013, ohne Migrationshintergrund            , ohne Migrationshintergrund            ,2 Kinder,,16.4
2013, mit Migrationshintergrund             , mit Migrationshintergrund             ,2 Kinder,,4.6
2013,  ein Partner mit Migrationshintergr.  ,  ein Partner mit Migrationshintergr.  ,2 Kinder,,3.1
2013,  beide Partner mit Migrationshintergr.,  beide Partner mit Migrationshintergr.,2 Kinder,,1.5
2012,Insgesamt                              ,Insgesamt                              ,2 Kinder,,412.5
2012, ohne Migrationshintergrund            , ohne Migrationshintergrund            ,2 Kinder,,322.9
2012, mit Migrationshintergrund             , mit Migrationshintergrund             ,2 Kinder,,89.6
2012,Insgesamt                              ,Insgesamt                              ,2 Kinder,,327.7
2012, ohne Migrationshintergrund            , ohne Migrationshintergrund            ,2 Kinder,,254.0
2012, mit Migrationshintergrund             , mit Migrationshintergrund             ,2 Kinder,,73.7
2012,  ein Partner mit Migrationshintergr.  ,  ein Partner mit Migrationshintergr.  ,2 Kinder,,21.8
2012,  beide Partner mit Migrationshintergr.,  beide Partner mit Migrationshintergr.,2 Kinder,,51.9
2012,Insgesamt                              ,Insgesamt                              ,2 Kinder,,19.8
2012, ohne Migrationshintergrund            , ohne Migrationshintergrund            ,2 Kinder,,15.5
2012, mit Migrationshintergrund             , mit Migrationshintergrund             ,2 Kinder,,4.3
2012,  ein Partner mit Migrationshintergr.  ,  ein Partner mit Migrationshintergr.  ,2 Kinder,,2.2
2012,  beide Partner mit Migrationshintergr.,  beide Partner mit Migrationshintergr.,2 Kinder,,2.1
2011,Insgesamt                              ,Insgesamt                              ,2 Kinder,,414.2
2011, ohne Migrationshintergrund            , ohne Migrationshintergrund            ,2 Kinder,,325.9
2011, mit Migrationshintergrund             , mit Migrationshintergrund             ,2 Kinder,,88.3
2011,Insgesamt                              ,Insgesamt                              ,2 Kinder,,335.8
2011, ohne Migrationshintergrund            , ohne Migrationshintergrund            ,2 Kinder,,262.7
2011, mit Migrationshintergrund             , mit Migrationshintergrund             ,2 Kinder,,73.1
2011,  ein Partner mit Migrationshintergr.  ,  ein Partner mit Migrationshintergr.  ,2 Kinder,,22.6
2011,  beide Partner mit Migrationshintergr.,  beide Partner mit Migrationshintergr.,2 Kinder,,50.5
2011,Insgesamt                              ,Insgesamt                              ,2 Kinder,,15.1
2011, ohne Migrationshintergrund            , ohne Migrationshintergrund            ,2 Kinder,,12.3
2011, mit Migrationshintergrund             , mit Migrationshintergrund             ,2 Kinder,,2.8
2011,  ein Partner mit Migrationshintergr.  ,  ein Partner mit Migrationshintergr.  ,2 Kinder,,1.6
2011,  beide Partner mit Migrationshintergr.,  beide Partner mit Migrationshintergr.,2 Kinder,,1.2
2019,Insgesamt                              ,Insgesamt                              ,3 und mehr Kinder,,142.5
2019, ohne Migrationshintergrund            , ohne Migrationshintergrund            ,3 und mehr Kinder,,77.0
2019, mit Migrationshintergrund             , mit Migrationshintergrund             ,3 und mehr Kinder,,65.5
2019,Insgesamt                              ,Insgesamt                              ,3 und mehr Kinder,,114.9
2019, ohne Migrationshintergrund            , ohne Migrationshintergrund            ,3 und mehr Kinder,,58.7
2019, mit Migrationshintergrund             , mit Migrationshintergrund             ,3 und mehr Kinder,,56.2
2019,  ein Partner mit Migrationshintergr.  ,  ein Partner mit Migrationshintergr.  ,3 und mehr Kinder,,9.1
2019,  beide Partner mit Migrationshintergr.,  beide Partner mit Migrationshintergr.,3 und mehr Kinder,,47.2
2019,Insgesamt                              ,Insgesamt                              ,3 und mehr Kinder,,8.7
2019, ohne Migrationshintergrund            , ohne Migrationshintergrund            ,3 und mehr Kinder,,5.8
2019, mit Migrationshintergrund             , mit Migrationshintergrund             ,3 und mehr Kinder,,2.9
2019,  ein Partner mit Migrationshintergr.  ,  ein Partner mit Migrationshintergr.  ,3 und mehr Kinder,,0.5
2019,  beide Partner mit Migrationshintergr.,  beide Partner mit Migrationshintergr.,3 und mehr Kinder,,2.4
2018,Insgesamt                              ,Insgesamt                              ,3 und mehr Kinder,,142.3
2018, ohne Migrationshintergrund            , ohne Migrationshintergrund            ,3 und mehr Kinder,,76.9
2018, mit Migrationshintergrund             , mit Migrationshintergrund             ,3 und mehr Kinder,,65.4
2018,Insgesamt                              ,Insgesamt                              ,3 und mehr Kinder,,115.2
2018, ohne Migrationshintergrund            , ohne Migrationshintergrund            ,3 und mehr Kinder,,59.6
2018, mit Migrationshintergrund             , mit Migrationshintergrund             ,3 und mehr Kinder,,55.6
2018,  ein Partner mit Migrationshintergr.  ,  ein Partner mit Migrationshintergr.  ,3 und mehr Kinder,,10.4
2018,  beide Partner mit Migrationshintergr.,  beide Partner mit Migrationshintergr.,3 und mehr Kinder,,45.2
2018,Insgesamt                              ,Insgesamt                              ,3 und mehr Kinder,,7.7
2018, ohne Migrationshintergrund            , ohne Migrationshintergrund            ,3 und mehr Kinder,,5.0
2018, mit Migrationshintergrund             , mit Migrationshintergrund             ,3 und mehr Kinder,,2.7
2018,  ein Partner mit Migrationshintergr.  ,  ein Partner mit Migrationshintergr.  ,3 und mehr Kinder,,1.0
2018,  beide Partner mit Migrationshintergr.,  beide Partner mit Migrationshintergr.,3 und mehr Kinder,,1.8
2017,Insgesamt                              ,Insgesamt                              ,3 und mehr Kinder,,143.2
2017, ohne Migrationshintergrund            , ohne Migrationshintergrund            ,3 und mehr Kinder,,81.7
2017, mit Migrationshintergrund             , mit Migrationshintergrund             ,3 und mehr Kinder,,61.6
2017,Insgesamt                              ,Insgesamt                              ,3 und mehr Kinder,,116.9
2017, ohne Migrationshintergrund            , ohne Migrationshintergrund            ,3 und mehr Kinder,,64.6
2017, mit Migrationshintergrund             , mit Migrationshintergrund             ,3 und mehr Kinder,,52.3
2017,  ein Partner mit Migrationshintergr.  ,  ein Partner mit Migrationshintergr.  ,3 und mehr Kinder,,9.5
2017,  beide Partner mit Migrationshintergr.,  beide Partner mit Migrationshintergr.,3 und mehr Kinder,,42.8
2017,Insgesamt                              ,Insgesamt                              ,3 und mehr Kinder,,8.0
2017, ohne Migrationshintergrund            , ohne Migrationshintergrund            ,3 und mehr Kinder,,5.0
2017, mit Migrationshintergrund             , mit Migrationshintergrund             ,3 und mehr Kinder,,3.0
2017,  ein Partner mit Migrationshintergr.  ,  ein Partner mit Migrationshintergr.  ,3 und mehr Kinder,,1.4
2017,  beide Partner mit Migrationshintergr.,  beide Partner mit Migrationshintergr.,3 und mehr Kinder,,1.6
2016,Insgesamt                              ,Insgesamt                              ,3 und mehr Kinder,,146.0
2016, ohne Migrationshintergrund            , ohne Migrationshintergrund            ,3 und mehr Kinder,,86.5
2016, mit Migrationshintergrund             , mit Migrationshintergrund             ,3 und mehr Kinder,,59.5
2016,Insgesamt                              ,Insgesamt                              ,3 und mehr Kinder,,117.1
2016, ohne Migrationshintergrund            , ohne Migrationshintergrund            ,3 und mehr Kinder,,67.6
2016, mit Migrationshintergrund             , mit Migrationshintergrund             ,3 und mehr Kinder,,49.5
2016,  ein Partner mit Migrationshintergr.  ,  ein Partner mit Migrationshintergr.  ,3 und mehr Kinder,,8.6
2016,  beide Partner mit Migrationshintergr.,  beide Partner mit Migrationshintergr.,3 und mehr Kinder,,40.9
2016,Insgesamt                              ,Insgesamt                              ,3 und mehr Kinder,,7.1
2016, ohne Migrationshintergrund            , ohne Migrationshintergrund            ,3 und mehr Kinder,,4.9
2016, mit Migrationshintergrund             , mit Migrationshintergrund             ,3 und mehr Kinder,,2.2
2016,  ein Partner mit Migrationshintergr.  ,  ein Partner mit Migrationshintergr.  ,3 und mehr Kinder,,0.9
2016,  beide Partner mit Migrationshintergr.,  beide Partner mit Migrationshintergr.,3 und mehr Kinder,,1.3
2015,Insgesamt                              ,Insgesamt                              ,3 und mehr Kinder,,138.9
2015, ohne Migrationshintergrund            , ohne Migrationshintergrund            ,3 und mehr Kinder,,85.1
2015, mit Migrationshintergrund             , mit Migrationshintergrund             ,3 und mehr Kinder,,53.8
2015,Insgesamt                              ,Insgesamt                              ,3 und mehr Kinder,,111.7
2015, ohne Migrationshintergrund            , ohne Migrationshintergrund            ,3 und mehr Kinder,,65.8
2015, mit Migrationshintergrund             , mit Migrationshintergrund             ,3 und mehr Kinder,,46.0
2015,  ein Partner mit Migrationshintergr.  ,  ein Partner mit Migrationshintergr.  ,3 und mehr Kinder,,8.0
2015,  beide Partner mit Migrationshintergr.,  beide Partner mit Migrationshintergr.,3 und mehr Kinder,,37.9
2015,Insgesamt                              ,Insgesamt                              ,3 und mehr Kinder,,9.1
2015, ohne Migrationshintergrund            , ohne Migrationshintergrund            ,3 und mehr Kinder,,6.4
2015, mit Migrationshintergrund             , mit Migrationshintergrund             ,3 und mehr Kinder,,2.7
2015,  ein Partner mit Migrationshintergr.  ,  ein Partner mit Migrationshintergr.  ,3 und mehr Kinder,,1.4
2015,  beide Partner mit Migrationshintergr.,  beide Partner mit Migrationshintergr.,3 und mehr Kinder,,1.3
2014,Insgesamt                              ,Insgesamt                              ,3 und mehr Kinder,,138.9
2014, ohne Migrationshintergrund            , ohne Migrationshintergrund            ,3 und mehr Kinder,,88.8
2014, mit Migrationshintergrund             , mit Migrationshintergrund             ,3 und mehr Kinder,,50.1
2014,Insgesamt                              ,Insgesamt                              ,3 und mehr Kinder,,115.0
2014, ohne Migrationshintergrund            , ohne Migrationshintergrund            ,3 und mehr Kinder,,70.3
2014, mit Migrationshintergrund             , mit Migrationshintergrund             ,3 und mehr Kinder,,44.7
2014,  ein Partner mit Migrationshintergr.  ,  ein Partner mit Migrationshintergr.  ,3 und mehr Kinder,,6.8
2014,  beide Partner mit Migrationshintergr.,  beide Partner mit Migrationshintergr.,3 und mehr Kinder,,37.9
2014,Insgesamt                              ,Insgesamt                              ,3 und mehr Kinder,,6.4
2014, ohne Migrationshintergrund            , ohne Migrationshintergrund            ,3 und mehr Kinder,,5.7
2014, mit Migrationshintergrund             , mit Migrationshintergrund             ,3 und mehr Kinder,,0.7
2014,  ein Partner mit Migrationshintergr.  ,  ein Partner mit Migrationshintergr.  ,3 und mehr Kinder,,0.3
2014,  beide Partner mit Migrationshintergr.,  beide Partner mit Migrationshintergr.,3 und mehr Kinder,,0.4
2013,Insgesamt                              ,Insgesamt                              ,3 und mehr Kinder,,142.9
2013, ohne Migrationshintergrund            , ohne Migrationshintergrund            ,3 und mehr Kinder,,87.9
2013, mit Migrationshintergrund             , mit Migrationshintergrund             ,3 und mehr Kinder,,55.0
2013,Insgesamt                              ,Insgesamt                              ,3 und mehr Kinder,,117.9
2013, ohne Migrationshintergrund            , ohne Migrationshintergrund            ,3 und mehr Kinder,,69.8
2013, mit Migrationshintergrund             , mit Migrationshintergrund             ,3 und mehr Kinder,,48.1
2013,  ein Partner mit Migrationshintergr.  ,  ein Partner mit Migrationshintergr.  ,3 und mehr Kinder,,8.5
2013,  beide Partner mit Migrationshintergr.,  beide Partner mit Migrationshintergr.,3 und mehr Kinder,,39.6
2013,Insgesamt                              ,Insgesamt                              ,3 und mehr Kinder,,6.5
2013, ohne Migrationshintergrund            , ohne Migrationshintergrund            ,3 und mehr Kinder,,4.9
2013, mit Migrationshintergrund             , mit Migrationshintergrund             ,3 und mehr Kinder,,1.6
2013,  ein Partner mit Migrationshintergr.  ,  ein Partner mit Migrationshintergr.  ,3 und mehr Kinder,,0.9
2013,  beide Partner mit Migrationshintergr.,  beide Partner mit Migrationshintergr.,3 und mehr Kinder,,0.6
2012,Insgesamt                              ,Insgesamt                              ,3 und mehr Kinder,,144.0
2012, ohne Migrationshintergrund            , ohne Migrationshintergrund            ,3 und mehr Kinder,,92.9
2012, mit Migrationshintergrund             , mit Migrationshintergrund             ,3 und mehr Kinder,,51.1
2012,Insgesamt                              ,Insgesamt                              ,3 und mehr Kinder,,120.8
2012, ohne Migrationshintergrund            , ohne Migrationshintergrund            ,3 und mehr Kinder,,76.0
2012, mit Migrationshintergrund             , mit Migrationshintergrund             ,3 und mehr Kinder,,44.8
2012,  ein Partner mit Migrationshintergr.  ,  ein Partner mit Migrationshintergr.  ,3 und mehr Kinder,,7.5
2012,  beide Partner mit Migrationshintergr.,  beide Partner mit Migrationshintergr.,3 und mehr Kinder,,37.3
2012,Insgesamt                              ,Insgesamt                              ,3 und mehr Kinder,,5.1
2012, ohne Migrationshintergrund            , ohne Migrationshintergrund            ,3 und mehr Kinder,,4.1
2012, mit Migrationshintergrund             , mit Migrationshintergrund             ,3 und mehr Kinder,,1.0
2012,  ein Partner mit Migrationshintergr.  ,  ein Partner mit Migrationshintergr.  ,3 und mehr Kinder,,0.5
2012,  beide Partner mit Migrationshintergr.,  beide Partner mit Migrationshintergr.,3 und mehr Kinder,,0.5
2011,Insgesamt                              ,Insgesamt                              ,3 und mehr Kinder,,148.3
2011, ohne Migrationshintergrund            , ohne Migrationshintergrund            ,3 und mehr Kinder,,98.2
2011, mit Migrationshintergrund             , mit Migrationshintergrund             ,3 und mehr Kinder,,50.1
2011,Insgesamt                              ,Insgesamt                              ,3 und mehr Kinder,,121.9
2011, ohne Migrationshintergrund            , ohne Migrationshintergrund            ,3 und mehr Kinder,,77.4
2011, mit Migrationshintergrund             , mit Migrationshintergrund             ,3 und mehr Kinder,,44.5
2011,  ein Partner mit Migrationshintergr.  ,  ein Partner mit Migrationshintergr.  ,3 und mehr Kinder,,7.5
2011,  beide Partner mit Migrationshintergr.,  beide Partner mit Migrationshintergr.,3 und mehr Kinder,,37.0
2011,Insgesamt                              ,Insgesamt                              ,3 und mehr Kinder,,5.9
2011, ohne Migrationshintergrund            , ohne Migrationshintergrund            ,3 und mehr Kinder,,4.9
2011, mit Migrationshintergrund             , mit Migrationshintergrund             ,3 und mehr Kinder,,0.9
2011,  ein Partner mit Migrationshintergr.  ,  ein Partner mit Migrationshintergr.  ,3 und mehr Kinder,,0.4
2011,  beide Partner mit Migrationshintergr.,  beide Partner mit Migrationshintergr.,3 und mehr Kinder,,0.6
