Year,Staatsangehörigkeit,Erreichter Abschluss,Schulform,Value
2019,Deutsche,Allgemeine Hochschulreife,Insgesamt,5152
2019,Deutsche,Fachhochschulreife,Insgesamt,11557
2019,Deutsche,Schulischer Teil der Fachhochschulreife,Insgesamt,990
2019,Deutsche,Realschulabschluss,Insgesamt,12611
2019,Deutsche,Hauptschulabschluss,Insgesamt,2753
2019,Deutsche,Erfolgreicher Besuch,Insgesamt,44373
2019,Deutsche,Entlassungen aus dem Berufsvorbereitungsjahr,Insgesamt,3371
2019,Deutsche,Ohne erfolgreichen Besuch/Abschluss,Insgesamt,8491
2019,Deutsche,Insgesamt,Insgesamt,89298
2019,Deutsche,nachrichtlich: Abbruch im laufenden Schuljahr,Insgesamt,22021
2019,Ausländerinnen und Ausländer,Allgemeine Hochschulreife,Insgesamt,131
2019,Ausländerinnen und Ausländer,Fachhochschulreife,Insgesamt,445
2019,Ausländerinnen und Ausländer,Schulischer Teil der Fachhochschulreife,Insgesamt,54
2019,Ausländerinnen und Ausländer,Realschulabschluss,Insgesamt,1002
2019,Ausländerinnen und Ausländer,Hauptschulabschluss,Insgesamt,1567
2019,Ausländerinnen und Ausländer,Erfolgreicher Besuch,Insgesamt,2209
2019,Ausländerinnen und Ausländer,Entlassungen aus dem Berufsvorbereitungsjahr,Insgesamt,2953
2019,Ausländerinnen und Ausländer,Ohne erfolgreichen Besuch/Abschluss,Insgesamt,1351
2019,Ausländerinnen und Ausländer,Insgesamt,Insgesamt,9712
2019,Ausländerinnen und Ausländer,nachrichtlich: Abbruch im laufenden Schuljahr,Insgesamt,4115
2018,Deutsche,Fachhochschulreife,Insgesamt,12507
2018,Deutsche,Schulischer Teil der Fachhochschulreife,Insgesamt,1162
2018,Deutsche,Realschulabschluss,Insgesamt,13211
2018,Deutsche,Hauptschulabschluss,Insgesamt,2845
2018,Deutsche,Erfolgreicher Besuch,Insgesamt,45797
2018,Deutsche,Entlassungen aus dem Berufsvorbereitungsjahr,Insgesamt,3328
2018,Deutsche,Ohne erfolgreichen Besuch/Abschluss,Insgesamt,9019
2018,Deutsche,Insgesamt,Insgesamt,93254
2018,Deutsche,nachrichtlich: Abbruch im laufenden Schuljahr,Insgesamt,22839
2018,Ausländerinnen und Ausländer,Allgemeine Hochschulreife,Insgesamt,180
2018,Ausländerinnen und Ausländer,Fachhochschulreife,Insgesamt,562
2018,Ausländerinnen und Ausländer,Schulischer Teil der Fachhochschulreife,Insgesamt,50
2018,Ausländerinnen und Ausländer,Realschulabschluss,Insgesamt,821
2018,Ausländerinnen und Ausländer,Hauptschulabschluss,Insgesamt,1662
2018,Ausländerinnen und Ausländer,Erfolgreicher Besuch,Insgesamt,2058
2018,Ausländerinnen und Ausländer,Entlassungen aus dem Berufsvorbereitungsjahr,Insgesamt,4343
2018,Ausländerinnen und Ausländer,Ohne erfolgreichen Besuch/Abschluss,Insgesamt,1352
2018,Ausländerinnen und Ausländer,Insgesamt,Insgesamt,11028
2018,Ausländerinnen und Ausländer,nachrichtlich: Abbruch im laufenden Schuljahr,Insgesamt,4212
2017,Deutsche,Allgemeine Hochschulreife,Insgesamt,5844
2017,Deutsche,Fachhochschulreife,Insgesamt,13130
2017,Deutsche,Schulischer Teil der Fachhochschulreife,Insgesamt,1182
2017,Deutsche,Realschulabschluss,Insgesamt,15537
2017,Deutsche,Hauptschulabschluss,Insgesamt,2792
2017,Deutsche,Erfolgreicher Besuch,Insgesamt,47119
2017,Deutsche,Entlassungen aus dem Berufsvorbereitungsjahr,Insgesamt,3554
2017,Deutsche,Ohne erfolgreichen Besuch/Abschluss,Insgesamt,9362
2017,Deutsche,Insgesamt,Insgesamt,98520
2017,Deutsche,nachrichtlich: Abbruch im laufenden Schuljahr,Insgesamt,23711
2017,Ausländerinnen und Ausländer,Allgemeine Hochschulreife,Insgesamt,168
2017,Ausländerinnen und Ausländer,Fachhochschulreife,Insgesamt,528
2017,Ausländerinnen und Ausländer,Schulischer Teil der Fachhochschulreife,Insgesamt,62
2017,Ausländerinnen und Ausländer,Realschulabschluss,Insgesamt,824
2017,Ausländerinnen und Ausländer,Hauptschulabschluss,Insgesamt,955
2017,Ausländerinnen und Ausländer,Erfolgreicher Besuch,Insgesamt,1895
2017,Ausländerinnen und Ausländer,Entlassungen aus dem Berufsvorbereitungsjahr,Insgesamt,5186
2017,Ausländerinnen und Ausländer,Ohne erfolgreichen Besuch/Abschluss,Insgesamt,1167
2017,Ausländerinnen und Ausländer,Insgesamt,Insgesamt,10785
2017,Ausländerinnen und Ausländer,nachrichtlich: Abbruch im laufenden Schuljahr,Insgesamt,3703
2015,Deutsche,Allgemeine Hochschulreife,Insgesamt,5775
2015,Deutsche,Fachhochschulreife,Insgesamt,14006
2015,Deutsche,Realschulabschluss,Insgesamt,17626
2015,Deutsche,Hauptschulabschluss,Insgesamt,3121
2015,Deutsche,erfolgreicher Besuch,Insgesamt,49608
2015,Deutsche,Entlassung aus dem Berufsvorbereitungsjahr,Insgesamt,3839
2015,Deutsche,ohne erfolgr. Besuch m. gleichz. erworb. Hauptschulabschl.,Insgesamt,-
2015,Deutsche,ohne erfolgreichen Besuch/Abschluss,Insgesamt,9936
2015,Deutsche,Insgesamt,Insgesamt,103911
2015,Deutsche,nachrichtlich: Abbruch im laufenden Schuljahr,Insgesamt,21781
2015,Ausländerinnen und Ausländer,Allgemeine Hochschulreife,Insgesamt,153
2015,Ausländerinnen und Ausländer,Fachhochschulreife,Insgesamt,467
2015,Ausländerinnen und Ausländer,Realschulabschluss,Insgesamt,860
2015,Ausländerinnen und Ausländer,Hauptschulabschluss,Insgesamt,422
2015,Ausländerinnen und Ausländer,erfolgreicher Besuch,Insgesamt,1709
2015,Ausländerinnen und Ausländer,Entlassung aus dem Berufsvorbereitungsjahr,Insgesamt,988
2015,Ausländerinnen und Ausländer,ohne erfolgr. Besuch m. gleichz. erworb. Hauptschulabschl.,Insgesamt,-
2015,Ausländerinnen und Ausländer,ohne erfolgreichen Besuch/Abschluss,Insgesamt,1021
2015,Ausländerinnen und Ausländer,Insgesamt,Insgesamt,5620
2015,Ausländerinnen und Ausländer,nachrichtlich: Abbruch im laufenden Schuljahr,Insgesamt,1664
2014,Deutsche,Allgemeine Hochschulreife,Insgesamt,5831
2014,Deutsche,Fachhochschulreife,Insgesamt,13626
2014,Deutsche,Realschulabschluss,Insgesamt,19207
2014,Deutsche,Hauptschulabschluss,Insgesamt,3722
2014,Deutsche,erfolgreicher Besuch,Insgesamt,52108
2014,Deutsche,Entlassung aus dem Berufsvorbereitungsjahr,Insgesamt,3936
2014,Deutsche,ohne erfolgr. Besuch m. gleichz. erworb. Hauptschulabschl.,Insgesamt,-
2014,Deutsche,ohne erfolgreichen Besuch/Abschluss,Insgesamt,10820
2014,Deutsche,Insgesamt,Insgesamt,109250
2014,Deutsche,nachrichtlich: Abbruch im laufenden Schuljahr,Insgesamt,26176
2014,Ausländerinnen und Ausländer,Allgemeine Hochschulreife,Insgesamt,146
2014,Ausländerinnen und Ausländer,Fachhochschulreife,Insgesamt,516
2014,Ausländerinnen und Ausländer,Realschulabschluss,Insgesamt,816
2014,Ausländerinnen und Ausländer,Hauptschulabschluss,Insgesamt,399
2014,Ausländerinnen und Ausländer,erfolgreicher Besuch,Insgesamt,1713
2014,Ausländerinnen und Ausländer,Entlassung aus dem Berufsvorbereitungsjahr,Insgesamt,659
2014,Ausländerinnen und Ausländer,ohne erfolgr. Besuch m. gleichz. erworb. Hauptschulabschl.,Insgesamt,-
2014,Ausländerinnen und Ausländer,ohne erfolgreichen Besuch/Abschluss,Insgesamt,950
2014,Ausländerinnen und Ausländer,Insgesamt,Insgesamt,5199
2014,Ausländerinnen und Ausländer,nachrichtlich: Abbruch im laufenden Schuljahr,Insgesamt,1702
2012,Deutsche,Allgemeine Hochschulreife,Insgesamt,6178
2012,Deutsche,Fachhochschulreife,Insgesamt,14040
2012,Deutsche,Realschulabschluss,Insgesamt,17810
2012,Deutsche,Hauptschulabschluss,Insgesamt,3695
2012,Deutsche,erfolgreicher Besuch,Insgesamt,50738
2012,Deutsche,Entlassung aus dem Berufsvorbereitungsjahr,Insgesamt,2978
2012,Deutsche,ohne erfolgr. Besuch m. gleichz. erworb. Hauptschulabschl.,Insgesamt,-
2012,Deutsche,ohne erfolgreichen Besuch/Abschluss,Insgesamt,12136
2012,Deutsche,Insgesamt,Insgesamt,107575
2012,Deutsche,nachrichtlich: Abbruch im laufenden Schuljahr,Insgesamt,23647
2012,Ausländerinnen und Ausländer,Allgemeine Hochschulreife,Insgesamt,154
2012,Ausländerinnen und Ausländer,Fachhochschulreife,Insgesamt,509
2012,Ausländerinnen und Ausländer,Realschulabschluss,Insgesamt,806
2012,Ausländerinnen und Ausländer,Hauptschulabschluss,Insgesamt,348
2012,Ausländerinnen und Ausländer,erfolgreicher Besuch,Insgesamt,1682
2012,Ausländerinnen und Ausländer,Entlassung aus dem Berufsvorbereitungsjahr,Insgesamt,598
2012,Ausländerinnen und Ausländer,ohne erfolgr. Besuch m. gleichz. erworb. Hauptschulabschl.,Insgesamt,-
2012,Ausländerinnen und Ausländer,ohne erfolgreichen Besuch/Abschluss,Insgesamt,1086
2012,Ausländerinnen und Ausländer,Insgesamt,Insgesamt,5183
2012,Ausländerinnen und Ausländer,nachrichtlich: Abbruch im laufenden Schuljahr,Insgesamt,1466
2011,Deutsche,Allgemeine Hochschulreife,Insgesamt,5659
2011,Deutsche,Fachhochschulreife,Insgesamt,13619
2011,Deutsche,Realschulabschluss,Insgesamt,18302
2011,Deutsche,Hauptschulabschluss,Insgesamt,4056
2011,Deutsche,erfolgreicher Besuch,Insgesamt,52869
2011,Deutsche,Entlassung aus dem Berufsvorbereitungsjahr,Insgesamt,3221
2011,Deutsche,ohne erfolgr. Besuch m. gleichz. erworb. Hauptschulabschl.,Insgesamt,-
2011,Deutsche,ohne erfolgreichen Besuch/Abschluss,Insgesamt,12385
2011,Deutsche,Insgesamt,Insgesamt,110111
2011,Deutsche,nachrichtlich: Abbruch im laufenden Schuljahr,Insgesamt,23450
2011,Ausländerinnen und Ausländer,Allgemeine Hochschulreife,Insgesamt,150
2011,Ausländerinnen und Ausländer,Fachhochschulreife,Insgesamt,468
2011,Ausländerinnen und Ausländer,Realschulabschluss,Insgesamt,766
2011,Ausländerinnen und Ausländer,Hauptschulabschluss,Insgesamt,332
2011,Ausländerinnen und Ausländer,erfolgreicher Besuch,Insgesamt,1784
2011,Ausländerinnen und Ausländer,Entlassung aus dem Berufsvorbereitungsjahr,Insgesamt,479
2011,Ausländerinnen und Ausländer,ohne erfolgr. Besuch m. gleichz. erworb. Hauptschulabschl.,Insgesamt,-
2011,Ausländerinnen und Ausländer,ohne erfolgreichen Besuch/Abschluss,Insgesamt,1022
2011,Ausländerinnen und Ausländer,Insgesamt,Insgesamt,5001
2011,Ausländerinnen und Ausländer,nachrichtlich: Abbruch im laufenden Schuljahr,Insgesamt,1493
2010,Deutsche,Allgemeine Hochschulreife,Insgesamt,5473
2010,Deutsche,Fachhochschulreife,Insgesamt,12306
2010,Deutsche,Realschulabschluss,Insgesamt,19365
2010,Deutsche,Hauptschulabschluss,Insgesamt,4139
2010,Deutsche,erfolgreicher Besuch,Insgesamt,56051
2010,Deutsche,Entlassung aus dem Berufsvorbereitungsjahr,Insgesamt,3283
2010,Deutsche,ohne erfolgr. Besuch m. gleichz. erworb. Hauptschulabschl.,Insgesamt,-
2010,Deutsche,ohne erfolgreichen Besuch/Abschluss,Insgesamt,12940
2010,Deutsche,Insgesamt,Insgesamt,113557
2010,Deutsche,nachrichtlich: Abbruch im laufenden Schuljahr,Insgesamt,22652
2010,Ausländerinnen und Ausländer,Allgemeine Hochschulreife,Insgesamt,94
2010,Ausländerinnen und Ausländer,Fachhochschulreife,Insgesamt,363
2010,Ausländerinnen und Ausländer,Realschulabschluss,Insgesamt,794
2010,Ausländerinnen und Ausländer,Hauptschulabschluss,Insgesamt,368
2010,Ausländerinnen und Ausländer,erfolgreicher Besuch,Insgesamt,1746
2010,Ausländerinnen und Ausländer,Entlassung aus dem Berufsvorbereitungsjahr,Insgesamt,432
2010,Ausländerinnen und Ausländer,ohne erfolgr. Besuch m. gleichz. erworb. Hauptschulabschl.,Insgesamt,-
2010,Ausländerinnen und Ausländer,ohne erfolgreichen Besuch/Abschluss,Insgesamt,1047
2010,Ausländerinnen und Ausländer,Insgesamt,Insgesamt,4844
2010,Ausländerinnen und Ausländer,nachrichtlich: Abbruch im laufenden Schuljahr,Insgesamt,1292
2006,Deutsche,Allgemeine Hochschulreife,Insgesamt,4541
2006,Deutsche,Fachhochschulreife,Insgesamt,10031
2006,Deutsche,Realschulabschluss,Insgesamt,20611
2006,Deutsche,Hauptschulabschluss,Insgesamt,2599
2006,Deutsche,erfolgreicher Besuch,Insgesamt,56167
2006,Deutsche,Entlassung aus dem Berufsvorbereitungsjahr,Insgesamt,5147
2006,Deutsche,ohne erfolgr. Besuch m. gleichz. erworb. Hauptschulabschl.,Insgesamt,2
2006,Deutsche,ohne erfolgreichen Besuch/Abschluss,Insgesamt,15452
2006,Deutsche,Insgesamt,Insgesamt,114550
2006,Deutsche,nachrichtlich: Abbruch im laufenden Schuljahr,Insgesamt,18924
2006,Ausländerinnen und Ausländer,Allgemeine Hochschulreife,Insgesamt,105
2006,Ausländerinnen und Ausländer,Fachhochschulreife,Insgesamt,239
2006,Ausländerinnen und Ausländer,Realschulabschluss,Insgesamt,783
2006,Ausländerinnen und Ausländer,Hauptschulabschluss,Insgesamt,249
2006,Ausländerinnen und Ausländer,erfolgreicher Besuch,Insgesamt,1809
2006,Ausländerinnen und Ausländer,Entlassung aus dem Berufsvorbereitungsjahr,Insgesamt,790
2006,Ausländerinnen und Ausländer,ohne erfolgr. Besuch m. gleichz. erworb. Hauptschulabschl.,Insgesamt,-
2006,Ausländerinnen und Ausländer,ohne erfolgreichen Besuch/Abschluss,Insgesamt,1246
2006,Ausländerinnen und Ausländer,Insgesamt,Insgesamt,5221
2006,Ausländerinnen und Ausländer,nachrichtlich: Abbruch im laufenden Schuljahr,Insgesamt,1292
2005,Deutsche,Allgemeine Hochschulreife,Insgesamt,4122
2005,Deutsche,Fachhochschulreife,Insgesamt,10311
2005,Deutsche,Realschulabschluss,Insgesamt,20155
2005,Deutsche,Hauptschulabschluss,Insgesamt,2705
2005,Deutsche,erfolgreicher Besuch,Insgesamt,56327
2005,Deutsche,Entlassung aus dem Berufsvorbereitungsjahr,Insgesamt,5113
2005,Deutsche,ohne erfolgr. Besuch m. gleichz. erworb. Hauptschulabschl.,Insgesamt,16
2005,Deutsche,ohne erfolgreichen Besuch/Abschluss,Insgesamt,15275
2005,Deutsche,Insgesamt,Insgesamt,114024
2005,Deutsche,nachrichtlich: Abbruch im laufenden Schuljahr,Insgesamt,18287
2005,Ausländerinnen und Ausländer,Allgemeine Hochschulreife,Insgesamt,89
2005,Ausländerinnen und Ausländer,Fachhochschulreife,Insgesamt,267
2005,Ausländerinnen und Ausländer,Realschulabschluss,Insgesamt,870
2005,Ausländerinnen und Ausländer,Hauptschulabschluss,Insgesamt,314
2005,Ausländerinnen und Ausländer,erfolgreicher Besuch,Insgesamt,1939
2005,Ausländerinnen und Ausländer,Entlassung aus dem Berufsvorbereitungsjahr,Insgesamt,872
2005,Ausländerinnen und Ausländer,ohne erfolgr. Besuch m. gleichz. erworb. Hauptschulabschl.,Insgesamt,-
2005,Ausländerinnen und Ausländer,ohne erfolgreichen Besuch/Abschluss,Insgesamt,1298
2005,Ausländerinnen und Ausländer,Insgesamt,Insgesamt,5649
2005,Ausländerinnen und Ausländer,nachrichtlich: Abbruch im laufenden Schuljahr,Insgesamt,1267
2019,Deutsche,Allgemeine Hochschulreife,Berufsschule (Teilzeit),-
2019,Deutsche,Fachhochschulreife,Berufsschule (Teilzeit),88
2019,Deutsche,Schulischer Teil der Fachhochschulreife,Berufsschule (Teilzeit),-
2019,Deutsche,Realschulabschluss,Berufsschule (Teilzeit),7003
2019,Deutsche,Hauptschulabschluss,Berufsschule (Teilzeit),308
2019,Deutsche,Erfolgreicher Besuch,Berufsschule (Teilzeit),29580
2019,Deutsche,Entlassungen aus dem Berufsvorbereitungsjahr,Berufsschule (Teilzeit),744
2019,Deutsche,Ohne erfolgreichen Besuch/Abschluss,Berufsschule (Teilzeit),2821
2019,Deutsche,Insgesamt,Berufsschule (Teilzeit),40544
2019,Deutsche,nachrichtlich: Abbruch im laufenden Schuljahr,Berufsschule (Teilzeit),11156
2019,Ausländerinnen und Ausländer,Allgemeine Hochschulreife,Berufsschule (Teilzeit),-
2019,Ausländerinnen und Ausländer,Fachhochschulreife,Berufsschule (Teilzeit),2
2019,Ausländerinnen und Ausländer,Schulischer Teil der Fachhochschulreife,Berufsschule (Teilzeit),-
2019,Ausländerinnen und Ausländer,Realschulabschluss,Berufsschule (Teilzeit),526
2019,Ausländerinnen und Ausländer,Hauptschulabschluss,Berufsschule (Teilzeit),39
2019,Ausländerinnen und Ausländer,Erfolgreicher Besuch,Berufsschule (Teilzeit),1073
2019,Ausländerinnen und Ausländer,Entlassungen aus dem Berufsvorbereitungsjahr,Berufsschule (Teilzeit),23
2019,Ausländerinnen und Ausländer,Ohne erfolgreichen Besuch/Abschluss,Berufsschule (Teilzeit),374
2019,Ausländerinnen und Ausländer,Insgesamt,Berufsschule (Teilzeit),2037
2019,Ausländerinnen und Ausländer,nachrichtlich: Abbruch im laufenden Schuljahr,Berufsschule (Teilzeit),1764
2018,Deutsche,Fachhochschulreife,Berufsschule (Teilzeit),102
2018,Deutsche,Schulischer Teil der Fachhochschulreife,Berufsschule (Teilzeit),-
2018,Deutsche,Realschulabschluss,Berufsschule (Teilzeit),7352
2018,Deutsche,Hauptschulabschluss,Berufsschule (Teilzeit),263
2018,Deutsche,Erfolgreicher Besuch,Berufsschule (Teilzeit),30491
2018,Deutsche,Entlassungen aus dem Berufsvorbereitungsjahr,Berufsschule (Teilzeit),700
2018,Deutsche,Ohne erfolgreichen Besuch/Abschluss,Berufsschule (Teilzeit),2815
2018,Deutsche,Insgesamt,Berufsschule (Teilzeit),41723
2018,Deutsche,nachrichtlich: Abbruch im laufenden Schuljahr,Berufsschule (Teilzeit),11472
2018,Ausländerinnen und Ausländer,Allgemeine Hochschulreife,Berufsschule (Teilzeit),-
2018,Ausländerinnen und Ausländer,Fachhochschulreife,Berufsschule (Teilzeit),5
2018,Ausländerinnen und Ausländer,Schulischer Teil der Fachhochschulreife,Berufsschule (Teilzeit),-
2018,Ausländerinnen und Ausländer,Realschulabschluss,Berufsschule (Teilzeit),422
2018,Ausländerinnen und Ausländer,Hauptschulabschluss,Berufsschule (Teilzeit),22
2018,Ausländerinnen und Ausländer,Erfolgreicher Besuch,Berufsschule (Teilzeit),1051
2018,Ausländerinnen und Ausländer,Entlassungen aus dem Berufsvorbereitungsjahr,Berufsschule (Teilzeit),23
2018,Ausländerinnen und Ausländer,Ohne erfolgreichen Besuch/Abschluss,Berufsschule (Teilzeit),287
2018,Ausländerinnen und Ausländer,Insgesamt,Berufsschule (Teilzeit),1810
2018,Ausländerinnen und Ausländer,nachrichtlich: Abbruch im laufenden Schuljahr,Berufsschule (Teilzeit),1471
2017,Deutsche,Allgemeine Hochschulreife,Berufsschule (Teilzeit),-
2017,Deutsche,Fachhochschulreife,Berufsschule (Teilzeit),107
2017,Deutsche,Schulischer Teil der Fachhochschulreife,Berufsschule (Teilzeit),-
2017,Deutsche,Realschulabschluss,Berufsschule (Teilzeit),8889
2017,Deutsche,Hauptschulabschluss,Berufsschule (Teilzeit),256
2017,Deutsche,Erfolgreicher Besuch,Berufsschule (Teilzeit),31093
2017,Deutsche,Entlassungen aus dem Berufsvorbereitungsjahr,Berufsschule (Teilzeit),811
2017,Deutsche,Ohne erfolgreichen Besuch/Abschluss,Berufsschule (Teilzeit),2981
2017,Deutsche,Insgesamt,Berufsschule (Teilzeit),44137
2017,Deutsche,nachrichtlich: Abbruch im laufenden Schuljahr,Berufsschule (Teilzeit),12269
2017,Ausländerinnen und Ausländer,Allgemeine Hochschulreife,Berufsschule (Teilzeit),-
2017,Ausländerinnen und Ausländer,Fachhochschulreife,Berufsschule (Teilzeit),3
2017,Ausländerinnen und Ausländer,Schulischer Teil der Fachhochschulreife,Berufsschule (Teilzeit),-
2017,Ausländerinnen und Ausländer,Realschulabschluss,Berufsschule (Teilzeit),428
2017,Ausländerinnen und Ausländer,Hauptschulabschluss,Berufsschule (Teilzeit),15
2017,Ausländerinnen und Ausländer,Erfolgreicher Besuch,Berufsschule (Teilzeit),1009
2017,Ausländerinnen und Ausländer,Entlassungen aus dem Berufsvorbereitungsjahr,Berufsschule (Teilzeit),32
2017,Ausländerinnen und Ausländer,Ohne erfolgreichen Besuch/Abschluss,Berufsschule (Teilzeit),267
2017,Ausländerinnen und Ausländer,Insgesamt,Berufsschule (Teilzeit),1754
2017,Ausländerinnen und Ausländer,nachrichtlich: Abbruch im laufenden Schuljahr,Berufsschule (Teilzeit),1163
2015,Deutsche,Allgemeine Hochschulreife,Berufsschule (Teilzeit),-
2015,Deutsche,Fachhochschulreife,Berufsschule (Teilzeit),105
2015,Deutsche,Realschulabschluss,Berufsschule (Teilzeit),9671
2015,Deutsche,Hauptschulabschluss,Berufsschule (Teilzeit),257
2015,Deutsche,erfolgreicher Besuch,Berufsschule (Teilzeit),31960
2015,Deutsche,Entlassung aus dem Berufsvorbereitungsjahr,Berufsschule (Teilzeit),933
2015,Deutsche,ohne erfolgr. Besuch m. gleichz. erworb. Hauptschulabschl.,Berufsschule (Teilzeit),-
2015,Deutsche,ohne erfolgreichen Besuch/Abschluss,Berufsschule (Teilzeit),3359
2015,Deutsche,Insgesamt,Berufsschule (Teilzeit),46285
2015,Deutsche,nachrichtlich: Abbruch im laufenden Schuljahr,Berufsschule (Teilzeit),11060
2015,Ausländerinnen und Ausländer,Allgemeine Hochschulreife,Berufsschule (Teilzeit),-
2015,Ausländerinnen und Ausländer,Fachhochschulreife,Berufsschule (Teilzeit),3
2015,Ausländerinnen und Ausländer,Realschulabschluss,Berufsschule (Teilzeit),411
2015,Ausländerinnen und Ausländer,Hauptschulabschluss,Berufsschule (Teilzeit),12
2015,Ausländerinnen und Ausländer,erfolgreicher Besuch,Berufsschule (Teilzeit),917
2015,Ausländerinnen und Ausländer,Entlassung aus dem Berufsvorbereitungsjahr,Berufsschule (Teilzeit),26
2015,Ausländerinnen und Ausländer,ohne erfolgr. Besuch m. gleichz. erworb. Hauptschulabschl.,Berufsschule (Teilzeit),-
2015,Ausländerinnen und Ausländer,ohne erfolgreichen Besuch/Abschluss,Berufsschule (Teilzeit),264
2015,Ausländerinnen und Ausländer,Insgesamt,Berufsschule (Teilzeit),1633
2015,Ausländerinnen und Ausländer,nachrichtlich: Abbruch im laufenden Schuljahr,Berufsschule (Teilzeit),733
2014,Deutsche,Allgemeine Hochschulreife,Berufsschule (Teilzeit),-
2014,Deutsche,Fachhochschulreife,Berufsschule (Teilzeit),82
2014,Deutsche,Realschulabschluss,Berufsschule (Teilzeit),10671
2014,Deutsche,Hauptschulabschluss,Berufsschule (Teilzeit),319
2014,Deutsche,erfolgreicher Besuch,Berufsschule (Teilzeit),33547
2014,Deutsche,Entlassung aus dem Berufsvorbereitungsjahr,Berufsschule (Teilzeit),542
2014,Deutsche,ohne erfolgr. Besuch m. gleichz. erworb. Hauptschulabschl.,Berufsschule (Teilzeit),-
2014,Deutsche,ohne erfolgreichen Besuch/Abschluss,Berufsschule (Teilzeit),3518
2014,Deutsche,Insgesamt,Berufsschule (Teilzeit),48679
2014,Deutsche,nachrichtlich: Abbruch im laufenden Schuljahr,Berufsschule (Teilzeit),13622
2014,Ausländerinnen und Ausländer,Allgemeine Hochschulreife,Berufsschule (Teilzeit),-
2014,Ausländerinnen und Ausländer,Fachhochschulreife,Berufsschule (Teilzeit),1
2014,Ausländerinnen und Ausländer,Realschulabschluss,Berufsschule (Teilzeit),366
2014,Ausländerinnen und Ausländer,Hauptschulabschluss,Berufsschule (Teilzeit),10
2014,Ausländerinnen und Ausländer,erfolgreicher Besuch,Berufsschule (Teilzeit),873
2014,Ausländerinnen und Ausländer,Entlassung aus dem Berufsvorbereitungsjahr,Berufsschule (Teilzeit),12
2014,Ausländerinnen und Ausländer,ohne erfolgr. Besuch m. gleichz. erworb. Hauptschulabschl.,Berufsschule (Teilzeit),-
2014,Ausländerinnen und Ausländer,ohne erfolgreichen Besuch/Abschluss,Berufsschule (Teilzeit),243
2014,Ausländerinnen und Ausländer,Insgesamt,Berufsschule (Teilzeit),1505
2014,Ausländerinnen und Ausländer,nachrichtlich: Abbruch im laufenden Schuljahr,Berufsschule (Teilzeit),748
2012,Deutsche,Allgemeine Hochschulreife,Berufsschule (Teilzeit),-
2012,Deutsche,Fachhochschulreife,Berufsschule (Teilzeit),79
2012,Deutsche,Realschulabschluss,Berufsschule (Teilzeit),10795
2012,Deutsche,Hauptschulabschluss,Berufsschule (Teilzeit),402
2012,Deutsche,erfolgreicher Besuch,Berufsschule (Teilzeit),31944
2012,Deutsche,Entlassung aus dem Berufsvorbereitungsjahr,Berufsschule (Teilzeit),-
2012,Deutsche,ohne erfolgr. Besuch m. gleichz. erworb. Hauptschulabschl.,Berufsschule (Teilzeit),-
2012,Deutsche,ohne erfolgreichen Besuch/Abschluss,Berufsschule (Teilzeit),3581
2012,Deutsche,Insgesamt,Berufsschule (Teilzeit),46801
2012,Deutsche,nachrichtlich: Abbruch im laufenden Schuljahr,Berufsschule (Teilzeit),12574
2012,Ausländerinnen und Ausländer,Allgemeine Hochschulreife,Berufsschule (Teilzeit),-
2012,Ausländerinnen und Ausländer,Fachhochschulreife,Berufsschule (Teilzeit),-
2012,Ausländerinnen und Ausländer,Realschulabschluss,Berufsschule (Teilzeit),390
2012,Ausländerinnen und Ausländer,Hauptschulabschluss,Berufsschule (Teilzeit),15
2012,Ausländerinnen und Ausländer,erfolgreicher Besuch,Berufsschule (Teilzeit),871
2012,Ausländerinnen und Ausländer,Entlassung aus dem Berufsvorbereitungsjahr,Berufsschule (Teilzeit),-
2012,Ausländerinnen und Ausländer,ohne erfolgr. Besuch m. gleichz. erworb. Hauptschulabschl.,Berufsschule (Teilzeit),-
2012,Ausländerinnen und Ausländer,ohne erfolgreichen Besuch/Abschluss,Berufsschule (Teilzeit),258
2012,Ausländerinnen und Ausländer,Insgesamt,Berufsschule (Teilzeit),1534
2012,Ausländerinnen und Ausländer,nachrichtlich: Abbruch im laufenden Schuljahr,Berufsschule (Teilzeit),700
2011,Deutsche,Allgemeine Hochschulreife,Berufsschule (Teilzeit),-
2011,Deutsche,Fachhochschulreife,Berufsschule (Teilzeit),89
2011,Deutsche,Realschulabschluss,Berufsschule (Teilzeit),11039
2011,Deutsche,Hauptschulabschluss,Berufsschule (Teilzeit),449
2011,Deutsche,erfolgreicher Besuch,Berufsschule (Teilzeit),32624
2011,Deutsche,Entlassung aus dem Berufsvorbereitungsjahr,Berufsschule (Teilzeit),-
2011,Deutsche,ohne erfolgr. Besuch m. gleichz. erworb. Hauptschulabschl.,Berufsschule (Teilzeit),-
2011,Deutsche,ohne erfolgreichen Besuch/Abschluss,Berufsschule (Teilzeit),3198
2011,Deutsche,Insgesamt,Berufsschule (Teilzeit),47399
2011,Deutsche,nachrichtlich: Abbruch im laufenden Schuljahr,Berufsschule (Teilzeit),12273
2011,Ausländerinnen und Ausländer,Allgemeine Hochschulreife,Berufsschule (Teilzeit),-
2011,Ausländerinnen und Ausländer,Fachhochschulreife,Berufsschule (Teilzeit),7
2011,Ausländerinnen und Ausländer,Realschulabschluss,Berufsschule (Teilzeit),355
2011,Ausländerinnen und Ausländer,Hauptschulabschluss,Berufsschule (Teilzeit),23
2011,Ausländerinnen und Ausländer,erfolgreicher Besuch,Berufsschule (Teilzeit),921
2011,Ausländerinnen und Ausländer,Entlassung aus dem Berufsvorbereitungsjahr,Berufsschule (Teilzeit),-
2011,Ausländerinnen und Ausländer,ohne erfolgr. Besuch m. gleichz. erworb. Hauptschulabschl.,Berufsschule (Teilzeit),-
2011,Ausländerinnen und Ausländer,ohne erfolgreichen Besuch/Abschluss,Berufsschule (Teilzeit),191
2011,Ausländerinnen und Ausländer,Insgesamt,Berufsschule (Teilzeit),1497
2011,Ausländerinnen und Ausländer,nachrichtlich: Abbruch im laufenden Schuljahr,Berufsschule (Teilzeit),651
2010,Deutsche,Allgemeine Hochschulreife,Berufsschule (Teilzeit),-
2010,Deutsche,Fachhochschulreife,Berufsschule (Teilzeit),86
2010,Deutsche,Realschulabschluss,Berufsschule (Teilzeit),11028
2010,Deutsche,Hauptschulabschluss,Berufsschule (Teilzeit),415
2010,Deutsche,erfolgreicher Besuch,Berufsschule (Teilzeit),33962
2010,Deutsche,Entlassung aus dem Berufsvorbereitungsjahr,Berufsschule (Teilzeit),-
2010,Deutsche,ohne erfolgr. Besuch m. gleichz. erworb. Hauptschulabschl.,Berufsschule (Teilzeit),-
2010,Deutsche,ohne erfolgreichen Besuch/Abschluss,Berufsschule (Teilzeit),3052
2010,Deutsche,Insgesamt,Berufsschule (Teilzeit),48543
2010,Deutsche,nachrichtlich: Abbruch im laufenden Schuljahr,Berufsschule (Teilzeit),11395
2010,Ausländerinnen und Ausländer,Allgemeine Hochschulreife,Berufsschule (Teilzeit),-
2010,Ausländerinnen und Ausländer,Fachhochschulreife,Berufsschule (Teilzeit),1
2010,Ausländerinnen und Ausländer,Realschulabschluss,Berufsschule (Teilzeit),328
2010,Ausländerinnen und Ausländer,Hauptschulabschluss,Berufsschule (Teilzeit),5
2010,Ausländerinnen und Ausländer,erfolgreicher Besuch,Berufsschule (Teilzeit),801
2010,Ausländerinnen und Ausländer,Entlassung aus dem Berufsvorbereitungsjahr,Berufsschule (Teilzeit),-
2010,Ausländerinnen und Ausländer,ohne erfolgr. Besuch m. gleichz. erworb. Hauptschulabschl.,Berufsschule (Teilzeit),-
2010,Ausländerinnen und Ausländer,ohne erfolgreichen Besuch/Abschluss,Berufsschule (Teilzeit),134
2010,Ausländerinnen und Ausländer,Insgesamt,Berufsschule (Teilzeit),1269
2010,Ausländerinnen und Ausländer,nachrichtlich: Abbruch im laufenden Schuljahr,Berufsschule (Teilzeit),524
2006,Deutsche,Allgemeine Hochschulreife,Berufsschule (Teilzeit),-
2006,Deutsche,Fachhochschulreife,Berufsschule (Teilzeit),97
2006,Deutsche,Realschulabschluss,Berufsschule (Teilzeit),10884
2006,Deutsche,Hauptschulabschluss,Berufsschule (Teilzeit),434
2006,Deutsche,erfolgreicher Besuch,Berufsschule (Teilzeit),29076
2006,Deutsche,Entlassung aus dem Berufsvorbereitungsjahr,Berufsschule (Teilzeit),-
2006,Deutsche,ohne erfolgr. Besuch m. gleichz. erworb. Hauptschulabschl.,Berufsschule (Teilzeit),-
2006,Deutsche,ohne erfolgreichen Besuch/Abschluss,Berufsschule (Teilzeit),3724
2006,Deutsche,Insgesamt,Berufsschule (Teilzeit),44215
2006,Deutsche,nachrichtlich: Abbruch im laufenden Schuljahr,Berufsschule (Teilzeit),8002
2006,Ausländerinnen und Ausländer,Allgemeine Hochschulreife,Berufsschule (Teilzeit),-
2006,Ausländerinnen und Ausländer,Fachhochschulreife,Berufsschule (Teilzeit),1
2006,Ausländerinnen und Ausländer,Realschulabschluss,Berufsschule (Teilzeit),319
2006,Ausländerinnen und Ausländer,Hauptschulabschluss,Berufsschule (Teilzeit),10
2006,Ausländerinnen und Ausländer,erfolgreicher Besuch,Berufsschule (Teilzeit),777
2006,Ausländerinnen und Ausländer,Entlassung aus dem Berufsvorbereitungsjahr,Berufsschule (Teilzeit),-
2006,Ausländerinnen und Ausländer,ohne erfolgr. Besuch m. gleichz. erworb. Hauptschulabschl.,Berufsschule (Teilzeit),-
2006,Ausländerinnen und Ausländer,ohne erfolgreichen Besuch/Abschluss,Berufsschule (Teilzeit),194
2006,Ausländerinnen und Ausländer,Insgesamt,Berufsschule (Teilzeit),1301
2006,Ausländerinnen und Ausländer,nachrichtlich: Abbruch im laufenden Schuljahr,Berufsschule (Teilzeit),423
2005,Deutsche,Allgemeine Hochschulreife,Berufsschule (Teilzeit),-
2005,Deutsche,Fachhochschulreife,Berufsschule (Teilzeit),96
2005,Deutsche,Realschulabschluss,Berufsschule (Teilzeit),10698
2005,Deutsche,Hauptschulabschluss,Berufsschule (Teilzeit),429
2005,Deutsche,erfolgreicher Besuch,Berufsschule (Teilzeit),28999
2005,Deutsche,Entlassung aus dem Berufsvorbereitungsjahr,Berufsschule (Teilzeit),-
2005,Deutsche,ohne erfolgr. Besuch m. gleichz. erworb. Hauptschulabschl.,Berufsschule (Teilzeit),-
2005,Deutsche,ohne erfolgreichen Besuch/Abschluss,Berufsschule (Teilzeit),4273
2005,Deutsche,Insgesamt,Berufsschule (Teilzeit),44495
2005,Deutsche,nachrichtlich: Abbruch im laufenden Schuljahr,Berufsschule (Teilzeit),7986
2005,Ausländerinnen und Ausländer,Allgemeine Hochschulreife,Berufsschule (Teilzeit),-
2005,Ausländerinnen und Ausländer,Fachhochschulreife,Berufsschule (Teilzeit),8
2005,Ausländerinnen und Ausländer,Realschulabschluss,Berufsschule (Teilzeit),419
2005,Ausländerinnen und Ausländer,Hauptschulabschluss,Berufsschule (Teilzeit),27
2005,Ausländerinnen und Ausländer,erfolgreicher Besuch,Berufsschule (Teilzeit),817
2005,Ausländerinnen und Ausländer,Entlassung aus dem Berufsvorbereitungsjahr,Berufsschule (Teilzeit),-
2005,Ausländerinnen und Ausländer,ohne erfolgr. Besuch m. gleichz. erworb. Hauptschulabschl.,Berufsschule (Teilzeit),-
2005,Ausländerinnen und Ausländer,ohne erfolgreichen Besuch/Abschluss,Berufsschule (Teilzeit),318
2005,Ausländerinnen und Ausländer,Insgesamt,Berufsschule (Teilzeit),1589
2005,Ausländerinnen und Ausländer,nachrichtlich: Abbruch im laufenden Schuljahr,Berufsschule (Teilzeit),411
2019,Deutsche,Allgemeine Hochschulreife,Berufseinstiegsklasse,-
2019,Deutsche,Fachhochschulreife,Berufseinstiegsklasse,-
2019,Deutsche,Schulischer Teil der Fachhochschulreife,Berufseinstiegsklasse,-
2019,Deutsche,Realschulabschluss,Berufseinstiegsklasse,-
2019,Deutsche,Hauptschulabschluss,Berufseinstiegsklasse,1259
2019,Deutsche,Erfolgreicher Besuch,Berufseinstiegsklasse,195
2019,Deutsche,Entlassungen aus dem Berufsvorbereitungsjahr,Berufseinstiegsklasse,-
2019,Deutsche,Ohne erfolgreichen Besuch/Abschluss,Berufseinstiegsklasse,721
2019,Deutsche,Insgesamt,Berufseinstiegsklasse,2175
2019,Deutsche,nachrichtlich: Abbruch im laufenden Schuljahr,Berufseinstiegsklasse,395
2019,Ausländerinnen und Ausländer,Allgemeine Hochschulreife,Berufseinstiegsklasse,-
2019,Ausländerinnen und Ausländer,Fachhochschulreife,Berufseinstiegsklasse,-
2019,Ausländerinnen und Ausländer,Schulischer Teil der Fachhochschulreife,Berufseinstiegsklasse,-
2019,Ausländerinnen und Ausländer,Realschulabschluss,Berufseinstiegsklasse,-
2019,Ausländerinnen und Ausländer,Hauptschulabschluss,Berufseinstiegsklasse,1055
2019,Ausländerinnen und Ausländer,Erfolgreicher Besuch,Berufseinstiegsklasse,70
2019,Ausländerinnen und Ausländer,Entlassungen aus dem Berufsvorbereitungsjahr,Berufseinstiegsklasse,-
2019,Ausländerinnen und Ausländer,Ohne erfolgreichen Besuch/Abschluss,Berufseinstiegsklasse,343
2019,Ausländerinnen und Ausländer,Insgesamt,Berufseinstiegsklasse,1468
2019,Ausländerinnen und Ausländer,nachrichtlich: Abbruch im laufenden Schuljahr,Berufseinstiegsklasse,326
2018,Deutsche,Fachhochschulreife,Berufseinstiegsklasse,-
2018,Deutsche,Schulischer Teil der Fachhochschulreife,Berufseinstiegsklasse,-
2018,Deutsche,Realschulabschluss,Berufseinstiegsklasse,-
2018,Deutsche,Hauptschulabschluss,Berufseinstiegsklasse,1493
2018,Deutsche,Erfolgreicher Besuch,Berufseinstiegsklasse,159
2018,Deutsche,Entlassungen aus dem Berufsvorbereitungsjahr,Berufseinstiegsklasse,-
2018,Deutsche,Ohne erfolgreichen Besuch/Abschluss,Berufseinstiegsklasse,784
2018,Deutsche,Insgesamt,Berufseinstiegsklasse,2436
2018,Deutsche,nachrichtlich: Abbruch im laufenden Schuljahr,Berufseinstiegsklasse,406
2018,Ausländerinnen und Ausländer,Allgemeine Hochschulreife,Berufseinstiegsklasse,-
2018,Ausländerinnen und Ausländer,Fachhochschulreife,Berufseinstiegsklasse,-
2018,Ausländerinnen und Ausländer,Schulischer Teil der Fachhochschulreife,Berufseinstiegsklasse,-
2018,Ausländerinnen und Ausländer,Realschulabschluss,Berufseinstiegsklasse,-
2018,Ausländerinnen und Ausländer,Hauptschulabschluss,Berufseinstiegsklasse,1227
2018,Ausländerinnen und Ausländer,Erfolgreicher Besuch,Berufseinstiegsklasse,58
2018,Ausländerinnen und Ausländer,Entlassungen aus dem Berufsvorbereitungsjahr,Berufseinstiegsklasse,-
2018,Ausländerinnen und Ausländer,Ohne erfolgreichen Besuch/Abschluss,Berufseinstiegsklasse,445
2018,Ausländerinnen und Ausländer,Insgesamt,Berufseinstiegsklasse,1730
2018,Ausländerinnen und Ausländer,nachrichtlich: Abbruch im laufenden Schuljahr,Berufseinstiegsklasse,288
2017,Deutsche,Allgemeine Hochschulreife,Berufseinstiegsklasse,-
2017,Deutsche,Fachhochschulreife,Berufseinstiegsklasse,-
2017,Deutsche,Schulischer Teil der Fachhochschulreife,Berufseinstiegsklasse,-
2017,Deutsche,Realschulabschluss,Berufseinstiegsklasse,-
2017,Deutsche,Hauptschulabschluss,Berufseinstiegsklasse,1473
2017,Deutsche,Erfolgreicher Besuch,Berufseinstiegsklasse,181
2017,Deutsche,Entlassungen aus dem Berufsvorbereitungsjahr,Berufseinstiegsklasse,-
2017,Deutsche,Ohne erfolgreichen Besuch/Abschluss,Berufseinstiegsklasse,806
2017,Deutsche,Insgesamt,Berufseinstiegsklasse,2460
2017,Deutsche,nachrichtlich: Abbruch im laufenden Schuljahr,Berufseinstiegsklasse,435
2017,Ausländerinnen und Ausländer,Allgemeine Hochschulreife,Berufseinstiegsklasse,-
2017,Ausländerinnen und Ausländer,Fachhochschulreife,Berufseinstiegsklasse,-
2017,Ausländerinnen und Ausländer,Schulischer Teil der Fachhochschulreife,Berufseinstiegsklasse,-
2017,Ausländerinnen und Ausländer,Realschulabschluss,Berufseinstiegsklasse,-
2017,Ausländerinnen und Ausländer,Hauptschulabschluss,Berufseinstiegsklasse,588
2017,Ausländerinnen und Ausländer,Erfolgreicher Besuch,Berufseinstiegsklasse,92
2017,Ausländerinnen und Ausländer,Entlassungen aus dem Berufsvorbereitungsjahr,Berufseinstiegsklasse,-
2017,Ausländerinnen und Ausländer,Ohne erfolgreichen Besuch/Abschluss,Berufseinstiegsklasse,235
2017,Ausländerinnen und Ausländer,Insgesamt,Berufseinstiegsklasse,915
2017,Ausländerinnen und Ausländer,nachrichtlich: Abbruch im laufenden Schuljahr,Berufseinstiegsklasse,163
2015,Deutsche,Allgemeine Hochschulreife,Berufseinstiegsklasse,-
2015,Deutsche,Fachhochschulreife,Berufseinstiegsklasse,-
2015,Deutsche,Realschulabschluss,Berufseinstiegsklasse,-
2015,Deutsche,Hauptschulabschluss,Berufseinstiegsklasse,1500
2015,Deutsche,erfolgreicher Besuch,Berufseinstiegsklasse,268
2015,Deutsche,Entlassung aus dem Berufsvorbereitungsjahr,Berufseinstiegsklasse,-
2015,Deutsche,ohne erfolgr. Besuch m. gleichz. erworb. Hauptschulabschl.,Berufseinstiegsklasse,-
2015,Deutsche,ohne erfolgreichen Besuch/Abschluss,Berufseinstiegsklasse,790
2015,Deutsche,Insgesamt,Berufseinstiegsklasse,2558
2015,Deutsche,nachrichtlich: Abbruch im laufenden Schuljahr,Berufseinstiegsklasse,403
2015,Ausländerinnen und Ausländer,Allgemeine Hochschulreife,Berufseinstiegsklasse,-
2015,Ausländerinnen und Ausländer,Fachhochschulreife,Berufseinstiegsklasse,-
2015,Ausländerinnen und Ausländer,Realschulabschluss,Berufseinstiegsklasse,-
2015,Ausländerinnen und Ausländer,Hauptschulabschluss,Berufseinstiegsklasse,254
2015,Ausländerinnen und Ausländer,erfolgreicher Besuch,Berufseinstiegsklasse,31
2015,Ausländerinnen und Ausländer,Entlassung aus dem Berufsvorbereitungsjahr,Berufseinstiegsklasse,-
2015,Ausländerinnen und Ausländer,ohne erfolgr. Besuch m. gleichz. erworb. Hauptschulabschl.,Berufseinstiegsklasse,-
2015,Ausländerinnen und Ausländer,ohne erfolgreichen Besuch/Abschluss,Berufseinstiegsklasse,161
2015,Ausländerinnen und Ausländer,Insgesamt,Berufseinstiegsklasse,446
2015,Ausländerinnen und Ausländer,nachrichtlich: Abbruch im laufenden Schuljahr,Berufseinstiegsklasse,95
2014,Deutsche,Allgemeine Hochschulreife,Berufseinstiegsklasse,-
2014,Deutsche,Fachhochschulreife,Berufseinstiegsklasse,-
2014,Deutsche,Realschulabschluss,Berufseinstiegsklasse,-
2014,Deutsche,Hauptschulabschluss,Berufseinstiegsklasse,1825
2014,Deutsche,erfolgreicher Besuch,Berufseinstiegsklasse,323
2014,Deutsche,Entlassung aus dem Berufsvorbereitungsjahr,Berufseinstiegsklasse,-
2014,Deutsche,ohne erfolgr. Besuch m. gleichz. erworb. Hauptschulabschl.,Berufseinstiegsklasse,-
2014,Deutsche,ohne erfolgreichen Besuch/Abschluss,Berufseinstiegsklasse,969
2014,Deutsche,Insgesamt,Berufseinstiegsklasse,3117
2014,Deutsche,nachrichtlich: Abbruch im laufenden Schuljahr,Berufseinstiegsklasse,589
2014,Ausländerinnen und Ausländer,Allgemeine Hochschulreife,Berufseinstiegsklasse,-
2014,Ausländerinnen und Ausländer,Fachhochschulreife,Berufseinstiegsklasse,-
2014,Ausländerinnen und Ausländer,Realschulabschluss,Berufseinstiegsklasse,-
2014,Ausländerinnen und Ausländer,Hauptschulabschluss,Berufseinstiegsklasse,260
2014,Ausländerinnen und Ausländer,erfolgreicher Besuch,Berufseinstiegsklasse,40
2014,Ausländerinnen und Ausländer,Entlassung aus dem Berufsvorbereitungsjahr,Berufseinstiegsklasse,-
2014,Ausländerinnen und Ausländer,ohne erfolgr. Besuch m. gleichz. erworb. Hauptschulabschl.,Berufseinstiegsklasse,-
2014,Ausländerinnen und Ausländer,ohne erfolgreichen Besuch/Abschluss,Berufseinstiegsklasse,124
2014,Ausländerinnen und Ausländer,Insgesamt,Berufseinstiegsklasse,424
2014,Ausländerinnen und Ausländer,nachrichtlich: Abbruch im laufenden Schuljahr,Berufseinstiegsklasse,101
2012,Deutsche,Allgemeine Hochschulreife,Berufseinstiegsklasse,-
2012,Deutsche,Fachhochschulreife,Berufseinstiegsklasse,-
2012,Deutsche,Realschulabschluss,Berufseinstiegsklasse,-
2012,Deutsche,Hauptschulabschluss,Berufseinstiegsklasse,1824
2012,Deutsche,erfolgreicher Besuch,Berufseinstiegsklasse,383
2012,Deutsche,Entlassung aus dem Berufsvorbereitungsjahr,Berufseinstiegsklasse,-
2012,Deutsche,ohne erfolgr. Besuch m. gleichz. erworb. Hauptschulabschl.,Berufseinstiegsklasse,-
2012,Deutsche,ohne erfolgreichen Besuch/Abschluss,Berufseinstiegsklasse,965
2012,Deutsche,Insgesamt,Berufseinstiegsklasse,3172
2012,Deutsche,nachrichtlich: Abbruch im laufenden Schuljahr,Berufseinstiegsklasse,538
2012,Ausländerinnen und Ausländer,Allgemeine Hochschulreife,Berufseinstiegsklasse,-
2012,Ausländerinnen und Ausländer,Fachhochschulreife,Berufseinstiegsklasse,-
2012,Ausländerinnen und Ausländer,Realschulabschluss,Berufseinstiegsklasse,-
2012,Ausländerinnen und Ausländer,Hauptschulabschluss,Berufseinstiegsklasse,222
2012,Ausländerinnen und Ausländer,erfolgreicher Besuch,Berufseinstiegsklasse,38
2012,Ausländerinnen und Ausländer,Entlassung aus dem Berufsvorbereitungsjahr,Berufseinstiegsklasse,-
2012,Ausländerinnen und Ausländer,ohne erfolgr. Besuch m. gleichz. erworb. Hauptschulabschl.,Berufseinstiegsklasse,-
2012,Ausländerinnen und Ausländer,ohne erfolgreichen Besuch/Abschluss,Berufseinstiegsklasse,123
2012,Ausländerinnen und Ausländer,Insgesamt,Berufseinstiegsklasse,383
2012,Ausländerinnen und Ausländer,nachrichtlich: Abbruch im laufenden Schuljahr,Berufseinstiegsklasse,78
2011,Deutsche,Allgemeine Hochschulreife,Berufseinstiegsklasse,-
2011,Deutsche,Fachhochschulreife,Berufseinstiegsklasse,-
2011,Deutsche,Realschulabschluss,Berufseinstiegsklasse,-
2011,Deutsche,Hauptschulabschluss,Berufseinstiegsklasse,2034
2011,Deutsche,erfolgreicher Besuch,Berufseinstiegsklasse,353
2011,Deutsche,Entlassung aus dem Berufsvorbereitungsjahr,Berufseinstiegsklasse,-
2011,Deutsche,ohne erfolgr. Besuch m. gleichz. erworb. Hauptschulabschl.,Berufseinstiegsklasse,-
2011,Deutsche,ohne erfolgreichen Besuch/Abschluss,Berufseinstiegsklasse,1111
2011,Deutsche,Insgesamt,Berufseinstiegsklasse,3498
2011,Deutsche,nachrichtlich: Abbruch im laufenden Schuljahr,Berufseinstiegsklasse,656
2011,Ausländerinnen und Ausländer,Allgemeine Hochschulreife,Berufseinstiegsklasse,-
2011,Ausländerinnen und Ausländer,Fachhochschulreife,Berufseinstiegsklasse,-
2011,Ausländerinnen und Ausländer,Realschulabschluss,Berufseinstiegsklasse,-
2011,Ausländerinnen und Ausländer,Hauptschulabschluss,Berufseinstiegsklasse,204
2011,Ausländerinnen und Ausländer,erfolgreicher Besuch,Berufseinstiegsklasse,42
2011,Ausländerinnen und Ausländer,Entlassung aus dem Berufsvorbereitungsjahr,Berufseinstiegsklasse,-
2011,Ausländerinnen und Ausländer,ohne erfolgr. Besuch m. gleichz. erworb. Hauptschulabschl.,Berufseinstiegsklasse,-
2011,Ausländerinnen und Ausländer,ohne erfolgreichen Besuch/Abschluss,Berufseinstiegsklasse,144
2011,Ausländerinnen und Ausländer,Insgesamt,Berufseinstiegsklasse,390
2011,Ausländerinnen und Ausländer,nachrichtlich: Abbruch im laufenden Schuljahr,Berufseinstiegsklasse,91
2010,Deutsche,Allgemeine Hochschulreife,Berufseinstiegsklasse,-
2010,Deutsche,Fachhochschulreife,Berufseinstiegsklasse,-
2010,Deutsche,Realschulabschluss,Berufseinstiegsklasse,-
2010,Deutsche,Hauptschulabschluss,Berufseinstiegsklasse,2112
2010,Deutsche,erfolgreicher Besuch,Berufseinstiegsklasse,441
2010,Deutsche,Entlassung aus dem Berufsvorbereitungsjahr,Berufseinstiegsklasse,-
2010,Deutsche,ohne erfolgr. Besuch m. gleichz. erworb. Hauptschulabschl.,Berufseinstiegsklasse,-
2010,Deutsche,ohne erfolgreichen Besuch/Abschluss,Berufseinstiegsklasse,1183
2010,Deutsche,Insgesamt,Berufseinstiegsklasse,3736
2010,Deutsche,nachrichtlich: Abbruch im laufenden Schuljahr,Berufseinstiegsklasse,704
2010,Ausländerinnen und Ausländer,Allgemeine Hochschulreife,Berufseinstiegsklasse,-
2010,Ausländerinnen und Ausländer,Fachhochschulreife,Berufseinstiegsklasse,-
2010,Ausländerinnen und Ausländer,Realschulabschluss,Berufseinstiegsklasse,-
2010,Ausländerinnen und Ausländer,Hauptschulabschluss,Berufseinstiegsklasse,256
2010,Ausländerinnen und Ausländer,erfolgreicher Besuch,Berufseinstiegsklasse,42
2010,Ausländerinnen und Ausländer,Entlassung aus dem Berufsvorbereitungsjahr,Berufseinstiegsklasse,-
2010,Ausländerinnen und Ausländer,ohne erfolgr. Besuch m. gleichz. erworb. Hauptschulabschl.,Berufseinstiegsklasse,-
2010,Ausländerinnen und Ausländer,ohne erfolgreichen Besuch/Abschluss,Berufseinstiegsklasse,169
2010,Ausländerinnen und Ausländer,Insgesamt,Berufseinstiegsklasse,467
2010,Ausländerinnen und Ausländer,nachrichtlich: Abbruch im laufenden Schuljahr,Berufseinstiegsklasse,90
2006,Deutsche,Allgemeine Hochschulreife,Berufseinstiegsklasse,-
2006,Deutsche,Fachhochschulreife,Berufseinstiegsklasse,-
2006,Deutsche,Realschulabschluss,Berufseinstiegsklasse,-
2006,Deutsche,Hauptschulabschluss,Berufseinstiegsklasse,-
2006,Deutsche,erfolgreicher Besuch,Berufseinstiegsklasse,-
2006,Deutsche,Entlassung aus dem Berufsvorbereitungsjahr,Berufseinstiegsklasse,-
2006,Deutsche,ohne erfolgr. Besuch m. gleichz. erworb. Hauptschulabschl.,Berufseinstiegsklasse,-
2006,Deutsche,ohne erfolgreichen Besuch/Abschluss,Berufseinstiegsklasse,-
2006,Deutsche,Insgesamt,Berufseinstiegsklasse,-
2006,Deutsche,nachrichtlich: Abbruch im laufenden Schuljahr,Berufseinstiegsklasse,-
2006,Ausländerinnen und Ausländer,Allgemeine Hochschulreife,Berufseinstiegsklasse,-
2006,Ausländerinnen und Ausländer,Fachhochschulreife,Berufseinstiegsklasse,-
2006,Ausländerinnen und Ausländer,Realschulabschluss,Berufseinstiegsklasse,-
2006,Ausländerinnen und Ausländer,Hauptschulabschluss,Berufseinstiegsklasse,-
2006,Ausländerinnen und Ausländer,erfolgreicher Besuch,Berufseinstiegsklasse,-
2006,Ausländerinnen und Ausländer,Entlassung aus dem Berufsvorbereitungsjahr,Berufseinstiegsklasse,-
2006,Ausländerinnen und Ausländer,ohne erfolgr. Besuch m. gleichz. erworb. Hauptschulabschl.,Berufseinstiegsklasse,-
2006,Ausländerinnen und Ausländer,ohne erfolgreichen Besuch/Abschluss,Berufseinstiegsklasse,-
2006,Ausländerinnen und Ausländer,Insgesamt,Berufseinstiegsklasse,-
2006,Ausländerinnen und Ausländer,nachrichtlich: Abbruch im laufenden Schuljahr,Berufseinstiegsklasse,-
2005,Deutsche,Allgemeine Hochschulreife,Berufseinstiegsklasse,-
2005,Deutsche,Fachhochschulreife,Berufseinstiegsklasse,-
2005,Deutsche,Realschulabschluss,Berufseinstiegsklasse,-
2005,Deutsche,Hauptschulabschluss,Berufseinstiegsklasse,-
2005,Deutsche,erfolgreicher Besuch,Berufseinstiegsklasse,-
2005,Deutsche,Entlassung aus dem Berufsvorbereitungsjahr,Berufseinstiegsklasse,-
2005,Deutsche,ohne erfolgr. Besuch m. gleichz. erworb. Hauptschulabschl.,Berufseinstiegsklasse,-
2005,Deutsche,ohne erfolgreichen Besuch/Abschluss,Berufseinstiegsklasse,-
2005,Deutsche,Insgesamt,Berufseinstiegsklasse,-
2005,Deutsche,nachrichtlich: Abbruch im laufenden Schuljahr,Berufseinstiegsklasse,-
2005,Ausländerinnen und Ausländer,Allgemeine Hochschulreife,Berufseinstiegsklasse,-
2005,Ausländerinnen und Ausländer,Fachhochschulreife,Berufseinstiegsklasse,-
2005,Ausländerinnen und Ausländer,Realschulabschluss,Berufseinstiegsklasse,-
2005,Ausländerinnen und Ausländer,Hauptschulabschluss,Berufseinstiegsklasse,-
2005,Ausländerinnen und Ausländer,erfolgreicher Besuch,Berufseinstiegsklasse,-
2005,Ausländerinnen und Ausländer,Entlassung aus dem Berufsvorbereitungsjahr,Berufseinstiegsklasse,-
2005,Ausländerinnen und Ausländer,ohne erfolgr. Besuch m. gleichz. erworb. Hauptschulabschl.,Berufseinstiegsklasse,-
2005,Ausländerinnen und Ausländer,ohne erfolgreichen Besuch/Abschluss,Berufseinstiegsklasse,-
2005,Ausländerinnen und Ausländer,Insgesamt,Berufseinstiegsklasse,-
2005,Ausländerinnen und Ausländer,nachrichtlich: Abbruch im laufenden Schuljahr,Berufseinstiegsklasse,-
