Year,Gebietseinheit,GeoCode,Value
2005,"Braunschweig, Stadt",K03101,20275
2005,"Salzgitter, Stadt",K03102,10721
2005,"Wolfsburg, Stadt",K03103,11986
2005,Gifhorn,K03151,7612
2005,Goslar,K03153,7506
2005,Helmstedt,K03154,3648
2005,Northeim,K03155,5806
2005,Peine,K03157,6834
2005,Wolfenbüttel,K03158,4886
2005,Göttingen,K03159,20262
2005,Statistische Region Braunschweig,K031,99536
2005,Region Hannover,K03241,115165
2005,"dav. Hannover, Lhst.",K03241001,75016
2005,"dav. Hannover, Umland",K03241999,40149
2005,Diepholz,K03251,8256
2005,Hameln-Pyrmont,K03252,11014
2005,Hildesheim,K03254,14631
2005,Holzminden,K03255,3433
2005,Nienburg (Weser),K03256,5488
2005,Schaumburg,K03257,9608
2005,Statistische Region Hannover,K032,167595
2005,Celle,K03351,7805
2005,Cuxhaven,K03352,8730
2005,Harburg,K03353,11011
2005,Lüchow-Dannenberg,K03354,1273
2005,Lüneburg,K03355,6903
2005,Osterholz,K03356,3984
2005,Rotenburg (Wümme),K03357,6581
2005,Heidekreis,K03358,5949
2005,Stade,K03359,8004
2005,Uelzen,K03360,2786
2005,Verden,K03361,6736
2005,Statistische Region Lüneburg,K033,69762
2005,"Delmenhorst, Stadt",K03401,6751
2005,"Emden, Stadt",K03402,2783
2005,"Oldenburg (Oldb), Stadt",K03403,9884
2005,"Osnabrück, Stadt",K03404,15137
2005,"Wilhelmshaven, Stadt",K03405,3851
2005,Ammerland,K03451,3288
2005,Aurich,K03452,5338
2005,Cloppenburg,K03453,6341
2005,Emsland,K03454,12579
2005,Friesland,K03455,2756
2005,Grafschaft Bentheim,K03456,13305
2005,Leer,K03457,6519
2005,Oldenburg,K03458,4295
2005,Osnabrück,K03459,16305
2005,Vechta,K03460,8901
2005,Wesermarsch,K03461,5233
2005,Wittmund,K03462,1327
2005,Statistische Region Weser-Ems,K034,124593
2005,Niedersachsen,K030,461486
2006,"Braunschweig, Stadt",K03101,20282
2006,"Salzgitter, Stadt",K03102,10474
2006,"Wolfsburg, Stadt",K03103,11941
2006,Gifhorn,K03151,7371
2006,Goslar,K03153,7325
2006,Helmstedt,K03154,3620
2006,Northeim,K03155,5607
2006,Peine,K03157,6676
2006,Wolfenbüttel,K03158,4660
2006,Göttingen,K03159,19719
2006,Statistische Region Braunschweig,K031,97675
2006,Region Hannover,K03241,115063
2006,"dav. Hannover, Lhst.",K03241001,74898
2006,"dav. Hannover, Umland",K03241999,40165
2006,Diepholz,K03251,8139
2006,Hameln-Pyrmont,K03252,10617
2006,Hildesheim,K03254,14237
2006,Holzminden,K03255,3274
2006,Nienburg (Weser),K03256,5402
2006,Schaumburg,K03257,9138
2006,Statistische Region Hannover,K032,165870
2006,Celle,K03351,7594
2006,Cuxhaven,K03352,8486
2006,Harburg,K03353,10667
2006,Lüchow-Dannenberg,K03354,1267
2006,Lüneburg,K03355,6746
2006,Osterholz,K03356,3951
2006,Rotenburg (Wümme),K03357,6516
2006,Heidekreis,K03358,5987
2006,Stade,K03359,7920
2006,Uelzen,K03360,2742
2006,Verden,K03361,6710
2006,Statistische Region Lüneburg,K033,68586
2006,"Delmenhorst, Stadt",K03401,6486
2006,"Emden, Stadt",K03402,2664
2006,"Oldenburg (Oldb), Stadt",K03403,9767
2006,"Osnabrück, Stadt",K03404,14718
2006,"Wilhelmshaven, Stadt",K03405,3710
2006,Ammerland,K03451,3324
2006,Aurich,K03452,5511
2006,Cloppenburg,K03453,6549
2006,Emsland,K03454,14186
2006,Friesland,K03455,2750
2006,Grafschaft Bentheim,K03456,14052
2006,Leer,K03457,6700
2006,Oldenburg,K03458,4397
2006,Osnabrück,K03459,16323
2006,Vechta,K03460,8932
2006,Wesermarsch,K03461,5295
2006,Wittmund,K03462,1262
2006,Statistische Region Weser-Ems,K034,126626
2006,Niedersachsen,K030,458757
2007,"Braunschweig, Stadt",K03101,19875
2007,"Salzgitter, Stadt",K03102,10224
2007,"Wolfsburg, Stadt",K03103,11772
2007,Gifhorn,K03151,7223
2007,Goslar,K03153,7231
2007,Helmstedt,K03154,3498
2007,Northeim,K03155,5438
2007,Peine,K03157,6488
2007,Wolfenbüttel,K03158,4529
2007,Göttingen,K03159,19098
2007,Statistische Region Braunschweig,K031,95376
2007,Region Hannover,K03241,114709
2007,"dav. Hannover, Lhst.",K03241001,74977
2007,"dav. Hannover, Umland",K03241999,39732
2007,Diepholz,K03251,8229
2007,Hameln-Pyrmont,K03252,10381
2007,Hildesheim,K03254,13889
2007,Holzminden,K03255,3213
2007,Nienburg (Weser),K03256,5316
2007,Schaumburg,K03257,8895
2007,Statistische Region Hannover,K032,164632
2007,Celle,K03351,7394
2007,Cuxhaven,K03352,8328
2007,Harburg,K03353,10514
2007,Lüchow-Dannenberg,K03354,1301
2007,Lüneburg,K03355,6556
2007,Osterholz,K03356,3915
2007,Rotenburg (Wümme),K03357,6495
2007,Heidekreis,K03358,5929
2007,Stade,K03359,7999
2007,Uelzen,K03360,2695
2007,Verden,K03361,6576
2007,Statistische Region Lüneburg,K033,67702
2007,"Delmenhorst, Stadt",K03401,6323
2007,"Emden, Stadt",K03402,2663
2007,"Oldenburg (Oldb), Stadt",K03403,9786
2007,"Osnabrück, Stadt",K03404,14631
2007,"Wilhelmshaven, Stadt",K03405,3676
2007,Ammerland,K03451,3375
2007,Aurich,K03452,5487
2007,Cloppenburg,K03453,6898
2007,Emsland,K03454,15526
2007,Friesland,K03455,2732
2007,Grafschaft Bentheim,K03456,14593
2007,Leer,K03457,7060
2007,Oldenburg,K03458,4428
2007,Osnabrück,K03459,16856
2007,Vechta,K03460,8945
2007,Wesermarsch,K03461,5168
2007,Wittmund,K03462,1242
2007,Statistische Region Weser-Ems,K034,129389
2007,Niedersachsen,K030,457099
2008,"Braunschweig, Stadt",K03101,19402
2008,"Salzgitter, Stadt",K03102,10191
2008,"Wolfsburg, Stadt",K03103,11824
2008,Gifhorn,K03151,7038
2008,Goslar,K03153,7086
2008,Helmstedt,K03154,3392
2008,Northeim,K03155,5213
2008,Peine,K03157,6382
2008,Wolfenbüttel,K03158,4489
2008,Göttingen,K03159,18578
2008,Statistische Region Braunschweig,K031,93595
2008,Region Hannover,K03241,112514
2008,"dav. Hannover, Lhst.",K03241001,74111
2008,"dav. Hannover, Umland",K03241999,38403
2008,Diepholz,K03251,8105
2008,Hameln-Pyrmont,K03252,10213
2008,Hildesheim,K03254,13669
2008,Holzminden,K03255,3109
2008,Nienburg (Weser),K03256,5301
2008,Schaumburg,K03257,8498
2008,Statistische Region Hannover,K032,161409
2008,Celle,K03351,7449
2008,Cuxhaven,K03352,8238
2008,Harburg,K03353,10670
2008,Lüchow-Dannenberg,K03354,1372
2008,Lüneburg,K03355,6390
2008,Osterholz,K03356,3854
2008,Rotenburg (Wümme),K03357,6402
2008,Heidekreis,K03358,5739
2008,Stade,K03359,8070
2008,Uelzen,K03360,2550
2008,Verden,K03361,6545
2008,Statistische Region Lüneburg,K033,67279
2008,"Delmenhorst, Stadt",K03401,6245
2008,"Emden, Stadt",K03402,2585
2008,"Oldenburg (Oldb), Stadt",K03403,9419
2008,"Osnabrück, Stadt",K03404,14584
2008,"Wilhelmshaven, Stadt",K03405,3618
2008,Ammerland,K03451,3362
2008,Aurich,K03452,5158
2008,Cloppenburg,K03453,7296
2008,Emsland,K03454,16357
2008,Friesland,K03455,2655
2008,Grafschaft Bentheim,K03456,15398
2008,Leer,K03457,7139
2008,Oldenburg,K03458,4430
2008,Osnabrück,K03459,17266
2008,Vechta,K03460,9034
2008,Wesermarsch,K03461,5077
2008,Wittmund,K03462,1235
2008,Statistische Region Weser-Ems,K034,130858
2008,Niedersachsen,K030,453141
2009,"Braunschweig, Stadt",K03101,19399
2009,"Salzgitter, Stadt",K03102,10062
2009,"Wolfsburg, Stadt",K03103,11796
2009,Gifhorn,K03151,7058
2009,Goslar,K03153,7041
2009,Helmstedt,K03154,3352
2009,Northeim,K03155,5115
2009,Peine,K03157,6401
2009,Wolfenbüttel,K03158,4392
2009,Göttingen,K03159,18869
2009,Statistische Region Braunschweig,K031,93485
2009,Region Hannover,K03241,111911
2009,"dav. Hannover, Lhst.",K03241001,73483
2009,"dav. Hannover, Umland",K03241999,38428
2009,Diepholz,K03251,8099
2009,Hameln-Pyrmont,K03252,10154
2009,Hildesheim,K03254,13466
2009,Holzminden,K03255,3033
2009,Nienburg (Weser),K03256,5184
2009,Schaumburg,K03257,8456
2009,Statistische Region Hannover,K032,160303
2009,Celle,K03351,7472
2009,Cuxhaven,K03352,8184
2009,Harburg,K03353,10975
2009,Lüchow-Dannenberg,K03354,1464
2009,Lüneburg,K03355,6394
2009,Osterholz,K03356,3793
2009,Rotenburg (Wümme),K03357,6292
2009,Heidekreis,K03358,5804
2009,Stade,K03359,8139
2009,Uelzen,K03360,2527
2009,Verden,K03361,6485
2009,Statistische Region Lüneburg,K033,67529
2009,"Delmenhorst, Stadt",K03401,6190
2009,"Emden, Stadt",K03402,2360
2009,"Oldenburg (Oldb), Stadt",K03403,9376
2009,"Osnabrück, Stadt",K03404,14554
2009,"Wilhelmshaven, Stadt",K03405,3769
2009,Ammerland,K03451,3447
2009,Aurich,K03452,5110
2009,Cloppenburg,K03453,7715
2009,Emsland,K03454,16744
2009,Friesland,K03455,2682
2009,Grafschaft Bentheim,K03456,15678
2009,Leer,K03457,6974
2009,Oldenburg,K03458,4796
2009,Osnabrück,K03459,17369
2009,Vechta,K03460,9364
2009,Wesermarsch,K03461,4960
2009,Wittmund,K03462,1231
2009,Statistische Region Weser-Ems,K034,132319
2009,Niedersachsen,K030,453636
2010,"Braunschweig, Stadt",K03101,19660
2010,"Salzgitter, Stadt",K03102,9810
2010,"Wolfsburg, Stadt",K03103,11804
2010,Gifhorn,K03151,7024
2010,Goslar,K03153,6980
2010,Helmstedt,K03154,3365
2010,Northeim,K03155,5093
2010,Peine,K03157,6373
2010,Wolfenbüttel,K03158,4440
2010,Göttingen,K03159,18518
2010,Statistische Region Braunschweig,K031,93067
2010,Region Hannover,K03241,112021
2010,"dav. Hannover, Lhst.",K03241001,73448
2010,"dav. Hannover, Umland",K03241999,38573
2010,Diepholz,K03251,8183
2010,Hameln-Pyrmont,K03252,10394
2010,Hildesheim,K03254,13637
2010,Holzminden,K03255,3063
2010,Nienburg (Weser),K03256,5160
2010,Schaumburg,K03257,8342
2010,Statistische Region Hannover,K032,160800
2010,Celle,K03351,7584
2010,Cuxhaven,K03352,8131
2010,Harburg,K03353,11183
2010,Lüchow-Dannenberg,K03354,1487
2010,Lüneburg,K03355,6385
2010,Osterholz,K03356,3766
2010,Rotenburg (Wümme),K03357,6172
2010,Heidekreis,K03358,5915
2010,Stade,K03359,8248
2010,Uelzen,K03360,2555
2010,Verden,K03361,6525
2010,Statistische Region Lüneburg,K033,67951
2010,"Delmenhorst, Stadt",K03401,6102
2010,"Emden, Stadt",K03402,2454
2010,"Oldenburg (Oldb), Stadt",K03403,9497
2010,"Osnabrück, Stadt",K03404,14707
2010,"Wilhelmshaven, Stadt",K03405,4274
2010,Ammerland,K03451,3546
2010,Aurich,K03452,5350
2010,Cloppenburg,K03453,8442
2010,Emsland,K03454,17640
2010,Friesland,K03455,2609
2010,Grafschaft Bentheim,K03456,15786
2010,Leer,K03457,7130
2010,Oldenburg,K03458,5240
2010,Osnabrück,K03459,17592
2010,Vechta,K03460,9897
2010,Wesermarsch,K03461,4763
2010,Wittmund,K03462,1306
2010,Statistische Region Weser-Ems,K034,136335
2010,Niedersachsen,K030,458153
2011,"Braunschweig, Stadt",K03101,20214
2011,"Salzgitter, Stadt",K03102,9804
2011,"Wolfsburg, Stadt",K03103,12080
2011,Gifhorn,K03151,7135
2011,Goslar,K03153,7059
2011,Helmstedt,K03154,3394
2011,Northeim,K03155,5094
2011,Peine,K03157,6369
2011,Wolfenbüttel,K03158,4509
2011,Göttingen,K03159,18911
2011,Statistische Region Braunschweig,K031,94569
2011,Region Hannover,K03241,115062
2011,"dav. Hannover, Lhst.",K03241001,75793
2011,"dav. Hannover, Umland",K03241999,39269
2011,Diepholz,K03251,8386
2011,Hameln-Pyrmont,K03252,10319
2011,Hildesheim,K03254,13859
2011,Holzminden,K03255,3100
2011,Nienburg (Weser),K03256,5252
2011,Schaumburg,K03257,8341
2011,Statistische Region Hannover,K032,164319
2011,Celle,K03351,7689
2011,Cuxhaven,K03352,8134
2011,Harburg,K03353,11025
2011,Lüchow-Dannenberg,K03354,1456
2011,Lüneburg,K03355,6645
2011,Osterholz,K03356,3961
2011,Rotenburg (Wümme),K03357,6347
2011,Heidekreis,K03358,5996
2011,Stade,K03359,8854
2011,Uelzen,K03360,2563
2011,Verden,K03361,6554
2011,Statistische Region Lüneburg,K033,69224
2011,"Delmenhorst, Stadt",K03401,6243
2011,"Emden, Stadt",K03402,2487
2011,"Oldenburg (Oldb), Stadt",K03403,9409
2011,"Osnabrück, Stadt",K03404,15209
2011,"Wilhelmshaven, Stadt",K03405,4277
2011,Ammerland,K03451,3749
2011,Aurich,K03452,5469
2011,Cloppenburg,K03453,9052
2011,Emsland,K03454,19224
2011,Friesland,K03455,2735
2011,Grafschaft Bentheim,K03456,16218
2011,Leer,K03457,7472
2011,Oldenburg,K03458,5793
2011,Osnabrück,K03459,18422
2011,Vechta,K03460,10724
2011,Wesermarsch,K03461,4679
2011,Wittmund,K03462,1409
2011,Statistische Region Weser-Ems,K034,142571
2011,Niedersachsen,K030,470683
2012,"Braunschweig, Stadt",K03101,20820
2012,"Salzgitter, Stadt",K03102,9918
2012,"Wolfsburg, Stadt",K03103,12680
2012,Gifhorn,K03151,7552
2012,Goslar,K03153,7419
2012,Helmstedt,K03154,3404
2012,Northeim,K03155,5113
2012,Peine,K03157,6508
2012,Wolfenbüttel,K03158,4690
2012,Göttingen,K03159,19708
2012,Statistische Region Braunschweig,K031,97812
2012,Region Hannover,K03241,119366
2012,"dav. Hannover, Lhst.",K03241001,78442
2012,"dav. Hannover, Umland",K03241999,40924
2012,Diepholz,K03251,9184
2012,Hameln-Pyrmont,K03252,10342
2012,Hildesheim,K03254,14417
2012,Holzminden,K03255,3072
2012,Nienburg (Weser),K03256,5374
2012,Schaumburg,K03257,8491
2012,Statistische Region Hannover,K032,170246
2012,Celle,K03351,7959
2012,Cuxhaven,K03352,8167
2012,Harburg,K03353,11307
2012,Lüchow-Dannenberg,K03354,1601
2012,Lüneburg,K03355,6993
2012,Osterholz,K03356,4181
2012,Rotenburg (Wümme),K03357,6657
2012,Heidekreis,K03358,6350
2012,Stade,K03359,9454
2012,Uelzen,K03360,2634
2012,Verden,K03361,6669
2012,Statistische Region Lüneburg,K033,71972
2012,"Delmenhorst, Stadt",K03401,6616
2012,"Emden, Stadt",K03402,2784
2012,"Oldenburg (Oldb), Stadt",K03403,10068
2012,"Osnabrück, Stadt",K03404,15985
2012,"Wilhelmshaven, Stadt",K03405,4499
2012,Ammerland,K03451,4282
2012,Aurich,K03452,5736
2012,Cloppenburg,K03453,10700
2012,Emsland,K03454,21112
2012,Friesland,K03455,2687
2012,Grafschaft Bentheim,K03456,16768
2012,Leer,K03457,7867
2012,Oldenburg,K03458,6328
2012,Osnabrück,K03459,19312
2012,Vechta,K03460,11183
2012,Wesermarsch,K03461,4669
2012,Wittmund,K03462,1446
2012,Statistische Region Weser-Ems,K034,152042
2012,Niedersachsen,K030,492072
2013,"Braunschweig, Stadt",K03101,22122
2013,"Salzgitter, Stadt",K03102,10596
2013,"Wolfsburg, Stadt",K03103,14017
2013,Gifhorn,K03151,7991
2013,Goslar,K03153,7947
2013,Helmstedt,K03154,3682
2013,Northeim,K03155,5406
2013,Peine,K03157,6874
2013,Wolfenbüttel,K03158,5051
2013,Göttingen,K03159,20862
2013,Statistische Region Braunschweig,K031,104548
2013,Region Hannover,K03241,126962
2013,"dav. Hannover, Lhst.",K03241001,82727
2013,"dav. Hannover, Umland",K03241999,44235
2013,Diepholz,K03251,10761
2013,Hameln-Pyrmont,K03252,10719
2013,Hildesheim,K03254,15353
2013,Holzminden,K03255,3094
2013,Nienburg (Weser),K03256,5829
2013,Schaumburg,K03257,8854
2013,Statistische Region Hannover,K032,181572
2013,Celle,K03351,8519
2013,Cuxhaven,K03352,8660
2013,Harburg,K03353,11651
2013,Lüchow-Dannenberg,K03354,1882
2013,Lüneburg,K03355,7514
2013,Osterholz,K03356,4489
2013,Rotenburg (Wümme),K03357,7204
2013,Heidekreis,K03358,7260
2013,Stade,K03359,10570
2013,Uelzen,K03360,3031
2013,Verden,K03361,7060
2013,Statistische Region Lüneburg,K033,77840
2013,"Delmenhorst, Stadt",K03401,7163
2013,"Emden, Stadt",K03402,3219
2013,"Oldenburg (Oldb), Stadt",K03403,10778
2013,"Osnabrück, Stadt",K03404,16602
2013,"Wilhelmshaven, Stadt",K03405,4440
2013,Ammerland,K03451,4463
2013,Aurich,K03452,6589
2013,Cloppenburg,K03453,11292
2013,Emsland,K03454,22649
2013,Friesland,K03455,2817
2013,Grafschaft Bentheim,K03456,17303
2013,Leer,K03457,8388
2013,Oldenburg,K03458,7080
2013,Osnabrück,K03459,20549
2013,Vechta,K03460,11803
2013,Wesermarsch,K03461,4943
2013,Wittmund,K03462,1651
2013,Statistische Region Weser-Ems,K034,161729
2013,Niedersachsen,K030,525689
2014,"Braunschweig, Stadt",K03101,23055
2014,"Salzgitter, Stadt",K03102,11620
2014,"Wolfsburg, Stadt",K03103,15224
2014,Gifhorn,K03151,8866
2014,Goslar,K03153,8634
2014,Helmstedt,K03154,4100
2014,Northeim,K03155,5924
2014,Peine,K03157,7401
2014,Wolfenbüttel,K03158,5432
2014,Göttingen,K03159,22278
2014,Statistische Region Braunschweig,K031,112534
2014,Region Hannover,K03241,136533
2014,"dav. Hannover, Lhst.",K03241001,88541
2014,"dav. Hannover, Umland",K03241999,47992
2014,Diepholz,K03251,11631
2014,Hameln-Pyrmont,K03252,11665
2014,Hildesheim,K03254,16412
2014,Holzminden,K03255,3131
2014,Nienburg (Weser),K03256,6299
2014,Schaumburg,K03257,9526
2014,Statistische Region Hannover,K032,195197
2014,Celle,K03351,9503
2014,Cuxhaven,K03352,9787
2014,Harburg,K03353,12035
2014,Lüchow-Dannenberg,K03354,2244
2014,Lüneburg,K03355,8364
2014,Osterholz,K03356,5090
2014,Rotenburg (Wümme),K03357,7962
2014,Heidekreis,K03358,7825
2014,Stade,K03359,11524
2014,Uelzen,K03360,3588
2014,Verden,K03361,7644
2014,Statistische Region Lüneburg,K033,85566
2014,"Delmenhorst, Stadt",K03401,8139
2014,"Emden, Stadt",K03402,3641
2014,"Oldenburg (Oldb), Stadt",K03403,11523
2014,"Osnabrück, Stadt",K03404,17648
2014,"Wilhelmshaven, Stadt",K03405,4698
2014,Ammerland,K03451,4953
2014,Aurich,K03452,7903
2014,Cloppenburg,K03453,12969
2014,Emsland,K03454,25259
2014,Friesland,K03455,3078
2014,Grafschaft Bentheim,K03456,18091
2014,Leer,K03457,9314
2014,Oldenburg,K03458,7810
2014,Osnabrück,K03459,22034
2014,Vechta,K03460,13386
2014,Wesermarsch,K03461,5280
2014,Wittmund,K03462,1965
2014,Statistische Region Weser-Ems,K034,177691
2014,Niedersachsen,K030,570988
2015,"Braunschweig, Stadt",K03101,26108
2015,"Salzgitter, Stadt",K03102,13554
2015,"Wolfsburg, Stadt",K03103,16966
2015,Gifhorn,K03151,9857
2015,Goslar,K03153,10620
2015,Helmstedt,K03154,5221
2015,Northeim,K03155,7164
2015,Peine,K03157,9059
2015,Wolfenbüttel,K03158,6675
2015,Göttingen,K03159,25709
2015,Statistische Region Braunschweig,K031,130933
2015,Region Hannover,K03241,154696
2015,"dav. Hannover, Lhst.",K03241001,97357
2015,"dav. Hannover, Umland",K03241999,57339
2015,Diepholz,K03251,13826
2015,Hameln-Pyrmont,K03252,13461
2015,Hildesheim,K03254,19567
2015,Holzminden,K03255,3855
2015,Nienburg (Weser),K03256,7452
2015,Schaumburg,K03257,10716
2015,Statistische Region Hannover,K032,223573
2015,Celle,K03351,10974
2015,Cuxhaven,K03352,11863
2015,Harburg,K03353,13092
2015,Lüchow-Dannenberg,K03354,2767
2015,Lüneburg,K03355,9418
2015,Osterholz,K03356,6083
2015,Rotenburg (Wümme),K03357,9727
2015,Heidekreis,K03358,9386
2015,Stade,K03359,14684
2015,Uelzen,K03360,4184
2015,Verden,K03361,9177
2015,Statistische Region Lüneburg,K033,101355
2015,"Delmenhorst, Stadt",K03401,10029
2015,"Emden, Stadt",K03402,4576
2015,"Oldenburg (Oldb), Stadt",K03403,13579
2015,"Osnabrück, Stadt",K03404,19421
2015,"Wilhelmshaven, Stadt",K03405,5979
2015,Ammerland,K03451,6084
2015,Aurich,K03452,9789
2015,Cloppenburg,K03453,14893
2015,Emsland,K03454,30225
2015,Friesland,K03455,3977
2015,Grafschaft Bentheim,K03456,19829
2015,Leer,K03457,10851
2015,Oldenburg,K03458,9373
2015,Osnabrück,K03459,24667
2015,Vechta,K03460,15697
2015,Wesermarsch,K03461,6429
2015,Wittmund,K03462,2558
2015,Statistische Region Weser-Ems,K034,207956
2015,Niedersachsen,K030,663817
2016,"Braunschweig, Stadt",K03101,28200
2016,"Salzgitter, Stadt",K03102,16885
2016,"Wolfsburg, Stadt",K03103,17770
2016,Gifhorn,K03151,10840
2016,Goslar,K03153,11745
2016,Helmstedt,K03154,6230
2016,Northeim,K03155,8245
2016,Peine,K03157,9910
2016,Wolfenbüttel,K03158,7290
2016,Göttingen,K03159,28035
2016,Statistische Region Braunschweig,K031,145155
2016,Region Hannover,K03241,168735
2016,"dav. Hannover, Lhst.",K03241001,104465
2016,"dav. Hannover, Umland",K03241999,64270
2016,Diepholz,K03251,15540
2016,Hameln-Pyrmont,K03252,15065
2016,Hildesheim,K03254,21915
2016,Holzminden,K03255,4300
2016,Nienburg (Weser),K03256,9380
2016,Schaumburg,K03257,12600
2016,Statistische Region Hannover,K032,247535
2016,Celle,K03351,12675
2016,Cuxhaven,K03352,13215
2016,Harburg,K03353,16015
2016,Lüchow-Dannenberg,K03354,2825
2016,Lüneburg,K03355,11800
2016,Osterholz,K03356,6210
2016,Rotenburg (Wümme),K03357,10720
2016,Heidekreis,K03358,11140
2016,Stade,K03359,16345
2016,Uelzen,K03360,5020
2016,Verden,K03361,10055
2016,Statistische Region Lüneburg,K033,116020
2016,"Delmenhorst, Stadt",K03401,11225
2016,"Emden, Stadt",K03402,4955
2016,"Oldenburg (Oldb), Stadt",K03403,15440
2016,"Osnabrück, Stadt",K03404,22855
2016,"Wilhelmshaven, Stadt",K03405,6925
2016,Ammerland,K03451,7130
2016,Aurich,K03452,11055
2016,Cloppenburg,K03453,17345
2016,Emsland,K03454,34110
2016,Friesland,K03455,4745
2016,Grafschaft Bentheim,K03456,21015
2016,Leer,K03457,12320
2016,Oldenburg,K03458,10860
2016,Osnabrück,K03459,29000
2016,Vechta,K03460,17665
2016,Wesermarsch,K03461,7260
2016,Wittmund,K03462,2560
2016,Statistische Region Weser-Ems,K034,236470
2016,Niedersachsen,K030,745185
2017,"Braunschweig, Stadt",K03101,28420
2017,"Salzgitter, Stadt",K03102,18835
2017,"Wolfsburg, Stadt",K03103,18420
2017,Gifhorn,K03151,11140
2017,Goslar,K03153,12780
2017,Helmstedt,K03154,6415
2017,Northeim,K03155,8440
2017,Peine,K03157,10415
2017,Wolfenbüttel,K03158,7345
2017,Göttingen,K03159,28955
2017,Statistische Region Braunschweig,K031,151170
2017,Region Hannover,K03241,175170
2017,"dav. Hannover, Lhst.",K03241001,107965
2017,"dav. Hannover, Umland",K03241999,67205
2017,Diepholz,K03251,16065
2017,Hameln-Pyrmont,K03252,15795
2017,Hildesheim,K03254,22775
2017,Holzminden,K03255,4350
2017,Nienburg (Weser),K03256,10010
2017,Schaumburg,K03257,13545
2017,Statistische Region Hannover,K032,257705
2017,Celle,K03351,13430
2017,Cuxhaven,K03352,13215
2017,Harburg,K03353,17475
2017,Lüchow-Dannenberg,K03354,2585
2017,Lüneburg,K03355,12105
2017,Osterholz,K03356,6360
2017,Rotenburg (Wümme),K03357,10845
2017,Heidekreis,K03358,10920
2017,Stade,K03359,17280
2017,Uelzen,K03360,5335
2017,Verden,K03361,10510
2017,Statistische Region Lüneburg,K033,120060
2017,"Delmenhorst, Stadt",K03401,12410
2017,"Emden, Stadt",K03402,5420
2017,"Oldenburg (Oldb), Stadt",K03403,16595
2017,"Osnabrück, Stadt",K03404,23915
2017,"Wilhelmshaven, Stadt",K03405,7820
2017,Ammerland,K03451,7600
2017,Aurich,K03452,11200
2017,Cloppenburg,K03453,17050
2017,Emsland,K03454,36430
2017,Friesland,K03455,4770
2017,Grafschaft Bentheim,K03456,21140
2017,Leer,K03457,12705
2017,Oldenburg,K03458,11375
2017,Osnabrück,K03459,30930
2017,Vechta,K03460,18640
2017,Wesermarsch,K03461,7325
2017,Wittmund,K03462,2595
2017,Statistische Region Weser-Ems,K034,247925
2017,Niedersachsen,K030,776860
2018,"Braunschweig, Stadt",K03101,29730
2018,"Salzgitter, Stadt",K03102,19850
2018,"Wolfsburg, Stadt",K03103,19325
2018,Gifhorn,K03151,11810
2018,Goslar,K03153,13455
2018,Helmstedt,K03154,6485
2018,Northeim,K03155,8805
2018,Peine,K03157,11035
2018,Wolfenbüttel,K03158,7515
2018,Göttingen,K03159,30170
2018,Statistische Region Braunschweig,K031,158180
2018,Region Hannover,K03241,181570
2018,"dav. Hannover, Lhst.",K03241001,111255
2018,"dav. Hannover, Umland",K03241999,70315
2018,Diepholz,K03251,17565
2018,Hameln-Pyrmont,K03252,16535
2018,Hildesheim,K03254,24090
2018,Holzminden,K03255,4330
2018,Nienburg (Weser),K03256,10430
2018,Schaumburg,K03257,13985
2018,Statistische Region Hannover,K032,268505
2018,Celle,K03351,14130
2018,Cuxhaven,K03352,13335
2018,Harburg,K03353,18930
2018,Lüchow-Dannenberg,K03354,2665
2018,Lüneburg,K03355,12760
2018,Osterholz,K03356,6560
2018,Rotenburg (Wümme),K03357,11145
2018,Heidekreis,K03358,11545
2018,Stade,K03359,18555
2018,Uelzen,K03360,5605
2018,Verden,K03361,10975
2018,Statistische Region Lüneburg,K033,126195
2018,"Delmenhorst, Stadt",K03401,12970
2018,"Emden, Stadt",K03402,5530
2018,"Oldenburg (Oldb), Stadt",K03403,17365
2018,"Osnabrück, Stadt",K03404,24470
2018,"Wilhelmshaven, Stadt",K03405,8410
2018,Ammerland,K03451,8075
2018,Aurich,K03452,11515
2018,Cloppenburg,K03453,18915
2018,Emsland,K03454,38825
2018,Friesland,K03455,4830
2018,Grafschaft Bentheim,K03456,21550
2018,Leer,K03457,13610
2018,Oldenburg,K03458,11595
2018,Osnabrück,K03459,32625
2018,Vechta,K03460,19790
2018,Wesermarsch,K03461,7455
2018,Wittmund,K03462,2675
2018,Statistische Region Weser-Ems,K034,260205
2018,Niedersachsen,K030,813080
2019,"Braunschweig, Stadt",K03101,31445
2019,"Salzgitter, Stadt",K03102,20175
2019,"Wolfsburg, Stadt",K03103,20160
2019,Gifhorn,K03151,12330
2019,Goslar,K03153,14020
2019,Helmstedt,K03154,6535
2019,Northeim,K03155,9225
2019,Peine,K03157,11340
2019,Wolfenbüttel,K03158,7675
2019,Göttingen,K03159,32090
2019,Statistische Region Braunschweig,K031,165000
2019,Region Hannover,K03241,185310
2019,"dav. Hannover, Lhst.",K03241001,113440
2019,"dav. Hannover, Umland",K03241999,71870
2019,Diepholz,K03251,18545
2019,Hameln-Pyrmont,K03252,16910
2019,Hildesheim,K03254,24995
2019,Holzminden,K03255,4275
2019,Nienburg (Weser),K03256,10345
2019,Schaumburg,K03257,14255
2019,Statistische Region Hannover,K032,274635
2019,Celle,K03351,14330
2019,Cuxhaven,K03352,13345
2019,Harburg,K03353,21285
2019,Lüchow-Dannenberg,K03354,2785
2019,Lüneburg,K03355,13120
2019,Osterholz,K03356,6715
2019,Rotenburg (Wümme),K03357,11585
2019,Heidekreis,K03358,12525
2019,Stade,K03359,19385
2019,Uelzen,K03360,5765
2019,Verden,K03361,11175
2019,Statistische Region Lüneburg,K033,132025
2019,"Delmenhorst, Stadt",K03401,13220
2019,"Emden, Stadt",K03402,5675
2019,"Oldenburg (Oldb), Stadt",K03403,18285
2019,"Osnabrück, Stadt",K03404,25290
2019,"Wilhelmshaven, Stadt",K03405,8785
2019,Ammerland,K03451,8525
2019,Aurich,K03452,11480
2019,Cloppenburg,K03453,18890
2019,Emsland,K03454,40430
2019,Friesland,K03455,4840
2019,Grafschaft Bentheim,K03456,22030
2019,Leer,K03457,14855
2019,Oldenburg,K03458,12525
2019,Osnabrück,K03459,33445
2019,Vechta,K03460,20715
2019,Wesermarsch,K03461,7780
2019,Wittmund,K03462,2745
2019,Statistische Region Weser-Ems,K034,269505
2019,Niedersachsen,K030,841165
2020,"Braunschweig, Stadt",K03101,30950
2020,"Salzgitter, Stadt",K03102,20785
2020,"Wolfsburg, Stadt",K03103,20265
2020,Gifhorn,K03151,12955
2020,Goslar,K03153,13830
2020,Helmstedt,K03154,6760
2020,Northeim,K03155,9310
2020,Peine,K03157,11985
2020,Wolfenbüttel,K03158,7860
2020,Göttingen,K03159,32265
2020,Statistische Region Braunschweig,K031,166960
2020,Region Hannover,K03241,185675
2020,"dav. Hannover, Lhst.",K03241001,112125
2020,"dav. Hannover, Umland",K03241999,73550
2020,Diepholz,K03251,19395
2020,Hameln-Pyrmont,K03252,17460
2020,Hildesheim,K03254,25525
2020,Holzminden,K03255,4490
2020,Nienburg (Weser),K03256,10560
2020,Schaumburg,K03257,14755
2020,Statistische Region Hannover,K032,277860
2020,Celle,K03351,14300
2020,Cuxhaven,K03352,13410
2020,Harburg,K03353,22685
2020,Lüchow-Dannenberg,K03354,2900
2020,Lüneburg,K03355,13095
2020,Osterholz,K03356,6980
2020,Rotenburg (Wümme),K03357,12055
2020,Heidekreis,K03358,12750
2020,Stade,K03359,19980
2020,Uelzen,K03360,6015
2020,Verden,K03361,11465
2020,Statistische Region Lüneburg,K033,135635
2020,"Delmenhorst, Stadt",K03401,13710
2020,"Emden, Stadt",K03402,6040
2020,"Oldenburg (Oldb), Stadt",K03403,19145
2020,"Osnabrück, Stadt",K03404,25420
2020,"Wilhelmshaven, Stadt",K03405,8800
2020,Ammerland,K03451,8735
2020,Aurich,K03452,11465
2020,Cloppenburg,K03453,20565
2020,Emsland,K03454,41090
2020,Friesland,K03455,4905
2020,Grafschaft Bentheim,K03456,22410
2020,Leer,K03457,15200
2020,Oldenburg,K03458,12850
2020,Osnabrück,K03459,34995
2020,Vechta,K03460,21370
2020,Wesermarsch,K03461,7820
2020,Wittmund,K03462,2915
2020,Statistische Region Weser-Ems,K034,277435
2020,Niedersachsen,K030,857895
2021,"Braunschweig, Stadt",K03101,31265
2021,"Salzgitter, Stadt",K03102,21720
2021,"Wolfsburg, Stadt",K03103,20990
2021,Gifhorn,K03151,13625
2021,Goslar,K03153,13915
2021,Helmstedt,K03154,7070
2021,Northeim,K03155,9585
2021,Peine,K03157,12765
2021,Wolfenbüttel,K03158,8110
2021,Göttingen,K03159,33150
2021,Statistische Region Braunschweig,K031,172190
2021,Region Hannover,K03241,196980
2021,"dav. Hannover, Lhst.",K03241001,115925
2021,"dav. Hannover, Umland",K03241999,81055
2021,Diepholz,K03251,20590
2021,Hameln-Pyrmont,K03252,18305
2021,Hildesheim,K03254,26280
2021,Holzminden,K03255,4755
2021,Nienburg (Weser),K03256,11150
2021,Schaumburg,K03257,14965
2021,Statistische Region Hannover,K032,293030
2021,Celle,K03351,14805
2021,Cuxhaven,K03352,13655
2021,Harburg,K03353,24960
2021,Lüchow-Dannenberg,K03354,3010
2021,Lüneburg,K03355,13480
2021,Osterholz,K03356,7280
2021,Rotenburg (Wümme),K03357,12590
2021,Heidekreis,K03358,13670
2021,Stade,K03359,20585
2021,Uelzen,K03360,6380
2021,Verden,K03361,12145
2021,Statistische Region Lüneburg,K033,142560
2021,"Delmenhorst, Stadt",K03401,14365
2021,"Emden, Stadt",K03402,6105
2021,"Oldenburg (Oldb), Stadt",K03403,19760
2021,"Osnabrück, Stadt",K03404,26045
2021,"Wilhelmshaven, Stadt",K03405,9220
2021,Ammerland,K03451,8700
2021,Aurich,K03452,11805
2021,Cloppenburg,K03453,22630
2021,Emsland,K03454,42740
2021,Friesland,K03455,5110
2021,Grafschaft Bentheim,K03456,23650
2021,Leer,K03457,15790
2021,Oldenburg,K03458,13260
2021,Osnabrück,K03459,35350
2021,Vechta,K03460,22130
2021,Wesermarsch,K03461,7975
2021,Wittmund,K03462,3085
2021,Statistische Region Weser-Ems,K034,287715
2021,Niedersachsen,K030,895490
2022,"Braunschweig, Stadt",K03101,36035
2022,"Salzgitter, Stadt",K03102,23545
2022,"Wolfsburg, Stadt",K03103,23965
2022,Gifhorn,K03151,16085
2022,Goslar,K03153,16355
2022,Helmstedt,K03154,8795
2022,Northeim,K03155,12645
2022,Peine,K03157,15095
2022,Wolfenbüttel,K03158,10115
2022,Göttingen,K03159,38485
2022,Statistische Region Braunschweig,K031,201120
2022,Region Hannover,K03241,226995
2022,"dav. Hannover, Lhst.",K03241001,127235
2022,"dav. Hannover, Umland",K03241999,99760
2022,Diepholz,K03251,23935
2022,Hameln-Pyrmont,K03252,21250
2022,Hildesheim,K03254,31840
2022,Holzminden,K03255,6095
2022,Nienburg (Weser),K03256,13530
2022,Schaumburg,K03257,17700
2022,Statistische Region Hannover,K032,341345
2022,Celle,K03351,17445
2022,Cuxhaven,K03352,16310
2022,Harburg,K03353,29315
2022,Lüchow-Dannenberg,K03354,3755
2022,Lüneburg,K03355,16100
2022,Osterholz,K03356,9165
2022,Rotenburg (Wümme),K03357,15260
2022,Heidekreis,K03358,17680
2022,Stade,K03359,24510
2022,Uelzen,K03360,8190
2022,Verden,K03361,14580
2022,Statistische Region Lüneburg,K033,172300
2022,"Delmenhorst, Stadt",K03401,15680
2022,"Emden, Stadt",K03402,7440
2022,"Oldenburg (Oldb), Stadt",K03403,22760
2022,"Osnabrück, Stadt",K03404,29575
2022,"Wilhelmshaven, Stadt",K03405,10835
2022,Ammerland,K03451,10735
2022,Aurich,K03452,14140
2022,Cloppenburg,K03453,25005
2022,Emsland,K03454,48710
2022,Friesland,K03455,6450
2022,Grafschaft Bentheim,K03456,26365
2022,Leer,K03457,18385
2022,Oldenburg,K03458,14785
2022,Osnabrück,K03459,41195
2022,Vechta,K03460,24500
2022,Wesermarsch,K03461,9565
2022,Wittmund,K03462,4250
2022,Statistische Region Weser-Ems,K034,330380
2022,Niedersachsen,K030,1045140
2023,"Braunschweig, Stadt",K03101,36655
2023,"Salzgitter, Stadt",K03102,24930
2023,"Wolfsburg, Stadt",K03103,25290
2023,Gifhorn,K03151,17720
2023,Goslar,K03153,17275
2023,Helmstedt,K03154,9350
2023,Northeim,K03155,13190
2023,Peine,K03157,15905
2023,Wolfenbüttel,K03158,11100
2023,Göttingen,K03159,40725
2023,Statistische Region Braunschweig,K031,212145
2023,Region Hannover,K03241,223200
2023,"dav. Hannover, Lhst.",K03241001,132115
2023,"dav. Hannover, Umland",K03241999,91085
2023,Diepholz,K03251,25330
2023,Hameln-Pyrmont,K03252,22210
2023,Hildesheim,K03254,33520
2023,Holzminden,K03255,6580
2023,Nienburg (Weser),K03256,14445
2023,Schaumburg,K03257,18900
2023,Statistische Region Hannover,K032,344185
2023,Celle,K03351,18540
2023,Cuxhaven,K03352,17310
2023,Harburg,K03353,31005
2023,Lüchow-Dannenberg,K03354,3910
2023,Lüneburg,K03355,16965
2023,Osterholz,K03356,9655
2023,Rotenburg (Wümme),K03357,16750
2023,Heidekreis,K03358,17010
2023,Stade,K03359,26610
2023,Uelzen,K03360,8315
2023,Verden,K03361,15210
2023,Statistische Region Lüneburg,K033,181275
2023,"Delmenhorst, Stadt",K03401,16860
2023,"Emden, Stadt",K03402,7905
2023,"Oldenburg (Oldb), Stadt",K03403,23910
2023,"Osnabrück, Stadt",K03404,30835
2023,"Wilhelmshaven, Stadt",K03405,11965
2023,Ammerland,K03451,11550
2023,Aurich,K03452,15545
2023,Cloppenburg,K03453,27370
2023,Emsland,K03454,51305
2023,Friesland,K03455,6815
2023,Grafschaft Bentheim,K03456,26620
2023,Leer,K03457,19135
2023,Oldenburg,K03458,15505
2023,Osnabrück,K03459,42530
2023,Vechta,K03460,25165
2023,Wesermarsch,K03461,10155
2023,Wittmund,K03462,4535
2023,Statistische Region Weser-Ems,K034,347710
2023,Niedersachsen,K030,1085315
2024,"Braunschweig, Stadt",K03101,36380
2024,"Salzgitter, Stadt",K03102,25170
2024,"Wolfsburg, Stadt",K03103,25945
2024,Gifhorn,K03151,17880
2024,Goslar,K03153,17035
2024,Helmstedt,K03154,9495
2024,Northeim,K03155,13975
2024,Peine,K03157,16325
2024,Wolfenbüttel,K03158,11105
2024,Göttingen,K03159,41475
2024,Statistische Region Braunschweig,K031,214785
2024,Region Hannover,K03241,227495
2024,"dav. Hannover, Lhst.",K03241001,135035
2024,"dav. Hannover, Umland",K03241999,92460
2024,Diepholz,K03251,26120
2024,Hameln-Pyrmont,K03252,22250
2024,Hildesheim,K03254,33380
2024,Holzminden,K03255,6910
2024,Nienburg (Weser),K03256,14345
2024,Schaumburg,K03257,18950
2024,Statistische Region Hannover,K032,349450
2024,Celle,K03351,18655
2024,Cuxhaven,K03352,17035
2024,Harburg,K03353,31480
2024,Lüchow-Dannenberg,K03354,3930
2024,Lüneburg,K03355,17595
2024,Osterholz,K03356,9380
2024,Rotenburg (Wümme),K03357,16960
2024,Heidekreis,K03358,15440
2024,Stade,K03359,26815
2024,Uelzen,K03360,8145
2024,Verden,K03361,15260
2024,Statistische Region Lüneburg,K033,180690
2024,"Delmenhorst, Stadt",K03401,16530
2024,"Emden, Stadt",K03402,7525
2024,"Oldenburg (Oldb), Stadt",K03403,23900
2024,"Osnabrück, Stadt",K03404,31200
2024,"Wilhelmshaven, Stadt",K03405,12150
2024,Ammerland,K03451,11720
2024,Aurich,K03452,15580
2024,Cloppenburg,K03453,27540
2024,Emsland,K03454,52610
2024,Friesland,K03455,6945
2024,Grafschaft Bentheim,K03456,26195
2024,Leer,K03457,19120
2024,Oldenburg,K03458,15205
2024,Osnabrück,K03459,42280
2024,Vechta,K03460,24775
2024,Wesermarsch,K03461,10430
2024,Wittmund,K03462,4470
2024,Statistische Region Weser-Ems,K034,348185
2024,Niedersachsen,K030,1093110
