Year,Land der Staatsangehörigkeit,Ausländerinnen und Ausländer,Geschlecht,Value
2020,Europa,Insgesamt,,552325.0
2020,Türkei,Insgesamt,,88085.0
2020,Polen,Insgesamt,,98355.0
2020,Serbien,Insgesamt,,19300.0
2020,Niederlande,Insgesamt,,29725.0
2020,Rumänien,Insgesamt,,64675.0
2020,Italien,Insgesamt,,28950.0
2020,Russische Föderation,Insgesamt,,22335.0
2020,Griechenland,Insgesamt,,18695.0
2020,Bulgarien,Insgesamt,,31155.0
2020,Spanien,Insgesamt,,11855.0
2020,Ukraine,Insgesamt,,11410.0
2020,Vereinigtes Königreich,Insgesamt,,6180.0
2020,Portugal,Insgesamt,,8700.0
2020,Kroatien,Insgesamt,,11915.0
2020,Ungarn,Insgesamt,,9380.0
2020,EU Staaten,Insgesamt,,368165.0
2020,Afrika,Insgesamt,,43135.0
2020,Amerika,Insgesamt,,17255.0
2020,Asien,Insgesamt,,231560.0
2020,Syrien,Insgesamt,,87680.0
2020,Irak ,Insgesamt,,42860.0
2020,Afghanistan,Insgesamt,,21830.0
2020,China,Insgesamt,,10165.0
2020,Vietnam,Insgesamt,,8785.0
2020,Australien und Ozeanien,Insgesamt,,1030.0
2020,Staatenlos,Insgesamt,,3465.0
2020,Ungeklärt und ohne Angabe,Insgesamt,,9090.0
2020,Insgesamt,Insgesamt,,857895.0
2019,Europa,Insgesamt,,542155.0
2019,Türkei,Insgesamt,,88735.0
2019,Polen,Insgesamt,,98015.0
2019,Serbien,Insgesamt,,19115.0
2019,Niederlande,Insgesamt,,29865.0
2019,Rumänien,Insgesamt,,58980.0
2019,Italien,Insgesamt,,28825.0
2019,Russische Föderation,Insgesamt,,22260.0
2019,Griechenland,Insgesamt,,18815.0
2019,Bulgarien,Insgesamt,,28360.0
2019,Spanien,Insgesamt,,11970.0
2019,Ukraine,Insgesamt,,11345.0
2019,Vereinigtes Königreich,Insgesamt,,6750.0
2019,Portugal,Insgesamt,,8740.0
2019,Kroatien,Insgesamt,,11915.0
2019,Ungarn,Insgesamt,,9465.0
2019,EU Staaten,Insgesamt,,359185.0
2019,Afrika,Insgesamt,,42015.0
2019,Amerika,Insgesamt,,17580.0
2019,Asien,Insgesamt,,226045.0
2019,Syrien,Insgesamt,,84805.0
2019,Irak ,Insgesamt,,41035.0
2019,Afghanistan,Insgesamt,,21190.0
2019,China,Insgesamt,,10490.0
2019,Vietnam,Insgesamt,,8760.0
2019,Australien und Ozeanien,Insgesamt,,1065.0
2019,Staatenlos,Insgesamt,,3540.0
2019,Ungeklärt und ohne Angabe,Insgesamt,,8730.0
2019,Insgesamt,Insgesamt,,841165.0
2018,Europa,Insgesamt,,528900.0
2018,Türkei,Insgesamt,,89275.0
2018,Polen,Insgesamt,,97145.0
2018,Serbien,Insgesamt,,18830.0
2018,Niederlande,Insgesamt,,29910.0
2018,Rumänien,Insgesamt,,52635.0
2018,Italien,Insgesamt,,28535.0
2018,Russische Föderation,Insgesamt,,21820.0
2018,Griechenland,Insgesamt,,18790.0
2018,Bulgarien,Insgesamt,,25990.0
2018,Spanien,Insgesamt,,11845.0
2018,Ukraine,Insgesamt,,11030.0
2018,Vereinigtes Königreich,Insgesamt,,8915.0
2018,Portugal,Insgesamt,,8725.0
2018,Kroatien,Insgesamt,,11405.0
2018,Ungarn,Insgesamt,,9430.0
2018,EU Staaten,Insgesamt,,339980.0
2018,Afrika,Insgesamt,,39055.0
2018,Amerika,Insgesamt,,16515.0
2018,Asien,Insgesamt,,215705.0
2018,Syrien,Insgesamt,,79930.0
2018,Irak ,Insgesamt,,39155.0
2018,Afghanistan,Insgesamt,,20695.0
2018,China,Insgesamt,,10150.0
2018,Vietnam,Insgesamt,,8655.0
2018,Australien und Ozeanien,Insgesamt,,1015.0
2018,Staatenlos,Insgesamt,,3290.0
2018,Ungeklärt und ohne Angabe,Insgesamt,,8600.0
2018,Insgesamt,Insgesamt,,813080.0
2017,Europa,Insgesamt,,509435.0
2017,Türkei,Insgesamt,,89675.0
2017,Polen,Insgesamt,,94210.0
2017,Serbien,Insgesamt,,18770.0
2017,Niederlande,Insgesamt,,30230.0
2017,Rumänien,Insgesamt,,43860.0
2017,Italien,Insgesamt,,28090.0
2017,Russische Föderation,Insgesamt,,21365.0
2017,Griechenland,Insgesamt,,18580.0
2017,Bulgarien,Insgesamt,,23270.0
2017,Spanien,Insgesamt,,11785.0
2017,Ukraine,Insgesamt,,10595.0
2017,Vereinigtes Königreich,Insgesamt,,9425.0
2017,Portugal,Insgesamt,,8745.0
2017,Kroatien,Insgesamt,,10455.0
2017,Ungarn,Insgesamt,,9130.0
2017,EU Staaten,Insgesamt,,324745.0
2017,Afrika,Insgesamt,,36290.0
2017,Amerika,Insgesamt,,15560.0
2017,Asien,Insgesamt,,203165.0
2017,Syrien,Insgesamt,,74755.0
2017,Irak ,Insgesamt,,36340.0
2017,Afghanistan,Insgesamt,,20080.0
2017,China,Insgesamt,,9670.0
2017,Vietnam,Insgesamt,,8560.0
2017,Australien und Ozeanien,Insgesamt,,1015.0
2017,Staatenlos,Insgesamt,,3290.0
2017,Ungeklärt und ohne Angabe,Insgesamt,,8600.0
2017,Insgesamt,Insgesamt,,813080.0
2016,Europa,Insgesamt,,494310.0
2016,Türkei,Insgesamt,,90185.0
2016,Polen,Insgesamt,,90175.0
2016,Serbien,Insgesamt,,18620.0
2016,Niederlande,Insgesamt,,30465.0
2016,Rumänien,Insgesamt,,37250.0
2016,Italien,Insgesamt,,27765.0
2016,Russische Föderation,Insgesamt,,21275.0
2016,Griechenland,Insgesamt,,18300.0
2016,Bulgarien,Insgesamt,,20670.0
2016,Spanien,Insgesamt,,11770.0
2016,Ukraine,Insgesamt,,10390.0
2016,Vereinigtes Königreich,Insgesamt,,10025.0
2016,Portugal,Insgesamt,,8940.0
2016,Kroatien,Insgesamt,,9605.0
2016,Ungarn,Insgesamt,,8955.0
2016,EU Staaten,Insgesamt,,309960.0
2016,Afrika,Insgesamt,,34265.0
2016,Amerika,Insgesamt,,15115.0
2016,Asien,Insgesamt,,189460.0
2016,Syrien,Insgesamt,,68005.0
2016,Irak ,Insgesamt,,32755.0
2016,Afghanistan,Insgesamt,,19775.0
2016,China,Insgesamt,,8990.0
2016,Vietnam,Insgesamt,,8360.0
2016,Australien und Ozeanien,Insgesamt,,945.0
2016,Staatenlos,Insgesamt,,2630.0
2016,Ungeklärt und ohne Angabe,Insgesamt,,8460.0
2016,Insgesamt,Insgesamt,,745185.0
2015,Europa,Insgesamt,,478323.0
2015,Türkei,Insgesamt,,90914.0
2015,Polen,Insgesamt,,83950.0
2015,Serbien,Insgesamt,,45555.0
2015,Niederlande,Insgesamt,,30377.0
2015,Rumänien,Insgesamt,,29065.0
2015,Italien,Insgesamt,,26951.0
2015,Russische Föderation,Insgesamt,,20388.0
2015,Griechenland,Insgesamt,,17522.0
2015,Bulgarien,Insgesamt,,17304.0
2015,Spanien,Insgesamt,,11532.0
2015,Ukraine,Insgesamt,,10295.0
2015,Vereinigtes Königreich,Insgesamt,,10250.0
2015,Portugal,Insgesamt,,8700.0
2015,Kroatien,Insgesamt,,8505.0
2015,Ungarn,Insgesamt,,8435.0
2015,EU Staaten,Insgesamt,,285857.0
2015,Afrika,Insgesamt,,29314.0
2015,Amerika,Insgesamt,,14766.0
2015,Asien,Insgesamt,,130614.0
2015,Syrien,Insgesamt,,41324.0
2015,Irak ,Insgesamt,,17474.0
2015,Afghanistan,Insgesamt,,9085.0
2015,China,Insgesamt,,8348.0
2015,Vietnam,Insgesamt,,8165.0
2015,Australien und Ozeanien,Insgesamt,,952.0
2015,Staatenlos,Insgesamt,,2082.0
2015,Ungeklärt und ohne Angabe,Insgesamt,,7766.0
2015,Insgesamt,Insgesamt,,663817.0
2014,Europa,Insgesamt,,438357.0
2014,Türkei,Insgesamt,,92271.0
2014,Polen,Insgesamt,,75160.0
2014,Serbien,Insgesamt,,38734.0
2014,Niederlande,Insgesamt,,30232.0
2014,Italien,Insgesamt,,25773.0
2014,Rumänien,Insgesamt,,21893.0
2014,Russische Föderation,Insgesamt,,19594.0
2014,Griechenland,Insgesamt,,16895.0
2014,Bulgarien,Insgesamt,,13006.0
2014,Spanien,Insgesamt,,10942.0
2014,Ukraine,Insgesamt,,10200.0
2014,Vereinigtes Königreich,Insgesamt,,10157.0
2014,Portugal,Insgesamt,,8582.0
2014,Ungarn,Insgesamt,,7503.0
2014,Kroatien,Insgesamt,,7429.0
2014,Österreich,Insgesamt,,6510.0
2014,EU Staaten,Insgesamt,,258650.0
2014,Afrika,Insgesamt,,20797.0
2014,Amerika,Insgesamt,,14015.0
2014,Asien,Insgesamt,,89132.0
2014,Syrien,Insgesamt,,16986.0
2014,Irak,Insgesamt,,10070.0
2014,Vietnam,Insgesamt,,8051.0
2014,China,Insgesamt,,7487.0
2014,Australien und Ozeanien,Insgesamt,,969.0
2014,Staatenlos,Insgesamt,,1814.0
2014,Ungeklärt und ohne Angabe,Insgesamt,,5799.0
2014,Insgesamt,Insgesamt,,570883.0
2013,Europa,Insgesamt,,408277.0
2013,Türkei,Insgesamt,,93726.0
2013,Polen,Insgesamt,,65850.0
2013,Serbien,Insgesamt,,34926.0
2013,Niederlande,Insgesamt,,30260.0
2013,Italien,Insgesamt,,24509.0
2013,Russische Föderation,Insgesamt,,19399.0
2013,Griechenland,Insgesamt,,16257.0
2013,Rumänien,Insgesamt,,15614.0
2013,Spanien,Insgesamt,,10389.0
2013,Vereinigtes Königreich,Insgesamt,,10242.0
2013,Ukraine,Insgesamt,,9884.0
2013,Bulgarien,Insgesamt,,9641.0
2013,Portugal,Insgesamt,,8255.0
2013,Kroatien,Insgesamt,,6823.0
2013,Ungarn,Insgesamt,,6680.0
2013,Österreich,Insgesamt,,6438.0
2013,EU Staaten,Insgesamt,,233984.0
2013,Afrika,Insgesamt,,17408.0
2013,Amerika,Insgesamt,,13537.0
2013,Asien,Insgesamt,,78630.0
2013,Syrien,Insgesamt,,9582.0
2013,Irak,Insgesamt,,9544.0
2013,Vietnam,Insgesamt,,8076.0
2013,China,Insgesamt,,6880.0
2013,Australien und Ozeanien,Insgesamt,,982.0
2013,Staatenlos,Insgesamt,,1707.0
2013,Ungeklärt und ohne Angabe,Insgesamt,,5148.0
2013,Insgesamt,Insgesamt,,525689.0
2012,Europa,Insgesamt,,383378.0
2012,Türkei,Insgesamt,,95470.0
2012,Polen,Insgesamt,,56054.0
2012,Serbien2),Insgesamt,,33752.0
2012,Niederlande,Insgesamt,,30048.0
2012,Italien,Insgesamt,,23272.0
2012,Russische Föderation,Insgesamt,,18118.0
2012,Griechenland,Insgesamt,,15427.0
2012,Rumänien,Insgesamt,,12237.0
2012,Vereinigtes Königreich,Insgesamt,,10052.0
2012,Ukraine,Insgesamt,,9974.0
2012,Spanien,Insgesamt,,9238.0
2012,Bulgarien,Insgesamt,,7755.0
2012,Portugal,Insgesamt,,7436.0
2012,Kroatien,Insgesamt,,6495.0
2012,Österreich,Insgesamt,,6309.0
2012,Bosnien und Herzegowina,Insgesamt,,5935.0
2012,EU Staaten,Insgesamt,,204205.0
2012,Afrika,Insgesamt,,14464.0
2012,Amerika,Insgesamt,,12960.0
2012,Asien,Insgesamt,,73247.0
2012,Irak,Insgesamt,,9379.0
2012,Vietnam,Insgesamt,,8303.0
2012,Syrien,Insgesamt,,7200.0
2012,China,Insgesamt,,6161.0
2012,Australien und Ozeanien,Insgesamt,,924.0
2012,Staatenlos,Insgesamt,,1694.0
2012,Ungeklärt und ohne Angabe,Insgesamt,,5405.0
2012,Insgesamt,Insgesamt,,492072.0
2020,Europa,Anteil Männer in %,,53.4060562169013
2020,Türkei,Anteil Männer in %,,51.2970426292785
2020,Polen,Anteil Männer in %,,54.3947943673428
2020,Serbien,Anteil Männer in %,,50.7512953367876
2020,Niederlande,Anteil Männer in %,,56.6021867115223
2020,Rumänien,Anteil Männer in %,,59.9922690374952
2020,Italien,Anteil Männer in %,,60.4145077720207
2020,Russische Föderation,Anteil Männer in %,,36.5345869711216
2020,Griechenland,Anteil Männer in %,,56.5926718373897
2020,Bulgarien,Anteil Männer in %,,54.4535387578238
2020,Spanien,Anteil Männer in %,,52.6360185575706
2020,Ukraine,Anteil Männer in %,,36.3716038562664
2020,Vereinigtes Königreich,Anteil Männer in %,,69.57928802589
2020,Portugal,Anteil Männer in %,,53.9655172413793
2020,Kroatien,Anteil Männer in %,,56.105749055812
2020,Ungarn,Anteil Männer in %,,59.1151385927505
2020,EU Staaten,Anteil Männer in %,,55.5606861054147
2020,Afrika,Anteil Männer in %,,63.1969398400371
2020,Amerika,Anteil Männer in %,,45.4940596928427
2020,Asien,Anteil Männer in %,,54.4740024183797
2020,Syrien,Anteil Männer in %,,56.5921532846715
2020,Irak ,Anteil Männer in %,,55.0279981334578
2020,Afghanistan,Anteil Männer in %,,62.963811268896
2020,China,Anteil Männer in %,,49.7294638465322
2020,Vietnam,Anteil Männer in %,,45.1906659077974
2020,Australien und Ozeanien,Anteil Männer in %,,57.2815533980583
2020,Staatenlos,Anteil Männer in %,,56.5656565656566
2020,Ungeklärt und ohne Angabe,Anteil Männer in %,,58.1958195819582
2020,Insgesamt,Anteil Männer in %,,54.0951981303073
2019,Europa,Anteil Männer in %,,53.6719203917699
2019,Türkei,Anteil Männer in %,,51.2988110666592
2019,Polen,Anteil Männer in %,,54.7416211804316
2019,Serbien,Anteil Männer in %,,50.9547475804342
2019,Niederlande,Anteil Männer in %,,56.6214632512975
2019,Rumänien,Anteil Männer in %,,60.6052899287894
2019,Italien,Anteil Männer in %,,60.5724197745013
2019,Russische Föderation,Anteil Männer in %,,36.7475292003594
2019,Griechenland,Anteil Männer in %,,56.7100717512623
2019,Bulgarien,Anteil Männer in %,,54.8483779971791
2019,Spanien,Anteil Männer in %,,52.7986633249791
2019,Ukraine,Anteil Männer in %,,36.9766416923755
2019,Vereinigtes Königreich,Anteil Männer in %,,69.8518518518518
2019,Portugal,Anteil Männer in %,,54.1189931350114
2019,Kroatien,Anteil Männer in %,,56.9869911875787
2019,Ungarn,Anteil Männer in %,,60.1162176439514
2019,EU Staaten,Anteil Männer in %,,51.533085504769
2019,Afrika,Anteil Männer in %,,63.9414494823277
2019,Amerika,Anteil Männer in %,,45.6200227531286
2019,Asien,Anteil Männer in %,,54.7280408768166
2019,Syrien,Anteil Männer in %,,56.9070219916279
2019,Irak ,Anteil Männer in %,,55.1967832338248
2019,Afghanistan,Anteil Männer in %,,63.4025483718735
2019,China,Anteil Männer in %,,50.5243088655863
2019,Vietnam,Anteil Männer in %,,45.3196347031964
2019,Australien und Ozeanien,Anteil Männer in %,,56.3380281690141
2019,Staatenlos,Anteil Männer in %,,56.638418079096
2019,Ungeklärt und ohne Angabe,Anteil Männer in %,,58.5337915234823
2019,Insgesamt,Anteil Männer in %,,54.366860247395
2018,Europa,Anteil Männer in %,,53.8788050671204
2018,Türkei,Anteil Männer in %,,51.223746849622
2018,Polen,Anteil Männer in %,,55.3193679551186
2018,Serbien,Anteil Männer in %,,50.6107275624004
2018,Niederlande,Anteil Männer in %,,56.486125041792
2018,Rumänien,Anteil Männer in %,,61.480003799753
2018,Italien,Anteil Männer in %,,61.1704923777817
2018,Russische Föderation,Anteil Männer in %,,37.0302474793767
2018,Griechenland,Anteil Männer in %,,57.0516232038318
2018,Bulgarien,Anteil Männer in %,,55.617545209696
2018,Spanien,Anteil Männer in %,,52.7226677923174
2018,Ukraine,Anteil Männer in %,,36.7180417044424
2018,Vereinigtes Königreich,Anteil Männer in %,,69.209197980931
2018,Portugal,Anteil Männer in %,,53.9255014326648
2018,Kroatien,Anteil Männer in %,,56.7295046032442
2018,Ungarn,Anteil Männer in %,,61.0816542948038
2018,EU Staaten,Anteil Männer in %,,55.8972553461815
2018,Afrika,Anteil Männer in %,,65.4077582895916
2018,Amerika,Anteil Männer in %,,45.0802300938541
2018,Asien,Anteil Männer in %,,55.2792007602976
2018,Syrien,Anteil Männer in %,,57.8130864506443
2018,Irak ,Anteil Männer in %,,55.7016983782403
2018,Afghanistan,Anteil Männer in %,,64.0009664170089
2018,China,Anteil Männer in %,,50.4926108374384
2018,Vietnam,Anteil Männer in %,,45.7538994800693
2018,Australien und Ozeanien,Anteil Männer in %,,55.1724137931034
2018,Staatenlos,Anteil Männer in %,,56.838905775076
2018,Ungeklärt und ohne Angabe,Anteil Männer in %,,59.4767441860465
2018,Insgesamt,Anteil Männer in %,,54.6981846804742
2017,Europa,Anteil Männer in %,,53.7428720052607
2017,Türkei,Anteil Männer in %,,51.2071368831893
2017,Polen,Anteil Männer in %,,55.2648338817535
2017,Serbien,Anteil Männer in %,,50.4528502930208
2017,Niederlande,Anteil Männer in %,,56.235527621568
2017,Rumänien,Anteil Männer in %,,61.6165070679435
2017,Italien,Anteil Männer in %,,61.3029547881809
2017,Russische Föderation,Anteil Männer in %,,37.1869880645916
2017,Griechenland,Anteil Männer in %,,56.8622174381055
2017,Bulgarien,Anteil Männer in %,,55.8874086807048
2017,Spanien,Anteil Männer in %,,52.948663555367
2017,Ukraine,Anteil Männer in %,,36.6210476639924
2017,Vereinigtes Königreich,Anteil Männer in %,,69.0716180371353
2017,Portugal,Anteil Männer in %,,54.0308747855918
2017,Kroatien,Anteil Männer in %,,56.336681013869
2017,Ungarn,Anteil Männer in %,,62.3767798466594
2017,EU Staaten,Anteil Männer in %,,55.8653712913209
2017,Afrika,Anteil Männer in %,,67.0019289060347
2017,Amerika,Anteil Männer in %,,44.8264781491003
2017,Asien,Anteil Männer in %,,55.7970122806586
2017,Syrien,Anteil Männer in %,,58.7318574008428
2017,Irak ,Anteil Männer in %,,56.4804623004953
2017,Afghanistan,Anteil Männer in %,,64.5916334661355
2017,China,Anteil Männer in %,,49.8448810754912
2017,Vietnam,Anteil Männer in %,,45.8528037383178
2017,Australien und Ozeanien,Anteil Männer in %,,55.1724137931034
2017,Staatenlos,Anteil Männer in %,,56.838905775076
2017,Ungeklärt und ohne Angabe,Anteil Männer in %,,59.4767441860465
2017,Insgesamt,Anteil Männer in %,,54.6981846804742
2016,Europa,Anteil Männer in %,,53.5504035928871
2016,Türkei,Anteil Männer in %,,51.1005156068082
2016,Polen,Anteil Männer in %,,55.176046576102
2016,Serbien,Anteil Männer in %,,49.9462943071966
2016,Niederlande,Anteil Männer in %,,56.2448711636304
2016,Rumänien,Anteil Männer in %,,61.8389261744966
2016,Italien,Anteil Männer in %,,61.6063389159013
2016,Russische Föderation,Anteil Männer in %,,37.4148061104583
2016,Griechenland,Anteil Männer in %,,56.9945355191257
2016,Bulgarien,Anteil Männer in %,,55.8538945331398
2016,Spanien,Anteil Männer in %,,52.9736618521665
2016,Ukraine,Anteil Männer in %,,36.2848893166506
2016,Vereinigtes Königreich,Anteil Männer in %,,68.3790523690773
2016,Portugal,Anteil Männer in %,,54.6979865771812
2016,Kroatien,Anteil Männer in %,,55.0234252993233
2016,Ungarn,Anteil Männer in %,,63.2049134561697
2016,EU Staaten,Anteil Männer in %,,55.713640469738
2016,Afrika,Anteil Männer in %,,69.1376039690646
2016,Amerika,Anteil Männer in %,,44.8891829308634
2016,Asien,Anteil Männer in %,,56.7797952074316
2016,Syrien,Anteil Männer in %,,60.4146753915153
2016,Irak ,Anteil Männer in %,,58.0216760799878
2016,Afghanistan,Anteil Männer in %,,65.2338811630847
2016,China,Anteil Männer in %,,49.2769744160178
2016,Vietnam,Anteil Männer in %,,46.4114832535885
2016,Australien und Ozeanien,Anteil Männer in %,,55.026455026455
2016,Staatenlos,Anteil Männer in %,,58.93536121673
2016,Ungeklärt und ohne Angabe,Anteil Männer in %,,61.2884160756501
2016,Insgesamt,Anteil Männer in %,,55.0212363372854
2015,Europa,Anteil Männer in %,,53.3798291112909
2015,Türkei,Anteil Männer in %,,51.1010405438106
2015,Polen,Anteil Männer in %,,55.1185229303157
2015,Serbien,Anteil Männer in %,,51.0196465810559
2015,Niederlande,Anteil Männer in %,,56.3255094314778
2015,Rumänien,Anteil Männer in %,,61.4932048856012
2015,Italien,Anteil Männer in %,,61.852992467812
2015,Russische Föderation,Anteil Männer in %,,37.3160682754561
2015,Griechenland,Anteil Männer in %,,57.0882319369935
2015,Bulgarien,Anteil Männer in %,,56.5822931114193
2015,Spanien,Anteil Männer in %,,52.670828997572
2015,Ukraine,Anteil Männer in %,,36.2797474502186
2015,Vereinigtes Königreich,Anteil Männer in %,,68.0487804878049
2015,Portugal,Anteil Männer in %,,54.0689655172414
2015,Kroatien,Anteil Männer in %,,54.4620811287478
2015,Ungarn,Anteil Männer in %,,64.5168938944873
2015,EU Staaten,Anteil Männer in %,,56.4684440122159
2015,Afrika,Anteil Männer in %,,69.2194855700348
2015,Amerika,Anteil Männer in %,,45.0291209535419
2015,Asien,Anteil Männer in %,,55.4266770790268
2015,Syrien,Anteil Männer in %,,61.6760236182364
2015,Irak ,Anteil Männer in %,,60.2609591392927
2015,Afghanistan,Anteil Männer in %,,64.105668684645
2015,China,Anteil Männer in %,,49.4010541447053
2015,Vietnam,Anteil Männer in %,,46.9320269442743
2015,Australien und Ozeanien,Anteil Männer in %,,55.7773109243698
2015,Staatenlos,Anteil Männer in %,,58.35734870317
2015,Ungeklärt und ohne Angabe,Anteil Männer in %,,60.5459696111254
2015,Insgesamt,Anteil Männer in %,,54.3991792918832
2014,Europa,Anteil Männer in %,,53.0172895607918
2014,Türkei,Anteil Männer in %,,51.111400114879
2014,Polen,Anteil Männer in %,,54.8602980308675
2014,Serbien,Anteil Männer in %,,50.5344142097382
2014,Niederlande,Anteil Männer in %,,56.2053453294522
2014,Italien,Anteil Männer in %,,62.0300314282389
2014,Rumänien,Anteil Männer in %,,61.4717032841548
2014,Russische Föderation,Anteil Männer in %,,37.3685822190467
2014,Griechenland,Anteil Männer in %,,57.0050310742823
2014,Bulgarien,Anteil Männer in %,,56.3662924803937
2014,Spanien,Anteil Männer in %,,52.5680862730762
2014,Ukraine,Anteil Männer in %,,36.6372549019608
2014,Vereinigtes Königreich,Anteil Männer in %,,67.8940632076401
2014,Portugal,Anteil Männer in %,,54.7424842694011
2014,Ungarn,Anteil Männer in %,,65.4138344662135
2014,Kroatien,Anteil Männer in %,,53.8968905640059
2014,Österreich,Anteil Männer in %,,52.9953917050691
2014,EU Staaten,Anteil Männer in %,,56.2172820413686
2014,Afrika,Anteil Männer in %,,63.7351541087657
2014,Amerika,Anteil Männer in %,,44.3382090617196
2014,Asien,Anteil Männer in %,,51.0534936947449
2014,Syrien,Anteil Männer in %,,57.0469798657718
2014,Irak,Anteil Männer in %,,54.8659384309831
2014,Vietnam,Anteil Männer in %,,47.3108930567631
2014,China,Anteil Männer in %,,50.6878589555229
2014,Australien und Ozeanien,Anteil Männer in %,,56.140350877193
2014,Staatenlos,Anteil Männer in %,,58.0485115766262
2014,Ungeklärt und ohne Angabe,Anteil Männer in %,,58.4583548887739
2014,Insgesamt,Anteil Männer in %,,52.9646179690059
2013,Europa,Anteil Männer in %,,52.719844615298
2013,Türkei,Anteil Männer in %,,51.1747007233852
2013,Polen,Anteil Männer in %,,54.3097949886105
2013,Serbien,Anteil Männer in %,,50.6900303498826
2013,Niederlande,Anteil Männer in %,,56.2458691341705
2013,Italien,Anteil Männer in %,,62.3526051654494
2013,Russische Föderation,Anteil Männer in %,,37.5277076137945
2013,Griechenland,Anteil Männer in %,,56.6955772897829
2013,Rumänien,Anteil Männer in %,,60.8364288459075
2013,Spanien,Anteil Männer in %,,52.1128116276831
2013,Vereinigtes Königreich,Anteil Männer in %,,67.5649287248584
2013,Ukraine,Anteil Männer in %,,36.7159044921085
2013,Bulgarien,Anteil Männer in %,,56.5916398713826
2013,Portugal,Anteil Männer in %,,55.1181102362205
2013,Kroatien,Anteil Männer in %,,51.9859299428404
2013,Ungarn,Anteil Männer in %,,67.0658682634731
2013,Österreich,Anteil Männer in %,,52.5163094128611
2013,EU Staaten,Anteil Männer in %,,55.9080962800875
2013,Afrika,Anteil Männer in %,,62.1955422794118
2013,Amerika,Anteil Männer in %,,44.1161261727118
2013,Asien,Anteil Männer in %,,49.989825766247
2013,Syrien,Anteil Männer in %,,54.7902316844083
2013,Irak,Anteil Männer in %,,54.4949706621961
2013,Vietnam,Anteil Männer in %,,47.9940564635958
2013,China,Anteil Männer in %,,50.843023255814
2013,Australien und Ozeanien,Anteil Männer in %,,55.7026476578411
2013,Staatenlos,Anteil Männer in %,,59.6367896895138
2013,Ungeklärt und ohne Angabe,Anteil Männer in %,,58.2750582750583
2013,Insgesamt,Anteil Männer in %,,52.4861657748212
2012,Europa,Anteil Männer in %,,52.3339889091184
2012,Türkei,Anteil Männer in %,,51.327118466534
2012,Polen,Anteil Männer in %,,53.1041495700574
2012,Serbien2),Anteil Männer in %,,50.6814410997867
2012,Niederlande,Anteil Männer in %,,56.2699680511182
2012,Italien,Anteil Männer in %,,62.5644551392231
2012,Russische Föderation,Anteil Männer in %,,37.1729771497958
2012,Griechenland,Anteil Männer in %,,56.6344720295586
2012,Rumänien,Anteil Männer in %,,59.8512707362916
2012,Vereinigtes Königreich,Anteil Männer in %,,67.3995224830879
2012,Ukraine,Anteil Männer in %,,37.2668939242029
2012,Spanien,Anteil Männer in %,,51.9592985494696
2012,Bulgarien,Anteil Männer in %,,56.1186331399097
2012,Portugal,Anteil Männer in %,,53.9537385691232
2012,Kroatien,Anteil Männer in %,,51.4395688991532
2012,Österreich,Anteil Männer in %,,52.7975907433825
2012,Bosnien und Herzegowina,Anteil Männer in %,,51.9797809604044
2012,EU Staaten,Anteil Männer in %,,55.5275336059352
2012,Afrika,Anteil Männer in %,,60.7024336283186
2012,Amerika,Anteil Männer in %,,43.3487654320988
2012,Asien,Anteil Männer in %,,49.3672095785493
2012,Irak,Anteil Männer in %,,54.963215694637
2012,Vietnam,Anteil Männer in %,,48.3439720582922
2012,Syrien,Anteil Männer in %,,54.125
2012,China,Anteil Männer in %,,50.7547476059081
2012,Australien und Ozeanien,Anteil Männer in %,,56.0606060606061
2012,Staatenlos,Anteil Männer in %,,58.3825265643448
2012,Ungeklärt und ohne Angabe,Anteil Männer in %,,58.3348751156337
2012,Insgesamt,Anteil Männer in %,,51.9954396917524
2020,Europa,Anteil Frauen in %,,46.5948490472095
2020,Türkei,Anteil Frauen in %,,48.7029573707215
2020,Polen,Anteil Frauen in %,,45.6052056326572
2020,Serbien,Anteil Frauen in %,,49.2487046632124
2020,Niederlande,Anteil Frauen in %,,43.380992430614
2020,Rumänien,Anteil Frauen in %,,40.0077309625048
2020,Italien,Anteil Frauen in %,,39.5854922279793
2020,Russische Föderation,Anteil Frauen in %,,63.443026639803
2020,Griechenland,Anteil Frauen in %,,43.4073281626103
2020,Bulgarien,Anteil Frauen in %,,45.5464612421762
2020,Spanien,Anteil Frauen in %,,47.3639814424294
2020,Ukraine,Anteil Frauen in %,,63.6283961437336
2020,Vereinigtes Königreich,Anteil Frauen in %,,30.42071197411
2020,Portugal,Anteil Frauen in %,,45.9770114942529
2020,Kroatien,Anteil Frauen in %,,43.894250944188
2020,Ungarn,Anteil Frauen in %,,40.8848614072495
2020,EU Staaten,Anteil Frauen in %,,44.4352396344031
2020,Afrika,Anteil Frauen in %,,36.8030601599629
2020,Amerika,Anteil Frauen in %,,54.5059403071573
2020,Asien,Anteil Frauen in %,,45.5259975816203
2020,Syrien,Anteil Frauen in %,,43.4078467153285
2020,Irak ,Anteil Frauen in %,,44.9720018665422
2020,Afghanistan,Anteil Frauen in %,,37.036188731104
2020,China,Anteil Frauen in %,,50.3197245450074
2020,Vietnam,Anteil Frauen in %,,54.8093340922026
2020,Australien und Ozeanien,Anteil Frauen in %,,42.7184466019417
2020,Staatenlos,Anteil Frauen in %,,43.4343434343434
2020,Ungeklärt und ohne Angabe,Anteil Frauen in %,,41.7491749174918
2020,Insgesamt,Anteil Frauen in %,,45.9048018696927
2019,Europa,Anteil Frauen in %,,46.3280796082301
2019,Türkei,Anteil Frauen in %,,48.7011889333408
2019,Polen,Anteil Frauen in %,,45.2634800795797
2019,Serbien,Anteil Frauen in %,,49.0452524195658
2019,Niederlande,Anteil Frauen in %,,43.3785367487025
2019,Rumänien,Anteil Frauen in %,,39.3947100712106
2019,Italien,Anteil Frauen in %,,39.4102341717259
2019,Russische Föderation,Anteil Frauen in %,,63.230008984726
2019,Griechenland,Anteil Frauen in %,,43.2899282487377
2019,Bulgarien,Anteil Frauen in %,,45.1339915373766
2019,Spanien,Anteil Frauen in %,,47.2013366750209
2019,Ukraine,Anteil Frauen in %,,63.0233583076245
2019,Vereinigtes Königreich,Anteil Frauen in %,,30.0740740740741
2019,Portugal,Anteil Frauen in %,,45.8810068649886
2019,Kroatien,Anteil Frauen in %,,42.9710449013848
2019,Ungarn,Anteil Frauen in %,,39.8837823560486
2019,EU Staaten,Anteil Frauen in %,,48.5004221353715
2019,Afrika,Anteil Frauen in %,,36.0704510293943
2019,Amerika,Anteil Frauen in %,,54.3799772468714
2019,Asien,Anteil Frauen in %,,45.2719591231834
2019,Syrien,Anteil Frauen in %,,43.0929780083721
2019,Irak ,Anteil Frauen in %,,44.8032167661752
2019,Afghanistan,Anteil Frauen in %,,36.5974516281265
2019,China,Anteil Frauen in %,,49.5233555767398
2019,Vietnam,Anteil Frauen in %,,54.6803652968037
2019,Australien und Ozeanien,Anteil Frauen in %,,43.1924882629108
2019,Staatenlos,Anteil Frauen in %,,43.2203389830509
2019,Ungeklärt und ohne Angabe,Anteil Frauen in %,,41.4662084765178
2019,Insgesamt,Anteil Frauen in %,,45.633139752605
2018,Europa,Anteil Frauen in %,,46.1211949328796
2018,Türkei,Anteil Frauen in %,,48.776253150378
2018,Polen,Anteil Frauen in %,,44.6806320448814
2018,Serbien,Anteil Frauen in %,,49.3627190653213
2018,Niederlande,Anteil Frauen in %,,43.513874958208
2018,Rumänien,Anteil Frauen in %,,38.519996200247
2018,Italien,Anteil Frauen in %,,38.8119852812336
2018,Russische Föderation,Anteil Frauen in %,,62.9697525206233
2018,Griechenland,Anteil Frauen in %,,42.9483767961682
2018,Bulgarien,Anteil Frauen in %,,44.382454790304
2018,Spanien,Anteil Frauen in %,,47.2773322076826
2018,Ukraine,Anteil Frauen in %,,63.2819582955576
2018,Vereinigtes Königreich,Anteil Frauen in %,,30.790802019069
2018,Portugal,Anteil Frauen in %,,46.0744985673352
2018,Kroatien,Anteil Frauen in %,,43.2266549758878
2018,Ungarn,Anteil Frauen in %,,38.9183457051962
2018,EU Staaten,Anteil Frauen in %,,44.1058061750884
2018,Afrika,Anteil Frauen in %,,34.5922417104084
2018,Amerika,Anteil Frauen in %,,54.9197699061459
2018,Asien,Anteil Frauen in %,,44.7231172202777
2018,Syrien,Anteil Frauen in %,,42.1869135493557
2018,Irak ,Anteil Frauen in %,,44.2855318605542
2018,Afghanistan,Anteil Frauen in %,,36.0231940082145
2018,China,Anteil Frauen in %,,49.5073891625616
2018,Vietnam,Anteil Frauen in %,,54.2461005199307
2018,Australien und Ozeanien,Anteil Frauen in %,,44.8275862068966
2018,Staatenlos,Anteil Frauen in %,,43.161094224924
2018,Ungeklärt und ohne Angabe,Anteil Frauen in %,,40.4651162790698
2018,Insgesamt,Anteil Frauen in %,,45.3018153195258
2017,Europa,Anteil Frauen in %,,46.2571279947393
2017,Türkei,Anteil Frauen in %,,48.7872874268191
2017,Polen,Anteil Frauen in %,,44.7351661182465
2017,Serbien,Anteil Frauen in %,,49.5471497069792
2017,Niederlande,Anteil Frauen in %,,43.764472378432
2017,Rumänien,Anteil Frauen in %,,38.3948928408573
2017,Italien,Anteil Frauen in %,,38.6970452118192
2017,Russische Föderation,Anteil Frauen in %,,62.8130119354084
2017,Griechenland,Anteil Frauen in %,,43.1377825618945
2017,Bulgarien,Anteil Frauen in %,,44.1125913192952
2017,Spanien,Anteil Frauen in %,,47.0937632583793
2017,Ukraine,Anteil Frauen in %,,63.3789523360076
2017,Vereinigtes Königreich,Anteil Frauen in %,,30.8753315649867
2017,Portugal,Anteil Frauen in %,,46.0263007432819
2017,Kroatien,Anteil Frauen in %,,43.663318986131
2017,Ungarn,Anteil Frauen in %,,37.6232201533406
2017,EU Staaten,Anteil Frauen in %,,44.1392477174398
2017,Afrika,Anteil Frauen in %,,32.9980710939653
2017,Amerika,Anteil Frauen in %,,55.1735218508997
2017,Asien,Anteil Frauen in %,,44.2029877193414
2017,Syrien,Anteil Frauen in %,,41.2681425991573
2017,Irak ,Anteil Frauen in %,,43.5195376995047
2017,Afghanistan,Anteil Frauen in %,,35.4332669322709
2017,China,Anteil Frauen in %,,50.1551189245088
2017,Vietnam,Anteil Frauen in %,,54.2056074766355
2017,Australien und Ozeanien,Anteil Frauen in %,,44.8275862068966
2017,Staatenlos,Anteil Frauen in %,,43.161094224924
2017,Ungeklärt und ohne Angabe,Anteil Frauen in %,,40.4651162790698
2017,Insgesamt,Anteil Frauen in %,,45.3018153195258
2016,Europa,Anteil Frauen in %,,46.4495964071129
2016,Türkei,Anteil Frauen in %,,48.90502855242
2016,Polen,Anteil Frauen in %,,44.823953423898
2016,Serbien,Anteil Frauen in %,,50.0537056928034
2016,Niederlande,Anteil Frauen in %,,43.7715411127523
2016,Rumänien,Anteil Frauen in %,,38.1610738255034
2016,Italien,Anteil Frauen in %,,38.4116693679092
2016,Russische Föderation,Anteil Frauen in %,,62.5851938895417
2016,Griechenland,Anteil Frauen in %,,43.0327868852459
2016,Bulgarien,Anteil Frauen in %,,44.1461054668602
2016,Spanien,Anteil Frauen in %,,47.0263381478335
2016,Ukraine,Anteil Frauen in %,,63.6669874879692
2016,Vereinigtes Königreich,Anteil Frauen in %,,31.6209476309227
2016,Portugal,Anteil Frauen in %,,45.2460850111857
2016,Kroatien,Anteil Frauen in %,,44.9765747006767
2016,Ungarn,Anteil Frauen in %,,36.7950865438303
2016,EU Staaten,Anteil Frauen in %,,44.2895857530004
2016,Afrika,Anteil Frauen in %,,30.8478038815117
2016,Amerika,Anteil Frauen in %,,55.1108170691366
2016,Asien,Anteil Frauen in %,,43.2202047925684
2016,Syrien,Anteil Frauen in %,,39.5853246084847
2016,Irak ,Anteil Frauen in %,,41.9783239200122
2016,Afghanistan,Anteil Frauen in %,,34.7661188369153
2016,China,Anteil Frauen in %,,50.6674082313682
2016,Vietnam,Anteil Frauen in %,,53.5885167464115
2016,Australien und Ozeanien,Anteil Frauen in %,,44.973544973545
2016,Staatenlos,Anteil Frauen in %,,41.06463878327
2016,Ungeklärt und ohne Angabe,Anteil Frauen in %,,38.7115839243499
2016,Insgesamt,Anteil Frauen in %,,44.9787636627146
2015,Europa,Anteil Frauen in %,,46.6201708887091
2015,Türkei,Anteil Frauen in %,,48.8989594561894
2015,Polen,Anteil Frauen in %,,44.8814770696843
2015,Serbien,Anteil Frauen in %,,48.9803534189441
2015,Niederlande,Anteil Frauen in %,,43.6744905685222
2015,Rumänien,Anteil Frauen in %,,38.5067951143988
2015,Italien,Anteil Frauen in %,,38.147007532188
2015,Russische Föderation,Anteil Frauen in %,,62.6839317245439
2015,Griechenland,Anteil Frauen in %,,42.9117680630065
2015,Bulgarien,Anteil Frauen in %,,43.4177068885807
2015,Spanien,Anteil Frauen in %,,47.329171002428
2015,Ukraine,Anteil Frauen in %,,63.7202525497814
2015,Vereinigtes Königreich,Anteil Frauen in %,,31.9512195121951
2015,Portugal,Anteil Frauen in %,,45.9310344827586
2015,Kroatien,Anteil Frauen in %,,45.5379188712522
2015,Ungarn,Anteil Frauen in %,,35.4831061055127
2015,EU Staaten,Anteil Frauen in %,,43.5315559877841
2015,Afrika,Anteil Frauen in %,,30.7805144299652
2015,Amerika,Anteil Frauen in %,,54.9708790464581
2015,Asien,Anteil Frauen in %,,44.5733229209733
2015,Syrien,Anteil Frauen in %,,38.3239763817636
2015,Irak ,Anteil Frauen in %,,39.7390408607073
2015,Afghanistan,Anteil Frauen in %,,35.894331315355
2015,China,Anteil Frauen in %,,50.5989458552947
2015,Vietnam,Anteil Frauen in %,,53.0679730557257
2015,Australien und Ozeanien,Anteil Frauen in %,,44.2226890756303
2015,Staatenlos,Anteil Frauen in %,,41.64265129683
2015,Ungeklärt und ohne Angabe,Anteil Frauen in %,,39.4540303888746
2015,Insgesamt,Anteil Frauen in %,,45.6008207081168
2014,Europa,Anteil Frauen in %,,46.9827104392082
2014,Türkei,Anteil Frauen in %,,48.888599885121
2014,Polen,Anteil Frauen in %,,45.1397019691325
2014,Serbien,Anteil Frauen in %,,49.4655857902618
2014,Niederlande,Anteil Frauen in %,,43.7946546705478
2014,Italien,Anteil Frauen in %,,37.9699685717612
2014,Rumänien,Anteil Frauen in %,,38.5282967158452
2014,Russische Föderation,Anteil Frauen in %,,62.6314177809534
2014,Griechenland,Anteil Frauen in %,,42.9949689257177
2014,Bulgarien,Anteil Frauen in %,,43.6337075196063
2014,Spanien,Anteil Frauen in %,,47.4319137269238
2014,Ukraine,Anteil Frauen in %,,63.3627450980392
2014,Vereinigtes Königreich,Anteil Frauen in %,,32.1059367923599
2014,Portugal,Anteil Frauen in %,,45.2575157305989
2014,Ungarn,Anteil Frauen in %,,34.5861655337865
2014,Kroatien,Anteil Frauen in %,,46.1031094359941
2014,Österreich,Anteil Frauen in %,,47.0046082949309
2014,EU Staaten,Anteil Frauen in %,,43.7827179586314
2014,Afrika,Anteil Frauen in %,,36.2648458912343
2014,Amerika,Anteil Frauen in %,,55.6617909382804
2014,Asien,Anteil Frauen in %,,48.9465063052551
2014,Syrien,Anteil Frauen in %,,42.9530201342282
2014,Irak,Anteil Frauen in %,,45.1340615690169
2014,Vietnam,Anteil Frauen in %,,52.6891069432369
2014,China,Anteil Frauen in %,,49.3121410444771
2014,Australien und Ozeanien,Anteil Frauen in %,,43.859649122807
2014,Staatenlos,Anteil Frauen in %,,41.9514884233738
2014,Ungeklärt und ohne Angabe,Anteil Frauen in %,,41.5416451112261
2014,Insgesamt,Anteil Frauen in %,,47.0353820309941
2013,Europa,Anteil Frauen in %,,47.2801553847021
2013,Türkei,Anteil Frauen in %,,48.8252992766148
2013,Polen,Anteil Frauen in %,,45.6902050113895
2013,Serbien,Anteil Frauen in %,,49.3099696501174
2013,Niederlande,Anteil Frauen in %,,43.7541308658295
2013,Italien,Anteil Frauen in %,,37.6473948345506
2013,Russische Föderation,Anteil Frauen in %,,62.4722923862055
2013,Griechenland,Anteil Frauen in %,,43.3044227102171
2013,Rumänien,Anteil Frauen in %,,39.1635711540925
2013,Spanien,Anteil Frauen in %,,47.8871883723169
2013,Vereinigtes Königreich,Anteil Frauen in %,,32.4350712751416
2013,Ukraine,Anteil Frauen in %,,63.2840955078916
2013,Bulgarien,Anteil Frauen in %,,43.4083601286174
2013,Portugal,Anteil Frauen in %,,44.8818897637795
2013,Kroatien,Anteil Frauen in %,,48.0140700571596
2013,Ungarn,Anteil Frauen in %,,32.9341317365269
2013,Österreich,Anteil Frauen in %,,47.4836905871389
2013,EU Staaten,Anteil Frauen in %,,44.0919037199125
2013,Afrika,Anteil Frauen in %,,37.8044577205882
2013,Amerika,Anteil Frauen in %,,55.8838738272882
2013,Asien,Anteil Frauen in %,,50.010174233753
2013,Syrien,Anteil Frauen in %,,45.2097683155917
2013,Irak,Anteil Frauen in %,,45.5050293378039
2013,Vietnam,Anteil Frauen in %,,52.0059435364042
2013,China,Anteil Frauen in %,,49.156976744186
2013,Australien und Ozeanien,Anteil Frauen in %,,44.2973523421589
2013,Staatenlos,Anteil Frauen in %,,40.3632103104862
2013,Ungeklärt und ohne Angabe,Anteil Frauen in %,,41.7249417249417
2013,Insgesamt,Anteil Frauen in %,,47.5138342251788
2012,Europa,Anteil Frauen in %,,47.6660110908816
2012,Türkei,Anteil Frauen in %,,48.672881533466
2012,Polen,Anteil Frauen in %,,46.8958504299426
2012,Serbien2),Anteil Frauen in %,,49.3185589002133
2012,Niederlande,Anteil Frauen in %,,43.7300319488818
2012,Italien,Anteil Frauen in %,,37.4355448607769
2012,Russische Föderation,Anteil Frauen in %,,62.8270228502042
2012,Griechenland,Anteil Frauen in %,,43.3655279704414
2012,Rumänien,Anteil Frauen in %,,40.1487292637084
2012,Vereinigtes Königreich,Anteil Frauen in %,,32.6004775169121
2012,Ukraine,Anteil Frauen in %,,62.7331060757971
2012,Spanien,Anteil Frauen in %,,48.0407014505304
2012,Bulgarien,Anteil Frauen in %,,43.8813668600903
2012,Portugal,Anteil Frauen in %,,46.0462614308768
2012,Kroatien,Anteil Frauen in %,,48.5604311008468
2012,Österreich,Anteil Frauen in %,,47.2024092566175
2012,Bosnien und Herzegowina,Anteil Frauen in %,,48.0202190395956
2012,EU Staaten,Anteil Frauen in %,,44.4724663940648
2012,Afrika,Anteil Frauen in %,,39.2975663716814
2012,Amerika,Anteil Frauen in %,,56.6512345679012
2012,Asien,Anteil Frauen in %,,50.6327904214507
2012,Irak,Anteil Frauen in %,,45.036784305363
2012,Vietnam,Anteil Frauen in %,,51.6560279417078
2012,Syrien,Anteil Frauen in %,,45.875
2012,China,Anteil Frauen in %,,49.2452523940919
2012,Australien und Ozeanien,Anteil Frauen in %,,43.9393939393939
2012,Staatenlos,Anteil Frauen in %,,41.6174734356553
2012,Ungeklärt und ohne Angabe,Anteil Frauen in %,,41.6651248843663
2012,Insgesamt,Anteil Frauen in %,,48.0045603082476
2020,Europa,Veränderung in Prozent ggegenüber 2005,,56.5751203388197
2020,Türkei,Veränderung in Prozent ggegenüber 2005,,-21.0693740031183
2020,Polen,Veränderung in Prozent ggegenüber 2005,,203.443062968562
2020,Serbien,Veränderung in Prozent ggegenüber 2005,,0.0
2020,Niederlande,Veränderung in Prozent ggegenüber 2005,,33.0930419987463
2020,Rumänien,Veränderung in Prozent ggegenüber 2005,,1812.32998225902
2020,Italien,Veränderung in Prozent ggegenüber 2005,,20.9121663951886
2020,Russische Föderation,Veränderung in Prozent ggegenüber 2005,,22.2295189624035
2020,Griechenland,Veränderung in Prozent ggegenüber 2005,,16.0675482709381
2020,Bulgarien,Veränderung in Prozent ggegenüber 2005,,1534.57502623295
2020,Spanien,Veränderung in Prozent ggegenüber 2005,,26.4398464163823
2020,Ukraine,Veränderung in Prozent ggegenüber 2005,,-1.73957974509128
2020,Vereinigtes Königreich,Veränderung in Prozent ggegenüber 2005,,-40.3590040532716
2020,Portugal,Veränderung in Prozent ggegenüber 2005,,20.0331125827815
2020,Kroatien,Veränderung in Prozent ggegenüber 2005,,84.2715743891123
2020,Ungarn,Veränderung in Prozent ggegenüber 2005,,310.144293834718
2020,EU Staaten,Veränderung in Prozent ggegenüber 2005,,149.955869972571
2020,Afrika,Veränderung in Prozent ggegenüber 2005,,202.298689466676
2020,Amerika,Veränderung in Prozent ggegenüber 2005,,46.2659998304654
2020,Asien,Veränderung in Prozent ggegenüber 2005,,214.901950118313
2020,Syrien,Veränderung in Prozent ggegenüber 2005,,1506.44924880909
2020,Irak ,Veränderung in Prozent ggegenüber 2005,,475.456498388829
2020,Afghanistan,Veränderung in Prozent ggegenüber 2005,,555.358751125788
2020,China,Veränderung in Prozent ggegenüber 2005,,83.6163294797688
2020,Vietnam,Veränderung in Prozent ggegenüber 2005,,-9.11442168425409
2020,Australien und Ozeanien,Veränderung in Prozent ggegenüber 2005,,54.4227886056971
2020,Staatenlos,Veränderung in Prozent ggegenüber 2005,,113.888888888889
2020,Ungeklärt und ohne Angabe,Veränderung in Prozent ggegenüber 2005,,32.7976625273923
2020,Insgesamt,Veränderung in Prozent ggegenüber 2005,,85.8983804492444
2019,Europa,Veränderung in Prozent ggegenüber 2005,,53.6920913724579
2019,Türkei,Veränderung in Prozent ggegenüber 2005,,-20.4869262890016
2019,Polen,Veränderung in Prozent ggegenüber 2005,,202.394101132262
2019,Serbien,Veränderung in Prozent ggegenüber 2005,,0.0
2019,Niederlande,Veränderung in Prozent ggegenüber 2005,,33.7198889585386
2019,Rumänien,Veränderung in Prozent ggegenüber 2005,,1643.93849793022
2019,Italien,Veränderung in Prozent ggegenüber 2005,,20.3900931378691
2019,Russische Föderation,Veränderung in Prozent ggegenüber 2005,,21.8190773272041
2019,Griechenland,Veränderung in Prozent ggegenüber 2005,,16.8125659651083
2019,Bulgarien,Veränderung in Prozent ggegenüber 2005,,1387.93284365163
2019,Spanien,Veränderung in Prozent ggegenüber 2005,,27.6663822525597
2019,Ukraine,Veränderung in Prozent ggegenüber 2005,,-2.29934550465036
2019,Vereinigtes Königreich,Veränderung in Prozent ggegenüber 2005,,-34.8581354950782
2019,Portugal,Veränderung in Prozent ggegenüber 2005,,20.5849889624724
2019,Kroatien,Veränderung in Prozent ggegenüber 2005,,84.2715743891123
2019,Ungarn,Veränderung in Prozent ggegenüber 2005,,313.860953213817
2019,EU Staaten,Veränderung in Prozent ggegenüber 2005,,194.021981882347
2019,Afrika,Veränderung in Prozent ggegenüber 2005,,194.449505921929
2019,Amerika,Veränderung in Prozent ggegenüber 2005,,49.0209375264898
2019,Asien,Veränderung in Prozent ggegenüber 2005,,207.40201811407
2019,Syrien,Veränderung in Prozent ggegenüber 2005,,1453.77427629168
2019,Irak ,Veränderung in Prozent ggegenüber 2005,,450.953276047261
2019,Afghanistan,Veränderung in Prozent ggegenüber 2005,,536.145301711198
2019,China,Veränderung in Prozent ggegenüber 2005,,89.4869942196532
2019,Vietnam,Veränderung in Prozent ggegenüber 2005,,-9.37306021104904
2019,Australien und Ozeanien,Veränderung in Prozent ggegenüber 2005,,59.6701649175412
2019,Staatenlos,Veränderung in Prozent ggegenüber 2005,,118.518518518519
2019,Ungeklärt und ohne Angabe,Veränderung in Prozent ggegenüber 2005,,27.5383491599708
2019,Insgesamt,Veränderung in Prozent ggegenüber 2005,,82.2731350463503
2018,Europa,Veränderung in Prozent ggegenüber 2005,,49.9345152712655
2018,Türkei,Veränderung in Prozent ggegenüber 2005,,-20.0030466495815
2018,Polen,Veränderung in Prozent ggegenüber 2005,,199.709992904082
2018,Serbien,Veränderung in Prozent ggegenüber 2005,,-49.6470210717724
2018,Niederlande,Veränderung in Prozent ggegenüber 2005,,33.9213754813289
2018,Rumänien,Veränderung in Prozent ggegenüber 2005,,1456.3276167948
2018,Italien,Veränderung in Prozent ggegenüber 2005,,19.1788831808879
2018,Russische Föderation,Veränderung in Prozent ggegenüber 2005,,19.4111530673672
2018,Griechenland,Veränderung in Prozent ggegenüber 2005,,16.6573539454895
2018,Bulgarien,Veränderung in Prozent ggegenüber 2005,,1263.58866736621
2018,Spanien,Veränderung in Prozent ggegenüber 2005,,26.3331911262799
2018,Ukraine,Veränderung in Prozent ggegenüber 2005,,-5.01205649328281
2018,Vereinigtes Königreich,Veränderung in Prozent ggegenüber 2005,,-13.9644856205366
2018,Portugal,Veränderung in Prozent ggegenüber 2005,,20.3780353200883
2018,Kroatien,Veränderung in Prozent ggegenüber 2005,,76.3841633158058
2018,Ungarn,Veränderung in Prozent ggegenüber 2005,,312.330564057718
2018,EU Staaten,Veränderung in Prozent ggegenüber 2005,,95.3278237573554
2018,Afrika,Veränderung in Prozent ggegenüber 2005,,173.705235125096
2018,Amerika,Veränderung in Prozent ggegenüber 2005,,39.9932186149021
2018,Asien,Veränderung in Prozent ggegenüber 2005,,193.340495553077
2018,Syrien,Veränderung in Prozent ggegenüber 2005,,1364.45584463173
2018,Irak ,Veränderung in Prozent ggegenüber 2005,,425.711600429646
2018,Afghanistan,Veränderung in Prozent ggegenüber 2005,,521.284899429601
2018,China,Veränderung in Prozent ggegenüber 2005,,83.3453757225433
2018,Vietnam,Veränderung in Prozent ggegenüber 2005,,-10.4593420235878
2018,Australien und Ozeanien,Veränderung in Prozent ggegenüber 2005,,52.1739130434783
2018,Staatenlos,Veränderung in Prozent ggegenüber 2005,,103.086419753086
2018,Ungeklärt und ohne Angabe,Veränderung in Prozent ggegenüber 2005,,25.6391526661797
2018,Insgesamt,Veränderung in Prozent ggegenüber 2005,,76.1873599632492
2017,Europa,Veränderung in Prozent ggegenüber 2005,,44.4165055534452
2017,Türkei,Veränderung in Prozent ggegenüber 2005,,-19.6446172870481
2017,Polen,Veränderung in Prozent ggegenüber 2005,,190.654984111313
2017,Serbien,Veränderung in Prozent ggegenüber 2005,,-49.8074660391486
2017,Niederlande,Veränderung in Prozent ggegenüber 2005,,35.3541685322826
2017,Rumänien,Veränderung in Prozent ggegenüber 2005,,1196.86575990538
2017,Italien,Veränderung in Prozent ggegenüber 2005,,17.3203023848306
2017,Russische Föderation,Veränderung in Prozent ggegenüber 2005,,16.9211404804903
2017,Griechenland,Veränderung in Prozent ggegenüber 2005,,15.3535729806916
2017,Bulgarien,Veränderung in Prozent ggegenüber 2005,,1120.8814270724
2017,Spanien,Veränderung in Prozent ggegenüber 2005,,25.6932593856655
2017,Ukraine,Veränderung in Prozent ggegenüber 2005,,-8.75818119187048
2017,Vereinigtes Königreich,Veränderung in Prozent ggegenüber 2005,,-9.04265585794248
2017,Portugal,Veränderung in Prozent ggegenüber 2005,,20.6539735099338
2017,Kroatien,Veränderung in Prozent ggegenüber 2005,,61.6919270027838
2017,Ungarn,Veränderung in Prozent ggegenüber 2005,,299.21294271972
2017,EU Staaten,Veränderung in Prozent ggegenüber 2005,,94.1976032148495
2017,Afrika,Veränderung in Prozent ggegenüber 2005,,154.327563249001
2017,Amerika,Veränderung in Prozent ggegenüber 2005,,31.8979401542765
2017,Asien,Veränderung in Prozent ggegenüber 2005,,176.287159681236
2017,Syrien,Veränderung in Prozent ggegenüber 2005,,1269.6408941004
2017,Irak ,Veränderung in Prozent ggegenüber 2005,,387.916219119227
2017,Afghanistan,Veränderung in Prozent ggegenüber 2005,,502.821975382768
2017,China,Veränderung in Prozent ggegenüber 2005,,74.6748554913295
2017,Vietnam,Veränderung in Prozent ggegenüber 2005,,-11.4421684254087
2017,Australien und Ozeanien,Veränderung in Prozent ggegenüber 2005,,52.1739130434783
2017,Staatenlos,Veränderung in Prozent ggegenüber 2005,,103.086419753086
2017,Ungeklärt und ohne Angabe,Veränderung in Prozent ggegenüber 2005,,25.6391526661797
2017,Insgesamt,Veränderung in Prozent ggegenüber 2005,,76.1873599632492
2016,Europa,Veränderung in Prozent ggegenüber 2005,,40.1288149815452
2016,Türkei,Veränderung in Prozent ggegenüber 2005,,-19.1876198498181
2016,Polen,Veränderung in Prozent ggegenüber 2005,,178.206275259927
2016,Serbien,Veränderung in Prozent ggegenüber 2005,,-50.208578457589
2016,Niederlande,Veränderung in Prozent ggegenüber 2005,,36.4063759290767
2016,Rumänien,Veränderung in Prozent ggegenüber 2005,,1001.41927853341
2016,Italien,Veränderung in Prozent ggegenüber 2005,,15.9629119158
2016,Russische Föderation,Veränderung in Prozent ggegenüber 2005,,16.428610518251
2016,Griechenland,Veränderung in Prozent ggegenüber 2005,,13.6151983609611
2016,Bulgarien,Veränderung in Prozent ggegenüber 2005,,984.470094438615
2016,Spanien,Veränderung in Prozent ggegenüber 2005,,25.5332764505119
2016,Ukraine,Veränderung in Prozent ggegenüber 2005,,-10.5235962797106
2016,Vereinigtes Königreich,Veränderung in Prozent ggegenüber 2005,,-3.25226790194944
2016,Portugal,Veränderung in Prozent ggegenüber 2005,,23.3443708609272
2016,Kroatien,Veränderung in Prozent ggegenüber 2005,,48.5462418806063
2016,Ungarn,Veränderung in Prozent ggegenüber 2005,,291.560996939222
2016,EU Staaten,Veränderung in Prozent ggegenüber 2005,,85.3561689709611
2016,Afrika,Veränderung in Prozent ggegenüber 2005,,140.135959072114
2016,Amerika,Veränderung in Prozent ggegenüber 2005,,28.1257946935661
2016,Asien,Veränderung in Prozent ggegenüber 2005,,157.649522669785
2016,Syrien,Veränderung in Prozent ggegenüber 2005,,1145.96921949432
2016,Irak ,Veränderung in Prozent ggegenüber 2005,,339.782491944146
2016,Afghanistan,Veränderung in Prozent ggegenüber 2005,,493.665565896127
2016,China,Veränderung in Prozent ggegenüber 2005,,62.3916184971098
2016,Vietnam,Veränderung in Prozent ggegenüber 2005,,-13.5112766397683
2016,Australien und Ozeanien,Veränderung in Prozent ggegenüber 2005,,41.6791604197901
2016,Staatenlos,Veränderung in Prozent ggegenüber 2005,,62.3456790123457
2016,Ungeklärt und ohne Angabe,Veränderung in Prozent ggegenüber 2005,,23.5938641344047
2016,Insgesamt,Veränderung in Prozent ggegenüber 2005,,61.4751043368596
2015,Europa,Veränderung in Prozent ggegenüber 2005,,35.5967614825062
2015,Türkei,Veränderung in Prozent ggegenüber 2005,,-18.534382336601
2015,Polen,Veränderung in Prozent ggegenüber 2005,,159.001018110018
2015,Serbien,Veränderung in Prozent ggegenüber 2005,,21.8178414803722
2015,Niederlande,Veränderung in Prozent ggegenüber 2005,,36.0123578400645
2015,Rumänien,Veränderung in Prozent ggegenüber 2005,,759.402720283856
2015,Italien,Veränderung in Prozent ggegenüber 2005,,12.5631708641357
2015,Russische Föderation,Veränderung in Prozent ggegenüber 2005,,11.5744541126252
2015,Griechenland,Veränderung in Prozent ggegenüber 2005,,8.78500031042404
2015,Bulgarien,Veränderung in Prozent ggegenüber 2005,,807.869884575026
2015,Spanien,Veränderung in Prozent ggegenüber 2005,,22.9948805460751
2015,Ukraine,Veränderung in Prozent ggegenüber 2005,,-11.3417154667585
2015,Vereinigtes Königreich,Veränderung in Prozent ggegenüber 2005,,-1.08087241845204
2015,Portugal,Veränderung in Prozent ggegenüber 2005,,20.0331125827815
2015,Kroatien,Veränderung in Prozent ggegenüber 2005,,31.5341787813177
2015,Ungarn,Veränderung in Prozent ggegenüber 2005,,268.823786620026
2015,EU Staaten,Veränderung in Prozent ggegenüber 2005,,95.5580639644262
2015,Afrika,Veränderung in Prozent ggegenüber 2005,,105.438362884575
2015,Amerika,Veränderung in Prozent ggegenüber 2005,,25.1674154446046
2015,Asien,Veränderung in Prozent ggegenüber 2005,,77.6239562651291
2015,Syrien,Veränderung in Prozent ggegenüber 2005,,657.127152803225
2015,Irak ,Veränderung in Prozent ggegenüber 2005,,134.613319011815
2015,Afghanistan,Veränderung in Prozent ggegenüber 2005,,172.74091864305
2015,China,Veränderung in Prozent ggegenüber 2005,,50.7947976878613
2015,Vietnam,Veränderung in Prozent ggegenüber 2005,,-15.5286571487689
2015,Australien und Ozeanien,Veränderung in Prozent ggegenüber 2005,,42.7286356821589
2015,Staatenlos,Veränderung in Prozent ggegenüber 2005,,28.5185185185185
2015,Ungeklärt und ohne Angabe,Veränderung in Prozent ggegenüber 2005,,13.4550766983199
2015,Insgesamt,Veränderung in Prozent ggegenüber 2005,,43.8433668627001
2014,Europa,Veränderung in Prozent ggegenüber 2005,,24.26705296042
2014,Türkei,Veränderung in Prozent ggegenüber 2005,,-17.3184107242065
2014,Polen,Veränderung in Prozent ggegenüber 2005,,131.882269459785
2014,Serbien,Veränderung in Prozent ggegenüber 2005,,3.57792277248903
2014,Niederlande,Veränderung in Prozent ggegenüber 2005,,35.3631234888511
2014,Italien,Veränderung in Prozent ggegenüber 2005,,7.643152487157
2014,Rumänien,Veränderung in Prozent ggegenüber 2005,,547.338852749852
2014,Russische Föderation,Veränderung in Prozent ggegenüber 2005,,7.22924533464675
2014,Griechenland,Veränderung in Prozent ggegenüber 2005,,4.89228285838455
2014,Bulgarien,Veränderung in Prozent ggegenüber 2005,,582.371458551941
2014,Spanien,Veränderung in Prozent ggegenüber 2005,,16.7022184300341
2014,Ukraine,Veränderung in Prozent ggegenüber 2005,,-12.1598346538064
2014,Vereinigtes Königreich,Veränderung in Prozent ggegenüber 2005,,-1.97838255163096
2014,Portugal,Veränderung in Prozent ggegenüber 2005,,18.4050772626932
2014,Ungarn,Veränderung in Prozent ggegenüber 2005,,228.071709663314
2014,Kroatien,Veränderung in Prozent ggegenüber 2005,,14.8932879678317
2014,Österreich,Veränderung in Prozent ggegenüber 2005,,4.62873674059787
2014,EU Staaten,Veränderung in Prozent ggegenüber 2005,,76.9454421070635
2014,Afrika,Veränderung in Prozent ggegenüber 2005,,45.7495269465274
2014,Amerika,Veränderung in Prozent ggegenüber 2005,,18.8013901839451
2014,Asien,Veränderung in Prozent ggegenüber 2005,,21.2119563739223
2014,Syrien,Veränderung in Prozent ggegenüber 2005,,211.212898497618
2014,Irak,Veränderung in Prozent ggegenüber 2005,,35.204081632653
2014,Vietnam,Veränderung in Prozent ggegenüber 2005,,-16.7080488309539
2014,China,Veränderung in Prozent ggegenüber 2005,,35.2420520231214
2014,Australien und Ozeanien,Veränderung in Prozent ggegenüber 2005,,45.2773613193403
2014,Staatenlos,Veränderung in Prozent ggegenüber 2005,,11.9753086419753
2014,Ungeklärt und ohne Angabe,Veränderung in Prozent ggegenüber 2005,,-15.2812271731191
2014,Insgesamt,Veränderung in Prozent ggegenüber 2005,,23.705377844615
2013,Europa,Veränderung in Prozent ggegenüber 2005,,15.7398640412299
2013,Türkei,Veränderung in Prozent ggegenüber 2005,,-16.0146239179914
2013,Polen,Veränderung in Prozent ggegenüber 2005,,103.159226236387
2013,Serbien,Veränderung in Prozent ggegenüber 2005,,-6.60498449031982
2013,Niederlande,Veränderung in Prozent ggegenüber 2005,,35.4884928808095
2013,Italien,Veränderung in Prozent ggegenüber 2005,,2.36394770914255
2013,Russische Föderation,Veränderung in Prozent ggegenüber 2005,,6.16209708312812
2013,Griechenland,Veränderung in Prozent ggegenüber 2005,,0.931272117712794
2013,Rumänien,Veränderung in Prozent ggegenüber 2005,,361.679479597871
2013,Spanien,Veränderung in Prozent ggegenüber 2005,,10.804180887372
2013,Vereinigtes Königreich,Veränderung in Prozent ggegenüber 2005,,-1.15807759119862
2013,Ukraine,Veränderung in Prozent ggegenüber 2005,,-14.8811574233551
2013,Bulgarien,Veränderung in Prozent ggegenüber 2005,,405.823714585519
2013,Portugal,Veränderung in Prozent ggegenüber 2005,,13.8934878587196
2013,Kroatien,Veränderung in Prozent ggegenüber 2005,,5.52118775131456
2013,Ungarn,Veränderung in Prozent ggegenüber 2005,,192.085701792742
2013,Österreich,Veränderung in Prozent ggegenüber 2005,,3.4715525554484
2013,EU Staaten,Veränderung in Prozent ggegenüber 2005,,60.0711475970583
2013,Afrika,Veränderung in Prozent ggegenüber 2005,,21.9987385240732
2013,Amerika,Veränderung in Prozent ggegenüber 2005,,14.7495125879461
2013,Asien,Veränderung in Prozent ggegenüber 2005,,6.93012756004026
2013,Syrien,Veränderung in Prozent ggegenüber 2005,,75.5588127519238
2013,Irak,Veränderung in Prozent ggegenüber 2005,,28.1417830290011
2013,Vietnam,Veränderung in Prozent ggegenüber 2005,,-16.4494103041589
2013,China,Veränderung in Prozent ggegenüber 2005,,24.2774566473989
2013,Australien und Ozeanien,Veränderung in Prozent ggegenüber 2005,,47.2263868065967
2013,Staatenlos,Veränderung in Prozent ggegenüber 2005,,5.37037037037038
2013,Ungeklärt und ohne Angabe,Veränderung in Prozent ggegenüber 2005,,-24.7918188458729
2013,Insgesamt,Veränderung in Prozent ggegenüber 2005,,13.9122313569642
2012,Europa,Veränderung in Prozent ggegenüber 2005,,8.68140403794146
2012,Türkei,Veränderung in Prozent ggegenüber 2005,,-14.4518718973458
2012,Polen,Veränderung in Prozent ggegenüber 2005,,72.9367846234535
2012,Serbien2),Veränderung in Prozent ggegenüber 2005,,-9.74435768531394
2012,Niederlande,Veränderung in Prozent ggegenüber 2005,,34.5392674845527
2012,Italien,Veränderung in Prozent ggegenüber 2005,,-2.8024892452909
2012,Russische Föderation,Veränderung in Prozent ggegenüber 2005,,-0.848246046078913
2012,Griechenland,Veränderung in Prozent ggegenüber 2005,,-4.22176693363134
2012,Rumänien,Veränderung in Prozent ggegenüber 2005,,261.827321111768
2012,Vereinigtes Königreich,Veränderung in Prozent ggegenüber 2005,,-2.99170044392974
2012,Ukraine,Veränderung in Prozent ggegenüber 2005,,-14.1060971408887
2012,Spanien,Veränderung in Prozent ggegenüber 2005,,-1.47184300341297
2012,Bulgarien,Veränderung in Prozent ggegenüber 2005,,306.873032528856
2012,Portugal,Veränderung in Prozent ggegenüber 2005,,2.59381898454747
2012,Kroatien,Veränderung in Prozent ggegenüber 2005,,0.44849984534487
2012,Österreich,Veränderung in Prozent ggegenüber 2005,,1.39826422372226
2012,Bosnien und Herzegowina,Veränderung in Prozent ggegenüber 2005,,-8.169580690082
2012,EU Staaten,Veränderung in Prozent ggegenüber 2005,,39.6989909355225
2012,Afrika,Veränderung in Prozent ggegenüber 2005,,1.36659892073727
2012,Amerika,Veränderung in Prozent ggegenüber 2005,,9.85843858608119
2012,Asien,Veränderung in Prozent ggegenüber 2005,,-0.390295645551717
2012,Irak,Veränderung in Prozent ggegenüber 2005,,25.9264232008593
2012,Vietnam,Veränderung in Prozent ggegenüber 2005,,-14.1009724808607
2012,Syrien,Veränderung in Prozent ggegenüber 2005,,31.916452913155
2012,China,Veränderung in Prozent ggegenüber 2005,,11.2897398843931
2012,Australien und Ozeanien,Veränderung in Prozent ggegenüber 2005,,38.5307346326837
2012,Staatenlos,Veränderung in Prozent ggegenüber 2005,,4.5679012345679
2012,Ungeklärt und ohne Angabe,Veränderung in Prozent ggegenüber 2005,,-21.0372534696859
2012,Insgesamt,Veränderung in Prozent ggegenüber 2005,,6.62772001750866
