Year,Herkunftsland,Geschlecht,Units,COMMENT_OBS,Value
2022,Europa,Insgesamt,in 1000,"Aussagewert eingeschränkt, da der Zahlenwert statistisch relativ unsicher ist.",1165.0
2021,Europa,Insgesamt,in 1000,"Nicht veröffentlicht, weil nicht ausreichend genau oder nicht repräsentativ.",
2020,Europa,Insgesamt,in 1000,"Aussagewert eingeschränkt, da der Zahlenwert statistisch relativ unsicher ist.",1432.0
2019,Europa,Insgesamt,in 1000,"Aussagewert eingeschränkt, da der Zahlenwert statistisch relativ unsicher ist.",1111.0
2018,Europa,Insgesamt,in 1000,"Nicht veröffentlicht, weil nicht ausreichend genau oder nicht repräsentativ.",
2017,Europa,Insgesamt,in 1000,"Aussagewert eingeschränkt, da der Zahlenwert statistisch relativ unsicher ist.",2222.0
2016,Europa,Insgesamt,in 1000,,1999.0
