Year,Gebietseinheit,Geschlecht,Aufenthaltstitel,Grund der Befristung,Units,GeoCode,Value
2021,Bissendorf,männlich,unbefristet,,Anzahl,RH03101,10
2021,Bissendorf,weiblich,unbefristet,,Anzahl,RH03101,20
2021,Bissendorf,insgesamt,unbefristet,,Anzahl,RH03101,30
2021,Bissendorf,weiblich,befristet,Frist A,Anzahl,RH03101,40
2021,Bissendorf,männlich,befristet,Frist A,Anzahl,RH03101,50
2021,Bissendorf,insgesamt,befristet,Frist A,Anzahl,RH03101,60
2021,Bissendorf,weiblich,befristet,Frist B,Anzahl,RH03101,70
2021,Bissendorf,männlich,befristet,Frist B,Anzahl,RH03101,80
2021,Bissendorf,insgesamt,befristet,Frist B,Anzahl,RH03101,90
