Year,Gebietseinheit,GeoCode,Value
2005,Braunschweig  Stadt,K03101,441
2005,Salzgitter  Stadt,K03102,178
2005,Wolfsburg  Stadt,K03103,185
2005,Gifhorn,K03151,177
2005,Goslar,K03153,182
2005,Helmstedt,K03154,40
2005,Northeim,K03155,113
2005,Peine,K03157,216
2005,Wolfenbüttel,K03158,145
2005,Göttingen,K03159,424
2005,Statistische Region Braunschweig,K031,2101
2005,Hannover  Region,K03241,2810
2005,dav. Hannover  Lhst.,K03241001,1605
2005,dav. Hannover  Umland,K03241999,1205
2005,Diepholz,K03251,261
2005,Hameln-Pyrmont,K03252,308
2005,Hildesheim,K03254,559
2005,Holzminden,K03255,58
2005,Nienburg (Weser),K03256,194
2005,Schaumburg,K03257,231
2005,Statistische Region Hannover,K032,4421
2005,Celle,K03351,214
2005,Cuxhaven,K03352,184
2005,Harburg,K03353,301
2005,Lüchow-Dannenberg,K03354,5
2005,Lüneburg,K03355,197
2005,Osterholz,K03356,59
2005,Rotenburg (Wümme),K03357,86
2005,Heidekreis,K03358,146
2005,Stade,K03359,298
2005,Uelzen,K03360,53
2005,Verden,K03361,177
2005,Statistische Region Lüneburg,K033,1720
2005,Delmenhorst  Stadt,K03401,198
2005,Emden  Stadt,K03402,47
2005,Oldenburg(Oldb)  Stadt,K03403,245
2005,Osnabrück  Stadt,K03404,460
2005,Wilhelmshaven  Stadt,K03405,183
2005,Ammerland,K03451,91
2005,Aurich,K03452,201
2005,Cloppenburg,K03453,83
2005,Emsland,K03454,165
2005,Friesland,K03455,71
2005,Grafschaft Bentheim,K03456,114
2005,Leer,K03457,124
2005,Oldenburg,K03458,91
2005,Osnabrück,K03459,166
2005,Vechta,K03460,287
2005,Wesermarsch,K03461,91
2005,Wittmund,K03462,27
2005,Statistische Region Weser-Ems,K034,2644
2005,Niedersachsen,K030,10886
2006,Braunschweig  Stadt,K03101,440
2006,Salzgitter  Stadt,K03102,201
2006,Wolfsburg  Stadt,K03103,193
2006,Gifhorn,K03151,236
2006,Goslar,K03153,226
2006,Helmstedt,K03154,55
2006,Northeim,K03155,169
2006,Peine,K03157,198
2006,Wolfenbüttel,K03158,187
2006,Göttingen,K03159,499
2006,Statistische Region Braunschweig,K031,2404
2006,Hannover  Region,K03241,2779
2006,dav. Hannover  Lhst.,K03241001,1748
2006,dav. Hannover  Umland,K03241999,1031
2006,Diepholz,K03251,251
2006,Hameln-Pyrmont,K03252,258
2006,Hildesheim,K03254,602
2006,Holzminden,K03255,56
2006,Nienburg (Weser),K03256,167
2006,Schaumburg,K03257,297
2006,Statistische Region Hannover,K032,4410
2006,Celle,K03351,263
2006,Cuxhaven,K03352,147
2006,Harburg,K03353,257
2006,Lüchow-Dannenberg,K03354,10
2006,Lüneburg,K03355,186
2006,Osterholz,K03356,60
2006,Rotenburg (Wümme),K03357,84
2006,Heidekreis,K03358,135
2006,Stade,K03359,288
2006,Uelzen,K03360,57
2006,Verden,K03361,148
2006,Statistische Region Lüneburg,K033,1635
2006,Delmenhorst  Stadt,K03401,269
2006,Emden  Stadt,K03402,82
2006,Oldenburg(Oldb)  Stadt,K03403,264
2006,Osnabrück  Stadt,K03404,534
2006,Wilhelmshaven  Stadt,K03405,146
2006,Ammerland,K03451,101
2006,Aurich,K03452,166
2006,Cloppenburg,K03453,123
2006,Emsland,K03454,183
2006,Friesland,K03455,43
2006,Grafschaft Bentheim,K03456,115
2006,Leer,K03457,173
2006,Oldenburg,K03458,99
2006,Osnabrück,K03459,338
2006,Vechta,K03460,236
2006,Wesermarsch,K03461,93
2006,Wittmund,K03462,27
2006,Statistische Region Weser-Ems,K034,2992
2006,Niedersachsen,K030,11441
2007,Braunschweig  Stadt,K03101,386
2007,Salzgitter  Stadt,K03102,165
2007,Wolfsburg  Stadt,K03103,216
2007,Gifhorn,K03151,206
2007,Goslar,K03153,166
2007,Helmstedt,K03154,64
2007,Northeim,K03155,132
2007,Peine,K03157,167
2007,Wolfenbüttel,K03158,112
2007,Göttingen,K03159,383
2007,Statistische Region Braunschweig,K031,1997
2007,Hannover  Region,K03241,2364
2007,dav. Hannover  Lhst.,K03241001,1671
2007,dav. Hannover  Umland,K03241999,693
2007,Diepholz,K03251,241
2007,Hameln-Pyrmont,K03252,202
2007,Hildesheim,K03254,383
2007,Holzminden,K03255,26
2007,Nienburg (Weser),K03256,113
2007,Schaumburg,K03257,184
2007,Statistische Region Hannover,K032,3513
2007,Celle,K03351,163
2007,Cuxhaven,K03352,130
2007,Harburg,K03353,177
2007,Lüchow-Dannenberg,K03354,17
2007,Lüneburg,K03355,157
2007,Osterholz,K03356,53
2007,Rotenburg (Wümme),K03357,103
2007,Heidekreis,K03358,128
2007,Stade,K03359,189
2007,Uelzen,K03360,43
2007,Verden,K03361,128
2007,Statistische Region Lüneburg,K033,1288
2007,Delmenhorst  Stadt,K03401,267
2007,Emden  Stadt,K03402,75
2007,Oldenburg(Oldb)  Stadt,K03403,253
2007,Osnabrück  Stadt,K03404,366
2007,Wilhelmshaven  Stadt,K03405,129
2007,Ammerland,K03451,68
2007,Aurich,K03452,158
2007,Cloppenburg,K03453,117
2007,Emsland,K03454,130
2007,Friesland,K03455,48
2007,Grafschaft Bentheim,K03456,124
2007,Leer,K03457,124
2007,Oldenburg,K03458,81
2007,Osnabrück,K03459,183
2007,Vechta,K03460,213
2007,Wesermarsch,K03461,96
2007,Wittmund,K03462,21
2007,Statistische Region Weser-Ems,K034,2453
2007,Niedersachsen,K030,9251
2008,Braunschweig  Stadt,K03101,286
2008,Salzgitter  Stadt,K03102,110
2008,Wolfsburg  Stadt,K03103,137
2008,Gifhorn,K03151,137
2008,Goslar,K03153,123
2008,Helmstedt,K03154,45
2008,Northeim,K03155,66
2008,Peine,K03157,140
2008,Wolfenbüttel,K03158,106
2008,Göttingen,K03159,274
2008,Statistische Region Braunschweig,K031,1424
2008,Hannover  Region,K03241,2144
2008,dav. Hannover  Lhst.,K03241001,1431
2008,dav. Hannover  Umland,K03241999,713
2008,Diepholz,K03251,182
2008,Hameln-Pyrmont,K03252,181
2008,Hildesheim,K03254,334
2008,Holzminden,K03255,47
2008,Nienburg (Weser),K03256,73
2008,Schaumburg,K03257,116
2008,Statistische Region Hannover,K032,3077
2008,Celle,K03351,120
2008,Cuxhaven,K03352,130
2008,Harburg,K03353,169
2008,Lüchow-Dannenberg,K03354,13
2008,Lüneburg,K03355,209
2008,Osterholz,K03356,53
2008,Rotenburg (Wümme),K03357,83
2008,Heidekreis,K03358,122
2008,Stade,K03359,127
2008,Uelzen,K03360,74
2008,Verden,K03361,91
2008,Statistische Region Lüneburg,K033,1191
2008,Delmenhorst  Stadt,K03401,192
2008,Emden  Stadt,K03402,31
2008,Oldenburg(Oldb)  Stadt,K03403,278
2008,Osnabrück  Stadt,K03404,255
2008,Wilhelmshaven  Stadt,K03405,88
2008,Ammerland,K03451,71
2008,Aurich,K03452,97
2008,Cloppenburg,K03453,68
2008,Emsland,K03454,118
2008,Friesland,K03455,64
2008,Grafschaft Bentheim,K03456,116
2008,Leer,K03457,110
2008,Oldenburg,K03458,61
2008,Osnabrück,K03459,219
2008,Vechta,K03460,150
2008,Wesermarsch,K03461,83
2008,Wittmund,K03462,11
2008,Statistische Region Weser-Ems,K034,2012
2008,Niedersachsen,K030,7704
2009,Braunschweig  Stadt,K03101,294
2009,Salzgitter  Stadt,K03102,136
2009,Wolfsburg  Stadt,K03103,190
2009,Gifhorn,K03151,82
2009,Goslar,K03153,79
2009,Helmstedt,K03154,41
2009,Northeim,K03155,42
2009,Peine,K03157,84
2009,Wolfenbüttel,K03158,71
2009,Göttingen,K03159,222
2009,Statistische Region Braunschweig,K031,1241
2009,Hannover  Region,K03241,2002
2009,dav. Hannover  Lhst.,K03241001,1329
2009,dav. Hannover  Umland,K03241999,673
2009,Diepholz,K03251,137
2009,Hameln-Pyrmont,K03252,131
2009,Hildesheim,K03254,244
2009,Holzminden,K03255,47
2009,Nienburg (Weser),K03256,106
2009,Schaumburg,K03257,127
2009,Statistische Region Hannover,K032,2794
2009,Celle,K03351,137
2009,Cuxhaven,K03352,123
2009,Harburg,K03353,204
2009,Lüchow-Dannenberg,K03354,8
2009,Lüneburg,K03355,167
2009,Osterholz,K03356,66
2009,Rotenburg (Wümme),K03357,109
2009,Heidekreis,K03358,93
2009,Stade,K03359,134
2009,Uelzen,K03360,51
2009,Verden,K03361,124
2009,Statistische Region Lüneburg,K033,1216
2009,Delmenhorst  Stadt,K03401,204
2009,Emden  Stadt,K03402,37
2009,Oldenburg(Oldb)  Stadt,K03403,215
2009,Osnabrück  Stadt,K03404,222
2009,Wilhelmshaven  Stadt,K03405,110
2009,Ammerland,K03451,44
2009,Aurich,K03452,106
2009,Cloppenburg,K03453,101
2009,Emsland,K03454,109
2009,Friesland,K03455,39
2009,Grafschaft Bentheim,K03456,109
2009,Leer,K03457,129
2009,Oldenburg,K03458,81
2009,Osnabrück,K03459,189
2009,Vechta,K03460,179
2009,Wesermarsch,K03461,86
2009,Wittmund,K03462,12
2009,Statistische Region Weser-Ems,K034,1972
2009,Niedersachsen,K030,7223
2010,Braunschweig  Stadt,K03101,314
2010,Salzgitter  Stadt,K03102,120
2010,Wolfsburg  Stadt,K03103,194
2010,Gifhorn,K03151,90
2010,Goslar,K03153,135
2010,Helmstedt,K03154,49
2010,Northeim,K03155,70
2010,Peine,K03157,119
2010,Wolfenbüttel,K03158,77
2010,Göttingen,K03159,183
2010,Statistische Region Braunschweig,K031,1351
2010,Hannover  Region,K03241,1866
2010,dav. Hannover  Lhst.,K03241001,1276
2010,dav. Hannover  Umland,K03241999,590
2010,Diepholz,K03251,143
2010,Hameln-Pyrmont,K03252,93
2010,Hildesheim,K03254,245
2010,Holzminden,K03255,36
2010,Nienburg (Weser),K03256,132
2010,Schaumburg,K03257,124
2010,Statistische Region Hannover,K032,2639
2010,Celle,K03351,136
2010,Cuxhaven,K03352,114
2010,Harburg,K03353,207
2010,Lüchow-Dannenberg,K03354,6
2010,Lüneburg,K03355,172
2010,Osterholz,K03356,67
2010,Rotenburg (Wümme),K03357,103
2010,Heidekreis,K03358,80
2010,Stade,K03359,152
2010,Uelzen,K03360,44
2010,Verden,K03361,117
2010,Statistische Region Lüneburg,K033,1198
2010,Delmenhorst  Stadt,K03401,214
2010,Emden  Stadt,K03402,36
2010,Oldenburg(Oldb)  Stadt,K03403,234
2010,Osnabrück  Stadt,K03404,233
2010,Wilhelmshaven  Stadt,K03405,107
2010,Ammerland,K03451,63
2010,Aurich,K03452,138
2010,Cloppenburg,K03453,89
2010,Emsland,K03454,152
2010,Friesland,K03455,81
2010,Grafschaft Bentheim,K03456,132
2010,Leer,K03457,121
2010,Oldenburg,K03458,95
2010,Osnabrück,K03459,211
2010,Vechta,K03460,164
2010,Wesermarsch,K03461,75
2010,Wittmund,K03462,30
2010,Statistische Region Weser-Ems,K034,2175
2010,Niedersachsen,K030,7363
2011,Braunschweig  Stadt,K03101,288
2011,Salzgitter  Stadt,K03102,141
2011,Wolfsburg  Stadt,K03103,203
2011,Gifhorn,K03151,88
2011,Goslar,K03153,106
2011,Helmstedt,K03154,55
2011,Northeim,K03155,84
2011,Peine,K03157,124
2011,Wolfenbüttel,K03158,100
2011,Göttingen,K03159,312
2011,Statistische Region Braunschweig,K031,1501
2011,Hannover  Region,K03241,2166
2011,dav. Hannover  Lhst.,K03241001,1449
2011,dav. Hannover  Umland,K03241999,717
2011,Diepholz,K03251,135
2011,Hameln-Pyrmont,K03252,138
2011,Hildesheim,K03254,260
2011,Holzminden,K03255,52
2011,Nienburg (Weser),K03256,121
2011,Schaumburg,K03257,130
2011,Statistische Region Hannover,K032,3002
2011,Celle,K03351,160
2011,Cuxhaven,K03352,116
2011,Harburg,K03353,225
2011,Lüchow-Dannenberg,K03354,5
2011,Lüneburg,K03355,152
2011,Osterholz,K03356,47
2011,Rotenburg (Wümme),K03357,123
2011,Heidekreis,K03358,114
2011,Stade,K03359,122
2011,Uelzen,K03360,57
2011,Verden,K03361,144
2011,Statistische Region Lüneburg,K033,1265
2011,Delmenhorst  Stadt,K03401,202
2011,Emden  Stadt,K03402,46
2011,Oldenburg(Oldb)  Stadt,K03403,222
2011,Osnabrück  Stadt,K03404,260
2011,Wilhelmshaven  Stadt,K03405,83
2011,Ammerland,K03451,76
2011,Aurich,K03452,148
2011,Cloppenburg,K03453,109
2011,Emsland,K03454,171
2011,Friesland,K03455,66
2011,Grafschaft Bentheim,K03456,133
2011,Leer,K03457,86
2011,Oldenburg,K03458,144
2011,Osnabrück,K03459,194
2011,Vechta,K03460,215
2011,Wesermarsch,K03461,60
2011,Wittmund,K03462,12
2011,Statistische Region Weser-Ems,K034,2227
2011,Niedersachsen,K030,7995
2012,Braunschweig  Stadt,K03101,408
2012,Salzgitter  Stadt,K03102,159
2012,Wolfsburg  Stadt,K03103,222
2012,Gifhorn,K03151,125
2012,Goslar,K03153,141
2012,Helmstedt,K03154,48
2012,Northeim,K03155,102
2012,Peine,K03157,138
2012,Wolfenbüttel,K03158,97
2012,Göttingen,K03159,348
2012,Statistische Region Braunschweig,K031,1788
2012,Hannover  Region,K03241,2363
2012,dav. Hannover  Lhst.,K03241001,1509
2012,dav. Hannover  Umland,K03241999,854
2012,Diepholz,K03251,146
2012,Hameln-Pyrmont,K03252,155
2012,Hildesheim,K03254,268
2012,Holzminden,K03255,62
2012,Nienburg (Weser),K03256,110
2012,Schaumburg,K03257,161
2012,Statistische Region Hannover,K032,3265
2012,Celle,K03351,120
2012,Cuxhaven,K03352,141
2012,Harburg,K03353,153
2012,Lüchow-Dannenberg,K03354,13
2012,Lüneburg,K03355,199
2012,Osterholz,K03356,75
2012,Rotenburg (Wümme),K03357,106
2012,Heidekreis,K03358,114
2012,Stade,K03359,166
2012,Uelzen,K03360,47
2012,Verden,K03361,132
2012,Statistische Region Lüneburg,K033,1266
2012,Delmenhorst  Stadt,K03401,180
2012,Emden  Stadt,K03402,25
2012,Oldenburg(Oldb)  Stadt,K03403,210
2012,Osnabrück  Stadt,K03404,258
2012,Wilhelmshaven  Stadt,K03405,83
2012,Ammerland,K03451,87
2012,Aurich,K03452,116
2012,Cloppenburg,K03453,124
2012,Emsland,K03454,157
2012,Friesland,K03455,47
2012,Grafschaft Bentheim,K03456,131
2012,Leer,K03457,94
2012,Oldenburg,K03458,129
2012,Osnabrück,K03459,228
2012,Vechta,K03460,205
2012,Wesermarsch,K03461,95
2012,Wittmund,K03462,38
2012,Statistische Region Weser-Ems,K034,2207
2012,Niedersachsen,K030,8526
2013,Braunschweig  Stadt,K03101,418
2013,Salzgitter  Stadt,K03102,135
2013,Wolfsburg  Stadt,K03103,252
2013,Gifhorn,K03151,112
2013,Goslar,K03153,116
2013,Helmstedt,K03154,54
2013,Northeim,K03155,101
2013,Peine,K03157,119
2013,Wolfenbüttel,K03158,113
2013,Göttingen,K03159,299
2013,Statistische Region Braunschweig,K031,1719
2013,Hannover  Region,K03241,2061
2013,dav. Hannover  Lhst.,K03241001,1337
2013,dav. Hannover  Umland,K03241999,724
2013,Diepholz,K03251,157
2013,Hameln-Pyrmont,K03252,180
2013,Hildesheim,K03254,259
2013,Holzminden,K03255,33
2013,Nienburg (Weser),K03256,107
2013,Schaumburg,K03257,146
2013,Statistische Region Hannover,K032,2943
2013,Celle,K03351,148
2013,Cuxhaven,K03352,125
2013,Harburg,K03353,194
2013,Lüchow-Dannenberg,K03354,12
2013,Lüneburg,K03355,185
2013,Osterholz,K03356,57
2013,Rotenburg (Wümme),K03357,118
2013,Heidekreis,K03358,108
2013,Stade,K03359,172
2013,Uelzen,K03360,34
2013,Verden,K03361,122
2013,Statistische Region Lüneburg,K033,1275
2013,Delmenhorst  Stadt,K03401,152
2013,Emden  Stadt,K03402,72
2013,Oldenburg(Oldb)  Stadt,K03403,245
2013,Osnabrück  Stadt,K03404,265
2013,Wilhelmshaven  Stadt,K03405,109
2013,Ammerland,K03451,74
2013,Aurich,K03452,122
2013,Cloppenburg,K03453,103
2013,Emsland,K03454,146
2013,Friesland,K03455,80
2013,Grafschaft Bentheim,K03456,136
2013,Leer,K03457,92
2013,Oldenburg,K03458,131
2013,Osnabrück,K03459,231
2013,Vechta,K03460,207
2013,Wesermarsch,K03461,85
2013,Wittmund,K03462,29
2013,Statistische Region Weser-Ems,K034,2279
2013,Niedersachsen,K030,8216
2014,Braunschweig  Stadt,K03101,315
2014,Salzgitter  Stadt,K03102,124
2014,Wolfsburg  Stadt,K03103,254
2014,Gifhorn,K03151,114
2014,Goslar,K03153,112
2014,Helmstedt,K03154,28
2014,Northeim,K03155,74
2014,Peine,K03157,105
2014,Wolfenbüttel,K03158,104
2014,Göttingen,K03159,290
2014,Statistische Region Braunschweig,K031,1520
2014,Hannover  Region,K03241,2057
2014,dav. Hannover  Lhst.,K03241001,1375
2014,dav. Hannover  Umland,K03241999,682
2014,Diepholz,K03251,145
2014,Hameln-Pyrmont,K03252,90
2014,Hildesheim,K03254,283
2014,Holzminden,K03255,44
2014,Nienburg (Weser),K03256,102
2014,Schaumburg,K03257,111
2014,Statistische Region Hannover,K032,2832
2014,Celle,K03351,149
2014,Cuxhaven,K03352,114
2014,Harburg,K03353,236
2014,Lüchow-Dannenberg,K03354,7
2014,Lüneburg,K03355,199
2014,Osterholz,K03356,65
2014,Rotenburg (Wümme),K03357,105
2014,Heidekreis,K03358,99
2014,Stade,K03359,144
2014,Uelzen,K03360,17
2014,Verden,K03361,134
2014,Statistische Region Lüneburg,K033,1269
2014,Delmenhorst  Stadt,K03401,139
2014,Emden  Stadt,K03402,75
2014,Oldenburg(Oldb)  Stadt,K03403,214
2014,Osnabrück  Stadt,K03404,240
2014,Wilhelmshaven  Stadt,K03405,91
2014,Ammerland,K03451,100
2014,Aurich,K03452,112
2014,Cloppenburg,K03453,108
2014,Emsland,K03454,163
2014,Friesland,K03455,70
2014,Grafschaft Bentheim,K03456,138
2014,Leer,K03457,81
2014,Oldenburg,K03458,103
2014,Osnabrück,K03459,207
2014,Vechta,K03460,176
2014,Wesermarsch,K03461,69
2014,Wittmund,K03462,15
2014,Statistische Region Weser-Ems,K034,2101
2014,Niedersachsen,K030,7722
2015,Braunschweig  Stadt,K03101,379
2015,Salzgitter  Stadt,K03102,123
2015,Wolfsburg  Stadt,K03103,290
2015,Gifhorn,K03151,140
2015,Goslar,K03153,87
2015,Helmstedt,K03154,42
2015,Northeim,K03155,62
2015,Peine,K03157,136
2015,Wolfenbüttel,K03158,116
2015,Göttingen,K03159,320
2015,Statistische Region Braunschweig,K031,1695
2015,Hannover  Region,K03241,1932
2015,dav. Hannover  Lhst.,K03241001,1202
2015,dav. Hannover  Umland,K03241999,730
2015,Diepholz,K03251,121
2015,Hameln-Pyrmont,K03252,186
2015,Hildesheim,K03254,234
2015,Holzminden,K03255,55
2015,Nienburg (Weser),K03256,124
2015,Schaumburg,K03257,173
2015,Statistische Region Hannover,K032,2825
2015,Celle,K03351,197
2015,Cuxhaven,K03352,127
2015,Harburg,K03353,203
2015,Lüchow-Dannenberg,K03354,10
2015,Lüneburg,K03355,158
2015,Osterholz,K03356,84
2015,Rotenburg (Wümme),K03357,93
2015,Heidekreis,K03358,101
2015,Stade,K03359,147
2015,Uelzen,K03360,40
2015,Verden,K03361,143
2015,Statistische Region Lüneburg,K033,1303
2015,Delmenhorst  Stadt,K03401,121
2015,Emden  Stadt,K03402,66
2015,Oldenburg(Oldb)  Stadt,K03403,252
2015,Osnabrück  Stadt,K03404,273
2015,Wilhelmshaven  Stadt,K03405,100
2015,Ammerland,K03451,153
2015,Aurich,K03452,108
2015,Cloppenburg,K03453,101
2015,Emsland,K03454,116
2015,Friesland,K03455,54
2015,Grafschaft Bentheim,K03456,172
2015,Leer,K03457,98
2015,Oldenburg,K03458,99
2015,Osnabrück,K03459,183
2015,Vechta,K03460,165
2015,Wesermarsch,K03461,79
2015,Wittmund,K03462,25
2015,Statistische Region Weser-Ems,K034,2165
2015,Niedersachsen,K030,7988
2016,Braunschweig  Stadt,K03101,391
2016,Salzgitter  Stadt,K03102,129
2016,Wolfsburg  Stadt,K03103,317
2016,Gifhorn,K03151,180
2016,Goslar,K03153,128
2016,Helmstedt,K03154,38
2016,Northeim,K03155,100
2016,Peine,K03157,115
2016,Wolfenbüttel,K03158,124
2016,Göttingen,K03159,345
2016,Statistische Region Braunschweig,K031,1867
2016,Hannover  Region,K03241,2128
2016,dav. Hannover  Lhst.,K03241001,1300
2016,dav. Hannover  Umland,K03241999,828
2016,Diepholz,K03251,180
2016,Hameln-Pyrmont,K03252,159
2016,Hildesheim,K03254,251
2016,Holzminden,K03255,26
2016,Nienburg (Weser),K03256,115
2016,Schaumburg,K03257,146
2016,Statistische Region Hannover,K032,3005
2016,Celle,K03351,124
2016,Cuxhaven,K03352,133
2016,Harburg,K03353,298
2016,Lüchow-Dannenberg,K03354,17
2016,Lüneburg,K03355,158
2016,Osterholz,K03356,70
2016,Rotenburg (Wümme),K03357,88
2016,Heidekreis,K03358,123
2016,Stade,K03359,160
2016,Uelzen,K03360,39
2016,Verden,K03361,121
2016,Statistische Region Lüneburg,K033,1331
2016,Delmenhorst  Stadt,K03401,122
2016,Emden  Stadt,K03402,47
2016,Oldenburg(Oldb)  Stadt,K03403,320
2016,Osnabrück  Stadt,K03404,279
2016,Wilhelmshaven  Stadt,K03405,116
2016,Ammerland,K03451,177
2016,Aurich,K03452,145
2016,Cloppenburg,K03453,74
2016,Emsland,K03454,184
2016,Friesland,K03455,33
2016,Grafschaft Bentheim,K03456,112
2016,Leer,K03457,93
2016,Oldenburg,K03458,118
2016,Osnabrück,K03459,222
2016,Vechta,K03460,169
2016,Wesermarsch,K03461,87
2016,Wittmund,K03462,18
2016,Statistische Region Weser-Ems,K034,2316
2016,Niedersachsen,K030,8519
2017,Braunschweig  Stadt,K03101,390
2017,Salzgitter  Stadt,K03102,147
2017,Wolfsburg  Stadt,K03103,277
2017,Gifhorn,K03151,143
2017,Goslar,K03153,133
2017,Helmstedt,K03154,64
2017,Northeim,K03155,84
2017,Peine,K03157,154
2017,Wolfenbüttel,K03158,109
2017,Göttingen,K03159,340
2017,Statistische Region Braunschweig,K031,1841
2017,Hannover  Region,K03241,2234
2017,dav. Hannover  Lhst.,K03241001,1321
2017,dav. Hannover  Umland,K03241999,913
2017,Diepholz,K03251,196
2017,Hameln-Pyrmont,K03252,164
2017,Hildesheim,K03254,239
2017,Holzminden,K03255,58
2017,Nienburg (Weser),K03256,83
2017,Schaumburg,K03257,172
2017,Statistische Region Hannover,K032,3146
2017,Celle,K03351,191
2017,Cuxhaven,K03352,166
2017,Harburg,K03353,345
2017,Lüchow-Dannenberg,K03354,20
2017,Lüneburg,K03355,168
2017,Osterholz,K03356,54
2017,Rotenburg (Wümme),K03357,87
2017,Heidekreis,K03358,130
2017,Stade,K03359,114
2017,Uelzen,K03360,19
2017,Verden,K03361,115
2017,Statistische Region Lüneburg,K033,1409
2017,Delmenhorst  Stadt,K03401,87
2017,Emden  Stadt,K03402,42
2017,Oldenburg(Oldb)  Stadt,K03403,287
2017,Osnabrück  Stadt,K03404,291
2017,Wilhelmshaven  Stadt,K03405,115
2017,Ammerland,K03451,132
2017,Aurich,K03452,155
2017,Cloppenburg,K03453,117
2017,Emsland,K03454,156
2017,Friesland,K03455,25
2017,Grafschaft Bentheim,K03456,124
2017,Leer,K03457,97
2017,Oldenburg,K03458,126
2017,Osnabrück,K03459,287
2017,Vechta,K03460,228
2017,Wesermarsch,K03461,99
2017,Wittmund,K03462,21
2017,Statistische Region Weser-Ems,K034,2389
2017,Niedersachsen,K030,8785
2018,Braunschweig  Stadt,K03101,249
2018,Salzgitter  Stadt,K03102,162
2018,Wolfsburg  Stadt,K03103,341
2018,Gifhorn,K03151,165
2018,Goslar,K03153,98
2018,Helmstedt,K03154,59
2018,Northeim,K03155,106
2018,Peine,K03157,129
2018,Wolfenbüttel,K03158,118
2018,Göttingen,K03159,354
2018,Statistische Region Braunschweig,K031,1781
2018,Hannover  Region,K03241,1973
2018,dav. Hannover  Lhst.,K03241001,1131
2018,dav. Hannover  Umland,K03241999,842
2018,Diepholz,K03251,235
2018,Hameln-Pyrmont,K03252,193
2018,Hildesheim,K03254,303
2018,Holzminden,K03255,50
2018,Nienburg (Weser),K03256,102
2018,Schaumburg,K03257,134
2018,Statistische Region Hannover,K032,2990
2018,Celle,K03351,170
2018,Cuxhaven,K03352,114
2018,Harburg,K03353,282
2018,Lüchow-Dannenberg,K03354,19
2018,Lüneburg,K03355,148
2018,Osterholz,K03356,72
2018,Rotenburg (Wümme),K03357,107
2018,Heidekreis,K03358,146
2018,Stade,K03359,180
2018,Uelzen,K03360,46
2018,Verden,K03361,105
2018,Statistische Region Lüneburg,K033,1389
2018,Delmenhorst  Stadt,K03401,123
2018,Emden  Stadt,K03402,40
2018,Oldenburg(Oldb)  Stadt,K03403,310
2018,Osnabrück  Stadt,K03404,309
2018,Wilhelmshaven  Stadt,K03405,109
2018,Ammerland,K03451,57
2018,Aurich,K03452,144
2018,Cloppenburg,K03453,122
2018,Emsland,K03454,127
2018,Friesland,K03455,31
2018,Grafschaft Bentheim,K03456,173
2018,Leer,K03457,94
2018,Oldenburg,K03458,104
2018,Osnabrück,K03459,298
2018,Vechta,K03460,171
2018,Wesermarsch,K03461,77
2018,Wittmund,K03462,21
2018,Statistische Region Weser-Ems,K034,2310
2018,Niedersachsen,K030,8470
2019,Braunschweig  Stadt,K03101,280
2019,Salzgitter  Stadt,K03102,168
2019,Wolfsburg  Stadt,K03103,325
2019,Gifhorn,K03151,173
2019,Goslar,K03153,102
2019,Helmstedt,K03154,96
2019,Northeim,K03155,129
2019,Peine,K03157,192
2019,Wolfenbüttel,K03158,134
2019,Göttingen,K03159,378
2019,Statistische Region Braunschweig,K031,1977
2019,Hannover  Region,K03241,2465
2019,dav. Hannover  Lhst.,K03241001,1404
2019,dav. Hannover  Umland,K03241999,891
2019,Diepholz,K03251,308
2019,Hameln-Pyrmont,K03252,278
2019,Hildesheim,K03254,355
2019,Holzminden,K03255,59
2019,Nienburg (Weser),K03256,170
2019,Schaumburg,K03257,234
2019,Statistische Region Hannover,K032,3869
2019,Celle,K03351,338
2019,Cuxhaven,K03352,149
2019,Harburg,K03353,279
2019,Lüchow-Dannenberg,K03354,26
2019,Lüneburg,K03355,253
2019,Osterholz,K03356,114
2019,Rotenburg (Wümme),K03357,126
2019,Heidekreis,K03358,192
2019,Stade,K03359,279
2019,Uelzen,K03360,74
2019,Verden,K03361,177
2019,Statistische Region Lüneburg,K033,2007
2019,Delmenhorst  Stadt,K03401,155
2019,Emden  Stadt,K03402,34
2019,Oldenburg(Oldb)  Stadt,K03403,303
2019,Osnabrück  Stadt,K03404,407
2019,Wilhelmshaven  Stadt,K03405,125
2019,Ammerland,K03451,111
2019,Aurich,K03452,142
2019,Cloppenburg,K03453,149
2019,Emsland,K03454,237
2019,Friesland,K03455,81
2019,Grafschaft Bentheim,K03456,207
2019,Leer,K03457,143
2019,Oldenburg,K03458,170
2019,Osnabrück,K03459,428
2019,Vechta,K03460,231
2019,Wesermarsch,K03461,106
2019,Wittmund,K03462,50
2019,Statistische Region Weser-Ems,K034,3079
2019,Niedersachsen,K030,10932
2020,Braunschweig  Stadt,K03101,407
2020,Salzgitter  Stadt,K03102,126
2020,Wolfsburg  Stadt,K03103,222
2020,Gifhorn,K03151,145
2020,Goslar,K03153,85
2020,Helmstedt,K03154,68
2020,Northeim,K03155,93
2020,Peine,K03157,139
2020,Wolfenbüttel,K03158,87
2020,Göttingen,K03159,288
2020,Statistische Region Braunschweig,K031,1660
2020,Hannover  Region,K03241,1948
2020,dav. Hannover  Lhst.,K03241001,1057
2020,dav. Hannover  Umland,K03241999,891
2020,Diepholz,K03251,231
2020,Hameln-Pyrmont,K03252,188
2020,Hildesheim,K03254,398
2020,Holzminden,K03255,41
2020,Nienburg (Weser),K03256,127
2020,Schaumburg,K03257,186
2020,Statistische Region Hannover,K032,3119
2020,Celle,K03351,264
2020,Cuxhaven,K03352,162
2020,Harburg,K03353,280
2020,Lüchow-Dannenberg,K03354,15
2020,Lüneburg,K03355,218
2020,Osterholz,K03356,77
2020,Rotenburg (Wümme),K03357,86
2020,Heidekreis,K03358,199
2020,Stade,K03359,166
2020,Uelzen,K03360,152
2020,Verden,K03361,114
2020,Statistische Region Lüneburg,K033,1733
2020,Delmenhorst  Stadt,K03401,157
2020,Emden  Stadt,K03402,34
2020,Oldenburg(Oldb)  Stadt,K03403,236
2020,Osnabrück  Stadt,K03404,369
2020,Wilhelmshaven  Stadt,K03405,83
2020,Ammerland,K03451,92
2020,Aurich,K03452,112
2020,Cloppenburg,K03453,129
2020,Emsland,K03454,175
2020,Friesland,K03455,71
2020,Grafschaft Bentheim,K03456,168
2020,Leer,K03457,121
2020,Oldenburg,K03458,96
2020,Osnabrück,K03459,196
2020,Vechta,K03460,226
2020,Wesermarsch,K03461,73
2020,Wittmund,K03462,28
2020,Statistische Region Weser-Ems,K034,2366
2020,Niedersachsen,K030,8878
