Year,Gebietseinheit,Units,GeoCode,Value
2005,"Braunschweig, Stadt",Prozent,K03101,2.1750924784217
2005,"Salzgitter, Stadt",Prozent,K03102,1.66029288312657
2005,"Wolfsburg, Stadt",Prozent,K03103,1.54346737860838
2005,Gifhorn,Prozent,K03151,2.32527588018917
2005,Goslar,Prozent,K03153,2.42472688515854
2005,Helmstedt,Prozent,K03154,1.09649122807018
2005,Northeim,Prozent,K03155,1.94626248708233
2005,Peine,Prozent,K03157,3.16066725197542
2005,Wolfenbüttel,Prozent,K03158,2.96766270978305
2005,Göttingen,Prozent,K03159,2.09258710887375
2005,Statistische Region Braunschweig,Prozent,K031,2.11079408455232
2005,Region Hannover,Prozent,K03241,2.43997742369644
2005,"dav. Hannover, Lhst.",Prozent,K03241999,2.13954356403967
2005,"dav. Hannover, Umland",Prozent,K03241999,3.00132008269197
2005,Diepholz,Prozent,K03251,3.16133720930233
2005,Hameln-Pyrmont,Prozent,K03252,2.79644089340839
2005,Hildesheim,Prozent,K03254,3.82065477410977
2005,Holzminden,Prozent,K03255,1.68948441596271
2005,Nienburg (Weser),Prozent,K03256,3.53498542274052
2005,Schaumburg,Prozent,K03257,2.40424646128226
2005,Statistische Region Hannover,Prozent,K032,2.6379068587965
2005,Celle,Prozent,K03351,2.74183215887252
2005,Cuxhaven,Prozent,K03352,2.10767468499427
2005,Harburg,Prozent,K03353,2.73363000635728
2005,Lüchow-Dannenberg,Prozent,K03354,0.392772977219167
2005,Lüneburg,Prozent,K03355,2.85383166739099
2005,Osterholz,Prozent,K03356,1.48092369477912
2005,Rotenburg (Wümme),Prozent,K03357,1.30679228080839
2005,Heidekreis,Prozent,K03358,2.45419398218188
2005,Stade,Prozent,K03359,3.72313843078461
2005,Uelzen,Prozent,K03360,1.90236898779612
2005,Verden,Prozent,K03361,2.62767220902613
2005,Statistische Region Lüneburg,Prozent,K033,2.46552564433359
2005,"Delmenhorst, Stadt",Prozent,K03401,2.93289882980299
2005,"Emden, Stadt",Prozent,K03402,1.68882500898311
2005,"Oldenburg (Oldb), Stadt",Prozent,K03403,2.47875354107649
2005,"Osnabrück, Stadt",Prozent,K03404,3.03891127700337
2005,"Wilhelmshaven, Stadt",Prozent,K03405,4.75201246429499
2005,Ammerland,Prozent,K03451,2.7676399026764
2005,Aurich,Prozent,K03452,3.76545522667666
2005,Cloppenburg,Prozent,K03453,1.30894180728592
2005,Emsland,Prozent,K03454,1.31170999284522
2005,Friesland,Prozent,K03455,2.57619738751814
2005,Grafschaft Bentheim,Prozent,K03456,0.856820744081172
2005,Leer,Prozent,K03457,1.90213222886946
2005,Oldenburg,Prozent,K03458,2.11874272409779
2005,Osnabrück,Prozent,K03459,1.01809260962895
2005,Vechta,Prozent,K03460,3.22435681384114
2005,Wesermarsch,Prozent,K03461,1.73896426523982
2005,Wittmund,Prozent,K03462,2.03466465712133
2005,Statistische Region Weser-Ems,Prozent,K034,2.1221095888212
2005,Niedersachsen,Prozent,K030,2.35890146179949
2006,"Braunschweig, Stadt",Prozent,K03101,2.16941130066068
2006,"Salzgitter, Stadt",Prozent,K03102,1.91903761695627
2006,"Wolfsburg, Stadt",Prozent,K03103,1.61628004354744
2006,Gifhorn,Prozent,K03151,3.20173653506987
2006,Goslar,Prozent,K03153,3.08532423208191
2006,Helmstedt,Prozent,K03154,1.51933701657459
2006,Northeim,Prozent,K03155,3.01408953094346
2006,Peine,Prozent,K03157,2.96584781306171
2006,Wolfenbüttel,Prozent,K03158,4.01287553648069
2006,Göttingen,Prozent,K03159,2.53055428774279
2006,Statistische Region Braunschweig,Prozent,K031,2.46122344509854
2006,Region Hannover,Prozent,K03241,2.41519863031557
2006,"dav. Hannover, Lhst.",Prozent,K03241999,2.33384069000507
2006,"dav. Hannover, Umland",Prozent,K03241999,2.56691149010332
2006,Diepholz,Prozent,K03251,3.0839169431134
2006,Hameln-Pyrmont,Prozent,K03252,2.4300649901102
2006,Hildesheim,Prozent,K03254,4.22841890847791
2006,Holzminden,Prozent,K03255,1.7104459376909
2006,Nienburg (Weser),Prozent,K03256,3.09144761199556
2006,Schaumburg,Prozent,K03257,3.25016414970453
2006,Statistische Region Hannover,Prozent,K032,2.6587086272382
2006,Celle,Prozent,K03351,3.46326046879115
2006,Cuxhaven,Prozent,K03352,1.73226490690549
2006,Harburg,Prozent,K03353,2.40929970938408
2006,Lüchow-Dannenberg,Prozent,K03354,0.789265982636148
2006,Lüneburg,Prozent,K03355,2.75718944559739
2006,Osterholz,Prozent,K03356,1.51860288534548
2006,Rotenburg (Wümme),Prozent,K03357,1.28913443830571
2006,Heidekreis,Prozent,K03358,2.25488558543511
2006,Stade,Prozent,K03359,3.63636363636364
2006,Uelzen,Prozent,K03360,2.07877461706783
2006,Verden,Prozent,K03361,2.20566318926975
2006,Statistische Region Lüneburg,Prozent,K033,2.38386842795906
2006,"Delmenhorst, Stadt",Prozent,K03401,4.14739438791243
2006,"Emden, Stadt",Prozent,K03402,3.07807807807808
2006,"Oldenburg (Oldb), Stadt",Prozent,K03403,2.70297942049759
2006,"Osnabrück, Stadt",Prozent,K03404,3.62821035466775
2006,"Wilhelmshaven, Stadt",Prozent,K03405,3.93530997304582
2006,Ammerland,Prozent,K03451,3.03850782190132
2006,Aurich,Prozent,K03452,3.01215750317547
2006,Cloppenburg,Prozent,K03453,1.87814933577645
2006,Emsland,Prozent,K03454,1.29000422952206
2006,Friesland,Prozent,K03455,1.56363636363636
2006,Grafschaft Bentheim,Prozent,K03456,0.818388841446058
2006,Leer,Prozent,K03457,2.58208955223881
2006,Oldenburg,Prozent,K03458,2.25153513759381
2006,Osnabrück,Prozent,K03459,2.07069778839674
2006,Vechta,Prozent,K03460,2.64218540080609
2006,Wesermarsch,Prozent,K03461,1.75637393767705
2006,Wittmund,Prozent,K03462,2.13946117274168
2006,Statistische Region Weser-Ems,Prozent,K034,2.3628638668204
2006,Niedersachsen,Prozent,K030,2.4939128994217
2007,"Braunschweig, Stadt",Prozent,K03101,1.94213836477987
2007,"Salzgitter, Stadt",Prozent,K03102,1.61384976525822
2007,"Wolfsburg, Stadt",Prozent,K03103,1.8348623853211
2007,Gifhorn,Prozent,K03151,2.85200055378652
2007,Goslar,Prozent,K03153,2.29567141474208
2007,Helmstedt,Prozent,K03154,1.82961692395655
2007,Northeim,Prozent,K03155,2.42736300110335
2007,Peine,Prozent,K03157,2.57398273736128
2007,Wolfenbüttel,Prozent,K03158,2.47295208655332
2007,Göttingen,Prozent,K03159,2.00544559639753
2007,Statistische Region Braunschweig,Prozent,K031,2.09381815131689
2007,Region Hannover,Prozent,K03241,2.06086706361314
2007,"dav. Hannover, Lhst.",Prozent,K03241999,2.22868346292863
2007,"dav. Hannover, Umland",Prozent,K03241999,1.74418604651163
2007,Diepholz,Prozent,K03251,2.92866690970956
2007,Hameln-Pyrmont,Prozent,K03252,1.94586263365764
2007,Hildesheim,Prozent,K03254,2.75757793937649
2007,Holzminden,Prozent,K03255,0.809212573918456
2007,Nienburg (Weser),Prozent,K03256,2.12565838976674
2007,Schaumburg,Prozent,K03257,2.06857785272625
2007,Statistische Region Hannover,Prozent,K032,2.13385004130424
2007,Celle,Prozent,K03351,2.20449012713011
2007,Cuxhaven,Prozent,K03352,1.56099903938521
2007,Harburg,Prozent,K03353,1.68346965950162
2007,Lüchow-Dannenberg,Prozent,K03354,1.30668716372022
2007,Lüneburg,Prozent,K03355,2.3947528981086
2007,Osterholz,Prozent,K03356,1.35376756066411
2007,Rotenburg (Wümme),Prozent,K03357,1.58583525789069
2007,Heidekreis,Prozent,K03358,2.158880080958
2007,Stade,Prozent,K03359,2.36279534941868
2007,Uelzen,Prozent,K03360,1.59554730983302
2007,Verden,Prozent,K03361,1.94647201946472
2007,Statistische Region Lüneburg,Prozent,K033,1.90245487577915
2007,"Delmenhorst, Stadt",Prozent,K03401,4.22267910801835
2007,"Emden, Stadt",Prozent,K03402,2.81637251220428
2007,"Oldenburg (Oldb), Stadt",Prozent,K03403,2.58532597588392
2007,"Osnabrück, Stadt",Prozent,K03404,2.50153783063359
2007,"Wilhelmshaven, Stadt",Prozent,K03405,3.50924918389554
2007,Ammerland,Prozent,K03451,2.01481481481481
2007,Aurich,Prozent,K03452,2.8795334426827
2007,Cloppenburg,Prozent,K03453,1.69614380979994
2007,Emsland,Prozent,K03454,0.837305165528791
2007,Friesland,Prozent,K03455,1.75695461200586
2007,Grafschaft Bentheim,Prozent,K03456,0.849722469677243
2007,Leer,Prozent,K03457,1.75637393767705
2007,Oldenburg,Prozent,K03458,1.82926829268293
2007,Osnabrück,Prozent,K03459,1.08566682486948
2007,Vechta,Prozent,K03460,2.38121855785355
2007,Wesermarsch,Prozent,K03461,1.85758513931889
2007,Wittmund,Prozent,K03462,1.69082125603865
2007,Statistische Region Weser-Ems,Prozent,K034,1.89583349434651
2007,Niedersachsen,Prozent,K030,2.02385041314901
2008,"Braunschweig, Stadt",Prozent,K03101,1.4740748376456
2008,"Salzgitter, Stadt",Prozent,K03102,1.07938376999313
2008,"Wolfsburg, Stadt",Prozent,K03103,1.15866035182679
2008,Gifhorn,Prozent,K03151,1.94657573174197
2008,Goslar,Prozent,K03153,1.73581710414903
2008,Helmstedt,Prozent,K03154,1.32665094339623
2008,Northeim,Prozent,K03155,1.26606560521773
2008,Peine,Prozent,K03157,2.19366969602006
2008,Wolfenbüttel,Prozent,K03158,2.36132768990867
2008,Göttingen,Prozent,K03159,1.47486274087631
2008,Statistische Region Braunschweig,Prozent,K031,1.52144879534163
2008,Region Hannover,Prozent,K03241,1.90554064383099
2008,"dav. Hannover, Lhst.",Prozent,K03241999,1.93088745260488
2008,"dav. Hannover, Umland",Prozent,K03241999,1.85662578444392
2008,Diepholz,Prozent,K03251,2.24552745219001
2008,Hameln-Pyrmont,Prozent,K03252,1.77225105258005
2008,Hildesheim,Prozent,K03254,2.44348525861438
2008,Holzminden,Prozent,K03255,1.51174010935992
2008,Nienburg (Weser),Prozent,K03256,1.37709866063007
2008,Schaumburg,Prozent,K03257,1.36502706519181
2008,Statistische Region Hannover,Prozent,K032,1.90633731700215
2008,Celle,Prozent,K03351,1.61095449053564
2008,Cuxhaven,Prozent,K03352,1.57805292546735
2008,Harburg,Prozent,K03353,1.58388003748829
2008,Lüchow-Dannenberg,Prozent,K03354,0.947521865889213
2008,Lüneburg,Prozent,K03355,3.27073552425665
2008,Osterholz,Prozent,K03356,1.37519460300986
2008,Rotenburg (Wümme),Prozent,K03357,1.29646985317088
2008,Heidekreis,Prozent,K03358,2.12580588952779
2008,Stade,Prozent,K03359,1.57372986369269
2008,Uelzen,Prozent,K03360,2.90196078431373
2008,Verden,Prozent,K03361,1.3903743315508
2008,Statistische Region Lüneburg,Prozent,K033,1.77024034245455
2008,"Delmenhorst, Stadt",Prozent,K03401,3.07445956765412
2008,"Emden, Stadt",Prozent,K03402,1.19922630560928
2008,"Oldenburg (Oldb), Stadt",Prozent,K03403,2.95148104894363
2008,"Osnabrück, Stadt",Prozent,K03404,1.74849149753154
2008,"Wilhelmshaven, Stadt",Prozent,K03405,2.43228302929795
2008,Ammerland,Prozent,K03451,2.11183819155265
2008,Aurich,Prozent,K03452,1.88057386583947
2008,Cloppenburg,Prozent,K03453,0.932017543859649
2008,Emsland,Prozent,K03454,0.721403680381488
2008,Friesland,Prozent,K03455,2.4105461393597
2008,Grafschaft Bentheim,Prozent,K03456,0.75334459020652
2008,Leer,Prozent,K03457,1.54083204930663
2008,Oldenburg,Prozent,K03458,1.37697516930023
2008,Osnabrück,Prozent,K03459,1.26838874087803
2008,Vechta,Prozent,K03460,1.66039406685853
2008,Wesermarsch,Prozent,K03461,1.6348237147922
2008,Wittmund,Prozent,K03462,0.890688259109312
2008,Statistische Region Weser-Ems,Prozent,K034,1.53754451390056
2008,Niedersachsen,Prozent,K030,1.70013307116328
2009,"Braunschweig, Stadt",Prozent,K03101,1.51554203824939
2009,"Salzgitter, Stadt",Prozent,K03102,1.35161995627112
2009,"Wolfsburg, Stadt",Prozent,K03103,1.61071549677857
2009,Gifhorn,Prozent,K03151,1.16180221025786
2009,Goslar,Prozent,K03153,1.12199971594944
2009,Helmstedt,Prozent,K03154,1.22315035799523
2009,Northeim,Prozent,K03155,0.821114369501466
2009,Peine,Prozent,K03157,1.31229495391345
2009,Wolfenbüttel,Prozent,K03158,1.61657559198543
2009,Göttingen,Prozent,K03159,1.17653293762256
2009,Statistische Region Braunschweig,Prozent,K031,1.32748569289191
2009,Region Hannover,Prozent,K03241,1.78892155373466
2009,"dav. Hannover, Lhst.",Prozent,K03241999,1.80858157669121
2009,"dav. Hannover, Umland",Prozent,K03241999,1.75132715728115
2009,Diepholz,Prozent,K03251,1.69156686010619
2009,Hameln-Pyrmont,Prozent,K03252,1.29013196769746
2009,Hildesheim,Prozent,K03254,1.811970889648
2009,Holzminden,Prozent,K03255,1.54962083745467
2009,Nienburg (Weser),Prozent,K03256,2.04475308641975
2009,Schaumburg,Prozent,K03257,1.50189214758751
2009,Statistische Region Hannover,Prozent,K032,1.74294928978247
2009,Celle,Prozent,K03351,1.83351177730193
2009,Cuxhaven,Prozent,K03352,1.50293255131965
2009,Harburg,Prozent,K03353,1.85876993166287
2009,Lüchow-Dannenberg,Prozent,K03354,0.546448087431694
2009,Lüneburg,Prozent,K03355,2.61182358461057
2009,Osterholz,Prozent,K03356,1.7400474558397
2009,Rotenburg (Wümme),Prozent,K03357,1.73235855054037
2009,Heidekreis,Prozent,K03358,1.60234321157822
2009,Stade,Prozent,K03359,1.64639390588524
2009,Uelzen,Prozent,K03360,2.01820340324495
2009,Verden,Prozent,K03361,1.91210485736315
2009,Statistische Region Lüneburg,Prozent,K033,1.80070784403738
2009,"Delmenhorst, Stadt",Prozent,K03401,3.29563812600969
2009,"Emden, Stadt",Prozent,K03402,1.56779661016949
2009,"Oldenburg (Oldb), Stadt",Prozent,K03403,2.29308873720137
2009,"Osnabrück, Stadt",Prozent,K03404,1.52535385461042
2009,"Wilhelmshaven, Stadt",Prozent,K03405,2.91854603343062
2009,Ammerland,Prozent,K03451,1.27647229474906
2009,Aurich,Prozent,K03452,2.07436399217221
2009,Cloppenburg,Prozent,K03453,1.30913804277382
2009,Emsland,Prozent,K03454,0.650979455327281
2009,Friesland,Prozent,K03455,1.45413870246085
2009,Grafschaft Bentheim,Prozent,K03456,0.695241740017859
2009,Leer,Prozent,K03457,1.84972755950674
2009,Oldenburg,Prozent,K03458,1.68890742285238
2009,Osnabrück,Prozent,K03459,1.0881455466636
2009,Vechta,Prozent,K03460,1.91157624946604
2009,Wesermarsch,Prozent,K03461,1.73387096774194
2009,Wittmund,Prozent,K03462,0.974817221770918
2009,Statistische Region Weser-Ems,Prozent,K034,1.49033774439045
2009,Niedersachsen,Prozent,K030,1.59224576532727
2010,"Braunschweig, Stadt",Prozent,K03101,1.5971515768057
2010,"Salzgitter, Stadt",Prozent,K03102,1.22324159021407
2010,"Wolfsburg, Stadt",Prozent,K03103,1.64351067434768
2010,Gifhorn,Prozent,K03151,1.28132118451025
2010,Goslar,Prozent,K03153,1.93409742120344
2010,Helmstedt,Prozent,K03154,1.45616641901932
2010,Northeim,Prozent,K03155,1.37443549970548
2010,Peine,Prozent,K03157,1.86725247136356
2010,Wolfenbüttel,Prozent,K03158,1.73423423423423
2010,Göttingen,Prozent,K03159,0.98822767037477
2010,Statistische Region Braunschweig,Prozent,K031,1.45164236517778
2010,Region Hannover,Prozent,K03241,1.66575909874041
2010,"dav. Hannover, Lhst.",Prozent,K03241999,1.73728352031369
2010,"dav. Hannover, Umland",Prozent,K03241999,1.52956731392425
2010,Diepholz,Prozent,K03251,1.74752535744837
2010,Hameln-Pyrmont,Prozent,K03252,0.894746969405426
2010,Hildesheim,Prozent,K03254,1.79658282613478
2010,Holzminden,Prozent,K03255,1.17531831537708
2010,Nienburg (Weser),Prozent,K03256,2.55813953488372
2010,Schaumburg,Prozent,K03257,1.48645408774874
2010,Statistische Region Hannover,Prozent,K032,1.64116915422886
2010,Celle,Prozent,K03351,1.79324894514768
2010,Cuxhaven,Prozent,K03352,1.40204156930267
2010,Harburg,Prozent,K03353,1.85102387552535
2010,Lüchow-Dannenberg,Prozent,K03354,0.403496973772697
2010,Lüneburg,Prozent,K03355,2.6938136256852
2010,Osterholz,Prozent,K03356,1.77907594264472
2010,Rotenburg (Wümme),Prozent,K03357,1.66882696046662
2010,Heidekreis,Prozent,K03358,1.35249366018597
2010,Stade,Prozent,K03359,1.84287099903007
2010,Uelzen,Prozent,K03360,1.72211350293542
2010,Verden,Prozent,K03361,1.79310344827586
2010,Statistische Region Lüneburg,Prozent,K033,1.76303512825418
2010,"Delmenhorst, Stadt",Prozent,K03401,3.50704686987873
2010,"Emden, Stadt",Prozent,K03402,1.46699266503667
2010,"Oldenburg (Oldb), Stadt",Prozent,K03403,2.46393597978309
2010,"Osnabrück, Stadt",Prozent,K03404,1.5842795947508
2010,"Wilhelmshaven, Stadt",Prozent,K03405,2.50350959288722
2010,Ammerland,Prozent,K03451,1.77664974619289
2010,Aurich,Prozent,K03452,2.57943925233645
2010,Cloppenburg,Prozent,K03453,1.05425254678986
2010,Emsland,Prozent,K03454,0.861678004535147
2010,Friesland,Prozent,K03455,3.10463779225757
2010,Grafschaft Bentheim,Prozent,K03456,0.836183960471304
2010,Leer,Prozent,K03457,1.69705469845722
2010,Oldenburg,Prozent,K03458,1.81297709923664
2010,Osnabrück,Prozent,K03459,1.19940882219191
2010,Vechta,Prozent,K03460,1.65706779832272
2010,Wesermarsch,Prozent,K03461,1.57463783329834
2010,Wittmund,Prozent,K03462,2.29709035222052
2010,Statistische Region Weser-Ems,Prozent,K034,1.59533502035427
2010,Niedersachsen,Prozent,K030,1.6071050500597
2011,"Braunschweig, Stadt",Prozent,K03101,1.42475512021371
2011,"Salzgitter, Stadt",Prozent,K03102,1.43818849449204
2011,"Wolfsburg, Stadt",Prozent,K03103,1.68046357615894
2011,Gifhorn,Prozent,K03151,1.2333566923616
2011,Goslar,Prozent,K03153,1.50162912593852
2011,Helmstedt,Prozent,K03154,1.6205067766647
2011,Northeim,Prozent,K03155,1.6489988221437
2011,Peine,Prozent,K03157,1.94693044433977
2011,Wolfenbüttel,Prozent,K03158,2.21778664892437
2011,Göttingen,Prozent,K03159,1.64983343027867
2011,Statistische Region Braunschweig,Prozent,K031,1.5872008797809
2011,Region Hannover,Prozent,K03241,1.88246336757574
2011,"dav. Hannover, Lhst.",Prozent,K03241999,1.91178604884356
2011,"dav. Hannover, Umland",Prozent,K03241999,1.82586773281724
2011,Diepholz,Prozent,K03251,1.60982590031004
2011,Hameln-Pyrmont,Prozent,K03252,1.33733888942727
2011,Hildesheim,Prozent,K03254,1.87603723212353
2011,Holzminden,Prozent,K03255,1.67741935483871
2011,Nienburg (Weser),Prozent,K03256,2.3038842345773
2011,Schaumburg,Prozent,K03257,1.55856611917036
2011,Statistische Region Hannover,Prozent,K032,1.82693419507178
2011,Celle,Prozent,K03351,2.08089478475745
2011,Cuxhaven,Prozent,K03352,1.42611261372019
2011,Harburg,Prozent,K03353,2.04081632653061
2011,Lüchow-Dannenberg,Prozent,K03354,0.343406593406593
2011,Lüneburg,Prozent,K03355,2.28743416102333
2011,Osterholz,Prozent,K03356,1.18656904822015
2011,Rotenburg (Wümme),Prozent,K03357,1.93792342839137
2011,Heidekreis,Prozent,K03358,1.90126751167445
2011,Stade,Prozent,K03359,1.3779082900384
2011,Uelzen,Prozent,K03360,2.22395630120952
2011,Verden,Prozent,K03361,2.19713152273421
2011,Statistische Region Lüneburg,Prozent,K033,1.82740090142147
2011,"Delmenhorst, Stadt",Prozent,K03401,3.23562389876662
2011,"Emden, Stadt",Prozent,K03402,1.84961801367109
2011,"Oldenburg (Oldb), Stadt",Prozent,K03403,2.35944308640663
2011,"Osnabrück, Stadt",Prozent,K03404,1.70951410349135
2011,"Wilhelmshaven, Stadt",Prozent,K03405,1.94061257891045
2011,Ammerland,Prozent,K03451,2.02720725526807
2011,Aurich,Prozent,K03452,2.70616200402267
2011,Cloppenburg,Prozent,K03453,1.20415377817057
2011,Emsland,Prozent,K03454,0.889513108614232
2011,Friesland,Prozent,K03455,2.41316270566728
2011,Grafschaft Bentheim,Prozent,K03456,0.820076458256258
2011,Leer,Prozent,K03457,1.15096359743041
2011,Oldenburg,Prozent,K03458,2.48575867426204
2011,Osnabrück,Prozent,K03459,1.05308869829552
2011,Vechta,Prozent,K03460,2.00484893696382
2011,Wesermarsch,Prozent,K03461,1.28232528318017
2011,Wittmund,Prozent,K03462,0.85166784953868
2011,Statistische Region Weser-Ems,Prozent,K034,1.56202874357338
2011,Niedersachsen,Prozent,K030,1.69859544534219
2012,"Braunschweig, Stadt",Prozent,K03101,1.95965417867435
2012,"Salzgitter, Stadt",Prozent,K03102,1.60314579552329
2012,"Wolfsburg, Stadt",Prozent,K03103,1.75078864353312
2012,Gifhorn,Prozent,K03151,1.6551906779661
2012,Goslar,Prozent,K03153,1.900525677315
2012,Helmstedt,Prozent,K03154,1.41010575793185
2012,Northeim,Prozent,K03155,1.99491492274594
2012,Peine,Prozent,K03157,2.12046711739398
2012,Wolfenbüttel,Prozent,K03158,2.0682302771855
2012,Göttingen,Prozent,K03159,1.76578039374873
2012,Statistische Region Braunschweig,Prozent,K031,1.82799656483867
2012,Region Hannover,Prozent,K03241,1.97962568905719
2012,"dav. Hannover, Lhst.",Prozent,K03241999,1.92371433670738
2012,"dav. Hannover, Umland",Prozent,K03241999,2.08679503469847
2012,Diepholz,Prozent,K03251,1.5897212543554
2012,Hameln-Pyrmont,Prozent,K03252,1.49874298975053
2012,Hildesheim,Prozent,K03254,1.85891655684262
2012,Holzminden,Prozent,K03255,2.01822916666667
2012,Nienburg (Weser),Prozent,K03256,2.04689244510607
2012,Schaumburg,Prozent,K03257,1.89612530915087
2012,Statistische Region Hannover,Prozent,K032,1.91781304700257
2012,Celle,Prozent,K03351,1.50772710139465
2012,Cuxhaven,Prozent,K03352,1.7264601444839
2012,Harburg,Prozent,K03353,1.3531440700451
2012,Lüchow-Dannenberg,Prozent,K03354,0.811992504684572
2012,Lüneburg,Prozent,K03355,2.84570284570285
2012,Osterholz,Prozent,K03356,1.79382922745755
2012,Rotenburg (Wümme),Prozent,K03357,1.59230884782935
2012,Heidekreis,Prozent,K03358,1.79527559055118
2012,Stade,Prozent,K03359,1.75587053099217
2012,Uelzen,Prozent,K03360,1.78435839028094
2012,Verden,Prozent,K03361,1.97930724246514
2012,Statistische Region Lüneburg,Prozent,K033,1.75901739565387
2012,"Delmenhorst, Stadt",Prozent,K03401,2.72067714631197
2012,"Emden, Stadt",Prozent,K03402,0.897988505747126
2012,"Oldenburg (Oldb), Stadt",Prozent,K03403,2.08581644815256
2012,"Osnabrück, Stadt",Prozent,K03404,1.61401313731623
2012,"Wilhelmshaven, Stadt",Prozent,K03405,1.84485441209158
2012,Ammerland,Prozent,K03451,2.03176085941149
2012,Aurich,Prozent,K03452,2.02231520223152
2012,Cloppenburg,Prozent,K03453,1.1588785046729
2012,Emsland,Prozent,K03454,0.743652898825313
2012,Friesland,Prozent,K03455,1.74916263490882
2012,Grafschaft Bentheim,Prozent,K03456,0.78125
2012,Leer,Prozent,K03457,1.19486462438032
2012,Oldenburg,Prozent,K03458,2.0385587863464
2012,Osnabrück,Prozent,K03459,1.18061309030655
2012,Vechta,Prozent,K03460,1.83313958687293
2012,Wesermarsch,Prozent,K03461,2.03469693724566
2012,Wittmund,Prozent,K03462,2.62793914246196
2012,Statistische Region Weser-Ems,Prozent,K034,1.45157259178385
2012,Niedersachsen,Prozent,K030,1.73267326732673
2013,"Braunschweig, Stadt",Prozent,K03101,1.88952174306121
2013,"Salzgitter, Stadt",Prozent,K03102,1.27406568516421
2013,"Wolfsburg, Stadt",Prozent,K03103,1.79781693657701
2013,Gifhorn,Prozent,K03151,1.4015767738706
2013,Goslar,Prozent,K03153,1.45967031584246
2013,Helmstedt,Prozent,K03154,1.46659424225964
2013,Northeim,Prozent,K03155,1.86829448760636
2013,Peine,Prozent,K03157,1.73116089613035
2013,Wolfenbüttel,Prozent,K03158,2.23718075628588
2013,Göttingen,Prozent,K03159,1.43322787843927
2013,Statistische Region Braunschweig,Prozent,K031,1.64422083636225
2013,Region Hannover,Prozent,K03241,1.62332036357335
2013,"dav. Hannover, Lhst.",Prozent,K03241999,1.61615917415112
2013,"dav. Hannover, Umland",Prozent,K03241999,1.63671301005991
2013,Diepholz,Prozent,K03251,1.45897221447821
2013,Hameln-Pyrmont,Prozent,K03252,1.67926112510495
2013,Hildesheim,Prozent,K03254,1.68696671660262
2013,Holzminden,Prozent,K03255,1.06658047834518
2013,Nienburg (Weser),Prozent,K03256,1.83564933950935
2013,Schaumburg,Prozent,K03257,1.64897221594759
2013,Statistische Region Hannover,Prozent,K032,1.62084462362038
2013,Celle,Prozent,K03351,1.7372931095199
2013,Cuxhaven,Prozent,K03352,1.44341801385681
2013,Harburg,Prozent,K03353,1.66509312505364
2013,Lüchow-Dannenberg,Prozent,K03354,0.637619553666312
2013,Lüneburg,Prozent,K03355,2.46207080117115
2013,Osterholz,Prozent,K03356,1.26977055023391
2013,Rotenburg (Wümme),Prozent,K03357,1.63797890061077
2013,Heidekreis,Prozent,K03358,1.48760330578512
2013,Stade,Prozent,K03359,1.62724692526017
2013,Uelzen,Prozent,K03360,1.12174199934015
2013,Verden,Prozent,K03361,1.72804532577904
2013,Statistische Region Lüneburg,Prozent,K033,1.6379753340185
2013,"Delmenhorst, Stadt",Prozent,K03401,2.12201591511936
2013,"Emden, Stadt",Prozent,K03402,2.23671947809879
2013,"Oldenburg (Oldb), Stadt",Prozent,K03403,2.27314900723696
2013,"Osnabrück, Stadt",Prozent,K03404,1.59619322973136
2013,"Wilhelmshaven, Stadt",Prozent,K03405,2.45495495495496
2013,Ammerland,Prozent,K03451,1.65807752632758
2013,Aurich,Prozent,K03452,1.85157079981788
2013,Cloppenburg,Prozent,K03453,0.912150194828197
2013,Emsland,Prozent,K03454,0.644620071526337
2013,Friesland,Prozent,K03455,2.83990060347888
2013,Grafschaft Bentheim,Prozent,K03456,0.785990868635497
2013,Leer,Prozent,K03457,1.0968049594659
2013,Oldenburg,Prozent,K03458,1.85028248587571
2013,Osnabrück,Prozent,K03459,1.12414229402891
2013,Vechta,Prozent,K03460,1.75379140896382
2013,Wesermarsch,Prozent,K03461,1.71960347966822
2013,Wittmund,Prozent,K03462,1.7565112053301
2013,Statistische Region Weser-Ems,Prozent,K034,1.40914740089903
2013,Niedersachsen,Prozent,K030,1.56290125910947
2014,"Braunschweig, Stadt",Prozent,K03101,1.36629798308393
2014,"Salzgitter, Stadt",Prozent,K03102,1.0671256454389
2014,"Wolfsburg, Stadt",Prozent,K03103,1.6684182869154
2014,Gifhorn,Prozent,K03151,1.28581096323032
2014,Goslar,Prozent,K03153,1.29719712763493
2014,Helmstedt,Prozent,K03154,0.682926829268293
2014,Northeim,Prozent,K03155,1.2491559756921
2014,Peine,Prozent,K03157,1.41872719902716
2014,Wolfenbüttel,Prozent,K03158,1.91458026509573
2014,Göttingen,Prozent,K03159,1.30173265104587
2014,Statistische Region Braunschweig,Prozent,K031,1.35070289867951
2014,Region Hannover,Prozent,K03241,1.50659547508661
2014,"dav. Hannover, Lhst.",Prozent,K03241999,1.55295286929219
2014,"dav. Hannover, Umland",Prozent,K03241999,1.42107017836306
2014,Diepholz,Prozent,K03251,1.24666838620927
2014,Hameln-Pyrmont,Prozent,K03252,0.771538791255894
2014,Hildesheim,Prozent,K03254,1.72434803802096
2014,Holzminden,Prozent,K03255,1.40530182050463
2014,Nienburg (Weser),Prozent,K03256,1.61930465153199
2014,Schaumburg,Prozent,K03257,1.16523199664077
2014,Statistische Region Hannover,Prozent,K032,1.45084196990732
2014,Celle,Prozent,K03351,1.56792591813112
2014,Cuxhaven,Prozent,K03352,1.16481046285889
2014,Harburg,Prozent,K03353,1.96094723722476
2014,Lüchow-Dannenberg,Prozent,K03354,0.311942959001783
2014,Lüneburg,Prozent,K03355,2.3792443806791
2014,Osterholz,Prozent,K03356,1.2770137524558
2014,Rotenburg (Wümme),Prozent,K03357,1.31876412961567
2014,Heidekreis,Prozent,K03358,1.26517571884984
2014,Stade,Prozent,K03359,1.249566122874
2014,Uelzen,Prozent,K03360,0.473801560758083
2014,Verden,Prozent,K03361,1.75300889586604
2014,Statistische Region Lüneburg,Prozent,K033,1.48306570366734
2014,"Delmenhorst, Stadt",Prozent,K03401,1.7078265143138
2014,"Emden, Stadt",Prozent,K03402,2.05987366108212
2014,"Oldenburg (Oldb), Stadt",Prozent,K03403,1.85715525470798
2014,"Osnabrück, Stadt",Prozent,K03404,1.3599274705349
2014,"Wilhelmshaven, Stadt",Prozent,K03405,1.9369944657301
2014,Ammerland,Prozent,K03451,2.01897839693115
2014,Aurich,Prozent,K03452,1.41718334809566
2014,Cloppenburg,Prozent,K03453,0.832755031228314
2014,Emsland,Prozent,K03454,0.645314541351597
2014,Friesland,Prozent,K03455,2.27420402858999
2014,Grafschaft Bentheim,Prozent,K03456,0.762810237134487
2014,Leer,Prozent,K03457,0.869658578484003
2014,Oldenburg,Prozent,K03458,1.31882202304738
2014,Osnabrück,Prozent,K03459,0.939457202505219
2014,Vechta,Prozent,K03460,1.31480651426864
2014,Wesermarsch,Prozent,K03461,1.30681818181818
2014,Wittmund,Prozent,K03462,0.763358778625954
2014,Statistische Region Weser-Ems,Prozent,K034,1.18238965394983
2014,Niedersachsen,Prozent,K030,1.35239269476767
2015,"Braunschweig, Stadt",Prozent,K03101,1.45166232572392
2015,"Salzgitter, Stadt",Prozent,K03102,0.907481186365649
2015,"Wolfsburg, Stadt",Prozent,K03103,1.70930095485088
2015,Gifhorn,Prozent,K03151,1.42031043928173
2015,Goslar,Prozent,K03153,0.819209039548023
2015,Helmstedt,Prozent,K03154,0.804443593181383
2015,Northeim,Prozent,K03155,0.865438302624232
2015,Peine,Prozent,K03157,1.50126945578982
2015,Wolfenbüttel,Prozent,K03158,1.73782771535581
2015,Göttingen,Prozent,K03159,1.24470029950601
2015,Statistische Region Braunschweig,Prozent,K031,1.29455523053776
2015,Region Hannover,Prozent,K03241,1.24890107048663
2015,"dav. Hannover, Lhst.",Prozent,K03241999,1.23463130540177
2015,"dav. Hannover, Umland",Prozent,K03241999,1.27312998133905
2015,Diepholz,Prozent,K03251,0.875162736872559
2015,Hameln-Pyrmont,Prozent,K03252,1.38176955649655
2015,Hildesheim,Prozent,K03254,1.19589104103848
2015,Holzminden,Prozent,K03255,1.42671854734112
2015,Nienburg (Weser),Prozent,K03256,1.66398282340311
2015,Schaumburg,Prozent,K03257,1.61440836132885
2015,Statistische Region Hannover,Prozent,K032,1.26356939344196
2015,Celle,Prozent,K03351,1.79515217787498
2015,Cuxhaven,Prozent,K03352,1.07055550872461
2015,Harburg,Prozent,K03353,1.55056523067522
2015,Lüchow-Dannenberg,Prozent,K03354,0.361402240693892
2015,Lüneburg,Prozent,K03355,1.67763856445105
2015,Osterholz,Prozent,K03356,1.38089758342923
2015,Rotenburg (Wümme),Prozent,K03357,0.956101572941297
2015,Heidekreis,Prozent,K03358,1.07607074366077
2015,Stade,Prozent,K03359,1.00108962135658
2015,Uelzen,Prozent,K03360,0.956022944550669
2015,Verden,Prozent,K03361,1.55824343467364
2015,Statistische Region Lüneburg,Prozent,K033,1.28558038577278
2015,"Delmenhorst, Stadt",Prozent,K03401,1.20650114667464
2015,"Emden, Stadt",Prozent,K03402,1.44230769230769
2015,"Oldenburg (Oldb), Stadt",Prozent,K03403,1.85580676043891
2015,"Osnabrück, Stadt",Prozent,K03404,1.40569486638175
2015,"Wilhelmshaven, Stadt",Prozent,K03405,1.67252048837598
2015,Ammerland,Prozent,K03451,2.51479289940828
2015,Aurich,Prozent,K03452,1.10327919092859
2015,Cloppenburg,Prozent,K03453,0.678170952796616
2015,Emsland,Prozent,K03454,0.383788254755997
2015,Friesland,Prozent,K03455,1.35780739250691
2015,Grafschaft Bentheim,Prozent,K03456,0.867416410308135
2015,Leer,Prozent,K03457,0.903142567505299
2015,Oldenburg,Prozent,K03458,1.05622532806999
2015,Osnabrück,Prozent,K03459,0.741881866461264
2015,Vechta,Prozent,K03460,1.05115627189909
2015,Wesermarsch,Prozent,K03461,1.22880696842433
2015,Wittmund,Prozent,K03462,0.977326035965598
2015,Statistische Region Weser-Ems,Prozent,K034,1.04108561426456
2015,Niedersachsen,Prozent,K030,1.20334369261408
2016,"Braunschweig, Stadt",Prozent,K03101,1.38652482269504
2016,"Salzgitter, Stadt",Prozent,K03102,0.763991708617116
2016,"Wolfsburg, Stadt",Prozent,K03103,1.78390545863815
2016,Gifhorn,Prozent,K03151,1.66051660516605
2016,Goslar,Prozent,K03153,1.08982545764155
2016,Helmstedt,Prozent,K03154,0.609951845906902
2016,Northeim,Prozent,K03155,1.21285627653123
2016,Peine,Prozent,K03157,1.16044399596367
2016,Wolfenbüttel,Prozent,K03158,1.70096021947874
2016,Göttingen,Prozent,K03159,1.23060460139112
2016,Statistische Region Braunschweig,Prozent,K031,1.28621129137818
2016,Region Hannover,Prozent,K03241,1.26114913918274
2016,"dav. Hannover, Lhst.",Prozent,K03241999,1.24443593548078
2016,"dav. Hannover, Umland",Prozent,K03241999,1.28831492142524
2016,Diepholz,Prozent,K03251,1.15830115830116
2016,Hameln-Pyrmont,Prozent,K03252,1.05542648523067
2016,Hildesheim,Prozent,K03254,1.14533424595026
2016,Holzminden,Prozent,K03255,0.604651162790698
2016,Nienburg (Weser),Prozent,K03256,1.22601279317697
2016,Schaumburg,Prozent,K03257,1.15873015873016
2016,Statistische Region Hannover,Prozent,K032,1.2139697416527
2016,Celle,Prozent,K03351,0.978303747534517
2016,Cuxhaven,Prozent,K03352,1.00643208475218
2016,Harburg,Prozent,K03353,1.86075554167968
2016,Lüchow-Dannenberg,Prozent,K03354,0.601769911504425
2016,Lüneburg,Prozent,K03355,1.33898305084746
2016,Osterholz,Prozent,K03356,1.12721417069243
2016,Rotenburg (Wümme),Prozent,K03357,0.82089552238806
2016,Heidekreis,Prozent,K03358,1.10412926391382
2016,Stade,Prozent,K03359,0.978892627714898
2016,Uelzen,Prozent,K03360,0.776892430278884
2016,Verden,Prozent,K03361,1.20338140228742
2016,Statistische Region Lüneburg,Prozent,K033,1.14721599724185
2016,"Delmenhorst, Stadt",Prozent,K03401,1.08685968819599
2016,"Emden, Stadt",Prozent,K03402,0.94853683148335
2016,"Oldenburg (Oldb), Stadt",Prozent,K03403,2.07253886010363
2016,"Osnabrück, Stadt",Prozent,K03404,1.22073944432291
2016,"Wilhelmshaven, Stadt",Prozent,K03405,1.67509025270758
2016,Ammerland,Prozent,K03451,2.48246844319776
2016,Aurich,Prozent,K03452,1.3116236996834
2016,Cloppenburg,Prozent,K03453,0.426635918132027
2016,Emsland,Prozent,K03454,0.539431251832307
2016,Friesland,Prozent,K03455,0.695468914646997
2016,Grafschaft Bentheim,Prozent,K03456,0.532952652867
2016,Leer,Prozent,K03457,0.75487012987013
2016,Oldenburg,Prozent,K03458,1.0865561694291
2016,Osnabrück,Prozent,K03459,0.76551724137931
2016,Vechta,Prozent,K03460,0.956694027738466
2016,Wesermarsch,Prozent,K03461,1.19834710743802
2016,Wittmund,Prozent,K03462,0.703125
2016,Statistische Region Weser-Ems,Prozent,K034,0.979405421406521
2016,Niedersachsen,Prozent,K030,1.14320604950449
2017,"Braunschweig, Stadt",Prozent,K03101,1.37227304714989
2017,"Salzgitter, Stadt",Prozent,K03102,0.780461906026015
2017,"Wolfsburg, Stadt",Prozent,K03103,1.50380021715527
2017,Gifhorn,Prozent,K03151,1.28366247755835
2017,Goslar,Prozent,K03153,1.04068857589984
2017,Helmstedt,Prozent,K03154,0.997661730319564
2017,Northeim,Prozent,K03155,0.995260663507109
2017,Peine,Prozent,K03157,1.4786365818531
2017,Wolfenbüttel,Prozent,K03158,1.48400272294078
2017,Göttingen,Prozent,K03159,1.17423588326714
2017,Statistische Region Braunschweig,Prozent,K031,1.21783422636767
2017,Region Hannover,Prozent,K03241,1.27533253410972
2017,"dav. Hannover, Lhst.",Prozent,K03241999,1.22354466725328
2017,"dav. Hannover, Umland",Prozent,K03241999,1.35852987128934
2017,Diepholz,Prozent,K03251,1.22004357298475
2017,Hameln-Pyrmont,Prozent,K03252,1.03830326052548
2017,Hildesheim,Prozent,K03254,1.04939626783754
2017,Holzminden,Prozent,K03255,1.33333333333333
2017,Nienburg (Weser),Prozent,K03256,0.829170829170829
2017,Schaumburg,Prozent,K03257,1.26984126984127
2017,Statistische Region Hannover,Prozent,K032,1.2207756931375
2017,Celle,Prozent,K03351,1.42218912881608
2017,Cuxhaven,Prozent,K03352,1.25614831630723
2017,Harburg,Prozent,K03353,1.97424892703863
2017,Lüchow-Dannenberg,Prozent,K03354,0.773694390715667
2017,Lüneburg,Prozent,K03355,1.38785625774473
2017,Osterholz,Prozent,K03356,0.849056603773585
2017,Rotenburg (Wümme),Prozent,K03357,0.802213001383126
2017,Heidekreis,Prozent,K03358,1.19047619047619
2017,Stade,Prozent,K03359,0.659722222222222
2017,Uelzen,Prozent,K03360,0.356138706654171
2017,Verden,Prozent,K03361,1.0941960038059
2017,Statistische Region Lüneburg,Prozent,K033,1.1735798767283
2017,"Delmenhorst, Stadt",Prozent,K03401,0.701047542304593
2017,"Emden, Stadt",Prozent,K03402,0.774907749077491
2017,"Oldenburg (Oldb), Stadt",Prozent,K03403,1.72943657728231
2017,"Osnabrück, Stadt",Prozent,K03404,1.21680953376542
2017,"Wilhelmshaven, Stadt",Prozent,K03405,1.47058823529412
2017,Ammerland,Prozent,K03451,1.73684210526316
2017,Aurich,Prozent,K03452,1.38392857142857
2017,Cloppenburg,Prozent,K03453,0.686217008797654
2017,Emsland,Prozent,K03454,0.428218501235246
2017,Friesland,Prozent,K03455,0.524109014675052
2017,Grafschaft Bentheim,Prozent,K03456,0.586565752128666
2017,Leer,Prozent,K03457,0.763478945297127
2017,Oldenburg,Prozent,K03458,1.10769230769231
2017,Osnabrück,Prozent,K03459,0.927901713546718
2017,Vechta,Prozent,K03460,1.22317596566524
2017,Wesermarsch,Prozent,K03461,1.35153583617747
2017,Wittmund,Prozent,K03462,0.809248554913295
2017,Statistische Region Weser-Ems,Prozent,K034,0.963597862256731
2017,Niedersachsen,Prozent,K030,1.1308343845738
2018,"Braunschweig, Stadt",Prozent,K03101,0.837537840565086
2018,"Salzgitter, Stadt",Prozent,K03102,0.816120906801008
2018,"Wolfsburg, Stadt",Prozent,K03103,1.76455368693402
2018,Gifhorn,Prozent,K03151,1.39712108382726
2018,Goslar,Prozent,K03153,0.728353771832033
2018,Helmstedt,Prozent,K03154,0.909791827293755
2018,Northeim,Prozent,K03155,1.20386144236229
2018,Peine,Prozent,K03157,1.16900770276393
2018,Wolfenbüttel,Prozent,K03158,1.57019294743846
2018,Göttingen,Prozent,K03159,1.17335101093802
2018,Statistische Region Braunschweig,Prozent,K031,1.12593248198255
2018,Region Hannover,Prozent,K03241,1.08663325439225
2018,"dav. Hannover, Lhst.",Prozent,K03241999,1.01658352433598
2018,"dav. Hannover, Umland",Prozent,K03241999,1.19746853445211
2018,Diepholz,Prozent,K03251,1.3378878451466
2018,Hameln-Pyrmont,Prozent,K03252,1.1672210462655
2018,Hildesheim,Prozent,K03254,1.25778331257783
2018,Holzminden,Prozent,K03255,1.15473441108545
2018,Nienburg (Weser),Prozent,K03256,0.977948226270374
2018,Schaumburg,Prozent,K03257,0.958169467286378
2018,Statistische Region Hannover,Prozent,K032,1.11357330403531
2018,Celle,Prozent,K03351,1.20311394196745
2018,Cuxhaven,Prozent,K03352,0.854893138357705
2018,Harburg,Prozent,K03353,1.48969889064976
2018,Lüchow-Dannenberg,Prozent,K03354,0.712945590994371
2018,Lüneburg,Prozent,K03355,1.15987460815047
2018,Osterholz,Prozent,K03356,1.09756097560976
2018,Rotenburg (Wümme),Prozent,K03357,0.960071781067743
2018,Heidekreis,Prozent,K03358,1.26461671719359
2018,Stade,Prozent,K03359,0.970088924818108
2018,Uelzen,Prozent,K03360,0.820695807314897
2018,Verden,Prozent,K03361,0.956719817767654
2018,Statistische Region Lüneburg,Prozent,K033,1.10067752288126
2018,"Delmenhorst, Stadt",Prozent,K03401,0.94834232845027
2018,"Emden, Stadt",Prozent,K03402,0.723327305605787
2018,"Oldenburg (Oldb), Stadt",Prozent,K03403,1.7852001151742
2018,"Osnabrück, Stadt",Prozent,K03404,1.26277073968124
2018,"Wilhelmshaven, Stadt",Prozent,K03405,1.29607609988109
2018,Ammerland,Prozent,K03451,0.705882352941177
2018,Aurich,Prozent,K03452,1.25054277029961
2018,Cloppenburg,Prozent,K03453,0.644990748083532
2018,Emsland,Prozent,K03454,0.327108821635544
2018,Friesland,Prozent,K03455,0.641821946169772
2018,Grafschaft Bentheim,Prozent,K03456,0.802784222737819
2018,Leer,Prozent,K03457,0.690668626010287
2018,Oldenburg,Prozent,K03458,0.896938335489435
2018,Osnabrück,Prozent,K03459,0.913409961685824
2018,Vechta,Prozent,K03460,0.864072764022233
2018,Wesermarsch,Prozent,K03461,1.03286384976526
2018,Wittmund,Prozent,K03462,0.785046728971963
2018,Statistische Region Weser-Ems,Prozent,K034,0.887761572606214
2018,Niedersachsen,Prozent,K030,1.04171791213657
2019,"Braunschweig, Stadt",Prozent,K03101,0.890443631737955
2019,"Salzgitter, Stadt",Prozent,K03102,0.83271375464684
2019,"Wolfsburg, Stadt",Prozent,K03103,1.61210317460317
2019,Gifhorn,Prozent,K03151,1.40308191403082
2019,Goslar,Prozent,K03153,0.72753209700428
2019,Helmstedt,Prozent,K03154,1.469013006886
2019,Northeim,Prozent,K03155,1.39837398373984
2019,Peine,Prozent,K03157,1.69312169312169
2019,Wolfenbüttel,Prozent,K03158,1.74592833876221
2019,Göttingen,Prozent,K03159,1.17793705204113
2019,Statistische Region Braunschweig,Prozent,K031,1.19818181818182
2019,Region Hannover,Prozent,K03241,1.3302034428795
2019,"dav. Hannover, Lhst.",Prozent,K03241999,1.237658674189
2019,"dav. Hannover, Umland",Prozent,K03241999,1.2397384165855
2019,Diepholz,Prozent,K03251,1.66082502022108
2019,Hameln-Pyrmont,Prozent,K03252,1.64399763453578
2019,Hildesheim,Prozent,K03254,1.42028405681136
2019,Holzminden,Prozent,K03255,1.38011695906433
2019,Nienburg (Weser),Prozent,K03256,1.64330594490092
2019,Schaumburg,Prozent,K03257,1.64152928796913
2019,Statistische Region Hannover,Prozent,K032,1.40877892475467
2019,Celle,Prozent,K03351,2.35868806699232
2019,Cuxhaven,Prozent,K03352,1.11652304233795
2019,Harburg,Prozent,K03353,1.3107822410148
2019,Lüchow-Dannenberg,Prozent,K03354,0.933572710951526
2019,Lüneburg,Prozent,K03355,1.92835365853659
2019,Osterholz,Prozent,K03356,1.69769173492182
2019,Rotenburg (Wümme),Prozent,K03357,1.08761329305136
2019,Heidekreis,Prozent,K03358,1.53293413173653
2019,Stade,Prozent,K03359,1.43925715759608
2019,Uelzen,Prozent,K03360,1.28360797918474
2019,Verden,Prozent,K03361,1.58389261744966
2019,Statistische Region Lüneburg,Prozent,K033,1.52016663510699
2019,"Delmenhorst, Stadt",Prozent,K03401,1.17246596066566
2019,"Emden, Stadt",Prozent,K03402,0.599118942731278
2019,"Oldenburg (Oldb), Stadt",Prozent,K03403,1.65709598031173
2019,"Osnabrück, Stadt",Prozent,K03404,1.60933175168051
2019,"Wilhelmshaven, Stadt",Prozent,K03405,1.42287990893569
2019,Ammerland,Prozent,K03451,1.30205278592375
2019,Aurich,Prozent,K03452,1.23693379790941
2019,Cloppenburg,Prozent,K03453,0.788777130757014
2019,Emsland,Prozent,K03454,0.58619836754885
2019,Friesland,Prozent,K03455,1.67355371900826
2019,Grafschaft Bentheim,Prozent,K03456,0.939627780299591
2019,Leer,Prozent,K03457,0.962638842140693
2019,Oldenburg,Prozent,K03458,1.35728542914172
2019,Osnabrück,Prozent,K03459,1.27971296157871
2019,Vechta,Prozent,K03460,1.1151339608979
2019,Wesermarsch,Prozent,K03461,1.36246786632391
2019,Wittmund,Prozent,K03462,1.82149362477231
2019,Statistische Region Weser-Ems,Prozent,K034,1.14246488933415
2019,Niedersachsen,Prozent,K030,1.29962611378267
2020,"Braunschweig, Stadt",Prozent,K03101,1.31502423263328
2020,"Salzgitter, Stadt",Prozent,K03102,0.606206398845321
2020,"Wolfsburg, Stadt",Prozent,K03103,1.09548482605477
2020,Gifhorn,Prozent,K03151,1.11925897336936
2020,Goslar,Prozent,K03153,0.614605929139552
2020,Helmstedt,Prozent,K03154,1.00591715976331
2020,Northeim,Prozent,K03155,0.998925886143931
2020,Peine,Prozent,K03157,1.15978306216103
2020,Wolfenbüttel,Prozent,K03158,1.10687022900763
2020,Göttingen,Prozent,K03159,0.892608089260809
2020,Statistische Region Braunschweig,Prozent,K031,0.994250119789171
2020,Region Hannover,Prozent,K03241,1.04914501144473
2020,"dav. Hannover, Lhst.",Prozent,K03241999,0.942697881828317
2020,"dav. Hannover, Umland",Prozent,K03241999,1.21142080217539
2020,Diepholz,Prozent,K03251,1.19102861562258
2020,Hameln-Pyrmont,Prozent,K03252,1.07674684994273
2020,Hildesheim,Prozent,K03254,1.55925563173359
2020,Holzminden,Prozent,K03255,0.913140311804009
2020,Nienburg (Weser),Prozent,K03256,1.20265151515152
2020,Schaumburg,Prozent,K03257,1.26058963063368
2020,Statistische Region Hannover,Prozent,K032,1.12250773770964
2020,Celle,Prozent,K03351,1.84615384615385
2020,Cuxhaven,Prozent,K03352,1.20805369127517
2020,Harburg,Prozent,K03353,1.23429579016972
2020,Lüchow-Dannenberg,Prozent,K03354,0.517241379310345
2020,Lüneburg,Prozent,K03355,1.6647575410462
2020,Osterholz,Prozent,K03356,1.10315186246418
2020,Rotenburg (Wümme),Prozent,K03357,0.713396930734135
2020,Heidekreis,Prozent,K03358,1.56078431372549
2020,Stade,Prozent,K03359,0.830830830830831
2020,Uelzen,Prozent,K03360,2.52701579384871
2020,Verden,Prozent,K03361,0.994330571303969
2020,Statistische Region Lüneburg,Prozent,K033,1.27769381059461
2020,"Delmenhorst, Stadt",Prozent,K03401,1.14514952589351
2020,"Emden, Stadt",Prozent,K03402,0.562913907284768
2020,"Oldenburg (Oldb), Stadt",Prozent,K03403,1.2326978323322
2020,"Osnabrück, Stadt",Prozent,K03404,1.45161290322581
2020,"Wilhelmshaven, Stadt",Prozent,K03405,0.943181818181818
2020,Ammerland,Prozent,K03451,1.05323411562679
2020,Aurich,Prozent,K03452,0.97688617531618
2020,Cloppenburg,Prozent,K03453,0.62727935813275
2020,Emsland,Prozent,K03454,0.425894378194208
2020,Friesland,Prozent,K03455,1.44750254841998
2020,Grafschaft Bentheim,Prozent,K03456,0.749665327978581
2020,Leer,Prozent,K03457,0.796052631578947
2020,Oldenburg,Prozent,K03458,0.747081712062257
2020,Osnabrück,Prozent,K03459,0.560080011430204
2020,Vechta,Prozent,K03460,1.05755732335049
2020,Wesermarsch,Prozent,K03461,0.933503836317136
2020,Wittmund,Prozent,K03462,0.960548885077187
2020,Statistische Region Weser-Ems,Prozent,K034,0.852812370465154
2020,Niedersachsen,Prozent,K030,1.03485857826424
2021,"Braunschweig, Stadt",Prozent,K03101,1.50007996161842
2021,"Salzgitter, Stadt",Prozent,K03102,0.750460405156538
2021,"Wolfsburg, Stadt",Prozent,K03103,1.34826107670319
2021,Gifhorn,Prozent,K03151,0.873394495412844
2021,Goslar,Prozent,K03153,0.812073302191879
2021,Helmstedt,Prozent,K03154,1.1032531824611
2021,Northeim,Prozent,K03155,1.01199791340636
2021,Peine,Prozent,K03157,1.73913043478261
2021,Wolfenbüttel,Prozent,K03158,1.70160295930949
2021,Göttingen,Prozent,K03159,1.11915535444947
2021,Statistische Region Braunschweig,Prozent,K031,1.1922875892909
2021,Region Hannover,Prozent,K03241,0.979287237282973
2021,"dav. Hannover, Lhst.",Prozent,K03241999,0.89368125943498
2021,"dav. Hannover, Umland",Prozent,K03241999,1.10172105360558
2021,Diepholz,Prozent,K03251,1.14618746964546
2021,Hameln-Pyrmont,Prozent,K03252,0.96694892105982
2021,Hildesheim,Prozent,K03254,1.67047184170472
2021,Holzminden,Prozent,K03255,1.30389064143007
2021,Nienburg (Weser),Prozent,K03256,1.24663677130045
2021,Schaumburg,Prozent,K03257,1.4300033411293
2021,Statistische Region Hannover,Prozent,K032,1.09067330990001
2021,Celle,Prozent,K03351,1.18203309692671
2021,Cuxhaven,Prozent,K03352,1.5745148297327
2021,Harburg,Prozent,K03353,1.82692307692308
2021,Lüchow-Dannenberg,Prozent,K03354,0.697674418604651
2021,Lüneburg,Prozent,K03355,3.15281899109792
2021,Osterholz,Prozent,K03356,1.12637362637363
2021,Rotenburg (Wümme),Prozent,K03357,1.22319301032566
2021,Heidekreis,Prozent,K03358,1.30943672275055
2021,Stade,Prozent,K03359,1.01530240466359
2021,Uelzen,Prozent,K03360,1.72413793103448
2021,Verden,Prozent,K03361,0.757513379991766
2021,Statistische Region Lüneburg,Prozent,K033,1.48569023569024
2021,"Delmenhorst, Stadt",Prozent,K03401,1.07205012182388
2021,"Emden, Stadt",Prozent,K03402,0.76986076986077
2021,"Oldenburg (Oldb), Stadt",Prozent,K03403,1.20951417004049
2021,"Osnabrück, Stadt",Prozent,K03404,1.72393933576502
2021,"Wilhelmshaven, Stadt",Prozent,K03405,1.97396963123644
2021,Ammerland,Prozent,K03451,0.793103448275862
2021,Aurich,Prozent,K03452,1.75349428208386
2021,Cloppenburg,Prozent,K03453,0.406539991162174
2021,Emsland,Prozent,K03454,0.615348619560131
2021,Friesland,Prozent,K03455,1.56555772994129
2021,Grafschaft Bentheim,Prozent,K03456,1.31923890063425
2021,Leer,Prozent,K03457,0.829639012032932
2021,Oldenburg,Prozent,K03458,1.19155354449472
2021,Osnabrück,Prozent,K03459,0.732673267326733
2021,Vechta,Prozent,K03460,1.31947582467239
2021,Wesermarsch,Prozent,K03461,1.36677115987461
2021,Wittmund,Prozent,K03462,0.291734197730956
2021,Statistische Region Weser-Ems,Prozent,K034,1.06077194445893
2021,Niedersachsen,Prozent,K030,1.16349707981105
2022,"Braunschweig, Stadt",Prozent,K03101,1.70112390731234
2022,"Salzgitter, Stadt",Prozent,K03102,1.43979613506052
2022,"Wolfsburg, Stadt",Prozent,K03103,1.61068224494054
2022,Gifhorn,Prozent,K03151,0.926328877836494
2022,Goslar,Prozent,K03153,2.09110363803118
2022,Helmstedt,Prozent,K03154,1.18249005116543
2022,Northeim,Prozent,K03155,1.1783313562673
2022,Peine,Prozent,K03157,2.22590261676052
2022,Wolfenbüttel,Prozent,K03158,1.3049925852694
2022,Göttingen,Prozent,K03159,1.14849941535663
2022,Statistische Region Braunschweig,Prozent,K031,1.48766905330151
2022,Region Hannover,Prozent,K03241,0.934381814577414
2022,"dav. Hannover, Lhst.",Prozent,K03241999,0.748221794317601
2022,"dav. Hannover, Umland",Prozent,K03241999,1.17181234963913
2022,Diepholz,Prozent,K03251,1.96365155629831
2022,Hameln-Pyrmont,Prozent,K03252,1.83529411764706
2022,Hildesheim,Prozent,K03254,1.30653266331658
2022,Holzminden,Prozent,K03255,1.57506152584085
2022,Nienburg (Weser),Prozent,K03256,1.30820399113082
2022,Schaumburg,Prozent,K03257,1.77966101694915
2022,Statistische Region Hannover,Prozent,K032,1.16744056599628
2022,Celle,Prozent,K03351,0.728002292920608
2022,Cuxhaven,Prozent,K03352,1.85775597792765
2022,Harburg,Prozent,K03353,1.65444311785775
2022,Lüchow-Dannenberg,Prozent,K03354,1.91744340878828
2022,Lüneburg,Prozent,K03355,3.56521739130435
2022,Osterholz,Prozent,K03356,1.22204037097654
2022,Rotenburg (Wümme),Prozent,K03357,1.21231979030144
2022,Heidekreis,Prozent,K03358,1.27262443438914
2022,Stade,Prozent,K03359,0.852713178294574
2022,Uelzen,Prozent,K03360,1.66056166056166
2022,Verden,Prozent,K03361,0.754458161865569
2022,Statistische Region Lüneburg,Prozent,K033,1.47301218804411
2022,"Delmenhorst, Stadt",Prozent,K03401,1.30102040816327
2022,"Emden, Stadt",Prozent,K03402,1.82795698924731
2022,"Oldenburg (Oldb), Stadt",Prozent,K03403,1.44551845342706
2022,"Osnabrück, Stadt",Prozent,K03404,1.11918850380389
2022,"Wilhelmshaven, Stadt",Prozent,K03405,1.67051222888786
2022,Ammerland,Prozent,K03451,1.11783884489986
2022,Aurich,Prozent,K03452,1.7043847241867
2022,Cloppenburg,Prozent,K03453,0.947810437912418
2022,Emsland,Prozent,K03454,0.734962020119072
2022,Friesland,Prozent,K03455,1.36434108527132
2022,Grafschaft Bentheim,Prozent,K03456,1.5475061634743
2022,Leer,Prozent,K03457,0.494968724503671
2022,Oldenburg,Prozent,K03458,1.47446736557322
2022,Osnabrück,Prozent,K03459,1.05838087146498
2022,Vechta,Prozent,K03460,1.74285714285714
2022,Wesermarsch,Prozent,K03461,1.1186617877679
2022,Wittmund,Prozent,K03462,0.188235294117647
2022,Statistische Region Weser-Ems,Prozent,K034,1.1865125007567
2022,Niedersachsen,Prozent,K030,1.2854737164399
2023,"Braunschweig, Stadt",Prozent,K03101,2.40076387941618
2023,"Salzgitter, Stadt",Prozent,K03102,1.63658243080626
2023,"Wolfsburg, Stadt",Prozent,K03103,2.63345195729537
2023,Gifhorn,Prozent,K03151,0.891647855530474
2023,Goslar,Prozent,K03153,2.5643994211288
2023,Helmstedt,Prozent,K03154,1.08021390374332
2023,Northeim,Prozent,K03155,1.59211523881729
2023,Peine,Prozent,K03157,1.67243005344231
2023,Wolfenbüttel,Prozent,K03158,1.64864864864865
2023,Göttingen,Prozent,K03159,1.85880908532842
2023,Statistische Region Braunschweig,Prozent,K031,1.91944189115935
2023,Region Hannover,Prozent,K03241,1.16487455197133
2023,"dav. Hannover, Lhst.",Prozent,K03241999,1.03848919501949
2023,"dav. Hannover, Umland",Prozent,K03241999,1.34819124993138
2023,Diepholz,Prozent,K03251,1.26727200947493
2023,Hameln-Pyrmont,Prozent,K03252,0.54930211616389
2023,Hildesheim,Prozent,K03254,1.93615751789976
2023,Holzminden,Prozent,K03255,1.42857142857143
2023,Nienburg (Weser),Prozent,K03256,1.33610245759778
2023,Schaumburg,Prozent,K03257,1.59259259259259
2023,Statistische Region Hannover,Prozent,K032,1.24351729447826
2023,Celle,Prozent,K03351,1.18122977346278
2023,Cuxhaven,Prozent,K03352,2.31658001155402
2023,Harburg,Prozent,K03353,2.50282212546364
2023,Lüchow-Dannenberg,Prozent,K03354,1.25319693094629
2023,Lüneburg,Prozent,K03355,3.16534040671972
2023,Osterholz,Prozent,K03356,1.80217503883998
2023,Rotenburg (Wümme),Prozent,K03357,1.3134328358209
2023,Heidekreis,Prozent,K03358,2.3398001175779
2023,Stade,Prozent,K03359,1.38293874483277
2023,Uelzen,Prozent,K03360,3.76428141912207
2023,Verden,Prozent,K03361,1.17028270874425
2023,Statistische Region Lüneburg,Prozent,K033,2.00413736036409
2023,"Delmenhorst, Stadt",Prozent,K03401,1.73190984578885
2023,"Emden, Stadt",Prozent,K03402,2.35294117647059
2023,"Oldenburg (Oldb), Stadt",Prozent,K03403,2.64324550397323
2023,"Osnabrück, Stadt",Prozent,K03404,1.91989622182585
2023,"Wilhelmshaven, Stadt",Prozent,K03405,1.03635603844547
2023,Ammerland,Prozent,K03451,0.649350649350649
2023,Aurich,Prozent,K03452,2.32872306207784
2023,Cloppenburg,Prozent,K03453,0.284983558640848
2023,Emsland,Prozent,K03454,1.07981678199006
2023,Friesland,Prozent,K03455,1.43800440205429
2023,Grafschaft Bentheim,Prozent,K03456,1.64537941397446
2023,Leer,Prozent,K03457,0.517376535145022
2023,Oldenburg,Prozent,K03458,1.49629151886488
2023,Osnabrück,Prozent,K03459,1.14507406536562
2023,Vechta,Prozent,K03460,2.14981124577787
2023,Wesermarsch,Prozent,K03461,0.718857705563762
2023,Wittmund,Prozent,K03462,0.441014332965821
2023,Statistische Region Weser-Ems,Prozent,K034,1.40433119553651
2023,Niedersachsen,Prozent,K030,1.55420315760862
2024,"Braunschweig, Stadt",Prozent,K03101,3.32325453545904
2024,"Salzgitter, Stadt",Prozent,K03102,1.41040921732221
2024,"Wolfsburg, Stadt",Prozent,K03103,2.15070341106186
2024,Gifhorn,Prozent,K03151,1.18568232662192
2024,Goslar,Prozent,K03153,3.86850601702377
2024,Helmstedt,Prozent,K03154,0.842548709847288
2024,Northeim,Prozent,K03155,2.50447227191413
2024,Peine,Prozent,K03157,1.27411944869832
2024,Wolfenbüttel,Prozent,K03158,2.41332733003152
2024,Göttingen,Prozent,K03159,1.99638336347197
2024,Statistische Region Braunschweig,Prozent,K031,2.20080545661941
2024,Region Hannover,Prozent,K03241,1.90201982461153
2024,"dav. Hannover, Lhst.",Prozent,K03241001,1.43666456844522
2024,"dav. Hannover, Umland",Prozent,K03241999,2.58165693272767
2024,Diepholz,Prozent,K03251,1.3323124042879
2024,Hameln-Pyrmont,Prozent,K03252,1.05168539325843
2024,Hildesheim,Prozent,K03254,2.63031755542241
2024,Holzminden,Prozent,K03255,2.14182344428365
2024,Nienburg (Weser),Prozent,K03256,2.56535378180551
2024,Schaumburg,Prozent,K03257,3.10290237467018
2024,Statistische Region Hannover,Prozent,K032,1.97195593074832
2024,Celle,Prozent,K03351,2.0477083891718
2024,Cuxhaven,Prozent,K03352,2.10155562078075
2024,Harburg,Prozent,K03353,2.79860228716645
2024,Lüchow-Dannenberg,Prozent,K03354,2.16284987277354
2024,Lüneburg,Prozent,K03355,2.92128445581131
2024,Osterholz,Prozent,K03356,3.03837953091684
2024,Rotenburg (Wümme),Prozent,K03357,2.23466981132075
2024,Heidekreis,Prozent,K03358,3.10233160621762
2024,Stade,Prozent,K03359,2.67014730561253
2024,Uelzen,Prozent,K03360,2.82381829343155
2024,Verden,Prozent,K03361,1.10747051114024
2024,Statistische Region Lüneburg,Prozent,K033,2.47827771321047
2024,"Delmenhorst, Stadt",Prozent,K03401,1.95402298850575
2024,"Emden, Stadt",Prozent,K03402,2.52491694352159
2024,"Oldenburg (Oldb), Stadt",Prozent,K03403,4.46443514644352
2024,"Osnabrück, Stadt",Prozent,K03404,2.78846153846154
2024,"Wilhelmshaven, Stadt",Prozent,K03405,1.49794238683128
2024,Ammerland,Prozent,K03451,2.84982935153584
2024,Aurich,Prozent,K03452,4.10141206675225
2024,Cloppenburg,Prozent,K03453,1.00217864923747
2024,Emsland,Prozent,K03454,1.26211746816195
2024,Friesland,Prozent,K03455,2.03023758099352
2024,Grafschaft Bentheim,Prozent,K03456,2.64554304256538
2024,Leer,Prozent,K03457,0.502092050209205
2024,Oldenburg,Prozent,K03458,2.07168694508385
2024,Osnabrück,Prozent,K03459,0.834910122989593
2024,Vechta,Prozent,K03460,3.79818365287588
2024,Wesermarsch,Prozent,K03461,1.28475551294343
2024,Wittmund,Prozent,K03462,1.49888143176734
2024,Statistische Region Weser-Ems,Prozent,K034,2.09227853009176
2024,Niedersachsen,Prozent,K030,2.13894301579896
