Year,Migrationsstatus,Altersgruppe,Bildungsstand,Geschlecht,Units,Value
2023,mit und ohne Migrationshintergrund,18 - 25,Insgesamt, Insgesamt,1000,617.0
2023,mit und ohne Migrationshintergrund,18 - 25,Insgesamt,männlich,1000,315.0
2023,mit und ohne Migrationshintergrund,18 - 25,Insgesamt,weiblich,1000,303.0
2023,ohne Migrationshintergrund,18 - 25,Insgesamt, Insgesamt,1000,417.0
2023,ohne Migrationshintergrund,18 - 25,Insgesamt,männlich,1000,210.0
2023,ohne Migrationshintergrund,18 - 25,Insgesamt,weiblich,1000,207.0
2023,mit Migrationshintergrund,18 - 25,Insgesamt, Insgesamt,1000,200.0
2023,mit Migrationshintergrund,18 - 25,Insgesamt,männlich,1000,105.0
2023,mit Migrationshintergrund,18 - 25,Insgesamt,weiblich,1000,95.0
2022,mit und ohne Migrationshintergrund,18 - 25,Insgesamt, Insgesamt,1000,622.0
2022,mit und ohne Migrationshintergrund,18 - 25,Insgesamt,männlich,1000,318.0
2022,mit und ohne Migrationshintergrund,18 - 25,Insgesamt,weiblich,1000,304.0
2022,ohne Migrationshintergrund,18 - 25,Insgesamt, Insgesamt,1000,434.0
2022,ohne Migrationshintergrund,18 - 25,Insgesamt,männlich,1000,219.0
2022,ohne Migrationshintergrund,18 - 25,Insgesamt,weiblich,1000,215.0
2022,mit Migrationshintergrund,18 - 25,Insgesamt, Insgesamt,1000,188.0
2022,mit Migrationshintergrund,18 - 25,Insgesamt,männlich,1000,99.0
2022,mit Migrationshintergrund,18 - 25,Insgesamt,weiblich,1000,89.0
2021,mit und ohne Migrationshintergrund,18 - 25,Insgesamt, Insgesamt,1000,618.0
2021,mit und ohne Migrationshintergrund,18 - 25,Insgesamt,männlich,1000,318.0
2021,mit und ohne Migrationshintergrund,18 - 25,Insgesamt,weiblich,1000,300.0
2021,ohne Migrationshintergrund,18 - 25,Insgesamt, Insgesamt,1000,434.0
2021,ohne Migrationshintergrund,18 - 25,Insgesamt,männlich,1000,217.0
2021,ohne Migrationshintergrund,18 - 25,Insgesamt,weiblich,1000,216.0
2021,mit Migrationshintergrund,18 - 25,Insgesamt, Insgesamt,1000,184.0
2021,mit Migrationshintergrund,18 - 25,Insgesamt,männlich,1000,101.0
2021,mit Migrationshintergrund,18 - 25,Insgesamt,weiblich,1000,83.0
2023,mit und ohne Migrationshintergrund,25 - 65,Insgesamt, Insgesamt,1000,4299.0
2023,mit und ohne Migrationshintergrund,25 - 65,Insgesamt,männlich,1000,2153.0
2023,mit und ohne Migrationshintergrund,25 - 65,Insgesamt,weiblich,1000,2146.0
2023,ohne Migrationshintergrund,25 - 65,Insgesamt, Insgesamt,1000,3192.0
2023,ohne Migrationshintergrund,25 - 65,Insgesamt,männlich,1000,1594.0
2023,ohne Migrationshintergrund,25 - 65,Insgesamt,weiblich,1000,1598.0
2023,mit Migrationshintergrund,25 - 65,Insgesamt, Insgesamt,1000,1107.0
2023,mit Migrationshintergrund,25 - 65,Insgesamt,männlich,1000,558.0
2023,mit Migrationshintergrund,25 - 65,Insgesamt,weiblich,1000,549.0
2022,mit und ohne Migrationshintergrund,25 - 65,Insgesamt, Insgesamt,1000,4278.0
2022,mit und ohne Migrationshintergrund,25 - 65,Insgesamt,männlich,1000,2142.0
2022,mit und ohne Migrationshintergrund,25 - 65,Insgesamt,weiblich,1000,2136.0
2022,ohne Migrationshintergrund,25 - 65,Insgesamt, Insgesamt,1000,3195.0
2022,ohne Migrationshintergrund,25 - 65,Insgesamt,männlich,1000,1592.0
2022,ohne Migrationshintergrund,25 - 65,Insgesamt,weiblich,1000,1603.0
2022,mit Migrationshintergrund,25 - 65,Insgesamt, Insgesamt,1000,1083.0
2022,mit Migrationshintergrund,25 - 65,Insgesamt,männlich,1000,550.0
2022,mit Migrationshintergrund,25 - 65,Insgesamt,weiblich,1000,533.0
2021,mit und ohne Migrationshintergrund,25 - 65,Insgesamt, Insgesamt,1000,4254.0
2021,mit und ohne Migrationshintergrund,25 - 65,Insgesamt,männlich,1000,2141.0
2021,mit und ohne Migrationshintergrund,25 - 65,Insgesamt,weiblich,1000,2113.0
2021,ohne Migrationshintergrund,25 - 65,Insgesamt, Insgesamt,1000,3215.0
2021,ohne Migrationshintergrund,25 - 65,Insgesamt,männlich,1000,1607.0
2021,ohne Migrationshintergrund,25 - 65,Insgesamt,weiblich,1000,1608.0
2021,mit Migrationshintergrund,25 - 65,Insgesamt, Insgesamt,1000,1039.0
2021,mit Migrationshintergrund,25 - 65,Insgesamt,männlich,1000,534.0
2021,mit Migrationshintergrund,25 - 65,Insgesamt,weiblich,1000,505.0
2023,mit und ohne Migrationshintergrund,18 - 25,Frühe Schulabgänger/innen, Insgesamt,1000,88.0
2023,mit und ohne Migrationshintergrund,18 - 25,Frühe Schulabgänger/innen,männlich,1000,54.0
2023,mit und ohne Migrationshintergrund,18 - 25,Frühe Schulabgänger/innen,weiblich,1000,34.0
2023,ohne Migrationshintergrund,18 - 25,Frühe Schulabgänger/innen, Insgesamt,1000,41.0
2023,ohne Migrationshintergrund,18 - 25,Frühe Schulabgänger/innen,männlich,1000,23.0
2023,ohne Migrationshintergrund,18 - 25,Frühe Schulabgänger/innen,weiblich,1000,19.0
2023,mit Migrationshintergrund,18 - 25,Frühe Schulabgänger/innen, Insgesamt,1000,46.0
2023,mit Migrationshintergrund,18 - 25,Frühe Schulabgänger/innen,männlich,1000,31.0
2023,mit Migrationshintergrund,18 - 25,Frühe Schulabgänger/innen,weiblich,1000,15.0
2022,mit und ohne Migrationshintergrund,18 - 25,Frühe Schulabgänger/innen, Insgesamt,1000,85.0
2022,mit und ohne Migrationshintergrund,18 - 25,Frühe Schulabgänger/innen,männlich,1000,48.0
2022,mit und ohne Migrationshintergrund,18 - 25,Frühe Schulabgänger/innen,weiblich,1000,37.0
2022,ohne Migrationshintergrund,18 - 25,Frühe Schulabgänger/innen, Insgesamt,1000,43.0
2022,ohne Migrationshintergrund,18 - 25,Frühe Schulabgänger/innen,männlich,1000,22.0
2022,ohne Migrationshintergrund,18 - 25,Frühe Schulabgänger/innen,weiblich,1000,21.0
2022,mit Migrationshintergrund,18 - 25,Frühe Schulabgänger/innen, Insgesamt,1000,42.0
2022,mit Migrationshintergrund,18 - 25,Frühe Schulabgänger/innen,männlich,1000,26.0
2022,mit Migrationshintergrund,18 - 25,Frühe Schulabgänger/innen,weiblich,1000,16.0
2021,mit und ohne Migrationshintergrund,18 - 25,Frühe Schulabgänger/innen, Insgesamt,1000,79.0
2021,mit und ohne Migrationshintergrund,18 - 25,Frühe Schulabgänger/innen,männlich,1000,46.0
2021,mit und ohne Migrationshintergrund,18 - 25,Frühe Schulabgänger/innen,weiblich,1000,34.0
2021,ohne Migrationshintergrund,18 - 25,Frühe Schulabgänger/innen, Insgesamt,1000,41.0
2021,ohne Migrationshintergrund,18 - 25,Frühe Schulabgänger/innen,männlich,1000,23.0
2021,ohne Migrationshintergrund,18 - 25,Frühe Schulabgänger/innen,weiblich,1000,18.0
2021,mit Migrationshintergrund,18 - 25,Frühe Schulabgänger/innen, Insgesamt,1000,38.0
2021,mit Migrationshintergrund,18 - 25,Frühe Schulabgänger/innen,männlich,1000,23.0
2021,mit Migrationshintergrund,18 - 25,Frühe Schulabgänger/innen,weiblich,1000,15.0
2023,mit und ohne Migrationshintergrund,25 - 65,Personen mit geringem Bildudngsstand, Insgesamt,1000,793.0
2023,mit und ohne Migrationshintergrund,25 - 65,Personen mit geringem Bildudngsstand,männlich,1000,393.0
2023,mit und ohne Migrationshintergrund,25 - 65,Personen mit geringem Bildudngsstand,weiblich,1000,400.0
2023,ohne Migrationshintergrund,25 - 65,Personen mit geringem Bildudngsstand, Insgesamt,1000,393.0
2023,ohne Migrationshintergrund,25 - 65,Personen mit geringem Bildudngsstand,männlich,1000,186.0
2023,ohne Migrationshintergrund,25 - 65,Personen mit geringem Bildudngsstand,weiblich,1000,207.0
2023,mit Migrationshintergrund,25 - 65,Personen mit geringem Bildudngsstand, Insgesamt,1000,400.0
2023,mit Migrationshintergrund,25 - 65,Personen mit geringem Bildudngsstand,männlich,1000,206.0
2023,mit Migrationshintergrund,25 - 65,Personen mit geringem Bildudngsstand,weiblich,1000,193.0
2022,mit und ohne Migrationshintergrund,25 - 65,Personen mit geringem Bildudngsstand, Insgesamt,1000,830.0
2022,mit und ohne Migrationshintergrund,25 - 65,Personen mit geringem Bildudngsstand,männlich,1000,413.0
2022,mit und ohne Migrationshintergrund,25 - 65,Personen mit geringem Bildudngsstand,weiblich,1000,417.0
2022,ohne Migrationshintergrund,25 - 65,Personen mit geringem Bildudngsstand, Insgesamt,1000,427.0
2022,ohne Migrationshintergrund,25 - 65,Personen mit geringem Bildudngsstand,männlich,1000,202.0
2022,ohne Migrationshintergrund,25 - 65,Personen mit geringem Bildudngsstand,weiblich,1000,225.0
2022,mit Migrationshintergrund,25 - 65,Personen mit geringem Bildudngsstand, Insgesamt,1000,403.0
2022,mit Migrationshintergrund,25 - 65,Personen mit geringem Bildudngsstand,männlich,1000,211.0
2022,mit Migrationshintergrund,25 - 65,Personen mit geringem Bildudngsstand,weiblich,1000,192.0
2021,mit und ohne Migrationshintergrund,25 - 65,Personen mit geringem Bildudngsstand, Insgesamt,1000,815.0
2021,mit und ohne Migrationshintergrund,25 - 65,Personen mit geringem Bildudngsstand,männlich,1000,404.0
2021,mit und ohne Migrationshintergrund,25 - 65,Personen mit geringem Bildudngsstand,weiblich,1000,411.0
2021,ohne Migrationshintergrund,25 - 65,Personen mit geringem Bildudngsstand, Insgesamt,1000,422.0
2021,ohne Migrationshintergrund,25 - 65,Personen mit geringem Bildudngsstand,männlich,1000,197.0
2021,ohne Migrationshintergrund,25 - 65,Personen mit geringem Bildudngsstand,weiblich,1000,225.0
2021,mit Migrationshintergrund,25 - 65,Personen mit geringem Bildudngsstand, Insgesamt,1000,392.0
2021,mit Migrationshintergrund,25 - 65,Personen mit geringem Bildudngsstand,männlich,1000,207.0
2021,mit Migrationshintergrund,25 - 65,Personen mit geringem Bildudngsstand,weiblich,1000,186.0
2023,mit und ohne Migrationshintergrund,18 - 25,Frühe Schulabgänger/innen, Insgesamt,%,14.2
2023,mit und ohne Migrationshintergrund,18 - 25,Frühe Schulabgänger/innen,männlich,%,17.1
2023,mit und ohne Migrationshintergrund,18 - 25,Frühe Schulabgänger/innen,weiblich,%,11.2
2023,ohne Migrationshintergrund,18 - 25,Frühe Schulabgänger/innen, Insgesamt,%,9.9
2023,ohne Migrationshintergrund,18 - 25,Frühe Schulabgänger/innen,männlich,%,10.9
2023,ohne Migrationshintergrund,18 - 25,Frühe Schulabgänger/innen,weiblich,%,8.9
2023,mit Migrationshintergrund,18 - 25,Frühe Schulabgänger/innen, Insgesamt,%,23.1
2023,mit Migrationshintergrund,18 - 25,Frühe Schulabgänger/innen,männlich,%,29.5
2023,mit Migrationshintergrund,18 - 25,Frühe Schulabgänger/innen,weiblich,%,16.1
2022,mit und ohne Migrationshintergrund,18 - 25,Frühe Schulabgänger/innen, Insgesamt,%,13.6
2022,mit und ohne Migrationshintergrund,18 - 25,Frühe Schulabgänger/innen,männlich,%,15.2
2022,mit und ohne Migrationshintergrund,18 - 25,Frühe Schulabgänger/innen,weiblich,%,12.0
2022,ohne Migrationshintergrund,18 - 25,Frühe Schulabgänger/innen, Insgesamt,%,9.8
2022,ohne Migrationshintergrund,18 - 25,Frühe Schulabgänger/innen,männlich,%,10.1
2022,ohne Migrationshintergrund,18 - 25,Frühe Schulabgänger/innen,weiblich,%,9.5
2022,mit Migrationshintergrund,18 - 25,Frühe Schulabgänger/innen, Insgesamt,%,22.5
2022,mit Migrationshintergrund,18 - 25,Frühe Schulabgänger/innen,männlich,%,26.4
2022,mit Migrationshintergrund,18 - 25,Frühe Schulabgänger/innen,weiblich,%,18.1
2021,mit und ohne Migrationshintergrund,18 - 25,Frühe Schulabgänger/innen, Insgesamt,%,12.8
2021,mit und ohne Migrationshintergrund,18 - 25,Frühe Schulabgänger/innen,männlich,%,14.4
2021,mit und ohne Migrationshintergrund,18 - 25,Frühe Schulabgänger/innen,weiblich,%,11.2
2021,ohne Migrationshintergrund,18 - 25,Frühe Schulabgänger/innen, Insgesamt,%,9.4
2021,ohne Migrationshintergrund,18 - 25,Frühe Schulabgänger/innen,männlich,%,10.5
2021,ohne Migrationshintergrund,18 - 25,Frühe Schulabgänger/innen,weiblich,%,8.4
2021,mit Migrationshintergrund,18 - 25,Frühe Schulabgänger/innen, Insgesamt,%,20.9
2021,mit Migrationshintergrund,18 - 25,Frühe Schulabgänger/innen,männlich,%,22.8
2021,mit Migrationshintergrund,18 - 25,Frühe Schulabgänger/innen,weiblich,%,18.5
2023,mit und ohne Migrationshintergrund,25 - 65,Personen mit geringem Bildudngsstand, Insgesamt,%,18.4
2023,mit und ohne Migrationshintergrund,25 - 65,Personen mit geringem Bildudngsstand,männlich,%,18.2
2023,mit und ohne Migrationshintergrund,25 - 65,Personen mit geringem Bildudngsstand,weiblich,%,18.6
2023,ohne Migrationshintergrund,25 - 65,Personen mit geringem Bildudngsstand, Insgesamt,%,12.3
2023,ohne Migrationshintergrund,25 - 65,Personen mit geringem Bildudngsstand,männlich,%,11.7
2023,ohne Migrationshintergrund,25 - 65,Personen mit geringem Bildudngsstand,weiblich,%,13.0
2023,mit Migrationshintergrund,25 - 65,Personen mit geringem Bildudngsstand, Insgesamt,%,36.1
2023,mit Migrationshintergrund,25 - 65,Personen mit geringem Bildudngsstand,männlich,%,37.0
2023,mit Migrationshintergrund,25 - 65,Personen mit geringem Bildudngsstand,weiblich,%,35.2
2022,mit und ohne Migrationshintergrund,25 - 65,Personen mit geringem Bildudngsstand, Insgesamt,%,19.4
2022,mit und ohne Migrationshintergrund,25 - 65,Personen mit geringem Bildudngsstand,männlich,%,19.3
2022,mit und ohne Migrationshintergrund,25 - 65,Personen mit geringem Bildudngsstand,weiblich,%,19.5
2022,ohne Migrationshintergrund,25 - 65,Personen mit geringem Bildudngsstand, Insgesamt,%,13.4
2022,ohne Migrationshintergrund,25 - 65,Personen mit geringem Bildudngsstand,männlich,%,12.7
2022,ohne Migrationshintergrund,25 - 65,Personen mit geringem Bildudngsstand,weiblich,%,14.0
2022,mit Migrationshintergrund,25 - 65,Personen mit geringem Bildudngsstand, Insgesamt,%,37.2
2022,mit Migrationshintergrund,25 - 65,Personen mit geringem Bildudngsstand,männlich,%,38.4
2022,mit Migrationshintergrund,25 - 65,Personen mit geringem Bildudngsstand,weiblich,%,36.0
2021,mit und ohne Migrationshintergrund,25 - 65,Personen mit geringem Bildudngsstand, Insgesamt,%,19.2
2021,mit und ohne Migrationshintergrund,25 - 65,Personen mit geringem Bildudngsstand,männlich,%,18.9
2021,mit und ohne Migrationshintergrund,25 - 65,Personen mit geringem Bildudngsstand,weiblich,%,19.4
2021,ohne Migrationshintergrund,25 - 65,Personen mit geringem Bildudngsstand, Insgesamt,%,13.1
2021,ohne Migrationshintergrund,25 - 65,Personen mit geringem Bildudngsstand,männlich,%,12.3
2021,ohne Migrationshintergrund,25 - 65,Personen mit geringem Bildudngsstand,weiblich,%,14.0
2021,mit Migrationshintergrund,25 - 65,Personen mit geringem Bildudngsstand, Insgesamt,%,37.8
2021,mit Migrationshintergrund,25 - 65,Personen mit geringem Bildudngsstand,männlich,%,38.7
2021,mit Migrationshintergrund,25 - 65,Personen mit geringem Bildudngsstand,weiblich,%,36.8
