Year,Land der Staatsangehörigkeit,Kategorie,Value
WS 2005/06,China,Ausländische Studierende (Insgesamt),3080
WS 2005/06,Türkei,Ausländische Studierende (Insgesamt),1141
WS 2005/06,Syrien  Arab. Republik,Ausländische Studierende (Insgesamt),156
WS 2005/06,Indien,Ausländische Studierende (Insgesamt),284
WS 2005/06,Iran  Islamische Republik,Ausländische Studierende (Insgesamt),365
WS 2005/06,Staaten insgesamt,Ausländische Studierende (Insgesamt),17028
WS 2006/07,China,Ausländische Studierende (Insgesamt),2985
WS 2006/07,Türkei,Ausländische Studierende (Insgesamt),1071
WS 2006/07,Syrien  Arab. Republik,Ausländische Studierende (Insgesamt),173
WS 2006/07,Indien,Ausländische Studierende (Insgesamt),302
WS 2006/07,Iran  Islamische Republik,Ausländische Studierende (Insgesamt),363
WS 2006/07,Staaten insgesamt,Ausländische Studierende (Insgesamt),16356
WS 2007/08,China,Ausländische Studierende (Insgesamt),2635
WS 2007/08,Türkei,Ausländische Studierende (Insgesamt),1059
WS 2007/08,Syrien  Arab. Republik,Ausländische Studierende (Insgesamt),167
WS 2007/08,Indien,Ausländische Studierende (Insgesamt),271
WS 2007/08,Iran  Islamische Republik,Ausländische Studierende (Insgesamt),376
WS 2007/08,Staaten insgesamt,Ausländische Studierende (Insgesamt),15221
WS 2008/09,China,Ausländische Studierende (Insgesamt),2503
WS 2008/09,Türkei,Ausländische Studierende (Insgesamt),1103
WS 2008/09,Syrien  Arab. Republik,Ausländische Studierende (Insgesamt),188
WS 2008/09,Indien,Ausländische Studierende (Insgesamt),233
WS 2008/09,Iran  Islamische Republik,Ausländische Studierende (Insgesamt),416
WS 2008/09,Staaten insgesamt,Ausländische Studierende (Insgesamt),15142
WS 2009/10,China,Ausländische Studierende (Insgesamt),2419
WS 2009/10,Türkei,Ausländische Studierende (Insgesamt),1170
WS 2009/10,Syrien  Arab. Republik,Ausländische Studierende (Insgesamt),196
WS 2009/10,Indien,Ausländische Studierende (Insgesamt),236
WS 2009/10,Iran  Islamische Republik,Ausländische Studierende (Insgesamt),431
WS 2009/10,Staaten insgesamt,Ausländische Studierende (Insgesamt),14980
WS 2010/11,China,Ausländische Studierende (Insgesamt),2391
WS 2010/11,Türkei,Ausländische Studierende (Insgesamt),1229
WS 2010/11,Syrien  Arab. Republik,Ausländische Studierende (Insgesamt),205
WS 2010/11,Indien,Ausländische Studierende (Insgesamt),279
WS 2010/11,Iran  Islamische Republik,Ausländische Studierende (Insgesamt),473
WS 2010/11,Staaten insgesamt,Ausländische Studierende (Insgesamt),14839
WS 2011/12,China,Ausländische Studierende (Insgesamt),2320
WS 2011/12,Türkei,Ausländische Studierende (Insgesamt),1367
WS 2011/12,Syrien  Arab. Republik,Ausländische Studierende (Insgesamt),236
WS 2011/12,Indien,Ausländische Studierende (Insgesamt),335
WS 2011/12,Iran  Islamische Republik,Ausländische Studierende (Insgesamt),496
WS 2011/12,Staaten insgesamt,Ausländische Studierende (Insgesamt),14923
WS 2012/13,China,Ausländische Studierende (Insgesamt),2526
WS 2012/13,Türkei,Ausländische Studierende (Insgesamt),1495
WS 2012/13,Syrien  Arab. Republik,Ausländische Studierende (Insgesamt),231
WS 2012/13,Indien,Ausländische Studierende (Insgesamt),424
WS 2012/13,Iran  Islamische Republik,Ausländische Studierende (Insgesamt),537
WS 2012/13,Staaten insgesamt,Ausländische Studierende (Insgesamt),15515
WS 2013/14,China,Ausländische Studierende (Insgesamt),2863
WS 2013/14,Türkei,Ausländische Studierende (Insgesamt),1607
WS 2013/14,Syrien  Arab. Republik,Ausländische Studierende (Insgesamt),249
WS 2013/14,Indien,Ausländische Studierende (Insgesamt),508
WS 2013/14,Iran  Islamische Republik,Ausländische Studierende (Insgesamt),581
WS 2013/14,Staaten insgesamt,Ausländische Studierende (Insgesamt),16368
WS 2014/15,China,Ausländische Studierende (Insgesamt),3102
WS 2014/15,Türkei,Ausländische Studierende (Insgesamt),1735
WS 2014/15,Syrien  Arab. Republik,Ausländische Studierende (Insgesamt),293
WS 2014/15,Indien,Ausländische Studierende (Insgesamt),589
WS 2014/15,Iran  Islamische Republik,Ausländische Studierende (Insgesamt),595
WS 2014/15,Staaten insgesamt,Ausländische Studierende (Insgesamt),17920
WS 2015/16,China,Ausländische Studierende (Insgesamt),3365
WS 2015/16,Türkei,Ausländische Studierende (Insgesamt),1870
WS 2015/16,Syrien  Arab. Republik,Ausländische Studierende (Insgesamt),416
WS 2015/16,Indien,Ausländische Studierende (Insgesamt),642
WS 2015/16,Iran  Islamische Republik,Ausländische Studierende (Insgesamt),678
WS 2015/16,Staaten insgesamt,Ausländische Studierende (Insgesamt),19213
WS 2016/17,China,Ausländische Studierende (Insgesamt),3608
WS 2016/17,Türkei,Ausländische Studierende (Insgesamt),1954
WS 2016/17,Syrien  Arab. Republik,Ausländische Studierende (Insgesamt),559
WS 2016/17,Indien,Ausländische Studierende (Insgesamt),709
WS 2016/17,Iran  Islamische Republik,Ausländische Studierende (Insgesamt),737
WS 2016/17,Staaten insgesamt,Ausländische Studierende (Insgesamt),20591
WS 2017/18,China,Ausländische Studierende (Insgesamt),4027
WS 2017/18,Türkei,Ausländische Studierende (Insgesamt),2041
WS 2017/18,Syrien  Arab. Republik,Ausländische Studierende (Insgesamt),884
WS 2017/18,Indien,Ausländische Studierende (Insgesamt),840
WS 2017/18,Iran  Islamische Republik,Ausländische Studierende (Insgesamt),810
WS 2017/18,Staaten insgesamt,Ausländische Studierende (Insgesamt),22202
WS 2018/19,China,Ausländische Studierende (Insgesamt),4335
WS 2018/19,Türkei,Ausländische Studierende (Insgesamt),2015
WS 2018/19,Syrien  Arab. Republik,Ausländische Studierende (Insgesamt),1267
WS 2018/19,Indien,Ausländische Studierende (Insgesamt),1063
WS 2018/19,Iran  Islamische Republik,Ausländische Studierende (Insgesamt),930
WS 2018/19,Staaten insgesamt,Ausländische Studierende (Insgesamt),23707
WS 2019/20,China,Ausländische Studierende (Insgesamt),4413
WS 2019/20,Türkei,Ausländische Studierende (Insgesamt),1999
WS 2019/20,Syrien  Arab. Republik,Ausländische Studierende (Insgesamt),1593
WS 2019/20,Indien,Ausländische Studierende (Insgesamt),1338
WS 2019/20,Iran  Islamische Republik,Ausländische Studierende (Insgesamt),1032
WS 2019/20,Staaten insgesamt,Ausländische Studierende (Insgesamt),25077
WS 2005/06,China,Ausländische Studierende (Männer),1700
WS 2005/06,Türkei,Ausländische Studierende (Männer),735
WS 2005/06,Syrien  Arab. Republik,Ausländische Studierende (Männer),121
WS 2005/06,Indien,Ausländische Studierende (Männer),218
WS 2005/06,Iran  Islamische Republik,Ausländische Studierende (Männer),205
WS 2005/06,Staaten insgesamt,Ausländische Studierende (Männer),8800
WS 2006/07,China,Ausländische Studierende (Männer),1660
WS 2006/07,Türkei,Ausländische Studierende (Männer),664
WS 2006/07,Syrien  Arab. Republik,Ausländische Studierende (Männer),132
WS 2006/07,Indien,Ausländische Studierende (Männer),231
WS 2006/07,Iran  Islamische Republik,Ausländische Studierende (Männer),205
WS 2006/07,Staaten insgesamt,Ausländische Studierende (Männer),8363
WS 2007/08,China,Ausländische Studierende (Männer),1445
WS 2007/08,Türkei,Ausländische Studierende (Männer),623
WS 2007/08,Syrien  Arab. Republik,Ausländische Studierende (Männer),126
WS 2007/08,Indien,Ausländische Studierende (Männer),187
WS 2007/08,Iran  Islamische Republik,Ausländische Studierende (Männer),215
WS 2007/08,Staaten insgesamt,Ausländische Studierende (Männer),7719
WS 2008/09,China,Ausländische Studierende (Männer),1377
WS 2008/09,Türkei,Ausländische Studierende (Männer),633
WS 2008/09,Syrien  Arab. Republik,Ausländische Studierende (Männer),138
WS 2008/09,Indien,Ausländische Studierende (Männer),155
WS 2008/09,Iran  Islamische Republik,Ausländische Studierende (Männer),241
WS 2008/09,Staaten insgesamt,Ausländische Studierende (Männer),7733
WS 2009/10,China,Ausländische Studierende (Männer),1320
WS 2009/10,Türkei,Ausländische Studierende (Männer),666
WS 2009/10,Syrien  Arab. Republik,Ausländische Studierende (Männer),140
WS 2009/10,Indien,Ausländische Studierende (Männer),154
WS 2009/10,Iran  Islamische Republik,Ausländische Studierende (Männer),251
WS 2009/10,Staaten insgesamt,Ausländische Studierende (Männer),7706
WS 2010/11,China,Ausländische Studierende (Männer),1339
WS 2010/11,Türkei,Ausländische Studierende (Männer),692
WS 2010/11,Syrien  Arab. Republik,Ausländische Studierende (Männer),148
WS 2010/11,Indien,Ausländische Studierende (Männer),185
WS 2010/11,Iran  Islamische Republik,Ausländische Studierende (Männer),266
WS 2010/11,Staaten insgesamt,Ausländische Studierende (Männer),7678
WS 2011/12,China,Ausländische Studierende (Männer),1308
WS 2011/12,Türkei,Ausländische Studierende (Männer),759
WS 2011/12,Syrien  Arab. Republik,Ausländische Studierende (Männer),175
WS 2011/12,Indien,Ausländische Studierende (Männer),217
WS 2011/12,Iran  Islamische Republik,Ausländische Studierende (Männer),273
WS 2011/12,Staaten insgesamt,Ausländische Studierende (Männer),7817
WS 2012/13,China,Ausländische Studierende (Männer),1461
WS 2012/13,Türkei,Ausländische Studierende (Männer),807
WS 2012/13,Syrien  Arab. Republik,Ausländische Studierende (Männer),166
WS 2012/13,Indien,Ausländische Studierende (Männer),284
WS 2012/13,Iran  Islamische Republik,Ausländische Studierende (Männer),288
WS 2012/13,Staaten insgesamt,Ausländische Studierende (Männer),8241
WS 2013/14,China,Ausländische Studierende (Männer),1641
WS 2013/14,Türkei,Ausländische Studierende (Männer),843
WS 2013/14,Syrien  Arab. Republik,Ausländische Studierende (Männer),178
WS 2013/14,Indien,Ausländische Studierende (Männer),345
WS 2013/14,Iran  Islamische Republik,Ausländische Studierende (Männer),317
WS 2013/14,Staaten insgesamt,Ausländische Studierende (Männer),8685
WS 2014/15,China,Ausländische Studierende (Männer),1752
WS 2014/15,Türkei,Ausländische Studierende (Männer),892
WS 2014/15,Syrien  Arab. Republik,Ausländische Studierende (Männer),209
WS 2014/15,Indien,Ausländische Studierende (Männer),406
WS 2014/15,Iran  Islamische Republik,Ausländische Studierende (Männer),338
WS 2014/15,Staaten insgesamt,Ausländische Studierende (Männer),9580
WS 2015/16,China,Ausländische Studierende (Männer),1893
WS 2015/16,Türkei,Ausländische Studierende (Männer),943
WS 2015/16,Syrien  Arab. Republik,Ausländische Studierende (Männer),306
WS 2015/16,Indien,Ausländische Studierende (Männer),439
WS 2015/16,Iran  Islamische Republik,Ausländische Studierende (Männer),361
WS 2015/16,Staaten insgesamt,Ausländische Studierende (Männer),10249
WS 2016/17,China,Ausländische Studierende (Männer),1992
WS 2016/17,Türkei,Ausländische Studierende (Männer),966
WS 2016/17,Syrien  Arab. Republik,Ausländische Studierende (Männer),432
WS 2016/17,Indien,Ausländische Studierende (Männer),498
WS 2016/17,Iran  Islamische Republik,Ausländische Studierende (Männer),378
WS 2016/17,Staaten insgesamt,Ausländische Studierende (Männer),11163
WS 2017/18,China,Ausländische Studierende (Männer),2287
WS 2017/18,Türkei,Ausländische Studierende (Männer),1018
WS 2017/18,Syrien  Arab. Republik,Ausländische Studierende (Männer),703
WS 2017/18,Indien,Ausländische Studierende (Männer),612
WS 2017/18,Iran  Islamische Republik,Ausländische Studierende (Männer),413
WS 2017/18,Staaten insgesamt,Ausländische Studierende (Männer),12237
WS 2018/19,China,Ausländische Studierende (Männer),2499
WS 2018/19,Türkei,Ausländische Studierende (Männer),1017
WS 2018/19,Syrien  Arab. Republik,Ausländische Studierende (Männer),1006
WS 2018/19,Indien,Ausländische Studierende (Männer),814
WS 2018/19,Iran  Islamische Republik,Ausländische Studierende (Männer),491
WS 2018/19,Staaten insgesamt,Ausländische Studierende (Männer),13360
WS 2019/20,China,Ausländische Studierende (Männer),2563
WS 2019/20,Türkei,Ausländische Studierende (Männer),1000
WS 2019/20,Syrien  Arab. Republik,Ausländische Studierende (Männer),1237
WS 2019/20,Indien,Ausländische Studierende (Männer),1008
WS 2019/20,Iran  Islamische Republik,Ausländische Studierende (Männer),548
WS 2019/20,Staaten insgesamt,Ausländische Studierende (Männer),14266
WS 2005/06,China,Ausländische Studierende (Frauen),1380
WS 2005/06,Türkei,Ausländische Studierende (Frauen),406
WS 2005/06,Syrien  Arab. Republik,Ausländische Studierende (Frauen),35
WS 2005/06,Indien,Ausländische Studierende (Frauen),66
WS 2005/06,Iran  Islamische Republik,Ausländische Studierende (Frauen),160
WS 2005/06,Staaten insgesamt,Ausländische Studierende (Frauen),8228
WS 2006/07,China,Ausländische Studierende (Frauen),1325
WS 2006/07,Türkei,Ausländische Studierende (Frauen),407
WS 2006/07,Syrien  Arab. Republik,Ausländische Studierende (Frauen),41
WS 2006/07,Indien,Ausländische Studierende (Frauen),71
WS 2006/07,Iran  Islamische Republik,Ausländische Studierende (Frauen),158
WS 2006/07,Staaten insgesamt,Ausländische Studierende (Frauen),7993
WS 2007/08,China,Ausländische Studierende (Frauen),1190
WS 2007/08,Türkei,Ausländische Studierende (Frauen),436
WS 2007/08,Syrien  Arab. Republik,Ausländische Studierende (Frauen),41
WS 2007/08,Indien,Ausländische Studierende (Frauen),84
WS 2007/08,Iran  Islamische Republik,Ausländische Studierende (Frauen),161
WS 2007/08,Staaten insgesamt,Ausländische Studierende (Frauen),7502
WS 2008/09,China,Ausländische Studierende (Frauen),1126
WS 2008/09,Türkei,Ausländische Studierende (Frauen),470
WS 2008/09,Syrien  Arab. Republik,Ausländische Studierende (Frauen),50
WS 2008/09,Indien,Ausländische Studierende (Frauen),78
WS 2008/09,Iran  Islamische Republik,Ausländische Studierende (Frauen),175
WS 2008/09,Staaten insgesamt,Ausländische Studierende (Frauen),7409
WS 2009/10,China,Ausländische Studierende (Frauen),1099
WS 2009/10,Türkei,Ausländische Studierende (Frauen),504
WS 2009/10,Syrien  Arab. Republik,Ausländische Studierende (Frauen),56
WS 2009/10,Indien,Ausländische Studierende (Frauen),82
WS 2009/10,Iran  Islamische Republik,Ausländische Studierende (Frauen),180
WS 2009/10,Staaten insgesamt,Ausländische Studierende (Frauen),7274
WS 2010/11,China,Ausländische Studierende (Frauen),1052
WS 2010/11,Türkei,Ausländische Studierende (Frauen),537
WS 2010/11,Syrien  Arab. Republik,Ausländische Studierende (Frauen),57
WS 2010/11,Indien,Ausländische Studierende (Frauen),94
WS 2010/11,Iran  Islamische Republik,Ausländische Studierende (Frauen),207
WS 2010/11,Staaten insgesamt,Ausländische Studierende (Frauen),7161
WS 2011/12,China,Ausländische Studierende (Frauen),1012
WS 2011/12,Türkei,Ausländische Studierende (Frauen),608
WS 2011/12,Syrien  Arab. Republik,Ausländische Studierende (Frauen),61
WS 2011/12,Indien,Ausländische Studierende (Frauen),118
WS 2011/12,Iran  Islamische Republik,Ausländische Studierende (Frauen),223
WS 2011/12,Staaten insgesamt,Ausländische Studierende (Frauen),7106
WS 2012/13,China,Ausländische Studierende (Frauen),1065
WS 2012/13,Türkei,Ausländische Studierende (Frauen),688
WS 2012/13,Syrien  Arab. Republik,Ausländische Studierende (Frauen),65
WS 2012/13,Indien,Ausländische Studierende (Frauen),140
WS 2012/13,Iran  Islamische Republik,Ausländische Studierende (Frauen),249
WS 2012/13,Staaten insgesamt,Ausländische Studierende (Frauen),7274
WS 2013/14,China,Ausländische Studierende (Frauen),1222
WS 2013/14,Türkei,Ausländische Studierende (Frauen),764
WS 2013/14,Syrien  Arab. Republik,Ausländische Studierende (Frauen),71
WS 2013/14,Indien,Ausländische Studierende (Frauen),163
WS 2013/14,Iran  Islamische Republik,Ausländische Studierende (Frauen),264
WS 2013/14,Staaten insgesamt,Ausländische Studierende (Frauen),7683
WS 2014/15,China,Ausländische Studierende (Frauen),1350
WS 2014/15,Türkei,Ausländische Studierende (Frauen),843
WS 2014/15,Syrien  Arab. Republik,Ausländische Studierende (Frauen),84
WS 2014/15,Indien,Ausländische Studierende (Frauen),183
WS 2014/15,Iran  Islamische Republik,Ausländische Studierende (Frauen),257
WS 2014/15,Staaten insgesamt,Ausländische Studierende (Frauen),8340
WS 2015/16,China,Ausländische Studierende (Frauen),1472
WS 2015/16,Türkei,Ausländische Studierende (Frauen),927
WS 2015/16,Syrien  Arab. Republik,Ausländische Studierende (Frauen),110
WS 2015/16,Indien,Ausländische Studierende (Frauen),203
WS 2015/16,Iran  Islamische Republik,Ausländische Studierende (Frauen),317
WS 2015/16,Staaten insgesamt,Ausländische Studierende (Frauen),8964
WS 2016/17,China,Ausländische Studierende (Frauen),1616
WS 2016/17,Türkei,Ausländische Studierende (Frauen),988
WS 2016/17,Syrien  Arab. Republik,Ausländische Studierende (Frauen),127
WS 2016/17,Indien,Ausländische Studierende (Frauen),211
WS 2016/17,Iran  Islamische Republik,Ausländische Studierende (Frauen),359
WS 2016/17,Staaten insgesamt,Ausländische Studierende (Frauen),9428
WS 2017/18,China,Ausländische Studierende (Frauen),1740
WS 2017/18,Türkei,Ausländische Studierende (Frauen),1023
WS 2017/18,Syrien  Arab. Republik,Ausländische Studierende (Frauen),181
WS 2017/18,Indien,Ausländische Studierende (Frauen),228
WS 2017/18,Iran  Islamische Republik,Ausländische Studierende (Frauen),397
WS 2017/18,Staaten insgesamt,Ausländische Studierende (Frauen),9965
WS 2018/19,China,Ausländische Studierende (Frauen),1836
WS 2018/19,Türkei,Ausländische Studierende (Frauen),998
WS 2018/19,Syrien  Arab. Republik,Ausländische Studierende (Frauen),261
WS 2018/19,Indien,Ausländische Studierende (Frauen),249
WS 2018/19,Iran  Islamische Republik,Ausländische Studierende (Frauen),439
WS 2018/19,Staaten insgesamt,Ausländische Studierende (Frauen),10347
WS 2019/20,China,Ausländische Studierende (Frauen),1850
WS 2019/20,Türkei,Ausländische Studierende (Frauen),999
WS 2019/20,Syrien  Arab. Republik,Ausländische Studierende (Frauen),356
WS 2019/20,Indien,Ausländische Studierende (Frauen),330
WS 2019/20,Iran  Islamische Republik,Ausländische Studierende (Frauen),484
WS 2019/20,Staaten insgesamt,Ausländische Studierende (Frauen),10811
WS 2005/06,China,Bildungsinländerinnen und Bildungsinländer (Insgesamt),2967
WS 2005/06,Türkei,Bildungsinländerinnen und Bildungsinländer (Insgesamt),455
WS 2005/06,Syrien  Arab. Republik,Bildungsinländerinnen und Bildungsinländer (Insgesamt),149
WS 2005/06,Indien,Bildungsinländerinnen und Bildungsinländer (Insgesamt),270
WS 2005/06,Iran  Islamische Republik,Bildungsinländerinnen und Bildungsinländer (Insgesamt),242
WS 2005/06,Staaten insgesamt,Bildungsinländerinnen und Bildungsinländer (Insgesamt),14089
WS 2006/07,China,Bildungsinländerinnen und Bildungsinländer (Insgesamt),2887
WS 2006/07,Türkei,Bildungsinländerinnen und Bildungsinländer (Insgesamt),447
WS 2006/07,Syrien  Arab. Republik,Bildungsinländerinnen und Bildungsinländer (Insgesamt),164
WS 2006/07,Indien,Bildungsinländerinnen und Bildungsinländer (Insgesamt),293
WS 2006/07,Iran  Islamische Republik,Bildungsinländerinnen und Bildungsinländer (Insgesamt),249
WS 2006/07,Staaten insgesamt,Bildungsinländerinnen und Bildungsinländer (Insgesamt),13620
WS 2007/08,China,Bildungsinländerinnen und Bildungsinländer (Insgesamt),2553
WS 2007/08,Türkei,Bildungsinländerinnen und Bildungsinländer (Insgesamt),418
WS 2007/08,Syrien  Arab. Republik,Bildungsinländerinnen und Bildungsinländer (Insgesamt),155
WS 2007/08,Indien,Bildungsinländerinnen und Bildungsinländer (Insgesamt),259
WS 2007/08,Iran  Islamische Republik,Bildungsinländerinnen und Bildungsinländer (Insgesamt),270
WS 2007/08,Staaten insgesamt,Bildungsinländerinnen und Bildungsinländer (Insgesamt),12486
WS 2008/09,China,Bildungsinländerinnen und Bildungsinländer (Insgesamt),2416
WS 2008/09,Türkei,Bildungsinländerinnen und Bildungsinländer (Insgesamt),418
WS 2008/09,Syrien  Arab. Republik,Bildungsinländerinnen und Bildungsinländer (Insgesamt),174
WS 2008/09,Indien,Bildungsinländerinnen und Bildungsinländer (Insgesamt),220
WS 2008/09,Iran  Islamische Republik,Bildungsinländerinnen und Bildungsinländer (Insgesamt),309
WS 2008/09,Staaten insgesamt,Bildungsinländerinnen und Bildungsinländer (Insgesamt),12273
WS 2009/10,China,Bildungsinländerinnen und Bildungsinländer (Insgesamt),2332
WS 2009/10,Türkei,Bildungsinländerinnen und Bildungsinländer (Insgesamt),444
WS 2009/10,Syrien  Arab. Republik,Bildungsinländerinnen und Bildungsinländer (Insgesamt),181
WS 2009/10,Indien,Bildungsinländerinnen und Bildungsinländer (Insgesamt),227
WS 2009/10,Iran  Islamische Republik,Bildungsinländerinnen und Bildungsinländer (Insgesamt),337
WS 2009/10,Staaten insgesamt,Bildungsinländerinnen und Bildungsinländer (Insgesamt),12050
WS 2010/11,China,Bildungsinländerinnen und Bildungsinländer (Insgesamt),2297
WS 2010/11,Türkei,Bildungsinländerinnen und Bildungsinländer (Insgesamt),452
WS 2010/11,Syrien  Arab. Republik,Bildungsinländerinnen und Bildungsinländer (Insgesamt),183
WS 2010/11,Indien,Bildungsinländerinnen und Bildungsinländer (Insgesamt),273
WS 2010/11,Iran  Islamische Republik,Bildungsinländerinnen und Bildungsinländer (Insgesamt),382
WS 2010/11,Staaten insgesamt,Bildungsinländerinnen und Bildungsinländer (Insgesamt),11784
WS 2011/12,China,Bildungsinländerinnen und Bildungsinländer (Insgesamt),2214
WS 2011/12,Türkei,Bildungsinländerinnen und Bildungsinländer (Insgesamt),478
WS 2011/12,Syrien  Arab. Republik,Bildungsinländerinnen und Bildungsinländer (Insgesamt),212
WS 2011/12,Indien,Bildungsinländerinnen und Bildungsinländer (Insgesamt),327
WS 2011/12,Iran  Islamische Republik,Bildungsinländerinnen und Bildungsinländer (Insgesamt),414
WS 2011/12,Staaten insgesamt,Bildungsinländerinnen und Bildungsinländer (Insgesamt),11627
WS 2012/13,China,Bildungsinländerinnen und Bildungsinländer (Insgesamt),2386
WS 2012/13,Türkei,Bildungsinländerinnen und Bildungsinländer (Insgesamt),490
WS 2012/13,Syrien  Arab. Republik,Bildungsinländerinnen und Bildungsinländer (Insgesamt),203
WS 2012/13,Indien,Bildungsinländerinnen und Bildungsinländer (Insgesamt),417
WS 2012/13,Iran  Islamische Republik,Bildungsinländerinnen und Bildungsinländer (Insgesamt),455
WS 2012/13,Staaten insgesamt,Bildungsinländerinnen und Bildungsinländer (Insgesamt),11955
WS 2013/14,China,Bildungsinländerinnen und Bildungsinländer (Insgesamt),2681
WS 2013/14,Türkei,Bildungsinländerinnen und Bildungsinländer (Insgesamt),487
WS 2013/14,Syrien  Arab. Republik,Bildungsinländerinnen und Bildungsinländer (Insgesamt),217
WS 2013/14,Indien,Bildungsinländerinnen und Bildungsinländer (Insgesamt),496
WS 2013/14,Iran  Islamische Republik,Bildungsinländerinnen und Bildungsinländer (Insgesamt),499
WS 2013/14,Staaten insgesamt,Bildungsinländerinnen und Bildungsinländer (Insgesamt),12534
WS 2014/15,China,Bildungsinländerinnen und Bildungsinländer (Insgesamt),2893
WS 2014/15,Türkei,Bildungsinländerinnen und Bildungsinländer (Insgesamt),459
WS 2014/15,Syrien  Arab. Republik,Bildungsinländerinnen und Bildungsinländer (Insgesamt),250
WS 2014/15,Indien,Bildungsinländerinnen und Bildungsinländer (Insgesamt),578
WS 2014/15,Iran  Islamische Republik,Bildungsinländerinnen und Bildungsinländer (Insgesamt),514
WS 2014/15,Staaten insgesamt,Bildungsinländerinnen und Bildungsinländer (Insgesamt),13675
WS 2015/16,China,Bildungsinländerinnen und Bildungsinländer (Insgesamt),3116
WS 2015/16,Türkei,Bildungsinländerinnen und Bildungsinländer (Insgesamt),461
WS 2015/16,Syrien  Arab. Republik,Bildungsinländerinnen und Bildungsinländer (Insgesamt),364
WS 2015/16,Indien,Bildungsinländerinnen und Bildungsinländer (Insgesamt),630
WS 2015/16,Iran  Islamische Republik,Bildungsinländerinnen und Bildungsinländer (Insgesamt),593
WS 2015/16,Staaten insgesamt,Bildungsinländerinnen und Bildungsinländer (Insgesamt),14735
WS 2016/17,China,Bildungsinländerinnen und Bildungsinländer (Insgesamt),3422
WS 2016/17,Türkei,Bildungsinländerinnen und Bildungsinländer (Insgesamt),438
WS 2016/17,Syrien  Arab. Republik,Bildungsinländerinnen und Bildungsinländer (Insgesamt),501
WS 2016/17,Indien,Bildungsinländerinnen und Bildungsinländer (Insgesamt),701
WS 2016/17,Iran  Islamische Republik,Bildungsinländerinnen und Bildungsinländer (Insgesamt),670
WS 2016/17,Staaten insgesamt,Bildungsinländerinnen und Bildungsinländer (Insgesamt),16036
WS 2017/18,China,Bildungsinländerinnen und Bildungsinländer (Insgesamt),3859
WS 2017/18,Türkei,Bildungsinländerinnen und Bildungsinländer (Insgesamt),474
WS 2017/18,Syrien  Arab. Republik,Bildungsinländerinnen und Bildungsinländer (Insgesamt),818
WS 2017/18,Indien,Bildungsinländerinnen und Bildungsinländer (Insgesamt),832
WS 2017/18,Iran  Islamische Republik,Bildungsinländerinnen und Bildungsinländer (Insgesamt),750
WS 2017/18,Staaten insgesamt,Bildungsinländerinnen und Bildungsinländer (Insgesamt),17717
WS 2018/19,China,Bildungsinländerinnen und Bildungsinländer (Insgesamt),4179
WS 2018/19,Türkei,Bildungsinländerinnen und Bildungsinländer (Insgesamt),466
WS 2018/19,Syrien  Arab. Republik,Bildungsinländerinnen und Bildungsinländer (Insgesamt),1168
WS 2018/19,Indien,Bildungsinländerinnen und Bildungsinländer (Insgesamt),1057
WS 2018/19,Iran  Islamische Republik,Bildungsinländerinnen und Bildungsinländer (Insgesamt),865
WS 2018/19,Staaten insgesamt,Bildungsinländerinnen und Bildungsinländer (Insgesamt),19186
WS 2019/20,China,Bildungsinländerinnen und Bildungsinländer (Insgesamt),4258
WS 2019/20,Türkei,Bildungsinländerinnen und Bildungsinländer (Insgesamt),518
WS 2019/20,Syrien  Arab. Republik,Bildungsinländerinnen und Bildungsinländer (Insgesamt),1457
WS 2019/20,Indien,Bildungsinländerinnen und Bildungsinländer (Insgesamt),1334
WS 2019/20,Iran  Islamische Republik,Bildungsinländerinnen und Bildungsinländer (Insgesamt),974
WS 2019/20,Staaten insgesamt,Bildungsinländerinnen und Bildungsinländer (Insgesamt),20594
WS 2005/06,China,Bildungsinländerinnen und Bildungsinländer (Männer),1636
WS 2005/06,Türkei,Bildungsinländerinnen und Bildungsinländer (Männer),332
WS 2005/06,Syrien  Arab. Republik,Bildungsinländerinnen und Bildungsinländer (Männer),118
WS 2005/06,Indien,Bildungsinländerinnen und Bildungsinländer (Männer),208
WS 2005/06,Iran  Islamische Republik,Bildungsinländerinnen und Bildungsinländer (Männer),128
WS 2005/06,Staaten insgesamt,Bildungsinländerinnen und Bildungsinländer (Männer),7164
WS 2006/07,China,Bildungsinländerinnen und Bildungsinländer (Männer),1612
WS 2006/07,Türkei,Bildungsinländerinnen und Bildungsinländer (Männer),308
WS 2006/07,Syrien  Arab. Republik,Bildungsinländerinnen und Bildungsinländer (Männer),128
WS 2006/07,Indien,Bildungsinländerinnen und Bildungsinländer (Männer),225
WS 2006/07,Iran  Islamische Republik,Bildungsinländerinnen und Bildungsinländer (Männer),132
WS 2006/07,Staaten insgesamt,Bildungsinländerinnen und Bildungsinländer (Männer),6868
WS 2007/08,China,Bildungsinländerinnen und Bildungsinländer (Männer),1404
WS 2007/08,Türkei,Bildungsinländerinnen und Bildungsinländer (Männer),279
WS 2007/08,Syrien  Arab. Republik,Bildungsinländerinnen und Bildungsinländer (Männer),121
WS 2007/08,Indien,Bildungsinländerinnen und Bildungsinländer (Männer),180
WS 2007/08,Iran  Islamische Republik,Bildungsinländerinnen und Bildungsinländer (Männer),147
WS 2007/08,Staaten insgesamt,Bildungsinländerinnen und Bildungsinländer (Männer),6258
WS 2008/09,China,Bildungsinländerinnen und Bildungsinländer (Männer),1334
WS 2008/09,Türkei,Bildungsinländerinnen und Bildungsinländer (Männer),273
WS 2008/09,Syrien  Arab. Republik,Bildungsinländerinnen und Bildungsinländer (Männer),131
WS 2008/09,Indien,Bildungsinländerinnen und Bildungsinländer (Männer),147
WS 2008/09,Iran  Islamische Republik,Bildungsinländerinnen und Bildungsinländer (Männer),170
WS 2008/09,Staaten insgesamt,Bildungsinländerinnen und Bildungsinländer (Männer),6207
WS 2009/10,China,Bildungsinländerinnen und Bildungsinländer (Männer),1273
WS 2009/10,Türkei,Bildungsinländerinnen und Bildungsinländer (Männer),295
WS 2009/10,Syrien  Arab. Republik,Bildungsinländerinnen und Bildungsinländer (Männer),133
WS 2009/10,Indien,Bildungsinländerinnen und Bildungsinländer (Männer),147
WS 2009/10,Iran  Islamische Republik,Bildungsinländerinnen und Bildungsinländer (Männer),187
WS 2009/10,Staaten insgesamt,Bildungsinländerinnen und Bildungsinländer (Männer),6167
WS 2010/11,China,Bildungsinländerinnen und Bildungsinländer (Männer),1284
WS 2010/11,Türkei,Bildungsinländerinnen und Bildungsinländer (Männer),295
WS 2010/11,Syrien  Arab. Republik,Bildungsinländerinnen und Bildungsinländer (Männer),134
WS 2010/11,Indien,Bildungsinländerinnen und Bildungsinländer (Männer),180
WS 2010/11,Iran  Islamische Republik,Bildungsinländerinnen und Bildungsinländer (Männer),209
WS 2010/11,Staaten insgesamt,Bildungsinländerinnen und Bildungsinländer (Männer),6067
WS 2011/12,China,Bildungsinländerinnen und Bildungsinländer (Männer),1249
WS 2011/12,Türkei,Bildungsinländerinnen und Bildungsinländer (Männer),312
WS 2011/12,Syrien  Arab. Republik,Bildungsinländerinnen und Bildungsinländer (Männer),157
WS 2011/12,Indien,Bildungsinländerinnen und Bildungsinländer (Männer),211
WS 2011/12,Iran  Islamische Republik,Bildungsinländerinnen und Bildungsinländer (Männer),223
WS 2011/12,Staaten insgesamt,Bildungsinländerinnen und Bildungsinländer (Männer),6084
WS 2012/13,China,Bildungsinländerinnen und Bildungsinländer (Männer),1377
WS 2012/13,Türkei,Bildungsinländerinnen und Bildungsinländer (Männer),316
WS 2012/13,Syrien  Arab. Republik,Bildungsinländerinnen und Bildungsinländer (Männer),148
WS 2012/13,Indien,Bildungsinländerinnen und Bildungsinländer (Männer),279
WS 2012/13,Iran  Islamische Republik,Bildungsinländerinnen und Bildungsinländer (Männer),241
WS 2012/13,Staaten insgesamt,Bildungsinländerinnen und Bildungsinländer (Männer),6395
WS 2013/14,China,Bildungsinländerinnen und Bildungsinländer (Männer),1535
WS 2013/14,Türkei,Bildungsinländerinnen und Bildungsinländer (Männer),309
WS 2013/14,Syrien  Arab. Republik,Bildungsinländerinnen und Bildungsinländer (Männer),159
WS 2013/14,Indien,Bildungsinländerinnen und Bildungsinländer (Männer),336
WS 2013/14,Iran  Islamische Republik,Bildungsinländerinnen und Bildungsinländer (Männer),272
WS 2013/14,Staaten insgesamt,Bildungsinländerinnen und Bildungsinländer (Männer),6738
WS 2014/15,China,Bildungsinländerinnen und Bildungsinländer (Männer),1625
WS 2014/15,Türkei,Bildungsinländerinnen und Bildungsinländer (Männer),295
WS 2014/15,Syrien  Arab. Republik,Bildungsinländerinnen und Bildungsinländer (Männer),184
WS 2014/15,Indien,Bildungsinländerinnen und Bildungsinländer (Männer),399
WS 2014/15,Iran  Islamische Republik,Bildungsinländerinnen und Bildungsinländer (Männer),290
WS 2014/15,Staaten insgesamt,Bildungsinländerinnen und Bildungsinländer (Männer),7448
WS 2015/16,China,Bildungsinländerinnen und Bildungsinländer (Männer),1743
WS 2015/16,Türkei,Bildungsinländerinnen und Bildungsinländer (Männer),283
WS 2015/16,Syrien  Arab. Republik,Bildungsinländerinnen und Bildungsinländer (Männer),277
WS 2015/16,Indien,Bildungsinländerinnen und Bildungsinländer (Männer),431
WS 2015/16,Iran  Islamische Republik,Bildungsinländerinnen und Bildungsinländer (Männer),317
WS 2015/16,Staaten insgesamt,Bildungsinländerinnen und Bildungsinländer (Männer),8039
WS 2016/17,China,Bildungsinländerinnen und Bildungsinländer (Männer),1885
WS 2016/17,Türkei,Bildungsinländerinnen und Bildungsinländer (Männer),254
WS 2016/17,Syrien  Arab. Republik,Bildungsinländerinnen und Bildungsinländer (Männer),400
WS 2016/17,Indien,Bildungsinländerinnen und Bildungsinländer (Männer),493
WS 2016/17,Iran  Islamische Republik,Bildungsinländerinnen und Bildungsinländer (Männer),344
WS 2016/17,Staaten insgesamt,Bildungsinländerinnen und Bildungsinländer (Männer),8913
WS 2017/18,China,Bildungsinländerinnen und Bildungsinländer (Männer),2187
WS 2017/18,Türkei,Bildungsinländerinnen und Bildungsinländer (Männer),272
WS 2017/18,Syrien  Arab. Republik,Bildungsinländerinnen und Bildungsinländer (Männer),671
WS 2017/18,Indien,Bildungsinländerinnen und Bildungsinländer (Männer),606
WS 2017/18,Iran  Islamische Republik,Bildungsinländerinnen und Bildungsinländer (Männer),384
WS 2017/18,Staaten insgesamt,Bildungsinländerinnen und Bildungsinländer (Männer),10036
WS 2018/19,China,Bildungsinländerinnen und Bildungsinländer (Männer),2405
WS 2018/19,Türkei,Bildungsinländerinnen und Bildungsinländer (Männer),281
WS 2018/19,Syrien  Arab. Republik,Bildungsinländerinnen und Bildungsinländer (Männer),948
WS 2018/19,Indien,Bildungsinländerinnen und Bildungsinländer (Männer),810
WS 2018/19,Iran  Islamische Republik,Bildungsinländerinnen und Bildungsinländer (Männer),460
WS 2018/19,Staaten insgesamt,Bildungsinländerinnen und Bildungsinländer (Männer),11160
WS 2019/20,China,Bildungsinländerinnen und Bildungsinländer (Männer),2478
WS 2019/20,Türkei,Bildungsinländerinnen und Bildungsinländer (Männer),303
WS 2019/20,Syrien  Arab. Republik,Bildungsinländerinnen und Bildungsinländer (Männer),1157
WS 2019/20,Indien,Bildungsinländerinnen und Bildungsinländer (Männer),1005
WS 2019/20,Iran  Islamische Republik,Bildungsinländerinnen und Bildungsinländer (Männer),518
WS 2019/20,Staaten insgesamt,Bildungsinländerinnen und Bildungsinländer (Männer),12113
WS 2005/06,China,Bildungsinländerinnen und Bildungsinländer (Frauen),1331
WS 2005/06,Türkei,Bildungsinländerinnen und Bildungsinländer (Frauen),123
WS 2005/06,Syrien  Arab. Republik,Bildungsinländerinnen und Bildungsinländer (Frauen),31
WS 2005/06,Indien,Bildungsinländerinnen und Bildungsinländer (Frauen),62
WS 2005/06,Iran  Islamische Republik,Bildungsinländerinnen und Bildungsinländer (Frauen),114
WS 2005/06,Staaten insgesamt,Bildungsinländerinnen und Bildungsinländer (Frauen),6925
WS 2006/07,China,Bildungsinländerinnen und Bildungsinländer (Frauen),1275
WS 2006/07,Türkei,Bildungsinländerinnen und Bildungsinländer (Frauen),139
WS 2006/07,Syrien  Arab. Republik,Bildungsinländerinnen und Bildungsinländer (Frauen),36
WS 2006/07,Indien,Bildungsinländerinnen und Bildungsinländer (Frauen),68
WS 2006/07,Iran  Islamische Republik,Bildungsinländerinnen und Bildungsinländer (Frauen),117
WS 2006/07,Staaten insgesamt,Bildungsinländerinnen und Bildungsinländer (Frauen),6752
WS 2007/08,China,Bildungsinländerinnen und Bildungsinländer (Frauen),1149
WS 2007/08,Türkei,Bildungsinländerinnen und Bildungsinländer (Frauen),139
WS 2007/08,Syrien  Arab. Republik,Bildungsinländerinnen und Bildungsinländer (Frauen),34
WS 2007/08,Indien,Bildungsinländerinnen und Bildungsinländer (Frauen),79
WS 2007/08,Iran  Islamische Republik,Bildungsinländerinnen und Bildungsinländer (Frauen),123
WS 2007/08,Staaten insgesamt,Bildungsinländerinnen und Bildungsinländer (Frauen),6228
WS 2008/09,China,Bildungsinländerinnen und Bildungsinländer (Frauen),1082
WS 2008/09,Türkei,Bildungsinländerinnen und Bildungsinländer (Frauen),145
WS 2008/09,Syrien  Arab. Republik,Bildungsinländerinnen und Bildungsinländer (Frauen),43
WS 2008/09,Indien,Bildungsinländerinnen und Bildungsinländer (Frauen),73
WS 2008/09,Iran  Islamische Republik,Bildungsinländerinnen und Bildungsinländer (Frauen),139
WS 2008/09,Staaten insgesamt,Bildungsinländerinnen und Bildungsinländer (Frauen),6066
WS 2009/10,China,Bildungsinländerinnen und Bildungsinländer (Frauen),1059
WS 2009/10,Türkei,Bildungsinländerinnen und Bildungsinländer (Frauen),149
WS 2009/10,Syrien  Arab. Republik,Bildungsinländerinnen und Bildungsinländer (Frauen),48
WS 2009/10,Indien,Bildungsinländerinnen und Bildungsinländer (Frauen),80
WS 2009/10,Iran  Islamische Republik,Bildungsinländerinnen und Bildungsinländer (Frauen),150
WS 2009/10,Staaten insgesamt,Bildungsinländerinnen und Bildungsinländer (Frauen),5883
WS 2010/11,China,Bildungsinländerinnen und Bildungsinländer (Frauen),1013
WS 2010/11,Türkei,Bildungsinländerinnen und Bildungsinländer (Frauen),157
WS 2010/11,Syrien  Arab. Republik,Bildungsinländerinnen und Bildungsinländer (Frauen),49
WS 2010/11,Indien,Bildungsinländerinnen und Bildungsinländer (Frauen),93
WS 2010/11,Iran  Islamische Republik,Bildungsinländerinnen und Bildungsinländer (Frauen),173
WS 2010/11,Staaten insgesamt,Bildungsinländerinnen und Bildungsinländer (Frauen),5717
WS 2011/12,China,Bildungsinländerinnen und Bildungsinländer (Frauen),965
WS 2011/12,Türkei,Bildungsinländerinnen und Bildungsinländer (Frauen),166
WS 2011/12,Syrien  Arab. Republik,Bildungsinländerinnen und Bildungsinländer (Frauen),55
WS 2011/12,Indien,Bildungsinländerinnen und Bildungsinländer (Frauen),116
WS 2011/12,Iran  Islamische Republik,Bildungsinländerinnen und Bildungsinländer (Frauen),191
WS 2011/12,Staaten insgesamt,Bildungsinländerinnen und Bildungsinländer (Frauen),5543
WS 2012/13,China,Bildungsinländerinnen und Bildungsinländer (Frauen),1009
WS 2012/13,Türkei,Bildungsinländerinnen und Bildungsinländer (Frauen),174
WS 2012/13,Syrien  Arab. Republik,Bildungsinländerinnen und Bildungsinländer (Frauen),55
WS 2012/13,Indien,Bildungsinländerinnen und Bildungsinländer (Frauen),138
WS 2012/13,Iran  Islamische Republik,Bildungsinländerinnen und Bildungsinländer (Frauen),214
WS 2012/13,Staaten insgesamt,Bildungsinländerinnen und Bildungsinländer (Frauen),5560
WS 2013/14,China,Bildungsinländerinnen und Bildungsinländer (Frauen),1146
WS 2013/14,Türkei,Bildungsinländerinnen und Bildungsinländer (Frauen),178
WS 2013/14,Syrien  Arab. Republik,Bildungsinländerinnen und Bildungsinländer (Frauen),58
WS 2013/14,Indien,Bildungsinländerinnen und Bildungsinländer (Frauen),160
WS 2013/14,Iran  Islamische Republik,Bildungsinländerinnen und Bildungsinländer (Frauen),227
WS 2013/14,Staaten insgesamt,Bildungsinländerinnen und Bildungsinländer (Frauen),5796
WS 2014/15,China,Bildungsinländerinnen und Bildungsinländer (Frauen),1268
WS 2014/15,Türkei,Bildungsinländerinnen und Bildungsinländer (Frauen),164
WS 2014/15,Syrien  Arab. Republik,Bildungsinländerinnen und Bildungsinländer (Frauen),66
WS 2014/15,Indien,Bildungsinländerinnen und Bildungsinländer (Frauen),179
WS 2014/15,Iran  Islamische Republik,Bildungsinländerinnen und Bildungsinländer (Frauen),224
WS 2014/15,Staaten insgesamt,Bildungsinländerinnen und Bildungsinländer (Frauen),6227
WS 2015/16,China,Bildungsinländerinnen und Bildungsinländer (Frauen),1373
WS 2015/16,Türkei,Bildungsinländerinnen und Bildungsinländer (Frauen),178
WS 2015/16,Syrien  Arab. Republik,Bildungsinländerinnen und Bildungsinländer (Frauen),87
WS 2015/16,Indien,Bildungsinländerinnen und Bildungsinländer (Frauen),199
WS 2015/16,Iran  Islamische Republik,Bildungsinländerinnen und Bildungsinländer (Frauen),276
WS 2015/16,Staaten insgesamt,Bildungsinländerinnen und Bildungsinländer (Frauen),6696
WS 2016/17,China,Bildungsinländerinnen und Bildungsinländer (Frauen),1537
WS 2016/17,Türkei,Bildungsinländerinnen und Bildungsinländer (Frauen),184
WS 2016/17,Syrien  Arab. Republik,Bildungsinländerinnen und Bildungsinländer (Frauen),101
WS 2016/17,Indien,Bildungsinländerinnen und Bildungsinländer (Frauen),208
WS 2016/17,Iran  Islamische Republik,Bildungsinländerinnen und Bildungsinländer (Frauen),326
WS 2016/17,Staaten insgesamt,Bildungsinländerinnen und Bildungsinländer (Frauen),7123
WS 2017/18,China,Bildungsinländerinnen und Bildungsinländer (Frauen),1672
WS 2017/18,Türkei,Bildungsinländerinnen und Bildungsinländer (Frauen),202
WS 2017/18,Syrien  Arab. Republik,Bildungsinländerinnen und Bildungsinländer (Frauen),147
WS 2017/18,Indien,Bildungsinländerinnen und Bildungsinländer (Frauen),226
WS 2017/18,Iran  Islamische Republik,Bildungsinländerinnen und Bildungsinländer (Frauen),366
WS 2017/18,Staaten insgesamt,Bildungsinländerinnen und Bildungsinländer (Frauen),7681
WS 2018/19,China,Bildungsinländerinnen und Bildungsinländer (Frauen),1774
WS 2018/19,Türkei,Bildungsinländerinnen und Bildungsinländer (Frauen),185
WS 2018/19,Syrien  Arab. Republik,Bildungsinländerinnen und Bildungsinländer (Frauen),220
WS 2018/19,Indien,Bildungsinländerinnen und Bildungsinländer (Frauen),247
WS 2018/19,Iran  Islamische Republik,Bildungsinländerinnen und Bildungsinländer (Frauen),405
WS 2018/19,Staaten insgesamt,Bildungsinländerinnen und Bildungsinländer (Frauen),8026
WS 2019/20,China,Bildungsinländerinnen und Bildungsinländer (Frauen),1780
WS 2019/20,Türkei,Bildungsinländerinnen und Bildungsinländer (Frauen),215
WS 2019/20,Syrien  Arab. Republik,Bildungsinländerinnen und Bildungsinländer (Frauen),300
WS 2019/20,Indien,Bildungsinländerinnen und Bildungsinländer (Frauen),329
WS 2019/20,Iran  Islamische Republik,Bildungsinländerinnen und Bildungsinländer (Frauen),456
WS 2019/20,Staaten insgesamt,Bildungsinländerinnen und Bildungsinländer (Frauen),8481
WS 2005/06,China,Bildungsausländerinnen und Bildungsausländer (Insgesamt),113
WS 2005/06,Türkei,Bildungsausländerinnen und Bildungsausländer (Insgesamt),686
WS 2005/06,Syrien  Arab. Republik,Bildungsausländerinnen und Bildungsausländer (Insgesamt),7
WS 2005/06,Indien,Bildungsausländerinnen und Bildungsausländer (Insgesamt),14
WS 2005/06,Iran  Islamische Republik,Bildungsausländerinnen und Bildungsausländer (Insgesamt),123
WS 2005/06,Staaten insgesamt,Bildungsausländerinnen und Bildungsausländer (Insgesamt),2939
WS 2006/07,China,Bildungsausländerinnen und Bildungsausländer (Insgesamt),98
WS 2006/07,Türkei,Bildungsausländerinnen und Bildungsausländer (Insgesamt),624
WS 2006/07,Syrien  Arab. Republik,Bildungsausländerinnen und Bildungsausländer (Insgesamt),9
WS 2006/07,Indien,Bildungsausländerinnen und Bildungsausländer (Insgesamt),9
WS 2006/07,Iran  Islamische Republik,Bildungsausländerinnen und Bildungsausländer (Insgesamt),114
WS 2006/07,Staaten insgesamt,Bildungsausländerinnen und Bildungsausländer (Insgesamt),2736
WS 2007/08,China,Bildungsausländerinnen und Bildungsausländer (Insgesamt),82
WS 2007/08,Türkei,Bildungsausländerinnen und Bildungsausländer (Insgesamt),641
WS 2007/08,Syrien  Arab. Republik,Bildungsausländerinnen und Bildungsausländer (Insgesamt),12
WS 2007/08,Indien,Bildungsausländerinnen und Bildungsausländer (Insgesamt),12
WS 2007/08,Iran  Islamische Republik,Bildungsausländerinnen und Bildungsausländer (Insgesamt),106
WS 2007/08,Staaten insgesamt,Bildungsausländerinnen und Bildungsausländer (Insgesamt),2735
WS 2008/09,China,Bildungsausländerinnen und Bildungsausländer (Insgesamt),87
WS 2008/09,Türkei,Bildungsausländerinnen und Bildungsausländer (Insgesamt),685
WS 2008/09,Syrien  Arab. Republik,Bildungsausländerinnen und Bildungsausländer (Insgesamt),14
WS 2008/09,Indien,Bildungsausländerinnen und Bildungsausländer (Insgesamt),13
WS 2008/09,Iran  Islamische Republik,Bildungsausländerinnen und Bildungsausländer (Insgesamt),107
WS 2008/09,Staaten insgesamt,Bildungsausländerinnen und Bildungsausländer (Insgesamt),2869
WS 2009/10,China,Bildungsausländerinnen und Bildungsausländer (Insgesamt),87
WS 2009/10,Türkei,Bildungsausländerinnen und Bildungsausländer (Insgesamt),726
WS 2009/10,Syrien  Arab. Republik,Bildungsausländerinnen und Bildungsausländer (Insgesamt),15
WS 2009/10,Indien,Bildungsausländerinnen und Bildungsausländer (Insgesamt),9
WS 2009/10,Iran  Islamische Republik,Bildungsausländerinnen und Bildungsausländer (Insgesamt),94
WS 2009/10,Staaten insgesamt,Bildungsausländerinnen und Bildungsausländer (Insgesamt),2930
WS 2010/11,China,Bildungsausländerinnen und Bildungsausländer (Insgesamt),94
WS 2010/11,Türkei,Bildungsausländerinnen und Bildungsausländer (Insgesamt),777
WS 2010/11,Syrien  Arab. Republik,Bildungsausländerinnen und Bildungsausländer (Insgesamt),22
WS 2010/11,Indien,Bildungsausländerinnen und Bildungsausländer (Insgesamt),6
WS 2010/11,Iran  Islamische Republik,Bildungsausländerinnen und Bildungsausländer (Insgesamt),91
WS 2010/11,Staaten insgesamt,Bildungsausländerinnen und Bildungsausländer (Insgesamt),3055
WS 2011/12,China,Bildungsausländerinnen und Bildungsausländer (Insgesamt),106
WS 2011/12,Türkei,Bildungsausländerinnen und Bildungsausländer (Insgesamt),889
WS 2011/12,Syrien  Arab. Republik,Bildungsausländerinnen und Bildungsausländer (Insgesamt),24
WS 2011/12,Indien,Bildungsausländerinnen und Bildungsausländer (Insgesamt),8
WS 2011/12,Iran  Islamische Republik,Bildungsausländerinnen und Bildungsausländer (Insgesamt),82
WS 2011/12,Staaten insgesamt,Bildungsausländerinnen und Bildungsausländer (Insgesamt),3296
WS 2012/13,China,Bildungsausländerinnen und Bildungsausländer (Insgesamt),140
WS 2012/13,Türkei,Bildungsausländerinnen und Bildungsausländer (Insgesamt),1005
WS 2012/13,Syrien  Arab. Republik,Bildungsausländerinnen und Bildungsausländer (Insgesamt),28
WS 2012/13,Indien,Bildungsausländerinnen und Bildungsausländer (Insgesamt),7
WS 2012/13,Iran  Islamische Republik,Bildungsausländerinnen und Bildungsausländer (Insgesamt),82
WS 2012/13,Staaten insgesamt,Bildungsausländerinnen und Bildungsausländer (Insgesamt),3560
WS 2013/14,China,Bildungsausländerinnen und Bildungsausländer (Insgesamt),182
WS 2013/14,Türkei,Bildungsausländerinnen und Bildungsausländer (Insgesamt),1120
WS 2013/14,Syrien  Arab. Republik,Bildungsausländerinnen und Bildungsausländer (Insgesamt),32
WS 2013/14,Indien,Bildungsausländerinnen und Bildungsausländer (Insgesamt),12
WS 2013/14,Iran  Islamische Republik,Bildungsausländerinnen und Bildungsausländer (Insgesamt),82
WS 2013/14,Staaten insgesamt,Bildungsausländerinnen und Bildungsausländer (Insgesamt),3834
WS 2014/15,China,Bildungsausländerinnen und Bildungsausländer (Insgesamt),209
WS 2014/15,Türkei,Bildungsausländerinnen und Bildungsausländer (Insgesamt),1276
WS 2014/15,Syrien  Arab. Republik,Bildungsausländerinnen und Bildungsausländer (Insgesamt),43
WS 2014/15,Indien,Bildungsausländerinnen und Bildungsausländer (Insgesamt),11
WS 2014/15,Iran  Islamische Republik,Bildungsausländerinnen und Bildungsausländer (Insgesamt),81
WS 2014/15,Staaten insgesamt,Bildungsausländerinnen und Bildungsausländer (Insgesamt),4245
WS 2015/16,China,Bildungsausländerinnen und Bildungsausländer (Insgesamt),249
WS 2015/16,Türkei,Bildungsausländerinnen und Bildungsausländer (Insgesamt),1409
WS 2015/16,Syrien  Arab. Republik,Bildungsausländerinnen und Bildungsausländer (Insgesamt),52
WS 2015/16,Indien,Bildungsausländerinnen und Bildungsausländer (Insgesamt),12
WS 2015/16,Iran  Islamische Republik,Bildungsausländerinnen und Bildungsausländer (Insgesamt),85
WS 2015/16,Staaten insgesamt,Bildungsausländerinnen und Bildungsausländer (Insgesamt),4478
WS 2016/17,China,Bildungsausländerinnen und Bildungsausländer (Insgesamt),186
WS 2016/17,Türkei,Bildungsausländerinnen und Bildungsausländer (Insgesamt),1516
WS 2016/17,Syrien  Arab. Republik,Bildungsausländerinnen und Bildungsausländer (Insgesamt),58
WS 2016/17,Indien,Bildungsausländerinnen und Bildungsausländer (Insgesamt),8
WS 2016/17,Iran  Islamische Republik,Bildungsausländerinnen und Bildungsausländer (Insgesamt),67
WS 2016/17,Staaten insgesamt,Bildungsausländerinnen und Bildungsausländer (Insgesamt),4555
WS 2017/18,China,Bildungsausländerinnen und Bildungsausländer (Insgesamt),168
WS 2017/18,Türkei,Bildungsausländerinnen und Bildungsausländer (Insgesamt),1567
WS 2017/18,Syrien  Arab. Republik,Bildungsausländerinnen und Bildungsausländer (Insgesamt),66
WS 2017/18,Indien,Bildungsausländerinnen und Bildungsausländer (Insgesamt),8
WS 2017/18,Iran  Islamische Republik,Bildungsausländerinnen und Bildungsausländer (Insgesamt),60
WS 2017/18,Staaten insgesamt,Bildungsausländerinnen und Bildungsausländer (Insgesamt),4485
WS 2018/19,China,Bildungsausländerinnen und Bildungsausländer (Insgesamt),156
WS 2018/19,Türkei,Bildungsausländerinnen und Bildungsausländer (Insgesamt),1549
WS 2018/19,Syrien  Arab. Republik,Bildungsausländerinnen und Bildungsausländer (Insgesamt),99
WS 2018/19,Indien,Bildungsausländerinnen und Bildungsausländer (Insgesamt),6
WS 2018/19,Iran  Islamische Republik,Bildungsausländerinnen und Bildungsausländer (Insgesamt),65
WS 2018/19,Staaten insgesamt,Bildungsausländerinnen und Bildungsausländer (Insgesamt),4521
WS 2019/20,China,Bildungsausländerinnen und Bildungsausländer (Insgesamt),155
WS 2019/20,Türkei,Bildungsausländerinnen und Bildungsausländer (Insgesamt),1481
WS 2019/20,Syrien  Arab. Republik,Bildungsausländerinnen und Bildungsausländer (Insgesamt),136
WS 2019/20,Indien,Bildungsausländerinnen und Bildungsausländer (Insgesamt),4
WS 2019/20,Iran  Islamische Republik,Bildungsausländerinnen und Bildungsausländer (Insgesamt),58
WS 2019/20,Staaten insgesamt,Bildungsausländerinnen und Bildungsausländer (Insgesamt),4483
WS 2005/06,China,Bildungsausländerinnen und Bildungsausländer (Männer),64
WS 2005/06,Türkei,Bildungsausländerinnen und Bildungsausländer (Männer),403
WS 2005/06,Syrien  Arab. Republik,Bildungsausländerinnen und Bildungsausländer (Männer),3
WS 2005/06,Indien,Bildungsausländerinnen und Bildungsausländer (Männer),10
WS 2005/06,Iran  Islamische Republik,Bildungsausländerinnen und Bildungsausländer (Männer),77
WS 2005/06,Staaten insgesamt,Bildungsausländerinnen und Bildungsausländer (Männer),1636
WS 2006/07,China,Bildungsausländerinnen und Bildungsausländer (Männer),48
WS 2006/07,Türkei,Bildungsausländerinnen und Bildungsausländer (Männer),356
WS 2006/07,Syrien  Arab. Republik,Bildungsausländerinnen und Bildungsausländer (Männer),4
WS 2006/07,Indien,Bildungsausländerinnen und Bildungsausländer (Männer),6
WS 2006/07,Iran  Islamische Republik,Bildungsausländerinnen und Bildungsausländer (Männer),73
WS 2006/07,Staaten insgesamt,Bildungsausländerinnen und Bildungsausländer (Männer),1495
WS 2007/08,China,Bildungsausländerinnen und Bildungsausländer (Männer),41
WS 2007/08,Türkei,Bildungsausländerinnen und Bildungsausländer (Männer),344
WS 2007/08,Syrien  Arab. Republik,Bildungsausländerinnen und Bildungsausländer (Männer),5
WS 2007/08,Indien,Bildungsausländerinnen und Bildungsausländer (Männer),7
WS 2007/08,Iran  Islamische Republik,Bildungsausländerinnen und Bildungsausländer (Männer),68
WS 2007/08,Staaten insgesamt,Bildungsausländerinnen und Bildungsausländer (Männer),1461
WS 2008/09,China,Bildungsausländerinnen und Bildungsausländer (Männer),43
WS 2008/09,Türkei,Bildungsausländerinnen und Bildungsausländer (Männer),360
WS 2008/09,Syrien  Arab. Republik,Bildungsausländerinnen und Bildungsausländer (Männer),7
WS 2008/09,Indien,Bildungsausländerinnen und Bildungsausländer (Männer),8
WS 2008/09,Iran  Islamische Republik,Bildungsausländerinnen und Bildungsausländer (Männer),71
WS 2008/09,Staaten insgesamt,Bildungsausländerinnen und Bildungsausländer (Männer),1526
WS 2009/10,China,Bildungsausländerinnen und Bildungsausländer (Männer),47
WS 2009/10,Türkei,Bildungsausländerinnen und Bildungsausländer (Männer),371
WS 2009/10,Syrien  Arab. Republik,Bildungsausländerinnen und Bildungsausländer (Männer),7
WS 2009/10,Indien,Bildungsausländerinnen und Bildungsausländer (Männer),7
WS 2009/10,Iran  Islamische Republik,Bildungsausländerinnen und Bildungsausländer (Männer),64
WS 2009/10,Staaten insgesamt,Bildungsausländerinnen und Bildungsausländer (Männer),1539
WS 2010/11,China,Bildungsausländerinnen und Bildungsausländer (Männer),55
WS 2010/11,Türkei,Bildungsausländerinnen und Bildungsausländer (Männer),397
WS 2010/11,Syrien  Arab. Republik,Bildungsausländerinnen und Bildungsausländer (Männer),14
WS 2010/11,Indien,Bildungsausländerinnen und Bildungsausländer (Männer),5
WS 2010/11,Iran  Islamische Republik,Bildungsausländerinnen und Bildungsausländer (Männer),57
WS 2010/11,Staaten insgesamt,Bildungsausländerinnen und Bildungsausländer (Männer),1611
WS 2011/12,China,Bildungsausländerinnen und Bildungsausländer (Männer),59
WS 2011/12,Türkei,Bildungsausländerinnen und Bildungsausländer (Männer),447
WS 2011/12,Syrien  Arab. Republik,Bildungsausländerinnen und Bildungsausländer (Männer),18
WS 2011/12,Indien,Bildungsausländerinnen und Bildungsausländer (Männer),6
WS 2011/12,Iran  Islamische Republik,Bildungsausländerinnen und Bildungsausländer (Männer),50
WS 2011/12,Staaten insgesamt,Bildungsausländerinnen und Bildungsausländer (Männer),1733
WS 2012/13,China,Bildungsausländerinnen und Bildungsausländer (Männer),84
WS 2012/13,Türkei,Bildungsausländerinnen und Bildungsausländer (Männer),491
WS 2012/13,Syrien  Arab. Republik,Bildungsausländerinnen und Bildungsausländer (Männer),18
WS 2012/13,Indien,Bildungsausländerinnen und Bildungsausländer (Männer),5
WS 2012/13,Iran  Islamische Republik,Bildungsausländerinnen und Bildungsausländer (Männer),47
WS 2012/13,Staaten insgesamt,Bildungsausländerinnen und Bildungsausländer (Männer),1846
WS 2013/14,China,Bildungsausländerinnen und Bildungsausländer (Männer),106
WS 2013/14,Türkei,Bildungsausländerinnen und Bildungsausländer (Männer),534
WS 2013/14,Syrien  Arab. Republik,Bildungsausländerinnen und Bildungsausländer (Männer),19
WS 2013/14,Indien,Bildungsausländerinnen und Bildungsausländer (Männer),9
WS 2013/14,Iran  Islamische Republik,Bildungsausländerinnen und Bildungsausländer (Männer),45
WS 2013/14,Staaten insgesamt,Bildungsausländerinnen und Bildungsausländer (Männer),1947
WS 2014/15,China,Bildungsausländerinnen und Bildungsausländer (Männer),127
WS 2014/15,Türkei,Bildungsausländerinnen und Bildungsausländer (Männer),597
WS 2014/15,Syrien  Arab. Republik,Bildungsausländerinnen und Bildungsausländer (Männer),25
WS 2014/15,Indien,Bildungsausländerinnen und Bildungsausländer (Männer),7
WS 2014/15,Iran  Islamische Republik,Bildungsausländerinnen und Bildungsausländer (Männer),48
WS 2014/15,Staaten insgesamt,Bildungsausländerinnen und Bildungsausländer (Männer),2132
WS 2015/16,China,Bildungsausländerinnen und Bildungsausländer (Männer),150
WS 2015/16,Türkei,Bildungsausländerinnen und Bildungsausländer (Männer),660
WS 2015/16,Syrien  Arab. Republik,Bildungsausländerinnen und Bildungsausländer (Männer),29
WS 2015/16,Indien,Bildungsausländerinnen und Bildungsausländer (Männer),8
WS 2015/16,Iran  Islamische Republik,Bildungsausländerinnen und Bildungsausländer (Männer),44
WS 2015/16,Staaten insgesamt,Bildungsausländerinnen und Bildungsausländer (Männer),2210
WS 2016/17,China,Bildungsausländerinnen und Bildungsausländer (Männer),107
WS 2016/17,Türkei,Bildungsausländerinnen und Bildungsausländer (Männer),712
WS 2016/17,Syrien  Arab. Republik,Bildungsausländerinnen und Bildungsausländer (Männer),32
WS 2016/17,Indien,Bildungsausländerinnen und Bildungsausländer (Männer),5
WS 2016/17,Iran  Islamische Republik,Bildungsausländerinnen und Bildungsausländer (Männer),34
WS 2016/17,Staaten insgesamt,Bildungsausländerinnen und Bildungsausländer (Männer),2250
WS 2017/18,China,Bildungsausländerinnen und Bildungsausländer (Männer),100
WS 2017/18,Türkei,Bildungsausländerinnen und Bildungsausländer (Männer),746
WS 2017/18,Syrien  Arab. Republik,Bildungsausländerinnen und Bildungsausländer (Männer),32
WS 2017/18,Indien,Bildungsausländerinnen und Bildungsausländer (Männer),6
WS 2017/18,Iran  Islamische Republik,Bildungsausländerinnen und Bildungsausländer (Männer),29
WS 2017/18,Staaten insgesamt,Bildungsausländerinnen und Bildungsausländer (Männer),2201
WS 2018/19,China,Bildungsausländerinnen und Bildungsausländer (Männer),94
WS 2018/19,Türkei,Bildungsausländerinnen und Bildungsausländer (Männer),736
WS 2018/19,Syrien  Arab. Republik,Bildungsausländerinnen und Bildungsausländer (Männer),58
WS 2018/19,Indien,Bildungsausländerinnen und Bildungsausländer (Männer),4
WS 2018/19,Iran  Islamische Republik,Bildungsausländerinnen und Bildungsausländer (Männer),31
WS 2018/19,Staaten insgesamt,Bildungsausländerinnen und Bildungsausländer (Männer),2200
WS 2019/20,China,Bildungsausländerinnen und Bildungsausländer (Männer),85
WS 2019/20,Türkei,Bildungsausländerinnen und Bildungsausländer (Männer),697
WS 2019/20,Syrien  Arab. Republik,Bildungsausländerinnen und Bildungsausländer (Männer),80
WS 2019/20,Indien,Bildungsausländerinnen und Bildungsausländer (Männer),3
WS 2019/20,Iran  Islamische Republik,Bildungsausländerinnen und Bildungsausländer (Männer),30
WS 2019/20,Staaten insgesamt,Bildungsausländerinnen und Bildungsausländer (Männer),2153
WS 2005/06,China,Bildungsausländerinnen und Bildungsausländer (Frauen),49
WS 2005/06,Türkei,Bildungsausländerinnen und Bildungsausländer (Frauen),283
WS 2005/06,Syrien  Arab. Republik,Bildungsausländerinnen und Bildungsausländer (Frauen),4
WS 2005/06,Indien,Bildungsausländerinnen und Bildungsausländer (Frauen),4
WS 2005/06,Iran  Islamische Republik,Bildungsausländerinnen und Bildungsausländer (Frauen),46
WS 2005/06,Staaten insgesamt,Bildungsausländerinnen und Bildungsausländer (Frauen),1303
WS 2006/07,China,Bildungsausländerinnen und Bildungsausländer (Frauen),50
WS 2006/07,Türkei,Bildungsausländerinnen und Bildungsausländer (Frauen),268
WS 2006/07,Syrien  Arab. Republik,Bildungsausländerinnen und Bildungsausländer (Frauen),5
WS 2006/07,Indien,Bildungsausländerinnen und Bildungsausländer (Frauen),3
WS 2006/07,Iran  Islamische Republik,Bildungsausländerinnen und Bildungsausländer (Frauen),41
WS 2006/07,Staaten insgesamt,Bildungsausländerinnen und Bildungsausländer (Frauen),1241
WS 2007/08,China,Bildungsausländerinnen und Bildungsausländer (Frauen),41
WS 2007/08,Türkei,Bildungsausländerinnen und Bildungsausländer (Frauen),297
WS 2007/08,Syrien  Arab. Republik,Bildungsausländerinnen und Bildungsausländer (Frauen),7
WS 2007/08,Indien,Bildungsausländerinnen und Bildungsausländer (Frauen),5
WS 2007/08,Iran  Islamische Republik,Bildungsausländerinnen und Bildungsausländer (Frauen),38
WS 2007/08,Staaten insgesamt,Bildungsausländerinnen und Bildungsausländer (Frauen),1274
WS 2008/09,China,Bildungsausländerinnen und Bildungsausländer (Frauen),44
WS 2008/09,Türkei,Bildungsausländerinnen und Bildungsausländer (Frauen),325
WS 2008/09,Syrien  Arab. Republik,Bildungsausländerinnen und Bildungsausländer (Frauen),7
WS 2008/09,Indien,Bildungsausländerinnen und Bildungsausländer (Frauen),5
WS 2008/09,Iran  Islamische Republik,Bildungsausländerinnen und Bildungsausländer (Frauen),36
WS 2008/09,Staaten insgesamt,Bildungsausländerinnen und Bildungsausländer (Frauen),1343
WS 2009/10,China,Bildungsausländerinnen und Bildungsausländer (Frauen),40
WS 2009/10,Türkei,Bildungsausländerinnen und Bildungsausländer (Frauen),355
WS 2009/10,Syrien  Arab. Republik,Bildungsausländerinnen und Bildungsausländer (Frauen),8
WS 2009/10,Indien,Bildungsausländerinnen und Bildungsausländer (Frauen),2
WS 2009/10,Iran  Islamische Republik,Bildungsausländerinnen und Bildungsausländer (Frauen),30
WS 2009/10,Staaten insgesamt,Bildungsausländerinnen und Bildungsausländer (Frauen),1391
WS 2010/11,China,Bildungsausländerinnen und Bildungsausländer (Frauen),39
WS 2010/11,Türkei,Bildungsausländerinnen und Bildungsausländer (Frauen),380
WS 2010/11,Syrien  Arab. Republik,Bildungsausländerinnen und Bildungsausländer (Frauen),8
WS 2010/11,Indien,Bildungsausländerinnen und Bildungsausländer (Frauen),1
WS 2010/11,Iran  Islamische Republik,Bildungsausländerinnen und Bildungsausländer (Frauen),34
WS 2010/11,Staaten insgesamt,Bildungsausländerinnen und Bildungsausländer (Frauen),1444
WS 2011/12,China,Bildungsausländerinnen und Bildungsausländer (Frauen),47
WS 2011/12,Türkei,Bildungsausländerinnen und Bildungsausländer (Frauen),442
WS 2011/12,Syrien  Arab. Republik,Bildungsausländerinnen und Bildungsausländer (Frauen),6
WS 2011/12,Indien,Bildungsausländerinnen und Bildungsausländer (Frauen),2
WS 2011/12,Iran  Islamische Republik,Bildungsausländerinnen und Bildungsausländer (Frauen),32
WS 2011/12,Staaten insgesamt,Bildungsausländerinnen und Bildungsausländer (Frauen),1563
WS 2012/13,China,Bildungsausländerinnen und Bildungsausländer (Frauen),56
WS 2012/13,Türkei,Bildungsausländerinnen und Bildungsausländer (Frauen),514
WS 2012/13,Syrien  Arab. Republik,Bildungsausländerinnen und Bildungsausländer (Frauen),10
WS 2012/13,Indien,Bildungsausländerinnen und Bildungsausländer (Frauen),2
WS 2012/13,Iran  Islamische Republik,Bildungsausländerinnen und Bildungsausländer (Frauen),35
WS 2012/13,Staaten insgesamt,Bildungsausländerinnen und Bildungsausländer (Frauen),1714
WS 2013/14,China,Bildungsausländerinnen und Bildungsausländer (Frauen),76
WS 2013/14,Türkei,Bildungsausländerinnen und Bildungsausländer (Frauen),586
WS 2013/14,Syrien  Arab. Republik,Bildungsausländerinnen und Bildungsausländer (Frauen),13
WS 2013/14,Indien,Bildungsausländerinnen und Bildungsausländer (Frauen),3
WS 2013/14,Iran  Islamische Republik,Bildungsausländerinnen und Bildungsausländer (Frauen),37
WS 2013/14,Staaten insgesamt,Bildungsausländerinnen und Bildungsausländer (Frauen),1887
WS 2014/15,China,Bildungsausländerinnen und Bildungsausländer (Frauen),82
WS 2014/15,Türkei,Bildungsausländerinnen und Bildungsausländer (Frauen),679
WS 2014/15,Syrien  Arab. Republik,Bildungsausländerinnen und Bildungsausländer (Frauen),18
WS 2014/15,Indien,Bildungsausländerinnen und Bildungsausländer (Frauen),4
WS 2014/15,Iran  Islamische Republik,Bildungsausländerinnen und Bildungsausländer (Frauen),33
WS 2014/15,Staaten insgesamt,Bildungsausländerinnen und Bildungsausländer (Frauen),2113
WS 2015/16,China,Bildungsausländerinnen und Bildungsausländer (Frauen),99
WS 2015/16,Türkei,Bildungsausländerinnen und Bildungsausländer (Frauen),749
WS 2015/16,Syrien  Arab. Republik,Bildungsausländerinnen und Bildungsausländer (Frauen),23
WS 2015/16,Indien,Bildungsausländerinnen und Bildungsausländer (Frauen),4
WS 2015/16,Iran  Islamische Republik,Bildungsausländerinnen und Bildungsausländer (Frauen),41
WS 2015/16,Staaten insgesamt,Bildungsausländerinnen und Bildungsausländer (Frauen),2268
WS 2016/17,China,Bildungsausländerinnen und Bildungsausländer (Frauen),79
WS 2016/17,Türkei,Bildungsausländerinnen und Bildungsausländer (Frauen),804
WS 2016/17,Syrien  Arab. Republik,Bildungsausländerinnen und Bildungsausländer (Frauen),26
WS 2016/17,Indien,Bildungsausländerinnen und Bildungsausländer (Frauen),3
WS 2016/17,Iran  Islamische Republik,Bildungsausländerinnen und Bildungsausländer (Frauen),33
WS 2016/17,Staaten insgesamt,Bildungsausländerinnen und Bildungsausländer (Frauen),2305
WS 2017/18,China,Bildungsausländerinnen und Bildungsausländer (Frauen),68
WS 2017/18,Türkei,Bildungsausländerinnen und Bildungsausländer (Frauen),821
WS 2017/18,Syrien  Arab. Republik,Bildungsausländerinnen und Bildungsausländer (Frauen),34
WS 2017/18,Indien,Bildungsausländerinnen und Bildungsausländer (Frauen),2
WS 2017/18,Iran  Islamische Republik,Bildungsausländerinnen und Bildungsausländer (Frauen),31
WS 2017/18,Staaten insgesamt,Bildungsausländerinnen und Bildungsausländer (Frauen),2284
WS 2018/19,China,Bildungsausländerinnen und Bildungsausländer (Frauen),62
WS 2018/19,Türkei,Bildungsausländerinnen und Bildungsausländer (Frauen),813
WS 2018/19,Syrien  Arab. Republik,Bildungsausländerinnen und Bildungsausländer (Frauen),41
WS 2018/19,Indien,Bildungsausländerinnen und Bildungsausländer (Frauen),2
WS 2018/19,Iran  Islamische Republik,Bildungsausländerinnen und Bildungsausländer (Frauen),34
WS 2018/19,Staaten insgesamt,Bildungsausländerinnen und Bildungsausländer (Frauen),2321
WS 2019/20,China,Bildungsausländerinnen und Bildungsausländer (Frauen),70
WS 2019/20,Türkei,Bildungsausländerinnen und Bildungsausländer (Frauen),784
WS 2019/20,Syrien  Arab. Republik,Bildungsausländerinnen und Bildungsausländer (Frauen),56
WS 2019/20,Indien,Bildungsausländerinnen und Bildungsausländer (Frauen),1
WS 2019/20,Iran  Islamische Republik,Bildungsausländerinnen und Bildungsausländer (Frauen),28
WS 2019/20,Staaten insgesamt,Bildungsausländerinnen und Bildungsausländer (Frauen),2330
