Year,Kategorie,Migrationsstatus,Geschlecht,Units,Value
2022,Erwerbsquote,Insgesamt,Männer,%,85.2068871234791
2022,Erwerbsquote,Insgesamt,Frauen ,%,76.2969691837504
2022,Erwerbsquote,Insgesamt,Insgesamt,%,80.7821780096305
2021,Erwerbsquote,Insgesamt,Männer,%,83.7694720652952
2021,Erwerbsquote,Insgesamt,Frauen ,%,74.1246012093738
2021,Erwerbsquote,Insgesamt,Insgesamt,%,78.9934619420454
2019,Erwerbsquote,Insgesamt,Männer,%,83.03
2019,Erwerbsquote,Insgesamt,Frauen ,%,73.76
2019,Erwerbsquote,Insgesamt,Insgesamt,%,78.46
2018,Erwerbsquote,Insgesamt,Männer,%,82.14
2018,Erwerbsquote,Insgesamt,Frauen ,%,73.53
2018,Erwerbsquote,Insgesamt,Insgesamt,%,77.91
2017,Erwerbsquote,Insgesamt,Männer,%,81.61
2017,Erwerbsquote,Insgesamt,Frauen ,%,72.73
2017,Erwerbsquote,Insgesamt,Insgesamt,%,77.26
2016,Erwerbsquote,Insgesamt,Männer,%,81.13
2016,Erwerbsquote,Insgesamt,Frauen ,%,71.46
2016,Erwerbsquote,Insgesamt,Insgesamt,%,76.38
2015,Erwerbsquote,Insgesamt,Männer,%,81.4
2015,Erwerbsquote,Insgesamt,Frauen ,%,71.95
2015,Erwerbsquote,Insgesamt,Insgesamt,%,76.71
2014,Erwerbsquote,Insgesamt,Männer,%,82.1
2014,Erwerbsquote,Insgesamt,Frauen ,%,71.74
2014,Erwerbsquote,Insgesamt,Insgesamt,%,76.96
2013,Erwerbsquote,Insgesamt,Männer,%,82.15
2013,Erwerbsquote,Insgesamt,Frauen ,%,71.68
2013,Erwerbsquote,Insgesamt,Insgesamt,%,76.93
2012,Erwerbsquote,Insgesamt,Männer,%,81.54
2012,Erwerbsquote,Insgesamt,Frauen ,%,70.56
2012,Erwerbsquote,Insgesamt,Insgesamt,%,76.09
2011,Erwerbsquote,Insgesamt,Männer,%,81.68
2011,Erwerbsquote,Insgesamt,Frauen ,%,70.57
2011,Erwerbsquote,Insgesamt,Insgesamt,%,76.15
2005,Erwerbsquote,Insgesamt,Männer,%,79.62
2005,Erwerbsquote,Insgesamt,Frauen ,%,64.12
2005,Erwerbsquote,Insgesamt,Insgesamt,%,71.94
2022,Erwerbsquote,ohne Migrationshintergrund,Männer,%,87.2538307380806
2022,Erwerbsquote,ohne Migrationshintergrund,Frauen ,%,80.4426953708312
2022,Erwerbsquote,ohne Migrationshintergrund,Insgesamt,%,83.8504247706446
2021,Erwerbsquote,ohne Migrationshintergrund,Männer,%,85.835447663258
2021,Erwerbsquote,ohne Migrationshintergrund,Frauen ,%,78.0162956706256
2021,Erwerbsquote,ohne Migrationshintergrund,Insgesamt,%,81.9273510763995
2019,Erwerbsquote,ohne Migrationshintergrund,Männer,%,84.49
2019,Erwerbsquote,ohne Migrationshintergrund,Frauen ,%,76.93
2019,Erwerbsquote,ohne Migrationshintergrund,Insgesamt,%,80.72
2018,Erwerbsquote,ohne Migrationshintergrund,Männer,%,83.7
2018,Erwerbsquote,ohne Migrationshintergrund,Frauen ,%,76.65
2018,Erwerbsquote,ohne Migrationshintergrund,Insgesamt,%,80.2
2017,Erwerbsquote,ohne Migrationshintergrund,Männer,%,83.41
2017,Erwerbsquote,ohne Migrationshintergrund,Frauen ,%,75.9
2017,Erwerbsquote,ohne Migrationshintergrund,Insgesamt,%,79.69
2016,Erwerbsquote,ohne Migrationshintergrund,Männer,%,82.69
2016,Erwerbsquote,ohne Migrationshintergrund,Frauen ,%,74.22
2016,Erwerbsquote,ohne Migrationshintergrund,Insgesamt,%,78.49
2015,Erwerbsquote,ohne Migrationshintergrund,Männer,%,82.38
2015,Erwerbsquote,ohne Migrationshintergrund,Frauen ,%,74.43
2015,Erwerbsquote,ohne Migrationshintergrund,Insgesamt,%,78.43
2014,Erwerbsquote,ohne Migrationshintergrund,Männer,%,83.01
2014,Erwerbsquote,ohne Migrationshintergrund,Frauen ,%,74.0
2014,Erwerbsquote,ohne Migrationshintergrund,Insgesamt,%,78.53
2013,Erwerbsquote,ohne Migrationshintergrund,Männer,%,83.06
2013,Erwerbsquote,ohne Migrationshintergrund,Frauen ,%,73.74
2013,Erwerbsquote,ohne Migrationshintergrund,Insgesamt,%,78.42
2012,Erwerbsquote,ohne Migrationshintergrund,Männer,%,82.19
2012,Erwerbsquote,ohne Migrationshintergrund,Frauen ,%,72.46
2012,Erwerbsquote,ohne Migrationshintergrund,Insgesamt,%,77.37
2011,Erwerbsquote,ohne Migrationshintergrund,Männer,%,82.3
2011,Erwerbsquote,ohne Migrationshintergrund,Frauen ,%,72.46
2011,Erwerbsquote,ohne Migrationshintergrund,Insgesamt,%,77.42
2005,Erwerbsquote,ohne Migrationshintergrund,Männer,%,80.35
2005,Erwerbsquote,ohne Migrationshintergrund,Frauen ,%,65.97
2005,Erwerbsquote,ohne Migrationshintergrund,Insgesamt,%,73.21
2022,Erwerbsquote,mit Migrationshintergrund,Männer,%,79.5790493007889
2022,Erwerbsquote,mit Migrationshintergrund,Frauen ,%,64.3499566737383
2022,Erwerbsquote,mit Migrationshintergrund,Insgesamt,%,72.1477733383884
2021,Erwerbsquote,mit Migrationshintergrund,Männer,%,77.8983546617916
2021,Erwerbsquote,mit Migrationshintergrund,Frauen ,%,62.2220122220122
2021,Erwerbsquote,mit Migrationshintergrund,Insgesamt,%,70.3504288411809
2019,Erwerbsquote,mit Migrationshintergrund,Männer,%,78.47
2019,Erwerbsquote,mit Migrationshintergrund,Frauen ,%,62.96
2019,Erwerbsquote,mit Migrationshintergrund,Insgesamt,%,71.08
2018,Erwerbsquote,mit Migrationshintergrund,Männer,%,76.77
2018,Erwerbsquote,mit Migrationshintergrund,Frauen ,%,61.86
2018,Erwerbsquote,mit Migrationshintergrund,Insgesamt,%,69.68
2017,Erwerbsquote,mit Migrationshintergrund,Männer,%,75.95
2017,Erwerbsquote,mit Migrationshintergrund,Frauen ,%,61.84
2017,Erwerbsquote,mit Migrationshintergrund,Insgesamt,%,69.27
2016,Erwerbsquote,mit Migrationshintergrund,Männer,%,75.3
2016,Erwerbsquote,mit Migrationshintergrund,Frauen ,%,60.19
2016,Erwerbsquote,mit Migrationshintergrund,Insgesamt,%,68.15
2015,Erwerbsquote,mit Migrationshintergrund,Männer,%,77.13
2015,Erwerbsquote,mit Migrationshintergrund,Frauen ,%,61.02
2015,Erwerbsquote,mit Migrationshintergrund,Insgesamt,%,69.17
2014,Erwerbsquote,mit Migrationshintergrund,Männer,%,78.0
2014,Erwerbsquote,mit Migrationshintergrund,Frauen ,%,61.62
2014,Erwerbsquote,mit Migrationshintergrund,Insgesamt,%,69.82
2013,Erwerbsquote,mit Migrationshintergrund,Männer,%,78.29
2013,Erwerbsquote,mit Migrationshintergrund,Frauen ,%,62.97
2013,Erwerbsquote,mit Migrationshintergrund,Insgesamt,%,70.66
2012,Erwerbsquote,mit Migrationshintergrund,Männer,%,78.41
2012,Erwerbsquote,mit Migrationshintergrund,Frauen ,%,61.59
2012,Erwerbsquote,mit Migrationshintergrund,Insgesamt,%,70.0
2011,Erwerbsquote,mit Migrationshintergrund,Männer,%,78.6
2011,Erwerbsquote,mit Migrationshintergrund,Frauen ,%,61.52
2011,Erwerbsquote,mit Migrationshintergrund,Insgesamt,%,69.98
2005,Erwerbsquote,mit Migrationshintergrund,Männer,%,75.94
2005,Erwerbsquote,mit Migrationshintergrund,Frauen ,%,54.55
2005,Erwerbsquote,mit Migrationshintergrund,Insgesamt,%,65.45
2022,Erwerbsquote,mit Migrationshintergrund und eigener Migrationserfahrung,Männer,%,82.848715509039
2022,Erwerbsquote,mit Migrationshintergrund und eigener Migrationserfahrung,Frauen ,%,63.9529393247816
2022,Erwerbsquote,mit Migrationshintergrund und eigener Migrationserfahrung,Insgesamt,%,73.5582038731645
2021,Erwerbsquote,mit Migrationshintergrund und eigener Migrationserfahrung,Männer,%,80.7613475812389
2021,Erwerbsquote,mit Migrationshintergrund und eigener Migrationserfahrung,Frauen ,%,62.1191940973764
2021,Erwerbsquote,mit Migrationshintergrund und eigener Migrationserfahrung,Insgesamt,%,71.7223281464625
2019,Erwerbsquote,mit Migrationshintergrund und eigener Migrationserfahrung,Männer,%,81.79
2019,Erwerbsquote,mit Migrationshintergrund und eigener Migrationserfahrung,Frauen ,%,63.49
2019,Erwerbsquote,mit Migrationshintergrund und eigener Migrationserfahrung,Insgesamt,%,73.02
2018,Erwerbsquote,mit Migrationshintergrund und eigener Migrationserfahrung,Männer,%,80.5
2018,Erwerbsquote,mit Migrationshintergrund und eigener Migrationserfahrung,Frauen ,%,63.85
2018,Erwerbsquote,mit Migrationshintergrund und eigener Migrationserfahrung,Insgesamt,%,72.51
2017,Erwerbsquote,mit Migrationshintergrund und eigener Migrationserfahrung,Männer,%,78.46
2017,Erwerbsquote,mit Migrationshintergrund und eigener Migrationserfahrung,Frauen ,%,62.82
2017,Erwerbsquote,mit Migrationshintergrund und eigener Migrationserfahrung,Insgesamt,%,71.04
2016,Erwerbsquote,mit Migrationshintergrund und eigener Migrationserfahrung,Männer,%,78.64
2016,Erwerbsquote,mit Migrationshintergrund und eigener Migrationserfahrung,Frauen ,%,62.56
2016,Erwerbsquote,mit Migrationshintergrund und eigener Migrationserfahrung,Insgesamt,%,70.95
2015,Erwerbsquote,mit Migrationshintergrund und eigener Migrationserfahrung,Männer,%,81.93
2015,Erwerbsquote,mit Migrationshintergrund und eigener Migrationserfahrung,Frauen ,%,64.28
2015,Erwerbsquote,mit Migrationshintergrund und eigener Migrationserfahrung,Insgesamt,%,73.09
2014,Erwerbsquote,mit Migrationshintergrund und eigener Migrationserfahrung,Männer,%,83.32
2014,Erwerbsquote,mit Migrationshintergrund und eigener Migrationserfahrung,Frauen ,%,65.09
2014,Erwerbsquote,mit Migrationshintergrund und eigener Migrationserfahrung,Insgesamt,%,74.12
2013,Erwerbsquote,mit Migrationshintergrund und eigener Migrationserfahrung,Männer,%,83.11
2013,Erwerbsquote,mit Migrationshintergrund und eigener Migrationserfahrung,Frauen ,%,65.9
2013,Erwerbsquote,mit Migrationshintergrund und eigener Migrationserfahrung,Insgesamt,%,74.45
2012,Erwerbsquote,mit Migrationshintergrund und eigener Migrationserfahrung,Männer,%,83.76
2012,Erwerbsquote,mit Migrationshintergrund und eigener Migrationserfahrung,Frauen ,%,64.57
2012,Erwerbsquote,mit Migrationshintergrund und eigener Migrationserfahrung,Insgesamt,%,73.99
2011,Erwerbsquote,mit Migrationshintergrund und eigener Migrationserfahrung,Männer,%,84.19
2011,Erwerbsquote,mit Migrationshintergrund und eigener Migrationserfahrung,Frauen ,%,64.0
2011,Erwerbsquote,mit Migrationshintergrund und eigener Migrationserfahrung,Insgesamt,%,73.77
2005,Erwerbsquote,mit Migrationshintergrund und eigener Migrationserfahrung,Männer,%,78.64
2005,Erwerbsquote,mit Migrationshintergrund und eigener Migrationserfahrung,Frauen ,%,55.86
2005,Erwerbsquote,mit Migrationshintergrund und eigener Migrationserfahrung,Insgesamt,%,67.29
2022,Erwerbsquote,mit Migrationshintergrund und ohne eigene Migrationserfahrung,Männer,%,69.8579754427658
2022,Erwerbsquote,mit Migrationshintergrund und ohne eigene Migrationserfahrung,Frauen ,%,65.6069543619994
2022,Erwerbsquote,mit Migrationshintergrund und ohne eigene Migrationserfahrung,Insgesamt,%,67.8311326899165
2021,Erwerbsquote,mit Migrationshintergrund und ohne eigene Migrationserfahrung,Männer,%,69.959165655005
2021,Erwerbsquote,mit Migrationshintergrund und ohne eigene Migrationserfahrung,Frauen ,%,62.5223889815329
2021,Erwerbsquote,mit Migrationshintergrund und ohne eigene Migrationserfahrung,Insgesamt,%,66.4500335149943
2019,Erwerbsquote,mit Migrationshintergrund und ohne eigene Migrationserfahrung,Männer,%,61.64
2019,Erwerbsquote,mit Migrationshintergrund und ohne eigene Migrationserfahrung,Frauen ,%,52.55
2019,Erwerbsquote,mit Migrationshintergrund und ohne eigene Migrationserfahrung,Insgesamt,%,57.54
2018,Erwerbsquote,mit Migrationshintergrund und ohne eigene Migrationserfahrung,Männer,%,60.37
2018,Erwerbsquote,mit Migrationshintergrund und ohne eigene Migrationserfahrung,Frauen ,%,52.14
2018,Erwerbsquote,mit Migrationshintergrund und ohne eigene Migrationserfahrung,Insgesamt,%,56.62
2017,Erwerbsquote,mit Migrationshintergrund und ohne eigene Migrationserfahrung,Männer,%,60.8
2017,Erwerbsquote,mit Migrationshintergrund und ohne eigene Migrationserfahrung,Frauen ,%,50.81
2017,Erwerbsquote,mit Migrationshintergrund und ohne eigene Migrationserfahrung,Insgesamt,%,56.25
2016,Erwerbsquote,mit Migrationshintergrund und ohne eigene Migrationserfahrung,Männer,%,59.98
2016,Erwerbsquote,mit Migrationshintergrund und ohne eigene Migrationserfahrung,Frauen ,%,47.99
2016,Erwerbsquote,mit Migrationshintergrund und ohne eigene Migrationserfahrung,Insgesamt,%,54.58
2015,Erwerbsquote,mit Migrationshintergrund und ohne eigene Migrationserfahrung,Männer,%,55.23
2015,Erwerbsquote,mit Migrationshintergrund und ohne eigene Migrationserfahrung,Frauen ,%,43.78
2015,Erwerbsquote,mit Migrationshintergrund und ohne eigene Migrationserfahrung,Insgesamt,%,49.92
2014,Erwerbsquote,mit Migrationshintergrund und ohne eigene Migrationserfahrung,Männer,%,54.37
2014,Erwerbsquote,mit Migrationshintergrund und ohne eigene Migrationserfahrung,Frauen ,%,44.17
2014,Erwerbsquote,mit Migrationshintergrund und ohne eigene Migrationserfahrung,Insgesamt,%,49.54
2013,Erwerbsquote,mit Migrationshintergrund und ohne eigene Migrationserfahrung,Männer,%,54.64
2013,Erwerbsquote,mit Migrationshintergrund und ohne eigene Migrationserfahrung,Frauen ,%,43.21
2013,Erwerbsquote,mit Migrationshintergrund und ohne eigene Migrationserfahrung,Insgesamt,%,49.25
2012,Erwerbsquote,mit Migrationshintergrund und ohne eigene Migrationserfahrung,Männer,%,54.19
2012,Erwerbsquote,mit Migrationshintergrund und ohne eigene Migrationserfahrung,Frauen ,%,44.81
2012,Erwerbsquote,mit Migrationshintergrund und ohne eigene Migrationserfahrung,Insgesamt,%,49.93
2011,Erwerbsquote,mit Migrationshintergrund und ohne eigene Migrationserfahrung,Männer,%,54.02
2011,Erwerbsquote,mit Migrationshintergrund und ohne eigene Migrationserfahrung,Frauen ,%,47.35
2011,Erwerbsquote,mit Migrationshintergrund und ohne eigene Migrationserfahrung,Insgesamt,%,51.02
2005,Erwerbsquote,mit Migrationshintergrund und ohne eigene Migrationserfahrung,Männer,%,60.46
2005,Erwerbsquote,mit Migrationshintergrund und ohne eigene Migrationserfahrung,Frauen ,%,44.98
2005,Erwerbsquote,mit Migrationshintergrund und ohne eigene Migrationserfahrung,Insgesamt,%,53.67
2022,Erwerbstätigenquote,Insgesamt,Männer,%,82.5235823978855
2022,Erwerbstätigenquote,Insgesamt,Frauen ,%,74.4205113203335
2022,Erwerbstätigenquote,Insgesamt,Insgesamt,%,78.4995670284003
2021,Erwerbstätigenquote,Insgesamt,Männer,%,80.594554674057
2021,Erwerbstätigenquote,Insgesamt,Frauen ,%,71.973266473643
2021,Erwerbstätigenquote,Insgesamt,Insgesamt,%,76.3255806802502
2019,Erwerbstätigenquote,Insgesamt,Männer,%,80.0
2019,Erwerbstätigenquote,Insgesamt,Frauen ,%,71.85
2019,Erwerbstätigenquote,Insgesamt,Insgesamt,%,75.98
2018,Erwerbstätigenquote,Insgesamt,Männer,%,79.08
2018,Erwerbstätigenquote,Insgesamt,Frauen ,%,71.38
2018,Erwerbstätigenquote,Insgesamt,Insgesamt,%,75.29
2017,Erwerbstätigenquote,Insgesamt,Männer,%,78.13
2017,Erwerbstätigenquote,Insgesamt,Frauen ,%,70.3
2017,Erwerbstätigenquote,Insgesamt,Insgesamt,%,74.29
2016,Erwerbstätigenquote,Insgesamt,Männer,%,77.32
2016,Erwerbstätigenquote,Insgesamt,Frauen ,%,69.0
2016,Erwerbstätigenquote,Insgesamt,Insgesamt,%,73.23
2015,Erwerbstätigenquote,Insgesamt,Männer,%,77.6
2015,Erwerbstätigenquote,Insgesamt,Frauen ,%,69.1
2015,Erwerbstätigenquote,Insgesamt,Insgesamt,%,73.38
2014,Erwerbstätigenquote,Insgesamt,Männer,%,77.85
2014,Erwerbstätigenquote,Insgesamt,Frauen ,%,68.73
2014,Erwerbstätigenquote,Insgesamt,Insgesamt,%,73.32
2013,Erwerbstätigenquote,Insgesamt,Männer,%,77.78
2013,Erwerbstätigenquote,Insgesamt,Frauen ,%,68.43
2013,Erwerbstätigenquote,Insgesamt,Insgesamt,%,73.12
2012,Erwerbstätigenquote,Insgesamt,Männer,%,77.28
2012,Erwerbstätigenquote,Insgesamt,Frauen ,%,67.3
2012,Erwerbstätigenquote,Insgesamt,Insgesamt,%,72.32
2011,Erwerbstätigenquote,Insgesamt,Männer,%,77.15
2011,Erwerbstätigenquote,Insgesamt,Frauen ,%,66.63
2011,Erwerbstätigenquote,Insgesamt,Insgesamt,%,71.92
2005,Erwerbstätigenquote,Insgesamt,Männer,%,70.92
2005,Erwerbstätigenquote,Insgesamt,Frauen ,%,57.68
2005,Erwerbstätigenquote,Insgesamt,Insgesamt,%,64.36
2022,Erwerbstätigenquote,ohne Migrationshintergrund,Männer,%,78.8223826115812
2022,Erwerbstätigenquote,ohne Migrationshintergrund,Frauen ,%,78.8223826115812
2022,Erwerbstätigenquote,ohne Migrationshintergrund,Insgesamt,%,81.9762004078005
2021,Erwerbstätigenquote,ohne Migrationshintergrund,Männer,%,76.1930758850857
2021,Erwerbstätigenquote,ohne Migrationshintergrund,Frauen ,%,76.1930758850857
2021,Erwerbstätigenquote,ohne Migrationshintergrund,Insgesamt,%,79.7645126663251
2019,Erwerbstätigenquote,ohne Migrationshintergrund,Männer,%,82.12
2019,Erwerbstätigenquote,ohne Migrationshintergrund,Frauen ,%,75.37
2019,Erwerbstätigenquote,ohne Migrationshintergrund,Insgesamt,%,78.75
2018,Erwerbstätigenquote,ohne Migrationshintergrund,Männer,%,81.22
2018,Erwerbstätigenquote,ohne Migrationshintergrund,Frauen ,%,74.78
2018,Erwerbstätigenquote,ohne Migrationshintergrund,Insgesamt,%,78.03
2017,Erwerbstätigenquote,ohne Migrationshintergrund,Männer,%,80.69
2017,Erwerbstätigenquote,ohne Migrationshintergrund,Frauen ,%,73.9
2017,Erwerbstätigenquote,ohne Migrationshintergrund,Insgesamt,%,77.33
2016,Erwerbstätigenquote,ohne Migrationshintergrund,Männer,%,79.59
2016,Erwerbstätigenquote,ohne Migrationshintergrund,Frauen ,%,72.01
2016,Erwerbstätigenquote,ohne Migrationshintergrund,Insgesamt,%,75.83
2015,Erwerbstätigenquote,ohne Migrationshintergrund,Männer,%,79.03
2015,Erwerbstätigenquote,ohne Migrationshintergrund,Frauen ,%,71.93
2015,Erwerbstätigenquote,ohne Migrationshintergrund,Insgesamt,%,75.5
2014,Erwerbstätigenquote,ohne Migrationshintergrund,Männer,%,79.19
2014,Erwerbstätigenquote,ohne Migrationshintergrund,Frauen ,%,71.31
2014,Erwerbstätigenquote,ohne Migrationshintergrund,Insgesamt,%,75.28
2013,Erwerbstätigenquote,ohne Migrationshintergrund,Männer,%,79.26
2013,Erwerbstätigenquote,ohne Migrationshintergrund,Frauen ,%,70.65
2013,Erwerbstätigenquote,ohne Migrationshintergrund,Insgesamt,%,74.97
2012,Erwerbstätigenquote,ohne Migrationshintergrund,Männer,%,78.59
2012,Erwerbstätigenquote,ohne Migrationshintergrund,Frauen ,%,69.52
2012,Erwerbstätigenquote,ohne Migrationshintergrund,Insgesamt,%,74.1
2011,Erwerbstätigenquote,ohne Migrationshintergrund,Männer,%,78.44
2011,Erwerbstätigenquote,ohne Migrationshintergrund,Frauen ,%,68.82
2011,Erwerbstätigenquote,ohne Migrationshintergrund,Insgesamt,%,73.66
2005,Erwerbstätigenquote,ohne Migrationshintergrund,Männer,%,72.95
2005,Erwerbstätigenquote,ohne Migrationshintergrund,Frauen ,%,60.09
2005,Erwerbstätigenquote,ohne Migrationshintergrund,Insgesamt,%,66.56
2022,Erwerbstätigenquote,mit Migrationshintergrund,Männer,%,75.3681182535388
2022,Erwerbstätigenquote,mit Migrationshintergrund,Frauen ,%,61.7369348910867
2022,Erwerbstätigenquote,mit Migrationshintergrund,Insgesamt,%,68.7159147248389
2021,Erwerbstätigenquote,mit Migrationshintergrund,Männer,%,72.8131627056673
2021,Erwerbstätigenquote,mit Migrationshintergrund,Frauen ,%,59.0672840672841
2021,Erwerbstätigenquote,mit Migrationshintergrund,Insgesamt,%,66.1947265047358
2019,Erwerbstätigenquote,mit Migrationshintergrund,Männer,%,73.38
2019,Erwerbstätigenquote,mit Migrationshintergrund,Frauen ,%,59.83
2019,Erwerbstätigenquote,mit Migrationshintergrund,Insgesamt,%,66.92
2018,Erwerbstätigenquote,mit Migrationshintergrund,Männer,%,71.7
2018,Erwerbstätigenquote,mit Migrationshintergrund,Frauen ,%,58.62
2018,Erwerbstätigenquote,mit Migrationshintergrund,Insgesamt,%,65.48
2017,Erwerbstätigenquote,mit Migrationshintergrund,Männer,%,70.09
2017,Erwerbstätigenquote,mit Migrationshintergrund,Frauen ,%,57.93
2017,Erwerbstätigenquote,mit Migrationshintergrund,Insgesamt,%,64.34
2016,Erwerbstätigenquote,mit Migrationshintergrund,Männer,%,68.83
2016,Erwerbstätigenquote,mit Migrationshintergrund,Frauen ,%,56.69
2016,Erwerbstätigenquote,mit Migrationshintergrund,Insgesamt,%,63.08
2015,Erwerbstätigenquote,mit Migrationshintergrund,Männer,%,71.38
2015,Erwerbstätigenquote,mit Migrationshintergrund,Frauen ,%,56.65
2015,Erwerbstätigenquote,mit Migrationshintergrund,Insgesamt,%,64.1
2014,Erwerbstätigenquote,mit Migrationshintergrund,Männer,%,71.77
2014,Erwerbstätigenquote,mit Migrationshintergrund,Frauen ,%,57.17
2014,Erwerbstätigenquote,mit Migrationshintergrund,Insgesamt,%,64.48
2013,Erwerbstätigenquote,mit Migrationshintergrund,Männer,%,71.51
2013,Erwerbstätigenquote,mit Migrationshintergrund,Frauen ,%,59.01
2013,Erwerbstätigenquote,mit Migrationshintergrund,Insgesamt,%,65.29
2012,Erwerbstätigenquote,mit Migrationshintergrund,Männer,%,70.98
2012,Erwerbstätigenquote,mit Migrationshintergrund,Frauen ,%,56.8
2012,Erwerbstätigenquote,mit Migrationshintergrund,Insgesamt,%,63.89
2011,Erwerbstätigenquote,mit Migrationshintergrund,Männer,%,70.8
2011,Erwerbstätigenquote,mit Migrationshintergrund,Frauen ,%,56.2
2011,Erwerbstätigenquote,mit Migrationshintergrund,Insgesamt,%,63.43
2005,Erwerbstätigenquote,mit Migrationshintergrund,Männer,%,60.69
2005,Erwerbstätigenquote,mit Migrationshintergrund,Frauen ,%,45.23
2005,Erwerbstätigenquote,mit Migrationshintergrund,Insgesamt,%,53.11
2022,Erwerbstätigenquote,mit Migrationshintergrund und eigener Migrationserfahrung,Männer,%,78.1769743101808
2022,Erwerbstätigenquote,mit Migrationshintergrund und eigener Migrationserfahrung,Frauen ,%,61.1926497206264
2022,Erwerbstätigenquote,mit Migrationshintergrund und eigener Migrationserfahrung,Insgesamt,%,69.8262686451663
2021,Erwerbstätigenquote,mit Migrationshintergrund und eigener Migrationserfahrung,Männer,%,75.4442520844527
2021,Erwerbstätigenquote,mit Migrationshintergrund und eigener Migrationserfahrung,Frauen ,%,58.8063677300691
2021,Erwerbstätigenquote,mit Migrationshintergrund und eigener Migrationserfahrung,Insgesamt,%,67.3770424585358
2019,Erwerbstätigenquote,mit Migrationshintergrund und eigener Migrationserfahrung,Männer,%,76.55
2019,Erwerbstätigenquote,mit Migrationshintergrund und eigener Migrationserfahrung,Frauen ,%,60.43
2019,Erwerbstätigenquote,mit Migrationshintergrund und eigener Migrationserfahrung,Insgesamt,%,68.83
2018,Erwerbstätigenquote,mit Migrationshintergrund und eigener Migrationserfahrung,Männer,%,75.22
2018,Erwerbstätigenquote,mit Migrationshintergrund und eigener Migrationserfahrung,Frauen ,%,60.77
2018,Erwerbstätigenquote,mit Migrationshintergrund und eigener Migrationserfahrung,Insgesamt,%,68.29
2017,Erwerbstätigenquote,mit Migrationshintergrund und eigener Migrationserfahrung,Männer,%,72.44
2017,Erwerbstätigenquote,mit Migrationshintergrund und eigener Migrationserfahrung,Frauen ,%,58.84
2017,Erwerbstätigenquote,mit Migrationshintergrund und eigener Migrationserfahrung,Insgesamt,%,65.99
2016,Erwerbstätigenquote,mit Migrationshintergrund und eigener Migrationserfahrung,Männer,%,72.35
2016,Erwerbstätigenquote,mit Migrationshintergrund und eigener Migrationserfahrung,Frauen ,%,59.06
2016,Erwerbstätigenquote,mit Migrationshintergrund und eigener Migrationserfahrung,Insgesamt,%,65.99
2015,Erwerbstätigenquote,mit Migrationshintergrund und eigener Migrationserfahrung,Männer,%,76.2
2015,Erwerbstätigenquote,mit Migrationshintergrund und eigener Migrationserfahrung,Frauen ,%,59.66
2015,Erwerbstätigenquote,mit Migrationshintergrund und eigener Migrationserfahrung,Insgesamt,%,67.92
2014,Erwerbstätigenquote,mit Migrationshintergrund und eigener Migrationserfahrung,Männer,%,76.75
2014,Erwerbstätigenquote,mit Migrationshintergrund und eigener Migrationserfahrung,Frauen ,%,60.58
2014,Erwerbstätigenquote,mit Migrationshintergrund und eigener Migrationserfahrung,Insgesamt,%,68.59
2013,Erwerbstätigenquote,mit Migrationshintergrund und eigener Migrationserfahrung,Männer,%,76.19
2013,Erwerbstätigenquote,mit Migrationshintergrund und eigener Migrationserfahrung,Frauen ,%,61.98
2013,Erwerbstätigenquote,mit Migrationshintergrund und eigener Migrationserfahrung,Insgesamt,%,69.04
2012,Erwerbstätigenquote,mit Migrationshintergrund und eigener Migrationserfahrung,Männer,%,76.27
2012,Erwerbstätigenquote,mit Migrationshintergrund und eigener Migrationserfahrung,Frauen ,%,59.9
2012,Erwerbstätigenquote,mit Migrationshintergrund und eigener Migrationserfahrung,Insgesamt,%,67.94
2011,Erwerbstätigenquote,mit Migrationshintergrund und eigener Migrationserfahrung,Männer,%,75.84
2011,Erwerbstätigenquote,mit Migrationshintergrund und eigener Migrationserfahrung,Frauen ,%,58.27
2011,Erwerbstätigenquote,mit Migrationshintergrund und eigener Migrationserfahrung,Insgesamt,%,66.77
2005,Erwerbstätigenquote,mit Migrationshintergrund und eigener Migrationserfahrung,Männer,%,63.07
2005,Erwerbstätigenquote,mit Migrationshintergrund und eigener Migrationserfahrung,Frauen ,%,46.05
2005,Erwerbstätigenquote,mit Migrationshintergrund und eigener Migrationserfahrung,Insgesamt,%,54.59
2022,Erwerbstätigenquote,mit Migrationshintergrund und ohne eigene Migrationserfahrung,Männer,%,67.011825949188
2022,Erwerbstätigenquote,mit Migrationshintergrund und ohne eigene Migrationserfahrung,Frauen ,%,63.4585532443341
2022,Erwerbstätigenquote,mit Migrationshintergrund und ohne eigene Migrationserfahrung,Insgesamt,%,65.3176623838001
2021,Erwerbstätigenquote,mit Migrationshintergrund und ohne eigene Migrationserfahrung,Männer,%,65.5170510981128
2021,Erwerbstätigenquote,mit Migrationshintergrund und ohne eigene Migrationserfahrung,Frauen ,%,59.8357111975789
2021,Erwerbstätigenquote,mit Migrationshintergrund und ohne eigene Migrationserfahrung,Insgesamt,%,62.8333284760878
2019,Erwerbstätigenquote,mit Migrationshintergrund und ohne eigene Migrationserfahrung,Männer,%,56.92
2019,Erwerbstätigenquote,mit Migrationshintergrund und ohne eigene Migrationserfahrung,Frauen ,%,48.56
2019,Erwerbstätigenquote,mit Migrationshintergrund und ohne eigene Migrationserfahrung,Insgesamt,%,53.15
2018,Erwerbstätigenquote,mit Migrationshintergrund und ohne eigene Migrationserfahrung,Männer,%,56.17
2018,Erwerbstätigenquote,mit Migrationshintergrund und ohne eigene Migrationserfahrung,Frauen ,%,48.17
2018,Erwerbstätigenquote,mit Migrationshintergrund und ohne eigene Migrationserfahrung,Insgesamt,%,52.53
2017,Erwerbstätigenquote,mit Migrationshintergrund und ohne eigene Migrationserfahrung,Männer,%,54.88
2017,Erwerbstätigenquote,mit Migrationshintergrund und ohne eigene Migrationserfahrung,Frauen ,%,46.49
2017,Erwerbstätigenquote,mit Migrationshintergrund und ohne eigene Migrationserfahrung,Insgesamt,%,51.05
2016,Erwerbstätigenquote,mit Migrationshintergrund und ohne eigene Migrationserfahrung,Männer,%,52.69
2016,Erwerbstätigenquote,mit Migrationshintergrund und ohne eigene Migrationserfahrung,Frauen ,%,44.46
2016,Erwerbstätigenquote,mit Migrationshintergrund und ohne eigene Migrationserfahrung,Insgesamt,%,48.99
2015,Erwerbstätigenquote,mit Migrationshintergrund und ohne eigene Migrationserfahrung,Männer,%,49.39
2015,Erwerbstätigenquote,mit Migrationshintergrund und ohne eigene Migrationserfahrung,Frauen ,%,40.72
2015,Erwerbstätigenquote,mit Migrationshintergrund und ohne eigene Migrationserfahrung,Insgesamt,%,45.37
2014,Erwerbstätigenquote,mit Migrationshintergrund und ohne eigene Migrationserfahrung,Männer,%,49.65
2014,Erwerbstätigenquote,mit Migrationshintergrund und ohne eigene Migrationserfahrung,Frauen ,%,40.03
2014,Erwerbstätigenquote,mit Migrationshintergrund und ohne eigene Migrationserfahrung,Insgesamt,%,45.1
2013,Erwerbstätigenquote,mit Migrationshintergrund und ohne eigene Migrationserfahrung,Männer,%,48.27
2013,Erwerbstätigenquote,mit Migrationshintergrund und ohne eigene Migrationserfahrung,Frauen ,%,39.56
2013,Erwerbstätigenquote,mit Migrationshintergrund und ohne eigene Migrationserfahrung,Insgesamt,%,44.17
2012,Erwerbstätigenquote,mit Migrationshintergrund und ohne eigene Migrationserfahrung,Männer,%,47.02
2012,Erwerbstätigenquote,mit Migrationshintergrund und ohne eigene Migrationserfahrung,Frauen ,%,39.37
2012,Erwerbstätigenquote,mit Migrationshintergrund und ohne eigene Migrationserfahrung,Insgesamt,%,43.54
2011,Erwerbstätigenquote,mit Migrationshintergrund und ohne eigene Migrationserfahrung,Männer,%,48.64
2011,Erwerbstätigenquote,mit Migrationshintergrund und ohne eigene Migrationserfahrung,Frauen ,%,44.41
2011,Erwerbstätigenquote,mit Migrationshintergrund und ohne eigene Migrationserfahrung,Insgesamt,%,46.74
2005,Erwerbstätigenquote,mit Migrationshintergrund und ohne eigene Migrationserfahrung,Männer,%,47.04
2005,Erwerbstätigenquote,mit Migrationshintergrund und ohne eigene Migrationserfahrung,Frauen ,%,39.26
2005,Erwerbstätigenquote,mit Migrationshintergrund und ohne eigene Migrationserfahrung,Insgesamt,%,43.63
2022,Erwerbslosenanteil,Insgesamt,Männer,%,2.68330472559355
2022,Erwerbslosenanteil,Insgesamt,Frauen ,%,1.87645786341696
2022,Erwerbslosenanteil,Insgesamt,Insgesamt,%,2.28241982379107
2021,Erwerbslosenanteil,Insgesamt,Männer,%,3.17453670569962
2021,Erwerbslosenanteil,Insgesamt,Frauen ,%,2.15133473573086
2021,Erwerbslosenanteil,Insgesamt,Insgesamt,%,2.66788126179522
2019,Erwerbslosenanteil,Insgesamt,Männer,%,3.03
2019,Erwerbslosenanteil,Insgesamt,Frauen ,%,1.91
2019,Erwerbslosenanteil,Insgesamt,Insgesamt,%,2.48
2018,Erwerbslosenanteil,Insgesamt,Männer,%,3.06
2018,Erwerbslosenanteil,Insgesamt,Frauen ,%,2.15
2018,Erwerbslosenanteil,Insgesamt,Insgesamt,%,2.62
2017,Erwerbslosenanteil,Insgesamt,Männer,%,3.48
2017,Erwerbslosenanteil,Insgesamt,Frauen ,%,2.43
2017,Erwerbslosenanteil,Insgesamt,Insgesamt,%,2.96
2016,Erwerbslosenanteil,Insgesamt,Männer,%,3.81
2016,Erwerbslosenanteil,Insgesamt,Frauen ,%,2.46
2016,Erwerbslosenanteil,Insgesamt,Insgesamt,%,3.15
2015,Erwerbslosenanteil,Insgesamt,Männer,%,3.8
2015,Erwerbslosenanteil,Insgesamt,Frauen ,%,2.85
2015,Erwerbslosenanteil,Insgesamt,Insgesamt,%,3.33
2014,Erwerbslosenanteil,Insgesamt,Männer,%,4.26
2014,Erwerbslosenanteil,Insgesamt,Frauen ,%,3.01
2014,Erwerbslosenanteil,Insgesamt,Insgesamt,%,3.64
2013,Erwerbslosenanteil,Insgesamt,Männer,%,4.37
2013,Erwerbslosenanteil,Insgesamt,Frauen ,%,3.25
2013,Erwerbslosenanteil,Insgesamt,Insgesamt,%,3.81
2012,Erwerbslosenanteil,Insgesamt,Männer,%,4.26
2012,Erwerbslosenanteil,Insgesamt,Frauen ,%,3.26
2012,Erwerbslosenanteil,Insgesamt,Insgesamt,%,3.76
2011,Erwerbslosenanteil,Insgesamt,Männer,%,4.53
2011,Erwerbslosenanteil,Insgesamt,Frauen ,%,3.93
2011,Erwerbslosenanteil,Insgesamt,Insgesamt,%,4.23
2005,Erwerbslosenanteil,Insgesamt,Männer,%,8.69
2005,Erwerbslosenanteil,Insgesamt,Frauen ,%,6.44
2005,Erwerbslosenanteil,Insgesamt,Insgesamt,%,7.58
2022,Erwerbslosenanteil,ohne Migrationshintergrund,Männer,%,2.12729598309763
2022,Erwerbslosenanteil,ohne Migrationshintergrund,Frauen ,%,1.620831259333
2022,Erwerbslosenanteil,ohne Migrationshintergrund,Insgesamt,%,1.87422436284403
2021,Erwerbslosenanteil,ohne Migrationshintergrund,Männer,%,2.50220010395813
2021,Erwerbslosenanteil,ohne Migrationshintergrund,Frauen ,%,1.82321978553991
2021,Erwerbslosenanteil,ohne Migrationshintergrund,Insgesamt,%,2.16283841007437
2019,Erwerbslosenanteil,ohne Migrationshintergrund,Männer,%,2.37
2019,Erwerbslosenanteil,ohne Migrationshintergrund,Frauen ,%,1.55
2019,Erwerbslosenanteil,ohne Migrationshintergrund,Insgesamt,%,1.96
2018,Erwerbslosenanteil,ohne Migrationshintergrund,Männer,%,2.48
2018,Erwerbslosenanteil,ohne Migrationshintergrund,Frauen ,%,1.87
2018,Erwerbslosenanteil,ohne Migrationshintergrund,Insgesamt,%,2.18
2017,Erwerbslosenanteil,ohne Migrationshintergrund,Männer,%,2.72
2017,Erwerbslosenanteil,ohne Migrationshintergrund,Frauen ,%,2.0
2017,Erwerbslosenanteil,ohne Migrationshintergrund,Insgesamt,%,2.36
2016,Erwerbslosenanteil,ohne Migrationshintergrund,Männer,%,3.1
2016,Erwerbslosenanteil,ohne Migrationshintergrund,Frauen ,%,2.2
2016,Erwerbslosenanteil,ohne Migrationshintergrund,Insgesamt,%,2.65
2015,Erwerbslosenanteil,ohne Migrationshintergrund,Männer,%,3.36
2015,Erwerbslosenanteil,ohne Migrationshintergrund,Frauen ,%,2.5
2015,Erwerbslosenanteil,ohne Migrationshintergrund,Insgesamt,%,2.93
2014,Erwerbslosenanteil,ohne Migrationshintergrund,Männer,%,3.82
2014,Erwerbslosenanteil,ohne Migrationshintergrund,Frauen ,%,2.69
2014,Erwerbslosenanteil,ohne Migrationshintergrund,Insgesamt,%,3.26
2013,Erwerbslosenanteil,ohne Migrationshintergrund,Männer,%,3.8
2013,Erwerbslosenanteil,ohne Migrationshintergrund,Frauen ,%,3.08
2013,Erwerbslosenanteil,ohne Migrationshintergrund,Insgesamt,%,3.44
2012,Erwerbslosenanteil,ohne Migrationshintergrund,Männer,%,3.6
2012,Erwerbslosenanteil,ohne Migrationshintergrund,Frauen ,%,2.94
2012,Erwerbslosenanteil,ohne Migrationshintergrund,Insgesamt,%,3.27
2011,Erwerbslosenanteil,ohne Migrationshintergrund,Männer,%,3.87
2011,Erwerbslosenanteil,ohne Migrationshintergrund,Frauen ,%,3.65
2011,Erwerbslosenanteil,ohne Migrationshintergrund,Insgesamt,%,3.76
2005,Erwerbslosenanteil,ohne Migrationshintergrund,Männer,%,7.39
2005,Erwerbslosenanteil,ohne Migrationshintergrund,Frauen ,%,5.89
2005,Erwerbslosenanteil,ohne Migrationshintergrund,Insgesamt,%,6.65
2022,Erwerbslosenanteil,mit Migrationshintergrund,Männer,%,4.21093104725015
2022,Erwerbslosenanteil,mit Migrationshintergrund,Frauen ,%,2.61302178265157
2022,Erwerbslosenanteil,mit Migrationshintergrund,Insgesamt,%,3.43112951675464
2021,Erwerbslosenanteil,mit Migrationshintergrund,Männer,%,5.08519195612431
2021,Erwerbslosenanteil,mit Migrationshintergrund,Frauen ,%,3.15472815472816
2021,Erwerbslosenanteil,mit Migrationshintergrund,Insgesamt,%,4.15570233644505
2019,Erwerbslosenanteil,mit Migrationshintergrund,Männer,%,5.09
2019,Erwerbslosenanteil,mit Migrationshintergrund,Frauen ,%,3.13
2019,Erwerbslosenanteil,mit Migrationshintergrund,Insgesamt,%,4.16
2018,Erwerbslosenanteil,mit Migrationshintergrund,Männer,%,5.08
2018,Erwerbslosenanteil,mit Migrationshintergrund,Frauen ,%,3.23
2018,Erwerbslosenanteil,mit Migrationshintergrund,Insgesamt,%,4.2
2017,Erwerbslosenanteil,mit Migrationshintergrund,Männer,%,5.85
2017,Erwerbslosenanteil,mit Migrationshintergrund,Frauen ,%,3.91
2017,Erwerbslosenanteil,mit Migrationshintergrund,Insgesamt,%,4.93
2016,Erwerbslosenanteil,mit Migrationshintergrund,Männer,%,6.47
2016,Erwerbslosenanteil,mit Migrationshintergrund,Frauen ,%,3.5
2016,Erwerbslosenanteil,mit Migrationshintergrund,Insgesamt,%,5.07
2015,Erwerbslosenanteil,mit Migrationshintergrund,Männer,%,5.75
2015,Erwerbslosenanteil,mit Migrationshintergrund,Frauen ,%,4.37
2015,Erwerbslosenanteil,mit Migrationshintergrund,Insgesamt,%,5.07
2014,Erwerbslosenanteil,mit Migrationshintergrund,Männer,%,6.23
2014,Erwerbslosenanteil,mit Migrationshintergrund,Frauen ,%,4.45
2014,Erwerbslosenanteil,mit Migrationshintergrund,Insgesamt,%,5.34
2013,Erwerbslosenanteil,mit Migrationshintergrund,Männer,%,6.78
2013,Erwerbslosenanteil,mit Migrationshintergrund,Frauen ,%,3.97
2013,Erwerbslosenanteil,mit Migrationshintergrund,Insgesamt,%,5.38
2012,Erwerbslosenanteil,mit Migrationshintergrund,Männer,%,7.43
2012,Erwerbslosenanteil,mit Migrationshintergrund,Frauen ,%,4.79
2012,Erwerbslosenanteil,mit Migrationshintergrund,Insgesamt,%,6.11
2011,Erwerbslosenanteil,mit Migrationshintergrund,Männer,%,7.8
2011,Erwerbslosenanteil,mit Migrationshintergrund,Frauen ,%,5.32
2011,Erwerbslosenanteil,mit Migrationshintergrund,Insgesamt,%,6.55
2005,Erwerbslosenanteil,mit Migrationshintergrund,Männer,%,15.25
2005,Erwerbslosenanteil,mit Migrationshintergrund,Frauen ,%,9.32
2005,Erwerbslosenanteil,mit Migrationshintergrund,Insgesamt,%,12.34
2022,Erwerbslosenanteil,mit Migrationshintergrund und eigener Migrationserfahrung,Männer,%,4.67174119885823
2022,Erwerbslosenanteil,mit Migrationshintergrund und eigener Migrationserfahrung,Frauen ,%,2.76028960415519
2022,Erwerbslosenanteil,mit Migrationshintergrund und eigener Migrationserfahrung,Insgesamt,%,3.73193522799822
2021,Erwerbslosenanteil,mit Migrationshintergrund und eigener Migrationserfahrung,Männer,%,5.31709549678626
2021,Erwerbslosenanteil,mit Migrationshintergrund und eigener Migrationserfahrung,Frauen ,%,3.31282636730724
2021,Erwerbslosenanteil,mit Migrationshintergrund und eigener Migrationserfahrung,Insgesamt,%,4.34528568792669
2019,Erwerbslosenanteil,mit Migrationshintergrund und eigener Migrationserfahrung,Männer,%,5.24
2019,Erwerbslosenanteil,mit Migrationshintergrund und eigener Migrationserfahrung,Frauen ,%,3.06
2019,Erwerbslosenanteil,mit Migrationshintergrund und eigener Migrationserfahrung,Insgesamt,%,4.2
2018,Erwerbslosenanteil,mit Migrationshintergrund und eigener Migrationserfahrung,Männer,%,5.27
2018,Erwerbslosenanteil,mit Migrationshintergrund und eigener Migrationserfahrung,Frauen ,%,3.08
2018,Erwerbslosenanteil,mit Migrationshintergrund und eigener Migrationserfahrung,Insgesamt,%,4.22
2017,Erwerbslosenanteil,mit Migrationshintergrund und eigener Migrationserfahrung,Männer,%,6.02
2017,Erwerbslosenanteil,mit Migrationshintergrund und eigener Migrationserfahrung,Frauen ,%,3.98
2017,Erwerbslosenanteil,mit Migrationshintergrund und eigener Migrationserfahrung,Insgesamt,%,5.05
2016,Erwerbslosenanteil,mit Migrationshintergrund und eigener Migrationserfahrung,Männer,%,6.29
2016,Erwerbslosenanteil,mit Migrationshintergrund und eigener Migrationserfahrung,Frauen ,%,3.5
2016,Erwerbslosenanteil,mit Migrationshintergrund und eigener Migrationserfahrung,Insgesamt,%,4.96
2015,Erwerbslosenanteil,mit Migrationshintergrund und eigener Migrationserfahrung,Männer,%,5.73
2015,Erwerbslosenanteil,mit Migrationshintergrund und eigener Migrationserfahrung,Frauen ,%,4.62
2015,Erwerbslosenanteil,mit Migrationshintergrund und eigener Migrationserfahrung,Insgesamt,%,5.17
2014,Erwerbslosenanteil,mit Migrationshintergrund und eigener Migrationserfahrung,Männer,%,6.57
2014,Erwerbslosenanteil,mit Migrationshintergrund und eigener Migrationserfahrung,Frauen ,%,4.52
2014,Erwerbslosenanteil,mit Migrationshintergrund und eigener Migrationserfahrung,Insgesamt,%,5.53
2013,Erwerbslosenanteil,mit Migrationshintergrund und eigener Migrationserfahrung,Männer,%,6.92
2013,Erwerbslosenanteil,mit Migrationshintergrund und eigener Migrationserfahrung,Frauen ,%,3.92
2013,Erwerbslosenanteil,mit Migrationshintergrund und eigener Migrationserfahrung,Insgesamt,%,5.41
2012,Erwerbslosenanteil,mit Migrationshintergrund und eigener Migrationserfahrung,Männer,%,7.49
2012,Erwerbslosenanteil,mit Migrationshintergrund und eigener Migrationserfahrung,Frauen ,%,4.67
2012,Erwerbslosenanteil,mit Migrationshintergrund und eigener Migrationserfahrung,Insgesamt,%,6.06
2011,Erwerbslosenanteil,mit Migrationshintergrund und eigener Migrationserfahrung,Männer,%,8.35
2011,Erwerbslosenanteil,mit Migrationshintergrund und eigener Migrationserfahrung,Frauen ,%,5.73
2011,Erwerbslosenanteil,mit Migrationshintergrund und eigener Migrationserfahrung,Insgesamt,%,7.0
2005,Erwerbslosenanteil,mit Migrationshintergrund und eigener Migrationserfahrung,Männer,%,15.57
2005,Erwerbslosenanteil,mit Migrationshintergrund und eigener Migrationserfahrung,Frauen ,%,9.81
2005,Erwerbslosenanteil,mit Migrationshintergrund und eigener Migrationserfahrung,Insgesamt,%,12.7
2022,Erwerbslosenanteil,mit Migrationshintergrund und ohne eigene Migrationserfahrung,Männer,%,2.84049114468398
2022,Erwerbslosenanteil,mit Migrationshintergrund und ohne eigene Migrationserfahrung,Frauen ,%,2.14840111766532
2022,Erwerbslosenanteil,mit Migrationshintergrund und ohne eigene Migrationserfahrung,Insgesamt,%,2.51050979927764
2021,Erwerbslosenanteil,mit Migrationshintergrund und ohne eigene Migrationserfahrung,Männer,%,4.44211455689218
2021,Erwerbslosenanteil,mit Migrationshintergrund und ohne eigene Migrationserfahrung,Frauen ,%,2.69285405472176
2021,Erwerbslosenanteil,mit Migrationshintergrund und ohne eigene Migrationserfahrung,Insgesamt,%,3.61670503890654
2019,Erwerbslosenanteil,mit Migrationshintergrund und ohne eigene Migrationserfahrung,Männer,%,4.71
2019,Erwerbslosenanteil,mit Migrationshintergrund und ohne eigene Migrationserfahrung,Frauen ,%,3.99
2019,Erwerbslosenanteil,mit Migrationshintergrund und ohne eigene Migrationserfahrung,Insgesamt,%,4.39
2018,Erwerbslosenanteil,mit Migrationshintergrund und ohne eigene Migrationserfahrung,Männer,%,4.2
2018,Erwerbslosenanteil,mit Migrationshintergrund und ohne eigene Migrationserfahrung,Frauen ,%,3.97
2018,Erwerbslosenanteil,mit Migrationshintergrund und ohne eigene Migrationserfahrung,Insgesamt,%,4.1
2017,Erwerbslosenanteil,mit Migrationshintergrund und ohne eigene Migrationserfahrung,Männer,%,5.92
2017,Erwerbslosenanteil,mit Migrationshintergrund und ohne eigene Migrationserfahrung,Frauen ,%,4.32
2017,Erwerbslosenanteil,mit Migrationshintergrund und ohne eigene Migrationserfahrung,Insgesamt,%,5.19
2016,Erwerbslosenanteil,mit Migrationshintergrund und ohne eigene Migrationserfahrung,Männer,%,7.29
2016,Erwerbslosenanteil,mit Migrationshintergrund und ohne eigene Migrationserfahrung,Frauen ,%,3.53
2016,Erwerbslosenanteil,mit Migrationshintergrund und ohne eigene Migrationserfahrung,Insgesamt,%,5.6
2015,Erwerbslosenanteil,mit Migrationshintergrund und ohne eigene Migrationserfahrung,Männer,%,5.84
2015,Erwerbslosenanteil,mit Migrationshintergrund und ohne eigene Migrationserfahrung,Frauen ,%,3.06
2015,Erwerbslosenanteil,mit Migrationshintergrund und ohne eigene Migrationserfahrung,Insgesamt,%,4.55
2014,Erwerbslosenanteil,mit Migrationshintergrund und ohne eigene Migrationserfahrung,Männer,%,4.72
2014,Erwerbslosenanteil,mit Migrationshintergrund und ohne eigene Migrationserfahrung,Frauen ,%,4.14
2014,Erwerbslosenanteil,mit Migrationshintergrund und ohne eigene Migrationserfahrung,Insgesamt,%,4.44
2013,Erwerbslosenanteil,mit Migrationshintergrund und ohne eigene Migrationserfahrung,Männer,%,6.37
2013,Erwerbslosenanteil,mit Migrationshintergrund und ohne eigene Migrationserfahrung,Frauen ,%,3.65
2013,Erwerbslosenanteil,mit Migrationshintergrund und ohne eigene Migrationserfahrung,Insgesamt,%,5.09
2012,Erwerbslosenanteil,mit Migrationshintergrund und ohne eigene Migrationserfahrung,Männer,%,7.17
2012,Erwerbslosenanteil,mit Migrationshintergrund und ohne eigene Migrationserfahrung,Frauen ,%,5.44
2012,Erwerbslosenanteil,mit Migrationshintergrund und ohne eigene Migrationserfahrung,Insgesamt,%,6.38
2011,Erwerbslosenanteil,mit Migrationshintergrund und ohne eigene Migrationserfahrung,Männer,%,5.38
2011,Erwerbslosenanteil,mit Migrationshintergrund und ohne eigene Migrationserfahrung,Frauen ,%,2.94
2011,Erwerbslosenanteil,mit Migrationshintergrund und ohne eigene Migrationserfahrung,Insgesamt,%,4.28
2005,Erwerbslosenanteil,mit Migrationshintergrund und ohne eigene Migrationserfahrung,Männer,%,13.42
2005,Erwerbslosenanteil,mit Migrationshintergrund und ohne eigene Migrationserfahrung,Frauen ,%,5.71
2005,Erwerbslosenanteil,mit Migrationshintergrund und ohne eigene Migrationserfahrung,Insgesamt,%,10.04
