Year,Wirtschaftsabschnitte (WZ 2008) Zusammenfassungen,Geschlecht,Units,Value
2019,Land- und Forstwirtschaft  Fischerei,Insgesamt,in 1000,11.42368
2019,Bergbau und Gewinnung von Steinen und Erden; Verarbeitendes Gewerbe,Insgesamt,in 1000,181.05264
2019,Energieversorgung; Wasserversorgung  Entsorg.  Beseitig. v. Umweltverschmutzungen,Insgesamt,in 1000, 7.8*
2019,Baugewerbe,Insgesamt,in 1000,68.81263
2019,Handel  Instandhaltung und Reparatur von Kfz,Insgesamt,in 1000,130.89983
2019,Verkehr und Lagerei; Information und Kommunikation,Insgesamt,in 1000,67.16394
2019,Gastgewerbe,Insgesamt,in 1000,57.58026
2019,Erbringung von Finanz- und Versicherungsleistungen; Grundstücks- und Wohnungswesen; Freiberufliche  wiss. u. techn. Dienstleistungen; sonst. wirt. Dienstleistungen,Insgesamt,in 1000,92.33568
2019,ÖffentlicheVerwaltung  Verteidigung  Sozialversicherung; Erziehung und Unterricht; Gesundheits- und Sozialwesen,Insgesamt,in 1000,160.67987
2019,Kunst  Unterhaltung und Erholung; Erbringung von sonstigen Dienstleistungen,Insgesamt,in 1000,32.89778
2019,Insgesamt (inkl. sonstiger Abschnitte),Insgesamt,in 1000, 7.7*
2018,Land- und Forstwirtschaft  Fischerei,Insgesamt,in 1000,14.14961
2018,Bergbau und Gewinnung von Steinen und Erden; Verarbeitendes Gewerbe,Insgesamt,in 1000,187.68375
2018,Energieversorgung; Wasserversorgung  Entsorg.  Beseitig. v. Umweltverschmutzungen,Insgesamt,in 1000, 8.9*
2018,Baugewerbe,Insgesamt,in 1000,65.19022
2018,Handel  Instandhaltung und Reparatur von Kfz,Insgesamt,in 1000,129.91822
2018,Verkehr und Lagerei; Information und Kommunikation,Insgesamt,in 1000,61.68477
2018,Gastgewerbe,Insgesamt,in 1000,58.19181
2018,Erbringung von Finanz- und Versicherungsleistungen; Grundstücks- und Wohnungswesen; Freiberufliche  wiss. u. techn. Dienstleistungen; sonst. wirt. Dienstleistungen,Insgesamt,in 1000,87.23781
2018,ÖffentlicheVerwaltung  Verteidigung  Sozialversicherung; Erziehung und Unterricht; Gesundheits- und Sozialwesen,Insgesamt,in 1000,155.93631
2018,Kunst  Unterhaltung und Erholung; Erbringung von sonstigen Dienstleistungen,Insgesamt,in 1000,31.15317
2018,Insgesamt (inkl. sonstiger Abschnitte),Insgesamt,in 1000,805.91227
2017,Land- und Forstwirtschaft  Fischerei,Insgesamt,in 1000,11.42443
2017,Bergbau und Gewinnung von Steinen und Erden; Verarbeitendes Gewerbe,Insgesamt,in 1000,185.04506
2017,Energieversorgung; Wasserversorgung  Entsorg.  Beseitig. v. Umweltverschmutzungen,Insgesamt,in 1000, 8.3*
2017,Baugewerbe,Insgesamt,in 1000,63.57268
2017,Handel  Instandhaltung und Reparatur von Kfz,Insgesamt,in 1000,125.8814
2017,Verkehr und Lagerei; Information und Kommunikation,Insgesamt,in 1000,60.93678
2017,Gastgewerbe,Insgesamt,in 1000,51.63832
2017,Erbringung von Finanz- und Versicherungsleistungen; Grundstücks- und Wohnungswesen; Freiberufliche  wiss. u. techn. Dienstleistungen; sonst. wirt. Dienstleistungen,Insgesamt,in 1000,83.74615
2017,ÖffentlicheVerwaltung  Verteidigung  Sozialversicherung; Erziehung und Unterricht; Gesundheits- und Sozialwesen,Insgesamt,in 1000,153.97228
2017,Kunst  Unterhaltung und Erholung; Erbringung von sonstigen Dienstleistungen,Insgesamt,in 1000,34.12491
2017,Insgesamt (inkl. sonstiger Abschnitte),Insgesamt,in 1000,786.12054
2016,Land- und Forstwirtschaft  Fischerei,Insgesamt,in 1000,11.42641
2016,Bergbau und Gewinnung von Steinen und Erden; Verarbeitendes Gewerbe,Insgesamt,in 1000,162.05356
2016,Energieversorgung; Wasserversorgung  Entsorg.  Beseitig. v. Umweltverschmutzungen,Insgesamt,in 1000, 6.4*
2016,Baugewerbe,Insgesamt,in 1000,52.61318
2016,Handel  Instandhaltung und Reparatur von Kfz,Insgesamt,in 1000,106.77966
2016,Verkehr und Lagerei; Information und Kommunikation,Insgesamt,in 1000,50.4989
2016,Gastgewerbe,Insgesamt,in 1000,48.5409
2016,Erbringung von Finanz- und Versicherungsleistungen; Grundstücks- und Wohnungswesen; Freiberufliche  wiss. u. techn. Dienstleistungen; sonst. wirt. Dienstleistungen,Insgesamt,in 1000,75.9719
2016,ÖffentlicheVerwaltung  Verteidigung  Sozialversicherung; Erziehung und Unterricht; Gesundheits- und Sozialwesen,Insgesamt,in 1000,127.76136
2016,Kunst  Unterhaltung und Erholung; Erbringung von sonstigen Dienstleistungen,Insgesamt,in 1000,27.67761
2016,Insgesamt (inkl. sonstiger Abschnitte),Insgesamt,in 1000,677.16357
2015,Land- und Forstwirtschaft  Fischerei,Insgesamt,in 1000,10.00167
2015,Bergbau und Gewinnung von Steinen und Erden; Verarbeitendes Gewerbe,Insgesamt,in 1000,141.48393
2015,Energieversorgung; Wasserversorgung  Entsorg.  Beseitig. v. Umweltverschmutzungen,Insgesamt,in 1000, 6.8*
2015,Baugewerbe,Insgesamt,in 1000,45.39813
2015,Handel  Instandhaltung und Reparatur von Kfz,Insgesamt,in 1000,100.92942
2015,Verkehr und Lagerei; Information und Kommunikation,Insgesamt,in 1000,44.8455
2015,Gastgewerbe,Insgesamt,in 1000,48.02391
2015,Erbringung von Finanz- und Versicherungsleistungen; Grundstücks- und Wohnungswesen; Freiberufliche  wiss. u. techn. Dienstleistungen; sonst. wirt. Dienstleistungen,Insgesamt,in 1000,68.12898
2015,Öff.Verwaltung  Verteidigung  Sozialversicherung; Erziehung und Unterricht; Gesundheits- und Sozialwesen,Insgesamt,in 1000,118.23508
2015,Kunst  Unterhaltung und Erholung; Erbringung von sonstigen Dienstleistungen,Insgesamt,in 1000,28.68398
2015,Insgesamt (inkl. sonstiger Abschnitte),Insgesamt,in 1000,617.30963
2014,Land- und Forstwirtschaft  Fischerei,Insgesamt,in 1000, 9.6*
2014,Bergbau und Gewinnung von Steinen und Erden; Verarbeitendes Gewerbe,Insgesamt,in 1000,134.3787
2014,Energieversorgung; Wasserversorgung  Entsorg.  Beseitig. v. Umweltverschmutzungen,Insgesamt,in 1000, 6.9*
2014,Baugewerbe,Insgesamt,in 1000,47.16467
2014,Handel  Instandhaltung und Reparatur von Kfz,Insgesamt,in 1000,98.40937
2014,Verkehr und Lagerei; Information und Kommunikation,Insgesamt,in 1000,41.79382
2014,Gastgewerbe,Insgesamt,in 1000,43.57618
2014,Erbringung von Finanz- und Versicherungsleistungen; Grundstücks- und Wohnungswesen; Freiberufliche  wiss. u. techn. Dienstleistungen; sonst. wirt. Dienstleistungen,Insgesamt,in 1000,67.51069
2014,ÖffentlicheVerwaltung  Verteidigung  Sozialversicherung; Erziehung und Unterricht; Gesundheits- und Sozialwesen,Insgesamt,in 1000,115.81437
2014,Kunst  Unterhaltung und Erholung; Erbringung von sonstigen Dienstleistungen,Insgesamt,in 1000,28.58216
2014,Insgesamt (inkl. sonstiger Abschnitte),Insgesamt,in 1000,599.417
2013,Land- und Forstwirtschaft  Fischerei,Insgesamt,in 1000, 8.1*
2013,Bergbau und Gewinnung von Steinen und Erden; Verarbeitendes Gewerbe,Insgesamt,in 1000,129.34106
2013,Energieversorgung; Wasserversorgung  Entsorg.  Beseitig. v. Umweltverschmutzungen,Insgesamt,in 1000, 7.5*
2013,Baugewerbe,Insgesamt,in 1000,44.42089
2013,Handel  Instandhaltung und Reparatur von Kfz,Insgesamt,in 1000,102.08666
2013,Verkehr und Lagerei; Information und Kommunikation,Insgesamt,in 1000,42.455
2013,Gastgewerbe,Insgesamt,in 1000,47.83908
2013,Erbringung von Finanz- und Versicherungsleistungen; Grundstücks- und Wohnungswesen; Freiberufliche  wiss. u. techn. Dienstleistungen; sonst. wirt. Dienstleistungen,Insgesamt,in 1000,71.11767
2013,ÖffentlicheVerwaltung  Verteidigung  Sozialversicherung; Erziehung und Unterricht; Gesundheits- und Sozialwesen,Insgesamt,in 1000,111.62261
2013,Kunst  Unterhaltung und Erholung; Erbringung von sonstigen Dienstleistungen,Insgesamt,in 1000,30.32854
2013,Insgesamt (inkl. sonstiger Abschnitte),Insgesamt,in 1000,600.97931
2012,Land- und Forstwirtschaft  Fischerei,Insgesamt,in 1000, 7.1*
2012,Bergbau und Gewinnung von Steinen und Erden; Verarbeitendes Gewerbe,Insgesamt,in 1000,131.66736
2012,Energieversorgung; Wasserversorgung  Entsorg.  Beseitig. v. Umweltverschmutzungen,Insgesamt,in 1000, 6.7*
2012,Baugewerbe,Insgesamt,in 1000,40.42969
2012,Handel  Instandhaltung und Reparatur von Kfz,Insgesamt,in 1000,83.40251
2012,Verkehr und Lagerei; Information und Kommunikation,Insgesamt,in 1000,39.50961
2012,Gastgewerbe,Insgesamt,in 1000,45.34827
2012,Erbringung von Finanz- und Versicherungsleistungen; Grundstücks- und Wohnungswesen; Freiberufliche  wiss. u. techn. Dienstleistungen; sonst. wirt. Dienstleistungen,Insgesamt,in 1000,64.83805
2012,Öff.Verwaltung  Verteidigung  Sozialversicherung; Erziehung und Unterricht; Gesundheits- und Sozialwesen,Insgesamt,in 1000,107.72747
2012,Kunst  Unterhaltung und Erholung; Erbringung von sonstigen Dienstleistungen,Insgesamt,in 1000,31.068
2012,Insgesamt (inkl. sonstiger Abschnitte),Insgesamt,in 1000,565.63011
2011,Land- und Forstwirtschaft  Fischerei,Insgesamt,in 1000, 9.8*
2011,Bergbau und Gewinnung von Steinen und Erden; Verarbeitendes Gewerbe,Insgesamt,in 1000,127.25463
2011,Energieversorgung; Wasserversorgung  Entsorg.  Beseitig. v. Umweltverschmutzungen,Insgesamt,in 1000, 7.4*
2011,Baugewerbe,Insgesamt,in 1000,41.39158
2011,Handel  Instandhaltung und Reparatur von Kfz,Insgesamt,in 1000,86.49311
2011,Verkehr und Lagerei; Information und Kommunikation,Insgesamt,in 1000,35.64328
2011,Gastgewerbe,Insgesamt,in 1000,43.4605
2011,Erbringung von Finanz- und Versicherungsleistungen; Grundstücks- und Wohnungswesen; Freiberufliche  wiss. u. techn. Dienstleistungen; sonst. wirt. Dienstleistungen,Insgesamt,in 1000,65.77005
2011,Öff.Verwaltung  Verteidigung  Sozialversicherung; Erziehung und Unterricht; Gesundheits- und Sozialwesen,Insgesamt,in 1000,101.65639
2011,Kunst  Unterhaltung und Erholung; Erbringung von sonstigen Dienstleistungen,Insgesamt,in 1000,23.8918
2011,Insgesamt (inkl. sonstiger Abschnitte),Insgesamt,in 1000,548.69433
2010,Land- und Forstwirtschaft  Fischerei,Insgesamt,in 1000, 7.9*
2010,Bergbau und Gewinnung von Steinen und Erden; Verarbeitendes Gewerbe,Insgesamt,in 1000,129.84919
2010,Energieversorgung; Wasserversorgung  Entsorg.  Beseitig. v. Umweltverschmutzungen,Insgesamt,in 1000, 6.1*
2010,Baugewerbe,Insgesamt,in 1000,38.96301
2010,Handel  Instandhaltung und Reparatur von Kfz,Insgesamt,in 1000,83.05168
2010,Verkehr und Lagerei; Information und Kommunikation,Insgesamt,in 1000,36.23751
2010,Gastgewerbe,Insgesamt,in 1000,43.08923
2010,Erbringung von Finanz- und Versicherungsleistungen; Grundstücks- und Wohnungswesen; Freiberufliche  wiss. u. techn. Dienstleistungen; sonst. wirt. Dienstleistungen,Insgesamt,in 1000,66.08848
2010,Öff.Verwaltung  Verteidigung  Sozialversicherung; Erziehung und Unterricht; Gesundheits- und Sozialwesen,Insgesamt,in 1000,110.24489
2010,Kunst  Unterhaltung und Erholung; Erbringung von sonstigen Dienstleistungen,Insgesamt,in 1000,25.87738
2010,Insgesamt (inkl. sonstiger Abschnitte),Insgesamt,in 1000,553.26731
2005,Land- und Forstwirtschaft; Fischerei und Fischzucht,Insgesamt,in 1000,11.2
2005,Bergbau und Gewinnung von Steinen und Erden; Verarbeitendes Gewerbe,Insgesamt,in 1000,125.5
2005,Energie- und Wasserversorgung,Insgesamt,in 1000,/
2005,Baugewerbe,Insgesamt,in 1000,30.2
2005,Handel; Instandhaltung und Reparatur von Kraftfahrzeugen und Gebrauchsgütern,Insgesamt,in 1000,69.1
2005,Gastgewerbe,Insgesamt,in 1000,43.5
2005,Verkehr und Nachrichtenübermittlung,Insgesamt,in 1000,20.7
2005,Kredit- und Versicherungsgewerbe; Grundstücks- und Wohnungswesen  Vermietung beweglicher Sachen  Erbringung von wirt.Dienstleistungen  anderweitig nicht genannt,Insgesamt,in 1000,37.9
2005,Öffentliche Verwaltung  Verteidigung  Sozialversicherung; Erziehung und Unterricht; Gesundheits-  Veterinär- und Sozialwesen,Insgesamt,in 1000,79.2
2005,Erbringung von sonstigen öffentlichen und persönlichen Dienstleistungen,Insgesamt,in 1000,31.5
2005,Insgesamt (inkl. sonstiger Abschnitte),Insgesamt,in 1000,455
2019,Land- und Forstwirtschaft  Fischerei,Männer,in 1000, 8.1*
2019,Bergbau und Gewinnung von Steinen und Erden; Verarbeitendes Gewerbe,Männer,in 1000,137.23995
2019,Energieversorgung; Wasserversorgung  Entsorg.  Beseitig. v. Umweltverschmutzungen,Männer,in 1000, 5.9*
2019,Baugewerbe,Männer,in 1000,61.42324
2019,Handel  Instandhaltung und Reparatur von Kfz,Männer,in 1000,70.29412
2019,Verkehr und Lagerei; Information und Kommunikation,Männer,in 1000,54.42498
2019,Gastgewerbe,Männer,in 1000,31.72892
2019,Erbringung von Finanz- und Versicherungsleistungen; Grundstücks- und Wohnungswesen; Freiberufliche  wiss. u. techn. Dienstleistungen; sonst. wirt. Dienstleistungen,Männer,in 1000,43.8466
2019,ÖffentlicheVerwaltung  Verteidigung  Sozialversicherung; Erziehung und Unterricht; Gesundheits- und Sozialwesen,Männer,in 1000,43.38992
2019,Kunst  Unterhaltung und Erholung; Erbringung von sonstigen Dienstleistungen,Männer,in 1000,13.56075
2019,Insgesamt (inkl. sonstiger Abschnitte),Männer,in 1000,/
2018,Land- und Forstwirtschaft  Fischerei,Männer,in 1000, 9.2*
2018,Bergbau und Gewinnung von Steinen und Erden; Verarbeitendes Gewerbe,Männer,in 1000,141.85381
2018,Energieversorgung; Wasserversorgung  Entsorg.  Beseitig. v. Umweltverschmutzungen,Männer,in 1000, 6.9*
2018,Baugewerbe,Männer,in 1000,58.64286
2018,Handel  Instandhaltung und Reparatur von Kfz,Männer,in 1000,67.82863
2018,Verkehr und Lagerei; Information und Kommunikation,Männer,in 1000,50.17224
2018,Gastgewerbe,Männer,in 1000,31.44165
2018,Erbringung von Finanz- und Versicherungsleistungen; Grundstücks- und Wohnungswesen; Freiberufliche  wiss. u. techn. Dienstleistungen; sonst. wirt. Dienstleistungen,Männer,in 1000,40.48726
2018,ÖffentlicheVerwaltung  Verteidigung  Sozialversicherung; Erziehung und Unterricht; Gesundheits- und Sozialwesen,Männer,in 1000,42.32957
2018,Kunst  Unterhaltung und Erholung; Erbringung von sonstigen Dienstleistungen,Männer,in 1000,11.60702
2018,Insgesamt (inkl. sonstiger Abschnitte),Männer,in 1000,460.73617
2017,Land- und Forstwirtschaft  Fischerei,Männer,in 1000, 8.4*
2017,Bergbau und Gewinnung von Steinen und Erden; Verarbeitendes Gewerbe,Männer,in 1000,143.43661
2017,Energieversorgung; Wasserversorgung  Entsorg.  Beseitig. v. Umweltverschmutzungen,Männer,in 1000, 6.5*
2017,Baugewerbe,Männer,in 1000,57.10233
2017,Handel  Instandhaltung und Reparatur von Kfz,Männer,in 1000,65.7515
2017,Verkehr und Lagerei; Information und Kommunikation,Männer,in 1000,48.32745
2017,Gastgewerbe,Männer,in 1000,26.69622
2017,Erbringung von Finanz- und Versicherungsleistungen; Grundstücks- und Wohnungswesen; Freiberufliche  wiss. u. techn. Dienstleistungen; sonst. wirt. Dienstleistungen,Männer,in 1000,39.16312
2017,ÖffentlicheVerwaltung  Verteidigung  Sozialversicherung; Erziehung und Unterricht; Gesundheits- und Sozialwesen,Männer,in 1000,44.20756
2017,Kunst  Unterhaltung und Erholung; Erbringung von sonstigen Dienstleistungen,Männer,in 1000,12.36978
2017,Insgesamt (inkl. sonstiger Abschnitte),Männer,in 1000,452.36585
2016,Land- und Forstwirtschaft  Fischerei,Männer,in 1000, 8.4*
2016,Bergbau und Gewinnung von Steinen und Erden; Verarbeitendes Gewerbe,Männer,in 1000,123.89064
2016,Energieversorgung; Wasserversorgung  Entsorg.  Beseitig. v. Umweltverschmutzungen,Männer,in 1000, 5.2*
2016,Baugewerbe,Männer,in 1000,47.02018
2016,Handel  Instandhaltung und Reparatur von Kfz,Männer,in 1000,59.01031
2016,Verkehr und Lagerei; Information und Kommunikation,Männer,in 1000,39.85748
2016,Gastgewerbe,Männer,in 1000,25.97501
2016,Erbringung von Finanz- und Versicherungsleistungen; Grundstücks- und Wohnungswesen; Freiberufliche  wiss. u. techn. Dienstleistungen; sonst. wirt. Dienstleistungen,Männer,in 1000,34.71445
2016,ÖffentlicheVerwaltung  Verteidigung  Sozialversicherung; Erziehung und Unterricht; Gesundheits- und Sozialwesen,Männer,in 1000,35.62593
2016,Kunst  Unterhaltung und Erholung; Erbringung von sonstigen Dienstleistungen,Männer,in 1000, 9.8*
2016,Insgesamt (inkl. sonstiger Abschnitte),Männer,in 1000,389.66021
2015,Land- und Forstwirtschaft  Fischerei,Männer,in 1000, 7.5*
2015,Bergbau und Gewinnung von Steinen und Erden; Verarbeitendes Gewerbe,Männer,in 1000,106.61516
2015,Energieversorgung; Wasserversorgung  Entsorg.  Beseitig. v. Umweltverschmutzungen,Männer,in 1000, 5.0*
2015,Baugewerbe,Männer,in 1000,42.17635
2015,Handel  Instandhaltung und Reparatur von Kfz,Männer,in 1000,57.30595
2015,Verkehr und Lagerei; Information und Kommunikation,Männer,in 1000,35.54383
2015,Gastgewerbe,Männer,in 1000,24.28513
2015,Erbringung von Finanz- und Versicherungsleistungen; Grundstücks- und Wohnungswesen; Freiberufliche  wiss. u. techn. Dienstleistungen; sonst. wirt. Dienstleistungen,Männer,in 1000,29.16293
2015,Öff.Verwaltung  Verteidigung  Sozialversicherung; Erziehung und Unterricht; Gesundheits- und Sozialwesen,Männer,in 1000,29.30551
2015,Kunst  Unterhaltung und Erholung; Erbringung von sonstigen Dienstleistungen,Männer,in 1000,10.86446
2015,Insgesamt (inkl. sonstiger Abschnitte),Männer,in 1000,348.5413
2014,Land- und Forstwirtschaft  Fischerei,Männer,in 1000, 6.3*
2014,Bergbau und Gewinnung von Steinen und Erden; Verarbeitendes Gewerbe,Männer,in 1000,101.78074
2014,Energieversorgung; Wasserversorgung  Entsorg.  Beseitig. v. Umweltverschmutzungen,Männer,in 1000, 5.3*
2014,Baugewerbe,Männer,in 1000,43.50207
2014,Handel  Instandhaltung und Reparatur von Kfz,Männer,in 1000,54.19261
2014,Verkehr und Lagerei; Information und Kommunikation,Männer,in 1000,32.27196
2014,Gastgewerbe,Männer,in 1000,22.15498
2014,Erbringung von Finanz- und Versicherungsleistungen; Grundstücks- und Wohnungswesen; Freiberufliche  wiss. u. techn. Dienstleistungen; sonst. wirt. Dienstleistungen,Männer,in 1000,29.38483
2014,ÖffentlicheVerwaltung  Verteidigung  Sozialversicherung; Erziehung und Unterricht; Gesundheits- und Sozialwesen,Männer,in 1000,29.18779
2014,Kunst  Unterhaltung und Erholung; Erbringung von sonstigen Dienstleistungen,Männer,in 1000,10.49938
2014,Insgesamt (inkl. sonstiger Abschnitte),Männer,in 1000,335.4823
2013,Land- und Forstwirtschaft  Fischerei,Männer,in 1000, 5.6*
2013,Bergbau und Gewinnung von Steinen und Erden; Verarbeitendes Gewerbe,Männer,in 1000,97.88157
2013,Energieversorgung; Wasserversorgung  Entsorg.  Beseitig. v. Umweltverschmutzungen,Männer,in 1000, 5.0*
2013,Baugewerbe,Männer,in 1000,40.3535
2013,Handel  Instandhaltung und Reparatur von Kfz,Männer,in 1000,56.33749
2013,Verkehr und Lagerei; Information und Kommunikation,Männer,in 1000,32.46283
2013,Gastgewerbe,Männer,in 1000,24.68042
2013,Erbringung von Finanz- und Versicherungsleistungen; Grundstücks- und Wohnungswesen; Freiberufliche  wiss. u. techn. Dienstleistungen; sonst. wirt. Dienstleistungen,Männer,in 1000,30.2764
2013,ÖffentlicheVerwaltung  Verteidigung  Sozialversicherung; Erziehung und Unterricht; Gesundheits- und Sozialwesen,Männer,in 1000,28.30402
2013,Kunst  Unterhaltung und Erholung; Erbringung von sonstigen Dienstleistungen,Männer,in 1000,10.52907
2013,Insgesamt (inkl. sonstiger Abschnitte),Männer,in 1000,331.93194
2012,Land- und Forstwirtschaft  Fischerei,Männer,in 1000,/
2012,Bergbau und Gewinnung von Steinen und Erden; Verarbeitendes Gewerbe,Männer,in 1000,103.27019
2012,Energieversorgung; Wasserversorgung  Entsorg.  Beseitig. v. Umweltverschmutzungen,Männer,in 1000,/
2012,Baugewerbe,Männer,in 1000,36.89753
2012,Handel  Instandhaltung und Reparatur von Kfz,Männer,in 1000,42.78841
2012,Verkehr und Lagerei; Information und Kommunikation,Männer,in 1000,30.84138
2012,Gastgewerbe,Männer,in 1000,21.6441
2012,Erbringung von Finanz- und Versicherungsleistungen; Grundstücks- und Wohnungswesen; Freiberufliche  wiss. u. techn. Dienstleistungen; sonst. wirt. Dienstleistungen,Männer,in 1000,30.43182
2012,Öff.Verwaltung  Verteidigung  Sozialversicherung; Erziehung und Unterricht; Gesundheits- und Sozialwesen,Männer,in 1000,27.84985
2012,Kunst  Unterhaltung und Erholung; Erbringung von sonstigen Dienstleistungen,Männer,in 1000,10.02529
2012,Insgesamt (inkl. sonstiger Abschnitte),Männer,in 1000,314.28734
2011,Land- und Forstwirtschaft  Fischerei,Männer,in 1000, 7.0*
2011,Bergbau und Gewinnung von Steinen und Erden; Verarbeitendes Gewerbe,Männer,in 1000,97.08204
2011,Energieversorgung; Wasserversorgung  Entsorg.  Beseitig. v. Umweltverschmutzungen,Männer,in 1000, 6.3*
2011,Baugewerbe,Männer,in 1000,37.43239
2011,Handel  Instandhaltung und Reparatur von Kfz,Männer,in 1000,44.09932
2011,Verkehr und Lagerei; Information und Kommunikation,Männer,in 1000,28.45287
2011,Gastgewerbe,Männer,in 1000,21.70217
2011,Erbringung von Finanz- und Versicherungsleistungen; Grundstücks- und Wohnungswesen; Freiberufliche  wiss. u. techn. Dienstleistungen; sonst. wirt. Dienstleistungen,Männer,in 1000,28.26149
2011,Öff.Verwaltung  Verteidigung  Sozialversicherung; Erziehung und Unterricht; Gesundheits- und Sozialwesen,Männer,in 1000,25.22802
2011,Kunst  Unterhaltung und Erholung; Erbringung von sonstigen Dienstleistungen,Männer,in 1000, 7.7*
2011,Insgesamt (inkl. sonstiger Abschnitte),Männer,in 1000,303.62559
2010,Land- und Forstwirtschaft  Fischerei,Männer,in 1000, 5.2*
2010,Bergbau und Gewinnung von Steinen und Erden; Verarbeitendes Gewerbe,Männer,in 1000,99.31678
2010,Energieversorgung; Wasserversorgung  Entsorg.  Beseitig. v. Umweltverschmutzungen,Männer,in 1000,/
2010,Baugewerbe,Männer,in 1000,34.97291
2010,Handel  Instandhaltung und Reparatur von Kfz,Männer,in 1000,44.27626
2010,Verkehr und Lagerei; Information und Kommunikation,Männer,in 1000,28.7331
2010,Gastgewerbe,Männer,in 1000,22.54625
2010,Erbringung von Finanz- und Versicherungsleistungen; Grundstücks- und Wohnungswesen; Freiberufliche  wiss. u. techn. Dienstleistungen; sonst. wirt. Dienstleistungen,Männer,in 1000,30.43019
2010,Öff.Verwaltung  Verteidigung  Sozialversicherung; Erziehung und Unterricht; Gesundheits- und Sozialwesen,Männer,in 1000,30.26269
2010,Kunst  Unterhaltung und Erholung; Erbringung von sonstigen Dienstleistungen,Männer,in 1000, 8.7*
2010,Insgesamt (inkl. sonstiger Abschnitte),Männer,in 1000,309.77223
2005,Land- und Forstwirtschaft; Fischerei und Fischzucht,Männer,in 1000, 8.7*
2005,Bergbau und Gewinnung von Steinen und Erden; Verarbeitendes Gewerbe,Männer,in 1000,91.5
2005,Energie- und Wasserversorgung,Männer,in 1000,/
2005,Baugewerbe,Männer,in 1000,28.3
2005,Handel; Instandhaltung und Reparatur von Kraftfahrzeugen und Gebrauchsgütern,Männer,in 1000,35.1
2005,Gastgewerbe,Männer,in 1000,23.9
2005,Verkehr und Nachrichtenübermittlung,Männer,in 1000,16.5
2005,Kredit- und Versicherungsgewerbe; Grundstücks- und Wohnungswesen  Vermietung beweglicher Sachen  Erbringung von wirt.Dienstleistungen  anderweitig nicht genannt,Männer,in 1000,18.3
2005,Öffentliche Verwaltung  Verteidigung  Sozialversicherung; Erziehung und Unterricht; Gesundheits-  Veterinär- und Sozialwesen,Männer,in 1000,26.6
2005,Erbringung von sonstigen öffentlichen und persönlichen Dienstleistungen,Männer,in 1000,13.4
2005,Insgesamt (inkl. sonstiger Abschnitte),Männer,in 1000,264.8
2019,Land- und Forstwirtschaft  Fischerei,Frauen,in 1000,/
2019,Bergbau und Gewinnung von Steinen und Erden; Verarbeitendes Gewerbe,Frauen,in 1000,43.81269
2019,Energieversorgung; Wasserversorgung  Entsorg.  Beseitig. v. Umweltverschmutzungen,Frauen,in 1000,/
2019,Baugewerbe,Frauen,in 1000, 7.4*
2019,Handel  Instandhaltung und Reparatur von Kfz,Frauen,in 1000,60.60571
2019,Verkehr und Lagerei; Information und Kommunikation,Frauen,in 1000,12.73896
2019,Gastgewerbe,Frauen,in 1000,25.85134
2019,Erbringung von Finanz- und Versicherungsleistungen; Grundstücks- und Wohnungswesen; Freiberufliche  wiss. u. techn. Dienstleistungen; sonst. wirt. Dienstleistungen,Frauen,in 1000,48.48909
2019,ÖffentlicheVerwaltung  Verteidigung  Sozialversicherung; Erziehung und Unterricht; Gesundheits- und Sozialwesen,Frauen,in 1000,117.28995
2019,Kunst  Unterhaltung und Erholung; Erbringung von sonstigen Dienstleistungen,Frauen,in 1000,19.33703
2019,Insgesamt (inkl. sonstiger Abschnitte),Frauen,in 1000, 7.3*
2018,Land- und Forstwirtschaft  Fischerei,Frauen,in 1000,/
2018,Bergbau und Gewinnung von Steinen und Erden; Verarbeitendes Gewerbe,Frauen,in 1000,45.82994
2018,Energieversorgung; Wasserversorgung  Entsorg.  Beseitig. v. Umweltverschmutzungen,Frauen,in 1000,/
2018,Baugewerbe,Frauen,in 1000, 6.5*
2018,Handel  Instandhaltung und Reparatur von Kfz,Frauen,in 1000,62.08959
2018,Verkehr und Lagerei; Information und Kommunikation,Frauen,in 1000,11.51253
2018,Gastgewerbe,Frauen,in 1000,26.75016
2018,Erbringung von Finanz- und Versicherungsleistungen; Grundstücks- und Wohnungswesen; Freiberufliche  wiss. u. techn. Dienstleistungen; sonst. wirt. Dienstleistungen,Frauen,in 1000,46.75056
2018,ÖffentlicheVerwaltung  Verteidigung  Sozialversicherung; Erziehung und Unterricht; Gesundheits- und Sozialwesen,Frauen,in 1000,113.60674
2018,Kunst  Unterhaltung und Erholung; Erbringung von sonstigen Dienstleistungen,Frauen,in 1000,19.54615
2018,Insgesamt (inkl. sonstiger Abschnitte),Frauen,in 1000,345.1761
2017,Land- und Forstwirtschaft  Fischerei,Frauen,in 1000,/
2017,Bergbau und Gewinnung von Steinen und Erden; Verarbeitendes Gewerbe,Frauen,in 1000,41.60845
2017,Energieversorgung; Wasserversorgung  Entsorg.  Beseitig. v. Umweltverschmutzungen,Frauen,in 1000,/
2017,Baugewerbe,Frauen,in 1000, 6.5*
2017,Handel  Instandhaltung und Reparatur von Kfz,Frauen,in 1000,60.12989
2017,Verkehr und Lagerei; Information und Kommunikation,Frauen,in 1000,12.60933
2017,Gastgewerbe,Frauen,in 1000,24.9421
2017,Erbringung von Finanz- und Versicherungsleistungen; Grundstücks- und Wohnungswesen; Freiberufliche  wiss. u. techn. Dienstleistungen; sonst. wirt. Dienstleistungen,Frauen,in 1000,44.58303
2017,ÖffentlicheVerwaltung  Verteidigung  Sozialversicherung; Erziehung und Unterricht; Gesundheits- und Sozialwesen,Frauen,in 1000,109.76472
2017,Kunst  Unterhaltung und Erholung; Erbringung von sonstigen Dienstleistungen,Frauen,in 1000,21.75512
2017,Insgesamt (inkl. sonstiger Abschnitte),Frauen,in 1000,333.75469
2016,Land- und Forstwirtschaft  Fischerei,Frauen,in 1000,/
2016,Bergbau und Gewinnung von Steinen und Erden; Verarbeitendes Gewerbe,Frauen,in 1000,38.16291
2016,Energieversorgung; Wasserversorgung  Entsorg.  Beseitig. v. Umweltverschmutzungen,Frauen,in 1000,/
2016,Baugewerbe,Frauen,in 1000, 5.6*
2016,Handel  Instandhaltung und Reparatur von Kfz,Frauen,in 1000,47.76935
2016,Verkehr und Lagerei; Information und Kommunikation,Frauen,in 1000,10.64142
2016,Gastgewerbe,Frauen,in 1000,22.56588
2016,Erbringung von Finanz- und Versicherungsleistungen; Grundstücks- und Wohnungswesen; Freiberufliche  wiss. u. techn. Dienstleistungen; sonst. wirt. Dienstleistungen,Frauen,in 1000,41.25745
2016,ÖffentlicheVerwaltung  Verteidigung  Sozialversicherung; Erziehung und Unterricht; Gesundheits- und Sozialwesen,Frauen,in 1000,92.13542
2016,Kunst  Unterhaltung und Erholung; Erbringung von sonstigen Dienstleistungen,Frauen,in 1000,17.92594
2016,Insgesamt (inkl. sonstiger Abschnitte),Frauen,in 1000,287.50335
2015,Land- und Forstwirtschaft  Fischerei,Frauen,in 1000,/
2015,Bergbau und Gewinnung von Steinen und Erden; Verarbeitendes Gewerbe,Frauen,in 1000,34.86878
2015,Energieversorgung; Wasserversorgung  Entsorg.  Beseitig. v. Umweltverschmutzungen,Frauen,in 1000,/
2015,Baugewerbe,Frauen,in 1000,/
2015,Handel  Instandhaltung und Reparatur von Kfz,Frauen,in 1000,43.62347
2015,Verkehr und Lagerei; Information und Kommunikation,Frauen,in 1000, 9.3*
2015,Gastgewerbe,Frauen,in 1000,23.73878
2015,Erbringung von Finanz- und Versicherungsleistungen; Grundstücks- und Wohnungswesen; Freiberufliche  wiss. u. techn. Dienstleistungen; sonst. wirt. Dienstleistungen,Frauen,in 1000,38.96606
2015,Öff.Verwaltung  Verteidigung  Sozialversicherung; Erziehung und Unterricht; Gesundheits- und Sozialwesen,Frauen,in 1000,88.92956
2015,Kunst  Unterhaltung und Erholung; Erbringung von sonstigen Dienstleistungen,Frauen,in 1000,17.81952
2015,Insgesamt (inkl. sonstiger Abschnitte),Frauen,in 1000,268.76833
2014,Land- und Forstwirtschaft  Fischerei,Frauen,in 1000,/
2014,Bergbau und Gewinnung von Steinen und Erden; Verarbeitendes Gewerbe,Frauen,in 1000,32.59796
2014,Energieversorgung; Wasserversorgung  Entsorg.  Beseitig. v. Umweltverschmutzungen,Frauen,in 1000,/
2014,Baugewerbe,Frauen,in 1000,/
2014,Handel  Instandhaltung und Reparatur von Kfz,Frauen,in 1000,44.21676
2014,Verkehr und Lagerei; Information und Kommunikation,Frauen,in 1000, 9.5*
2014,Gastgewerbe,Frauen,in 1000,21.42121
2014,Erbringung von Finanz- und Versicherungsleistungen; Grundstücks- und Wohnungswesen; Freiberufliche  wiss. u. techn. Dienstleistungen; sonst. wirt. Dienstleistungen,Frauen,in 1000,38.12586
2014,ÖffentlicheVerwaltung  Verteidigung  Sozialversicherung; Erziehung und Unterricht; Gesundheits- und Sozialwesen,Frauen,in 1000,86.62658
2014,Kunst  Unterhaltung und Erholung; Erbringung von sonstigen Dienstleistungen,Frauen,in 1000,18.08278
2014,Insgesamt (inkl. sonstiger Abschnitte),Frauen,in 1000,263.9347
2013,Land- und Forstwirtschaft  Fischerei,Frauen,in 1000,/
2013,Bergbau und Gewinnung von Steinen und Erden; Verarbeitendes Gewerbe,Frauen,in 1000,31.45949
2013,Energieversorgung; Wasserversorgung  Entsorg.  Beseitig. v. Umweltverschmutzungen,Frauen,in 1000,/
2013,Baugewerbe,Frauen,in 1000,/
2013,Handel  Instandhaltung und Reparatur von Kfz,Frauen,in 1000,45.74917
2013,Verkehr und Lagerei; Information und Kommunikation,Frauen,in 1000, 10.0*
2013,Gastgewerbe,Frauen,in 1000,23.15866
2013,Erbringung von Finanz- und Versicherungsleistungen; Grundstücks- und Wohnungswesen; Freiberufliche  wiss. u. techn. Dienstleistungen; sonst. wirt. Dienstleistungen,Frauen,in 1000,40.84127
2013,ÖffentlicheVerwaltung  Verteidigung  Sozialversicherung; Erziehung und Unterricht; Gesundheits- und Sozialwesen,Frauen,in 1000,83.31858
2013,Kunst  Unterhaltung und Erholung; Erbringung von sonstigen Dienstleistungen,Frauen,in 1000,19.79946
2013,Insgesamt (inkl. sonstiger Abschnitte),Frauen,in 1000,269.04737
2012,Land- und Forstwirtschaft  Fischerei,Frauen,in 1000,/
2012,Bergbau und Gewinnung von Steinen und Erden; Verarbeitendes Gewerbe,Frauen,in 1000,28.39717
2012,Energieversorgung; Wasserversorgung  Entsorg.  Beseitig. v. Umweltverschmutzungen,Frauen,in 1000,/
2012,Baugewerbe,Frauen,in 1000,/
2012,Handel  Instandhaltung und Reparatur von Kfz,Frauen,in 1000,40.6141
2012,Verkehr und Lagerei; Information und Kommunikation,Frauen,in 1000, 8.7*
2012,Gastgewerbe,Frauen,in 1000,23.70417
2012,Erbringung von Finanz- und Versicherungsleistungen; Grundstücks- und Wohnungswesen; Freiberufliche  wiss. u. techn. Dienstleistungen; sonst. wirt. Dienstleistungen,Frauen,in 1000,34.40623
2012,Öff.Verwaltung  Verteidigung  Sozialversicherung; Erziehung und Unterricht; Gesundheits- und Sozialwesen,Frauen,in 1000,79.87762
2012,Kunst  Unterhaltung und Erholung; Erbringung von sonstigen Dienstleistungen,Frauen,in 1000,21.0427
2012,Insgesamt (inkl. sonstiger Abschnitte),Frauen,in 1000,251.34277
2011,Land- und Forstwirtschaft  Fischerei,Frauen,in 1000,/
2011,Bergbau und Gewinnung von Steinen und Erden; Verarbeitendes Gewerbe,Frauen,in 1000,30.17259
2011,Energieversorgung; Wasserversorgung  Entsorg.  Beseitig. v. Umweltverschmutzungen,Frauen,in 1000,/
2011,Baugewerbe,Frauen,in 1000,/
2011,Handel  Instandhaltung und Reparatur von Kfz,Frauen,in 1000,42.3938
2011,Verkehr und Lagerei; Information und Kommunikation,Frauen,in 1000, 7.2*
2011,Gastgewerbe,Frauen,in 1000,21.75833
2011,Erbringung von Finanz- und Versicherungsleistungen; Grundstücks- und Wohnungswesen; Freiberufliche  wiss. u. techn. Dienstleistungen; sonst. wirt. Dienstleistungen,Frauen,in 1000,37.50856
2011,Öff.Verwaltung  Verteidigung  Sozialversicherung; Erziehung und Unterricht; Gesundheits- und Sozialwesen,Frauen,in 1000,76.42837
2011,Kunst  Unterhaltung und Erholung; Erbringung von sonstigen Dienstleistungen,Frauen,in 1000,16.17919
2011,Insgesamt (inkl. sonstiger Abschnitte),Frauen,in 1000,245.06874
2010,Land- und Forstwirtschaft  Fischerei,Frauen,in 1000,/
2010,Bergbau und Gewinnung von Steinen und Erden; Verarbeitendes Gewerbe,Frauen,in 1000,30.53241
2010,Energieversorgung; Wasserversorgung  Entsorg.  Beseitig. v. Umweltverschmutzungen,Frauen,in 1000,/
2010,Baugewerbe,Frauen,in 1000,/
2010,Handel  Instandhaltung und Reparatur von Kfz,Frauen,in 1000,38.77542
2010,Verkehr und Lagerei; Information und Kommunikation,Frauen,in 1000, 7.5*
2010,Gastgewerbe,Frauen,in 1000,20.54298
2010,Erbringung von Finanz- und Versicherungsleistungen; Grundstücks- und Wohnungswesen; Freiberufliche  wiss. u. techn. Dienstleistungen; sonst. wirt. Dienstleistungen,Frauen,in 1000,35.65829
2010,Öff.Verwaltung  Verteidigung  Sozialversicherung; Erziehung und Unterricht; Gesundheits- und Sozialwesen,Frauen,in 1000,79.9822
2010,Kunst  Unterhaltung und Erholung; Erbringung von sonstigen Dienstleistungen,Frauen,in 1000,17.19898
2010,Insgesamt (inkl. sonstiger Abschnitte),Frauen,in 1000,243.49507
2005,Land- und Forstwirtschaft; Fischerei und Fischzucht,Frauen,in 1000,/
2005,Bergbau und Gewinnung von Steinen und Erden; Verarbeitendes Gewerbe,Frauen,in 1000,34
2005,Energie- und Wasserversorgung,Frauen,in 1000,/
2005,Baugewerbe,Frauen,in 1000,/
2005,Handel; Instandhaltung und Reparatur von Kraftfahrzeugen und Gebrauchsgütern,Frauen,in 1000,34
2005,Gastgewerbe,Frauen,in 1000,19.6
2005,Verkehr und Nachrichtenübermittlung,Frauen,in 1000,/
2005,Kredit- und Versicherungsgewerbe; Grundstücks- und Wohnungswesen  Vermietung beweglicher Sachen  Erbringung von wirt.Dienstleistungen  anderweitig nicht genannt,Frauen,in 1000,19.6
2005,Öffentliche Verwaltung  Verteidigung  Sozialversicherung; Erziehung und Unterricht; Gesundheits-  Veterinär- und Sozialwesen,Frauen,in 1000,52.5
2005,Erbringung von sonstigen öffentlichen und persönlichen Dienstleistungen,Frauen,in 1000,18.1
2005,Insgesamt (inkl. sonstiger Abschnitte),Frauen,in 1000,190.2
