Year,Kategorie,Geschlecht,Units,Value
Juni 2007,Arbeitslosenquote Insgesamt (alle Erwerbspersonen),Insgesamt,% ,8.5
Juni 2008,Arbeitslosenquote Insgesamt (alle Erwerbspersonen),Insgesamt,% ,7.4
Juni 2009,Arbeitslosenquote Insgesamt (alle Erwerbspersonen),Insgesamt,% ,7.6
Juni 2010,Arbeitslosenquote Insgesamt (alle Erwerbspersonen),Insgesamt,% ,7.3
Juni 2011,Arbeitslosenquote Insgesamt (alle Erwerbspersonen),Insgesamt,% ,6.7
Juni 2012,Arbeitslosenquote Insgesamt (alle Erwerbspersonen),Insgesamt,% ,6.2
Juni 2013,Arbeitslosenquote Insgesamt (alle Erwerbspersonen),Insgesamt,% ,6.3
Juni 2014,Arbeitslosenquote Insgesamt (alle Erwerbspersonen),Insgesamt,% ,6.3
Juni 2015,Arbeitslosenquote Insgesamt (alle Erwerbspersonen),Insgesamt,% ,5.9
Juni 2016,Arbeitslosenquote Insgesamt (alle Erwerbspersonen),Insgesamt,% ,5.8
Juni 2017,Arbeitslosenquote Insgesamt (alle Erwerbspersonen),Insgesamt,% ,5.6
Juni 2018,Arbeitslosenquote Insgesamt (alle Erwerbspersonen),Insgesamt,% ,5.1
Juni 2019,Arbeitslosenquote Insgesamt (alle Erwerbspersonen),Insgesamt,% ,4.9
Juni 2020,Arbeitslosenquote Insgesamt (alle Erwerbspersonen),Insgesamt,% ,6.0
Juni 2021,Arbeitslosenquote Insgesamt (alle Erwerbspersonen),Insgesamt,% ,5.5
Juni 2007,Arbeitslosenquote Insgesamt (alle Erwerbspersonen),Männer,% ,7.8
Juni 2008,Arbeitslosenquote Insgesamt (alle Erwerbspersonen),Männer,% ,6.9
Juni 2009,Arbeitslosenquote Insgesamt (alle Erwerbspersonen),Männer,% ,7.7
Juni 2010,Arbeitslosenquote Insgesamt (alle Erwerbspersonen),Männer,% ,7.3
Juni 2011,Arbeitslosenquote Insgesamt (alle Erwerbspersonen),Männer,% ,6.5
Juni 2012,Arbeitslosenquote Insgesamt (alle Erwerbspersonen),Männer,% ,6.1
Juni 2013,Arbeitslosenquote Insgesamt (alle Erwerbspersonen),Männer,% ,6.3
Juni 2014,Arbeitslosenquote Insgesamt (alle Erwerbspersonen),Männer,% ,6.3
Juni 2015,Arbeitslosenquote Insgesamt (alle Erwerbspersonen),Männer,% ,5.9
Juni 2016,Arbeitslosenquote Insgesamt (alle Erwerbspersonen),Männer,% ,6.0
Juni 2017,Arbeitslosenquote Insgesamt (alle Erwerbspersonen),Männer,% ,5.8
Juni 2018,Arbeitslosenquote Insgesamt (alle Erwerbspersonen),Männer,% ,5.3
Juni 2019,Arbeitslosenquote Insgesamt (alle Erwerbspersonen),Männer,% ,5.1
Juni 2020,Arbeitslosenquote Insgesamt (alle Erwerbspersonen),Männer,% ,6.4
Juni 2021,Arbeitslosenquote Insgesamt (alle Erwerbspersonen),Männer,% ,5.7
Juni 2007,Arbeitslosenquote Insgesamt (alle Erwerbspersonen),Frauen,% ,9.2
Juni 2008,Arbeitslosenquote Insgesamt (alle Erwerbspersonen),Frauen,% ,7.9
Juni 2009,Arbeitslosenquote Insgesamt (alle Erwerbspersonen),Frauen,% ,7.5
Juni 2010,Arbeitslosenquote Insgesamt (alle Erwerbspersonen),Frauen,% ,7.3
Juni 2011,Arbeitslosenquote Insgesamt (alle Erwerbspersonen),Frauen,% ,6.9
Juni 2012,Arbeitslosenquote Insgesamt (alle Erwerbspersonen),Frauen,% ,6.4
Juni 2013,Arbeitslosenquote Insgesamt (alle Erwerbspersonen),Frauen,% ,6.4
Juni 2014,Arbeitslosenquote Insgesamt (alle Erwerbspersonen),Frauen,% ,6.3
Juni 2015,Arbeitslosenquote Insgesamt (alle Erwerbspersonen),Frauen,% ,5.8
Juni 2016,Arbeitslosenquote Insgesamt (alle Erwerbspersonen),Frauen,% ,5.6
Juni 2017,Arbeitslosenquote Insgesamt (alle Erwerbspersonen),Frauen,% ,5.5
Juni 2018,Arbeitslosenquote Insgesamt (alle Erwerbspersonen),Frauen,% ,5.0
Juni 2019,Arbeitslosenquote Insgesamt (alle Erwerbspersonen),Frauen,% ,4.7
Juni 2020,Arbeitslosenquote Insgesamt (alle Erwerbspersonen),Frauen,% ,5.7
Juni 2021,Arbeitslosenquote Insgesamt (alle Erwerbspersonen),Frauen,% ,5.3
Juni 2007,Arbeitslosenquote von Ausländerinnen und Ausländern (alle Erwerbspersonen),Insgesamt,% ,20.8
Juni 2008,Arbeitslosenquote von Ausländerinnen und Ausländern (alle Erwerbspersonen),Insgesamt,% ,19.7
Juni 2009,Arbeitslosenquote von Ausländerinnen und Ausländern (alle Erwerbspersonen),Insgesamt,% ,19.4
Juni 2010,Arbeitslosenquote von Ausländerinnen und Ausländern (alle Erwerbspersonen),Insgesamt,% ,18.2
Juni 2011,Arbeitslosenquote von Ausländerinnen und Ausländern (alle Erwerbspersonen),Insgesamt,% ,17.2
Juni 2012,Arbeitslosenquote von Ausländerinnen und Ausländern (alle Erwerbspersonen),Insgesamt,% ,16.0
Juni 2013,Arbeitslosenquote von Ausländerinnen und Ausländern (alle Erwerbspersonen),Insgesamt,% ,15.7
Juni 2014,Arbeitslosenquote von Ausländerinnen und Ausländern (alle Erwerbspersonen),Insgesamt,% ,16.0
Juni 2015,Arbeitslosenquote von Ausländerinnen und Ausländern (alle Erwerbspersonen),Insgesamt,% ,16.3
Juni 2016,Arbeitslosenquote von Ausländerinnen und Ausländern (alle Erwerbspersonen),Insgesamt,% ,18.1
Juni 2017,Arbeitslosenquote von Ausländerinnen und Ausländern (alle Erwerbspersonen),Insgesamt,% ,17.7
Juni 2018,Arbeitslosenquote von Ausländerinnen und Ausländern (alle Erwerbspersonen),Insgesamt,% ,15.6
Juni 2019,Arbeitslosenquote von Ausländerinnen und Ausländern (alle Erwerbspersonen),Insgesamt,% ,14.7
Juni 2020,Arbeitslosenquote von Ausländerinnen und Ausländern (alle Erwerbspersonen),Insgesamt,% ,17.8
Juni 2021,Arbeitslosenquote von Ausländerinnen und Ausländern (alle Erwerbspersonen),Insgesamt,% ,15.7
Juni 2007,Arbeitslosenquote von Ausländerinnen und Ausländern (alle Erwerbspersonen),Männer,% ,18.5
Juni 2008,Arbeitslosenquote von Ausländerinnen und Ausländern (alle Erwerbspersonen),Männer,% ,17.2
Juni 2009,Arbeitslosenquote von Ausländerinnen und Ausländern (alle Erwerbspersonen),Männer,% ,18.0
Juni 2010,Arbeitslosenquote von Ausländerinnen und Ausländern (alle Erwerbspersonen),Männer,% ,16.6
Juni 2011,Arbeitslosenquote von Ausländerinnen und Ausländern (alle Erwerbspersonen),Männer,% ,15.5
Juni 2012,Arbeitslosenquote von Ausländerinnen und Ausländern (alle Erwerbspersonen),Männer,% ,14.3
Juni 2013,Arbeitslosenquote von Ausländerinnen und Ausländern (alle Erwerbspersonen),Männer,% ,14.1
Juni 2014,Arbeitslosenquote von Ausländerinnen und Ausländern (alle Erwerbspersonen),Männer,% ,14.1
Juni 2015,Arbeitslosenquote von Ausländerinnen und Ausländern (alle Erwerbspersonen),Männer,% ,14.3
Juni 2016,Arbeitslosenquote von Ausländerinnen und Ausländern (alle Erwerbspersonen),Männer,% ,17.3
Juni 2017,Arbeitslosenquote von Ausländerinnen und Ausländern (alle Erwerbspersonen),Männer,% ,16.3
Juni 2018,Arbeitslosenquote von Ausländerinnen und Ausländern (alle Erwerbspersonen),Männer,% ,14.1
Juni 2019,Arbeitslosenquote von Ausländerinnen und Ausländern (alle Erwerbspersonen),Männer,% ,13.2
Juni 2020,Arbeitslosenquote von Ausländerinnen und Ausländern (alle Erwerbspersonen),Männer,% ,16.3
Juni 2021,Arbeitslosenquote von Ausländerinnen und Ausländern (alle Erwerbspersonen),Männer,% ,13.6
Juni 2007,Arbeitslosenquote von Ausländerinnen und Ausländern (alle Erwerbspersonen),Frauen,% ,24.1
Juni 2008,Arbeitslosenquote von Ausländerinnen und Ausländern (alle Erwerbspersonen),Frauen,% ,23.3
Juni 2009,Arbeitslosenquote von Ausländerinnen und Ausländern (alle Erwerbspersonen),Frauen,% ,21.3
Juni 2010,Arbeitslosenquote von Ausländerinnen und Ausländern (alle Erwerbspersonen),Frauen,% ,20.3
Juni 2011,Arbeitslosenquote von Ausländerinnen und Ausländern (alle Erwerbspersonen),Frauen,% ,19.5
Juni 2012,Arbeitslosenquote von Ausländerinnen und Ausländern (alle Erwerbspersonen),Frauen,% ,18.3
Juni 2013,Arbeitslosenquote von Ausländerinnen und Ausländern (alle Erwerbspersonen),Frauen,% ,18.0
Juni 2014,Arbeitslosenquote von Ausländerinnen und Ausländern (alle Erwerbspersonen),Frauen,% ,18.5
Juni 2015,Arbeitslosenquote von Ausländerinnen und Ausländern (alle Erwerbspersonen),Frauen,% ,19.1
Juni 2016,Arbeitslosenquote von Ausländerinnen und Ausländern (alle Erwerbspersonen),Frauen,% ,19.3
Juni 2017,Arbeitslosenquote von Ausländerinnen und Ausländern (alle Erwerbspersonen),Frauen,% ,19.8
Juni 2018,Arbeitslosenquote von Ausländerinnen und Ausländern (alle Erwerbspersonen),Frauen,% ,17.9
Juni 2019,Arbeitslosenquote von Ausländerinnen und Ausländern (alle Erwerbspersonen),Frauen,% ,17.2
Juni 2020,Arbeitslosenquote von Ausländerinnen und Ausländern (alle Erwerbspersonen),Frauen,% ,20.4
Juni 2021,Arbeitslosenquote von Ausländerinnen und Ausländern (alle Erwerbspersonen),Frauen,% ,19.0
Juni 2007,Arbeitslosenquote (Insgesamt) der bis unter 25-Jährigen,Insgesamt,%,7.9
Juni 2008,Arbeitslosenquote (Insgesamt) der bis unter 25-Jährigen,Insgesamt,%,6.3
Juni 2009,Arbeitslosenquote (Insgesamt) der bis unter 25-Jährigen,Insgesamt,%,7.4
Juni 2010,Arbeitslosenquote (Insgesamt) der bis unter 25-Jährigen,Insgesamt,%,6.6
Juni 2011,Arbeitslosenquote (Insgesamt) der bis unter 25-Jährigen,Insgesamt,%,5.4
Juni 2012,Arbeitslosenquote (Insgesamt) der bis unter 25-Jährigen,Insgesamt,%,5.2
Juni 2013,Arbeitslosenquote (Insgesamt) der bis unter 25-Jährigen,Insgesamt,%,5.7
Juni 2014,Arbeitslosenquote (Insgesamt) der bis unter 25-Jährigen,Insgesamt,%,5.3
Juni 2015,Arbeitslosenquote (Insgesamt) der bis unter 25-Jährigen,Insgesamt,%,4.8
Juni 2016,Arbeitslosenquote (Insgesamt) der bis unter 25-Jährigen,Insgesamt,%,5.6
Juni 2017,Arbeitslosenquote (Insgesamt) der bis unter 25-Jährigen,Insgesamt,%,5.3
Juni 2018,Arbeitslosenquote (Insgesamt) der bis unter 25-Jährigen,Insgesamt,%,4.7
Juni 2019,Arbeitslosenquote (Insgesamt) der bis unter 25-Jährigen,Insgesamt,%,4.4
Juni 2020,Arbeitslosenquote (Insgesamt) der bis unter 25-Jährigen,Insgesamt,%,6.0
Juni 2021,Arbeitslosenquote (Insgesamt) der bis unter 25-Jährigen,Insgesamt,%,4.7
Juni 2007,Arbeitslosenquote der Ausländerinnen und Ausländer bis unter 25 Jahren,Insgesamt,%,14.9
Juni 2008,Arbeitslosenquote der Ausländerinnen und Ausländer bis unter 25 Jahren,Insgesamt,%,13.1
Juni 2009,Arbeitslosenquote der Ausländerinnen und Ausländer bis unter 25 Jahren,Insgesamt,%,13.6
Juni 2010,Arbeitslosenquote der Ausländerinnen und Ausländer bis unter 25 Jahren,Insgesamt,%,12.6
Juni 2011,Arbeitslosenquote der Ausländerinnen und Ausländer bis unter 25 Jahren,Insgesamt,%,11.7
Juni 2012,Arbeitslosenquote der Ausländerinnen und Ausländer bis unter 25 Jahren,Insgesamt,%,10.9
Juni 2013,Arbeitslosenquote der Ausländerinnen und Ausländer bis unter 25 Jahren,Insgesamt,%,11.0
Juni 2014,Arbeitslosenquote der Ausländerinnen und Ausländer bis unter 25 Jahren,Insgesamt,%,11.7
Juni 2015,Arbeitslosenquote der Ausländerinnen und Ausländer bis unter 25 Jahren,Insgesamt,%,12.0
Juni 2016,Arbeitslosenquote der Ausländerinnen und Ausländer bis unter 25 Jahren,Insgesamt,%,18.3
Juni 2017,Arbeitslosenquote der Ausländerinnen und Ausländer bis unter 25 Jahren,Insgesamt,%,16.4
Juni 2018,Arbeitslosenquote der Ausländerinnen und Ausländer bis unter 25 Jahren,Insgesamt,%,13.5
Juni 2019,Arbeitslosenquote der Ausländerinnen und Ausländer bis unter 25 Jahren,Insgesamt,%,12.1
Juni 2020,Arbeitslosenquote der Ausländerinnen und Ausländer bis unter 25 Jahren,Insgesamt,%,14.9
Juni 2021,Arbeitslosenquote der Ausländerinnen und Ausländer bis unter 25 Jahren,Insgesamt,%,11.4
