Year,Geschlecht,Rechtskreis,Migrationsstatus,Migrationserfahrung,Units,Value
2021,männlich,Insgesamt,ohne Migrationshintergrund,,Anzahl,68750.7200961425
2021,weiblich,Insgesamt,ohne Migrationshintergrund,,Anzahl,52640.0589383119
2021,insgesamt,Insgesamt,ohne Migrationshintergrund,,Anzahl,121390.779034455
2021,insgesamt,Rechtskreis SGB II³⁾,ohne Migrationshintergrund,,Anzahl,72553.4709786049
2021,insgesamt,Rechtskreis SGB III³⁾,ohne Migrationshintergrund,,Anzahl,48837.3080558526
2020,männlich,Insgesamt,ohne Migrationshintergrund,,Anzahl,71909.046051579
2020,weiblich,Insgesamt,ohne Migrationshintergrund,,Anzahl,53888.3535613721
2020,insgesamt,Insgesamt,ohne Migrationshintergrund,,Anzahl,125797.399612954
2020,insgesamt,Rechtskreis SGB II³⁾,ohne Migrationshintergrund,,Anzahl,69097.2890106761
2020,insgesamt,Rechtskreis SGB III³⁾,ohne Migrationshintergrund,,Anzahl,56700.1106022755
2019,männlich,Insgesamt,ohne Migrationshintergrund,,Anzahl,52374.0
2019,weiblich,Insgesamt,ohne Migrationshintergrund,,Anzahl,40271.0
2019,insgesamt,Insgesamt,ohne Migrationshintergrund,,Anzahl,92645.0
2019,insgesamt,Rechtskreis SGB II³⁾,ohne Migrationshintergrund,,Anzahl,51410.0
2019,insgesamt,Rechtskreis SGB III³⁾,ohne Migrationshintergrund,,Anzahl,41235.0
2018,männlich,Insgesamt,ohne Migrationshintergrund,,Anzahl,54438.0
2018,weiblich,Insgesamt,ohne Migrationshintergrund,,Anzahl,44150.0
2018,insgesamt,Insgesamt,ohne Migrationshintergrund,,Anzahl,98588.0
2018,insgesamt,Rechtskreis SGB II³⁾,ohne Migrationshintergrund,,Anzahl,59341.0
2018,insgesamt,Rechtskreis SGB III³⁾,ohne Migrationshintergrund,,Anzahl,39247.0
2017,männlich,Insgesamt,ohne Migrationshintergrund,,Anzahl,59372.0
2017,weiblich,Insgesamt,ohne Migrationshintergrund,,Anzahl,48572.0
2017,insgesamt,Insgesamt,ohne Migrationshintergrund,,Anzahl,107944.0
2017,insgesamt,Rechtskreis SGB II³⁾,ohne Migrationshintergrund,,Anzahl,64270.0
2017,insgesamt,Rechtskreis SGB III³⁾,ohne Migrationshintergrund,,Anzahl,43674.0
2016,männlich,Insgesamt,ohne Migrationshintergrund,,Anzahl,62940.0
2016,weiblich,Insgesamt,ohne Migrationshintergrund,,Anzahl,51396.0
2016,insgesamt,Insgesamt,ohne Migrationshintergrund,,Anzahl,114336.0
2016,insgesamt,Rechtskreis SGB II³⁾,ohne Migrationshintergrund,,Anzahl,71874.0
2016,insgesamt,Rechtskreis SGB III³⁾,ohne Migrationshintergrund,,Anzahl,42462.0
2015,männlich,Insgesamt,ohne Migrationshintergrund,,Anzahl,65563.0
2015,weiblich,Insgesamt,ohne Migrationshintergrund,,Anzahl,54608.0
2015,insgesamt,Insgesamt,ohne Migrationshintergrund,,Anzahl,120171.0
2015,insgesamt,Rechtskreis SGB II³⁾,ohne Migrationshintergrund,,Anzahl,75491.0
2015,insgesamt,Rechtskreis SGB III³⁾,ohne Migrationshintergrund,,Anzahl,44680.0
2014,männlich,Insgesamt,ohne Migrationshintergrund,,Anzahl,69350.0
2014,weiblich,Insgesamt,ohne Migrationshintergrund,,Anzahl,58451.0
2014,insgesamt,Insgesamt,ohne Migrationshintergrund,,Anzahl,127801.0
2014,insgesamt,Rechtskreis SGB II³⁾,ohne Migrationshintergrund,,Anzahl,78292.0
2014,insgesamt,Rechtskreis SGB III³⁾,ohne Migrationshintergrund,,Anzahl,49509.0
2013,männlich,Insgesamt,ohne Migrationshintergrund,,Anzahl,68287.0
2013,weiblich,Insgesamt,ohne Migrationshintergrund,,Anzahl,58284.0
2013,insgesamt,Insgesamt,ohne Migrationshintergrund,,Anzahl,126571.0
2013,insgesamt,Rechtskreis SGB II³⁾,ohne Migrationshintergrund,,Anzahl,74801.0
2013,insgesamt,Rechtskreis SGB III³⁾,ohne Migrationshintergrund,,Anzahl,51770.0
2021,männlich,Insgesamt,mit Migrationshintergrund,,Anzahl,53241.2799038511
2021,weiblich,Insgesamt,mit Migrationshintergrund,,Anzahl,44718.9410616891
2021,insgesamt,Insgesamt,mit Migrationshintergrund,,Anzahl,97960.2209655381
2021,insgesamt,Rechtskreis SGB II³⁾,mit Migrationshintergrund,,Anzahl,73349.5290213937
2021,insgesamt,Rechtskreis SGB III³⁾,mit Migrationshintergrund,,Anzahl,24610.6919441451
2020,männlich,Insgesamt,mit Migrationshintergrund,,Anzahl,53166.9539484189
2020,weiblich,Insgesamt,mit Migrationshintergrund,,Anzahl,41525.6464386264
2020,insgesamt,Insgesamt,mit Migrationshintergrund,,Anzahl,94692.6003870447
2020,insgesamt,Rechtskreis SGB II³⁾,mit Migrationshintergrund,,Anzahl,67382.7109893213
2020,insgesamt,Rechtskreis SGB III³⁾,mit Migrationshintergrund,,Anzahl,27309.8893977239
2019,männlich,Insgesamt,mit Migrationshintergrund,,Anzahl,42680.0
2019,weiblich,Insgesamt,mit Migrationshintergrund,,Anzahl,33556.0
2019,insgesamt,Insgesamt,mit Migrationshintergrund,,Anzahl,76236.0
2019,insgesamt,Rechtskreis SGB II³⁾,mit Migrationshintergrund,,Anzahl,54842.0
2019,insgesamt,Rechtskreis SGB III³⁾,mit Migrationshintergrund,,Anzahl,21394.0
2018,männlich,Insgesamt,mit Migrationshintergrund,,Anzahl,42092.0
2018,weiblich,Insgesamt,mit Migrationshintergrund,,Anzahl,34169.0
2018,insgesamt,Insgesamt,mit Migrationshintergrund,,Anzahl,76262.0
2018,insgesamt,Rechtskreis SGB II³⁾,mit Migrationshintergrund,,Anzahl,59280.0
2018,insgesamt,Rechtskreis SGB III³⁾,mit Migrationshintergrund,,Anzahl,16982.0
2017,männlich,Insgesamt,mit Migrationshintergrund,,Anzahl,44084.0
2017,weiblich,Insgesamt,mit Migrationshintergrund,,Anzahl,35711.0
2017,insgesamt,Insgesamt,mit Migrationshintergrund,,Anzahl,79795.0
2017,insgesamt,Rechtskreis SGB II³⁾,mit Migrationshintergrund,,Anzahl,60614.0
2017,insgesamt,Rechtskreis SGB III³⁾,mit Migrationshintergrund,,Anzahl,19181.0
2016,männlich,Insgesamt,mit Migrationshintergrund,,Anzahl,41899.0
2016,weiblich,Insgesamt,mit Migrationshintergrund,,Anzahl,34050.0
2016,insgesamt,Insgesamt,mit Migrationshintergrund,,Anzahl,75950.0
2016,insgesamt,Rechtskreis SGB II³⁾,mit Migrationshintergrund,,Anzahl,58906.0
2016,insgesamt,Rechtskreis SGB III³⁾,mit Migrationshintergrund,,Anzahl,17044.0
2015,männlich,Insgesamt,mit Migrationshintergrund,,Anzahl,36687.0
2015,weiblich,Insgesamt,mit Migrationshintergrund,,Anzahl,32673.0
2015,insgesamt,Insgesamt,mit Migrationshintergrund,,Anzahl,69360.0
2015,insgesamt,Rechtskreis SGB II³⁾,mit Migrationshintergrund,,Anzahl,55175.0
2015,insgesamt,Rechtskreis SGB III³⁾,mit Migrationshintergrund,,Anzahl,14185.0
2014,männlich,Insgesamt,mit Migrationshintergrund,,Anzahl,35728.0
2014,weiblich,Insgesamt,mit Migrationshintergrund,,Anzahl,32263.0
2014,insgesamt,Insgesamt,mit Migrationshintergrund,,Anzahl,67991.0
2014,insgesamt,Rechtskreis SGB II³⁾,mit Migrationshintergrund,,Anzahl,52829.0
2014,insgesamt,Rechtskreis SGB III³⁾,mit Migrationshintergrund,,Anzahl,15162.0
2013,männlich,Insgesamt,mit Migrationshintergrund,,Anzahl,33945.0
2013,weiblich,Insgesamt,mit Migrationshintergrund,,Anzahl,30905.0
2013,insgesamt,Insgesamt,mit Migrationshintergrund,,Anzahl,64850.0
2013,insgesamt,Rechtskreis SGB II³⁾,mit Migrationshintergrund,,Anzahl,49154.0
2013,insgesamt,Rechtskreis SGB III³⁾,mit Migrationshintergrund,,Anzahl,15696.0
2021,männlich,Insgesamt,mit Migrationshintergrund,mit eigene/r Migrationserfahrung,Anzahl,40887.8233092949
2021,weiblich,Insgesamt,mit Migrationshintergrund,mit eigene/r Migrationserfahrung,Anzahl,35575.6155487621
2021,insgesamt,Insgesamt,mit Migrationshintergrund,mit eigene/r Migrationserfahrung,Anzahl,76463.4388580554
2021,insgesamt,Rechtskreis SGB II³⁾,mit Migrationshintergrund,mit eigene/r Migrationserfahrung,Anzahl,57382.6953735325
2021,insgesamt,Rechtskreis SGB III³⁾,mit Migrationshintergrund,mit eigene/r Migrationserfahrung,Anzahl,19080.7434845241
2020,männlich,Insgesamt,mit Migrationshintergrund,mit eigene/r Migrationserfahrung,Anzahl,41093.840530638
2020,weiblich,Insgesamt,mit Migrationshintergrund,mit eigene/r Migrationserfahrung,Anzahl,33025.2649433979
2020,insgesamt,Insgesamt,mit Migrationshintergrund,mit eigene/r Migrationserfahrung,Anzahl,74119.1054740355
2020,insgesamt,Rechtskreis SGB II³⁾,mit Migrationshintergrund,mit eigene/r Migrationserfahrung,Anzahl,53081.2674039863
2020,insgesamt,Rechtskreis SGB III³⁾,mit Migrationshintergrund,mit eigene/r Migrationserfahrung,Anzahl,21037.8380700494
2019,männlich,Insgesamt,mit Migrationshintergrund,mit eigene/r Migrationserfahrung,Anzahl,33210.0
2019,weiblich,Insgesamt,mit Migrationshintergrund,mit eigene/r Migrationserfahrung,Anzahl,26851.0
2019,insgesamt,Insgesamt,mit Migrationshintergrund,mit eigene/r Migrationserfahrung,Anzahl,60061.0
2019,insgesamt,Rechtskreis SGB II³⁾,mit Migrationshintergrund,mit eigene/r Migrationserfahrung,Anzahl,43477.0
2019,insgesamt,Rechtskreis SGB III³⁾,mit Migrationshintergrund,mit eigene/r Migrationserfahrung,Anzahl,16584.0
2018,männlich,Insgesamt,mit Migrationshintergrund,mit eigene/r Migrationserfahrung,Anzahl,32912.0
2018,weiblich,Insgesamt,mit Migrationshintergrund,mit eigene/r Migrationserfahrung,Anzahl,27486.0
2018,insgesamt,Insgesamt,mit Migrationshintergrund,mit eigene/r Migrationserfahrung,Anzahl,60399.0
2018,insgesamt,Rechtskreis SGB II³⁾,mit Migrationshintergrund,mit eigene/r Migrationserfahrung,Anzahl,47395.0
2018,insgesamt,Rechtskreis SGB III³⁾,mit Migrationshintergrund,mit eigene/r Migrationserfahrung,Anzahl,13004.0
2017,männlich,Insgesamt,mit Migrationshintergrund,mit eigene/r Migrationserfahrung,Anzahl,34440.0
2017,weiblich,Insgesamt,mit Migrationshintergrund,mit eigene/r Migrationserfahrung,Anzahl,28764.0
2017,insgesamt,Insgesamt,mit Migrationshintergrund,mit eigene/r Migrationserfahrung,Anzahl,63204.0
2017,insgesamt,Rechtskreis SGB II³⁾,mit Migrationshintergrund,mit eigene/r Migrationserfahrung,Anzahl,48524.0
2017,insgesamt,Rechtskreis SGB III³⁾,mit Migrationshintergrund,mit eigene/r Migrationserfahrung,Anzahl,14680.0
2016,männlich,Insgesamt,mit Migrationshintergrund,mit eigene/r Migrationserfahrung,Anzahl,32787.0
2016,weiblich,Insgesamt,mit Migrationshintergrund,mit eigene/r Migrationserfahrung,Anzahl,27501.0
2016,insgesamt,Insgesamt,mit Migrationshintergrund,mit eigene/r Migrationserfahrung,Anzahl,60289.0
2016,insgesamt,Rechtskreis SGB II³⁾,mit Migrationshintergrund,mit eigene/r Migrationserfahrung,Anzahl,47060.0
2016,insgesamt,Rechtskreis SGB III³⁾,mit Migrationshintergrund,mit eigene/r Migrationserfahrung,Anzahl,13229.0
2015,männlich,Insgesamt,mit Migrationshintergrund,mit eigene/r Migrationserfahrung,Anzahl,28778.0
2015,weiblich,Insgesamt,mit Migrationshintergrund,mit eigene/r Migrationserfahrung,Anzahl,26360.0
2015,insgesamt,Insgesamt,mit Migrationshintergrund,mit eigene/r Migrationserfahrung,Anzahl,55138.0
2015,insgesamt,Rechtskreis SGB II³⁾,mit Migrationshintergrund,mit eigene/r Migrationserfahrung,Anzahl,44028.0
2015,insgesamt,Rechtskreis SGB III³⁾,mit Migrationshintergrund,mit eigene/r Migrationserfahrung,Anzahl,11110.0
2014,männlich,Insgesamt,mit Migrationshintergrund,mit eigene/r Migrationserfahrung,Anzahl,27886.0
2014,weiblich,Insgesamt,mit Migrationshintergrund,mit eigene/r Migrationserfahrung,Anzahl,26287.0
2014,insgesamt,Insgesamt,mit Migrationshintergrund,mit eigene/r Migrationserfahrung,Anzahl,54173.0
2014,insgesamt,Rechtskreis SGB II³⁾,mit Migrationshintergrund,mit eigene/r Migrationserfahrung,Anzahl,42158.0
2014,insgesamt,Rechtskreis SGB III³⁾,mit Migrationshintergrund,mit eigene/r Migrationserfahrung,Anzahl,12015.0
2013,männlich,Insgesamt,mit Migrationshintergrund,mit eigene/r Migrationserfahrung,Anzahl,26387.0
2013,weiblich,Insgesamt,mit Migrationshintergrund,mit eigene/r Migrationserfahrung,Anzahl,24952.0
2013,insgesamt,Insgesamt,mit Migrationshintergrund,mit eigene/r Migrationserfahrung,Anzahl,51339.0
2013,insgesamt,Rechtskreis SGB II³⁾,mit Migrationshintergrund,mit eigene/r Migrationserfahrung,Anzahl,39109.0
2013,insgesamt,Rechtskreis SGB III³⁾,mit Migrationshintergrund,mit eigene/r Migrationserfahrung,Anzahl,12230.0
2021,männlich,Insgesamt,mit Migrationshintergrund,ohne eigene/r Migrationserfahrung,Anzahl,40887.8233092949
2021,weiblich,Insgesamt,mit Migrationshintergrund,ohne eigene/r Migrationserfahrung,Anzahl,35575.6155487621
2021,insgesamt,Insgesamt,mit Migrationshintergrund,ohne eigene/r Migrationserfahrung,Anzahl,76463.4388580554
2021,insgesamt,Rechtskreis SGB II³⁾,mit Migrationshintergrund,ohne eigene/r Migrationserfahrung,Anzahl,57382.6953735325
2021,insgesamt,Rechtskreis SGB III³⁾,mit Migrationshintergrund,ohne eigene/r Migrationserfahrung,Anzahl,19080.7434845241
2020,männlich,Insgesamt,mit Migrationshintergrund,ohne eigene/r Migrationserfahrung,Anzahl,41093.840530638
2020,weiblich,Insgesamt,mit Migrationshintergrund,ohne eigene/r Migrationserfahrung,Anzahl,33025.2649433979
2020,insgesamt,Insgesamt,mit Migrationshintergrund,ohne eigene/r Migrationserfahrung,Anzahl,74119.1054740355
2020,insgesamt,Rechtskreis SGB II³⁾,mit Migrationshintergrund,ohne eigene/r Migrationserfahrung,Anzahl,53081.2674039863
2020,insgesamt,Rechtskreis SGB III³⁾,mit Migrationshintergrund,ohne eigene/r Migrationserfahrung,Anzahl,21037.8380700494
2019,männlich,Insgesamt,mit Migrationshintergrund,ohne eigene/r Migrationserfahrung,Anzahl,33210.0
2019,weiblich,Insgesamt,mit Migrationshintergrund,ohne eigene/r Migrationserfahrung,Anzahl,26851.0
2019,insgesamt,Insgesamt,mit Migrationshintergrund,ohne eigene/r Migrationserfahrung,Anzahl,60061.0
2019,insgesamt,Rechtskreis SGB II³⁾,mit Migrationshintergrund,ohne eigene/r Migrationserfahrung,Anzahl,43477.0
2019,insgesamt,Rechtskreis SGB III³⁾,mit Migrationshintergrund,ohne eigene/r Migrationserfahrung,Anzahl,16584.0
2018,männlich,Insgesamt,mit Migrationshintergrund,ohne eigene/r Migrationserfahrung,Anzahl,32912.0
2018,weiblich,Insgesamt,mit Migrationshintergrund,ohne eigene/r Migrationserfahrung,Anzahl,27486.0
2018,insgesamt,Insgesamt,mit Migrationshintergrund,ohne eigene/r Migrationserfahrung,Anzahl,60399.0
2018,insgesamt,Rechtskreis SGB II³⁾,mit Migrationshintergrund,ohne eigene/r Migrationserfahrung,Anzahl,47395.0
2018,insgesamt,Rechtskreis SGB III³⁾,mit Migrationshintergrund,ohne eigene/r Migrationserfahrung,Anzahl,13004.0
2017,männlich,Insgesamt,mit Migrationshintergrund,ohne eigene/r Migrationserfahrung,Anzahl,34440.0
2017,weiblich,Insgesamt,mit Migrationshintergrund,ohne eigene/r Migrationserfahrung,Anzahl,28764.0
2017,insgesamt,Insgesamt,mit Migrationshintergrund,ohne eigene/r Migrationserfahrung,Anzahl,63204.0
2017,insgesamt,Rechtskreis SGB II³⁾,mit Migrationshintergrund,ohne eigene/r Migrationserfahrung,Anzahl,48524.0
2017,insgesamt,Rechtskreis SGB III³⁾,mit Migrationshintergrund,ohne eigene/r Migrationserfahrung,Anzahl,14680.0
2016,männlich,Insgesamt,mit Migrationshintergrund,ohne eigene/r Migrationserfahrung,Anzahl,32787.0
2016,weiblich,Insgesamt,mit Migrationshintergrund,ohne eigene/r Migrationserfahrung,Anzahl,27501.0
2016,insgesamt,Insgesamt,mit Migrationshintergrund,ohne eigene/r Migrationserfahrung,Anzahl,60289.0
2016,insgesamt,Rechtskreis SGB II³⁾,mit Migrationshintergrund,ohne eigene/r Migrationserfahrung,Anzahl,47060.0
2016,insgesamt,Rechtskreis SGB III³⁾,mit Migrationshintergrund,ohne eigene/r Migrationserfahrung,Anzahl,13229.0
2015,männlich,Insgesamt,mit Migrationshintergrund,ohne eigene/r Migrationserfahrung,Anzahl,28778.0
2015,weiblich,Insgesamt,mit Migrationshintergrund,ohne eigene/r Migrationserfahrung,Anzahl,26360.0
2015,insgesamt,Insgesamt,mit Migrationshintergrund,ohne eigene/r Migrationserfahrung,Anzahl,55138.0
2015,insgesamt,Rechtskreis SGB II³⁾,mit Migrationshintergrund,ohne eigene/r Migrationserfahrung,Anzahl,44028.0
2015,insgesamt,Rechtskreis SGB III³⁾,mit Migrationshintergrund,ohne eigene/r Migrationserfahrung,Anzahl,11110.0
2014,männlich,Insgesamt,mit Migrationshintergrund,ohne eigene/r Migrationserfahrung,Anzahl,27886.0
2014,weiblich,Insgesamt,mit Migrationshintergrund,ohne eigene/r Migrationserfahrung,Anzahl,26287.0
2014,insgesamt,Insgesamt,mit Migrationshintergrund,ohne eigene/r Migrationserfahrung,Anzahl,54173.0
2014,insgesamt,Rechtskreis SGB II³⁾,mit Migrationshintergrund,ohne eigene/r Migrationserfahrung,Anzahl,42158.0
2014,insgesamt,Rechtskreis SGB III³⁾,mit Migrationshintergrund,ohne eigene/r Migrationserfahrung,Anzahl,12015.0
2013,männlich,Insgesamt,mit Migrationshintergrund,ohne eigene/r Migrationserfahrung,Anzahl,26387.0
2013,weiblich,Insgesamt,mit Migrationshintergrund,ohne eigene/r Migrationserfahrung,Anzahl,24952.0
2013,insgesamt,Insgesamt,mit Migrationshintergrund,ohne eigene/r Migrationserfahrung,Anzahl,51339.0
2013,insgesamt,Rechtskreis SGB II³⁾,mit Migrationshintergrund,ohne eigene/r Migrationserfahrung,Anzahl,39109.0
2013,insgesamt,Rechtskreis SGB III³⁾,mit Migrationshintergrund,ohne eigene/r Migrationserfahrung,Anzahl,12230.0
2021,männlich,Insgesamt,ohne Migrationshintergrund,,Prozent,56.3567447833842
2021,weiblich,Insgesamt,ohne Migrationshintergrund,,Prozent,54.0679946777508
2021,insgesamt,Insgesamt,ohne Migrationshintergrund,,Prozent,55.3408824370342
2021,insgesamt,Rechtskreis SGB II³⁾,ohne Migrationshintergrund,,Prozent,49.7271961362039
2021,insgesamt,Rechtskreis SGB III³⁾,ohne Migrationshintergrund,,Prozent,66.4923592961743
2020,männlich,Insgesamt,ohne Migrationshintergrund,,Prozent,57.4922815340914
2020,weiblich,Insgesamt,ohne Migrationshintergrund,,Prozent,56.4784555320739
2020,insgesamt,Insgesamt,ohne Migrationshintergrund,,Prozent,57.0535623443035
2020,insgesamt,Rechtskreis SGB II³⁾,ohne Migrationshintergrund,,Prozent,50.6281425928176
2020,insgesamt,Rechtskreis SGB III³⁾,ohne Migrationshintergrund,,Prozent,67.4920968959361
2019,männlich,Insgesamt,ohne Migrationshintergrund,,Prozent,55.09920676668
2019,weiblich,Insgesamt,ohne Migrationshintergrund,,Prozent,54.5477941674455
2019,insgesamt,Insgesamt,ohne Migrationshintergrund,,Prozent,54.8581545585353
2019,insgesamt,Rechtskreis SGB II³⁾,ohne Migrationshintergrund,,Prozent,48.3849715770056
2019,insgesamt,Rechtskreis SGB III³⁾,ohne Migrationshintergrund,,Prozent,65.8401060211723
2018,männlich,Insgesamt,ohne Migrationshintergrund,,Prozent,56.3949031389205
2018,weiblich,Insgesamt,ohne Migrationshintergrund,,Prozent,56.3720170073673
2018,insgesamt,Insgesamt,ohne Migrationshintergrund,,Prozent,56.3843294252216
2018,insgesamt,Rechtskreis SGB II³⁾,ohne Migrationshintergrund,,Prozent,50.0257121420322
2018,insgesamt,Rechtskreis SGB III³⁾,ohne Migrationshintergrund,,Prozent,69.7985025520639
2017,männlich,Insgesamt,ohne Migrationshintergrund,,Prozent,57.3886483142592
2017,weiblich,Insgesamt,ohne Migrationshintergrund,,Prozent,57.6296524803341
2017,insgesamt,Insgesamt,ohne Migrationshintergrund,,Prozent,57.4968440228189
2017,insgesamt,Rechtskreis SGB II³⁾,ohne Migrationshintergrund,,Prozent,51.4637583677653
2017,insgesamt,Rechtskreis SGB III³⁾,ohne Migrationshintergrund,,Prozent,69.4837323999682
2016,männlich,Insgesamt,ohne Migrationshintergrund,,Prozent,60.0349106725551
2016,weiblich,Insgesamt,ohne Migrationshintergrund,,Prozent,60.1502703461836
2016,insgesamt,Insgesamt,ohne Migrationshintergrund,,Prozent,60.0863962666723
2016,insgesamt,Rechtskreis SGB II³⁾,ohne Migrationshintergrund,,Prozent,54.9579446398532
2016,insgesamt,Rechtskreis SGB III³⁾,ohne Migrationshintergrund,,Prozent,71.357510167042
2015,männlich,Insgesamt,ohne Migrationshintergrund,,Prozent,64.120293398533
2015,weiblich,Insgesamt,ohne Migrationshintergrund,,Prozent,62.5657359562791
2015,insgesamt,Insgesamt,ohne Migrationshintergrund,,Prozent,63.4044035012742
2015,insgesamt,Rechtskreis SGB II³⁾,ohne Migrationshintergrund,,Prozent,57.7740192552003
2015,insgesamt,Rechtskreis SGB III³⁾,ohne Migrationshintergrund,,Prozent,75.9024887454345
2014,männlich,Insgesamt,ohne Migrationshintergrund,,Prozent,65.9985915224881
2014,weiblich,Insgesamt,ohne Migrationshintergrund,,Prozent,64.4343761712635
2014,insgesamt,Insgesamt,ohne Migrationshintergrund,,Prozent,65.2738620576939
2014,insgesamt,Rechtskreis SGB II³⁾,ohne Migrationshintergrund,,Prozent,59.7097337573691
2014,insgesamt,Rechtskreis SGB III³⁾,ohne Migrationshintergrund,,Prozent,76.5551792921093
2013,männlich,Insgesamt,ohne Migrationshintergrund,,Prozent,66.7961108067924
2013,weiblich,Insgesamt,ohne Migrationshintergrund,,Prozent,65.3488658915337
2013,insgesamt,Insgesamt,ohne Migrationshintergrund,,Prozent,66.1217943694788
2013,insgesamt,Rechtskreis SGB II³⁾,ohne Migrationshintergrund,,Prozent,60.3452865959421
2013,insgesamt,Rechtskreis SGB III³⁾,ohne Migrationshintergrund,,Prozent,76.7349479737942
2021,männlich,Insgesamt,mit Migrationshintergrund,,Prozent,43.6432552166158
2021,weiblich,Insgesamt,mit Migrationshintergrund,,Prozent,45.9320053222492
2021,insgesamt,Insgesamt,mit Migrationshintergrund,,Prozent,44.6591175629658
2021,insgesamt,Rechtskreis SGB II³⁾,mit Migrationshintergrund,,Prozent,50.2728038637961
2021,insgesamt,Rechtskreis SGB III³⁾,mit Migrationshintergrund,,Prozent,33.5076407038257
2020,männlich,Insgesamt,mit Migrationshintergrund,,Prozent,42.5077184659086
2020,weiblich,Insgesamt,mit Migrationshintergrund,,Prozent,43.5215444679261
2020,insgesamt,Insgesamt,mit Migrationshintergrund,,Prozent,42.9464376556965
2020,insgesamt,Rechtskreis SGB II³⁾,mit Migrationshintergrund,,Prozent,49.3718574071824
2020,insgesamt,Rechtskreis SGB III³⁾,mit Migrationshintergrund,,Prozent,32.5079031040639
2019,männlich,Insgesamt,mit Migrationshintergrund,,Prozent,44.90079323332
2019,weiblich,Insgesamt,mit Migrationshintergrund,,Prozent,45.4522058325545
2019,insgesamt,Insgesamt,mit Migrationshintergrund,,Prozent,45.1418454414647
2019,insgesamt,Rechtskreis SGB II³⁾,mit Migrationshintergrund,,Prozent,51.6150284229944
2019,insgesamt,Rechtskreis SGB III³⁾,mit Migrationshintergrund,,Prozent,34.1598939788277
2018,männlich,Insgesamt,mit Migrationshintergrund,,Prozent,43.6050968610795
2018,weiblich,Insgesamt,mit Migrationshintergrund,,Prozent,43.6279829926327
2018,insgesamt,Insgesamt,mit Migrationshintergrund,,Prozent,43.6156705747784
2018,insgesamt,Rechtskreis SGB II³⁾,mit Migrationshintergrund,,Prozent,49.9742878579678
2018,insgesamt,Rechtskreis SGB III³⁾,mit Migrationshintergrund,,Prozent,30.2014974479361
2017,männlich,Insgesamt,mit Migrationshintergrund,,Prozent,42.6113516857408
2017,weiblich,Insgesamt,mit Migrationshintergrund,,Prozent,42.3703475196659
2017,insgesamt,Insgesamt,mit Migrationshintergrund,,Prozent,42.5031559771811
2017,insgesamt,Rechtskreis SGB II³⁾,mit Migrationshintergrund,,Prozent,48.5362416322347
2017,insgesamt,Rechtskreis SGB III³⁾,mit Migrationshintergrund,,Prozent,30.5162676000318
2016,männlich,Insgesamt,mit Migrationshintergrund,,Prozent,39.9650893274449
2016,weiblich,Insgesamt,mit Migrationshintergrund,,Prozent,39.8497296538164
2016,insgesamt,Insgesamt,mit Migrationshintergrund,,Prozent,39.9136037333277
2016,insgesamt,Rechtskreis SGB II³⁾,mit Migrationshintergrund,,Prozent,45.0420553601468
2016,insgesamt,Rechtskreis SGB III³⁾,mit Migrationshintergrund,,Prozent,28.642489832958
2015,männlich,Insgesamt,mit Migrationshintergrund,,Prozent,35.879706601467
2015,weiblich,Insgesamt,mit Migrationshintergrund,,Prozent,37.4342640437209
2015,insgesamt,Insgesamt,mit Migrationshintergrund,,Prozent,36.5955964987258
2015,insgesamt,Rechtskreis SGB II³⁾,mit Migrationshintergrund,,Prozent,42.2259807447997
2015,insgesamt,Rechtskreis SGB III³⁾,mit Migrationshintergrund,,Prozent,24.0975112545655
2014,männlich,Insgesamt,mit Migrationshintergrund,,Prozent,34.0014084775119
2014,weiblich,Insgesamt,mit Migrationshintergrund,,Prozent,35.5656238287365
2014,insgesamt,Insgesamt,mit Migrationshintergrund,,Prozent,34.7261379423061
2014,insgesamt,Rechtskreis SGB II³⁾,mit Migrationshintergrund,,Prozent,40.2902662426309
2014,insgesamt,Rechtskreis SGB III³⁾,mit Migrationshintergrund,,Prozent,23.4448207078907
2013,männlich,Insgesamt,mit Migrationshintergrund,,Prozent,33.2038891932076
2013,weiblich,Insgesamt,mit Migrationshintergrund,,Prozent,34.6511341084663
2013,insgesamt,Insgesamt,mit Migrationshintergrund,,Prozent,33.8782056305212
2013,insgesamt,Rechtskreis SGB II³⁾,mit Migrationshintergrund,,Prozent,39.6547134040579
2013,insgesamt,Rechtskreis SGB III³⁾,mit Migrationshintergrund,,Prozent,23.2650520262058
2021,männlich,Insgesamt,mit Migrationshintergrund,mit eigene/r Migrationserfahrung,Prozent,33.5168070933316
2021,weiblich,Insgesamt,mit Migrationshintergrund,mit eigene/r Migrationserfahrung,Prozent,36.540654226894
2021,insgesamt,Insgesamt,mit Migrationshintergrund,mit eigene/r Migrationserfahrung,Prozent,34.8589424520781
2021,insgesamt,Rechtskreis SGB II³⁾,mit Migrationshintergrund,mit eigene/r Migrationserfahrung,Prozent,39.3293457800957
2021,insgesamt,Rechtskreis SGB III³⁾,mit Migrationshintergrund,mit eigene/r Migrationserfahrung,Prozent,25.9785746167693
2020,männlich,Insgesamt,mit Migrationshintergrund,mit eigene/r Migrationserfahrung,Prozent,32.8550965258232
2020,weiblich,Insgesamt,mit Migrationshintergrund,mit eigene/r Migrationserfahrung,Prozent,34.6125987207312
2020,insgesamt,Insgesamt,mit Migrationshintergrund,mit eigene/r Migrationserfahrung,Prozent,33.6156313093727
2020,insgesamt,Rechtskreis SGB II³⁾,mit Migrationshintergrund,mit eigene/r Migrationserfahrung,Prozent,38.8930740064385
2020,insgesamt,Rechtskreis SGB III³⁾,mit Migrationshintergrund,mit eigene/r Migrationserfahrung,Prozent,25.0420641233776
2019,männlich,Insgesamt,mit Migrationshintergrund,mit eigene/r Migrationserfahrung,Prozent,34.9380352220843
2019,weiblich,Insgesamt,mit Migrationshintergrund,mit eigene/r Migrationserfahrung,Prozent,36.3701626776112
2019,insgesamt,Insgesamt,mit Migrationshintergrund,mit eigene/r Migrationserfahrung,Prozent,35.5640954281417
2019,insgesamt,Rechtskreis SGB II³⁾,mit Migrationshintergrund,mit eigene/r Migrationserfahrung,Prozent,40.9187591762979
2019,insgesamt,Rechtskreis SGB III³⁾,mit Migrationshintergrund,mit eigene/r Migrationserfahrung,Prozent,26.4797458046592
2018,männlich,Insgesamt,mit Migrationshintergrund,mit eigene/r Migrationserfahrung,Prozent,34.0950999689216
2018,weiblich,Insgesamt,mit Migrationshintergrund,mit eigene/r Migrationserfahrung,Prozent,35.0949322642015
2018,insgesamt,Insgesamt,mit Migrationshintergrund,mit eigene/r Migrationserfahrung,Prozent,34.5433228481556
2018,insgesamt,Rechtskreis SGB II³⁾,mit Migrationshintergrund,mit eigene/r Migrationserfahrung,Prozent,39.9549826759174
2018,insgesamt,Rechtskreis SGB III³⁾,mit Migrationshintergrund,mit eigene/r Migrationserfahrung,Prozent,23.126856248555
2017,männlich,Insgesamt,mit Migrationshintergrund,mit eigene/r Migrationserfahrung,Prozent,33.2895143829261
2017,weiblich,Insgesamt,mit Migrationshintergrund,mit eigene/r Migrationserfahrung,Prozent,34.1278786943986
2017,insgesamt,Insgesamt,mit Migrationshintergrund,mit eigene/r Migrationserfahrung,Prozent,33.6658872157623
2017,insgesamt,Rechtskreis SGB II³⁾,mit Migrationshintergrund,mit eigene/r Migrationserfahrung,Prozent,38.8552576791262
2017,insgesamt,Rechtskreis SGB III³⁾,mit Migrationshintergrund,mit eigene/r Migrationserfahrung,Prozent,23.3553416593748
2016,männlich,Insgesamt,mit Migrationshintergrund,mit eigene/r Migrationserfahrung,Prozent,31.2736672421523
2016,weiblich,Insgesamt,mit Migrationshintergrund,mit eigene/r Migrationserfahrung,Prozent,32.1852398005758
2016,insgesamt,Insgesamt,mit Migrationshintergrund,mit eigene/r Migrationserfahrung,Prozent,31.6833608357945
2016,insgesamt,Rechtskreis SGB II³⁾,mit Migrationshintergrund,mit eigene/r Migrationserfahrung,Prozent,35.9840954274354
2016,insgesamt,Rechtskreis SGB III³⁾,mit Migrationshintergrund,mit eigene/r Migrationserfahrung,Prozent,22.2313716263906
2015,männlich,Insgesamt,mit Migrationshintergrund,mit eigene/r Migrationserfahrung,Prozent,28.1447432762836
2015,weiblich,Insgesamt,mit Migrationshintergrund,mit eigene/r Migrationserfahrung,Prozent,30.2013038347407
2015,insgesamt,Insgesamt,mit Migrationshintergrund,mit eigene/r Migrationserfahrung,Prozent,29.0918108383325
2015,insgesamt,Rechtskreis SGB II³⁾,mit Migrationshintergrund,mit eigene/r Migrationserfahrung,Prozent,33.6950698728055
2015,insgesamt,Rechtskreis SGB III³⁾,mit Migrationshintergrund,mit eigene/r Migrationserfahrung,Prozent,18.8736940456978
2014,männlich,Insgesamt,mit Migrationshintergrund,mit eigene/r Migrationserfahrung,Prozent,26.5383810122005
2014,weiblich,Insgesamt,mit Migrationshintergrund,mit eigene/r Migrationserfahrung,Prozent,28.9778865445246
2014,insgesamt,Insgesamt,mit Migrationshintergrund,mit eigene/r Migrationserfahrung,Prozent,27.6686483615265
2014,insgesamt,Rechtskreis SGB II³⁾,mit Migrationshintergrund,mit eigene/r Migrationserfahrung,Prozent,32.1519817573081
2014,insgesamt,Rechtskreis SGB III³⁾,mit Migrationshintergrund,mit eigene/r Migrationserfahrung,Prozent,18.5786519460036
2013,männlich,Insgesamt,mit Migrationshintergrund,mit eigene/r Migrationserfahrung,Prozent,25.8109006964551
2013,weiblich,Insgesamt,mit Migrationshintergrund,mit eigene/r Migrationserfahrung,Prozent,27.9765441926695
2013,insgesamt,Insgesamt,mit Migrationshintergrund,mit eigene/r Migrationserfahrung,Prozent,26.8199413857414
2013,insgesamt,Rechtskreis SGB II³⁾,mit Migrationshintergrund,mit eigene/r Migrationserfahrung,Prozent,31.5509660763987
2013,insgesamt,Rechtskreis SGB III³⁾,mit Migrationshintergrund,mit eigene/r Migrationserfahrung,Prozent,18.1276494827024
2021,männlich,Insgesamt,mit Migrationshintergrund,ohne eigene/r Migrationserfahrung,Prozent,9.07563669597718
2021,weiblich,Insgesamt,mit Migrationshintergrund,ohne eigene/r Migrationserfahrung,Prozent,8.07533356946231
2021,insgesamt,Insgesamt,mit Migrationshintergrund,ohne eigene/r Migrationserfahrung,Prozent,8.63165188581278
2021,insgesamt,Rechtskreis SGB II³⁾,mit Migrationshintergrund,ohne eigene/r Migrationserfahrung,Prozent,9.55024948470322
2021,insgesamt,Rechtskreis SGB III³⁾,mit Migrationshintergrund,ohne eigene/r Migrationserfahrung,Prozent,6.80687591545368
2020,männlich,Insgesamt,mit Migrationshintergrund,ohne eigene/r Migrationserfahrung,Prozent,8.61413416439515
2020,weiblich,Insgesamt,mit Migrationshintergrund,ohne eigene/r Migrationserfahrung,Prozent,7.67335614195824
2020,insgesamt,Insgesamt,mit Migrationshintergrund,ohne eigene/r Migrationserfahrung,Prozent,8.20702547813806
2020,insgesamt,Rechtskreis SGB II³⁾,mit Migrationshintergrund,ohne eigene/r Migrationserfahrung,Prozent,9.15063099101783
2020,insgesamt,Rechtskreis SGB III³⁾,mit Migrationshintergrund,ohne eigene/r Migrationserfahrung,Prozent,6.67407368194944
2019,männlich,Insgesamt,mit Migrationshintergrund,ohne eigene/r Migrationserfahrung,Prozent,8.82445767668904
2019,weiblich,Insgesamt,mit Migrationshintergrund,ohne eigene/r Migrationserfahrung,Prozent,7.7776423259783
2019,insgesamt,Insgesamt,mit Migrationshintergrund,ohne eigene/r Migrationserfahrung,Prozent,8.36683818783641
2019,insgesamt,Rechtskreis SGB II³⁾,mit Migrationshintergrund,ohne eigene/r Migrationserfahrung,Prozent,9.26570793961525
2019,insgesamt,Rechtskreis SGB III³⁾,mit Migrationshintergrund,ohne eigene/r Migrationserfahrung,Prozent,6.84187836305865
2018,männlich,Insgesamt,mit Migrationshintergrund,ohne eigene/r Migrationserfahrung,Prozent,8.40774888635657
2018,weiblich,Insgesamt,mit Migrationshintergrund,ohne eigene/r Migrationserfahrung,Prozent,7.36475184821052
2018,insgesamt,Insgesamt,mit Migrationshintergrund,ohne eigene/r Migrationserfahrung,Prozent,7.94052044609665
2018,insgesamt,Rechtskreis SGB II³⁾,mit Migrationshintergrund,ohne eigene/r Migrationserfahrung,Prozent,8.66035524907057
2018,insgesamt,Rechtskreis SGB III³⁾,mit Migrationshintergrund,ohne eigene/r Migrationserfahrung,Prozent,6.42195308470718
2017,männlich,Insgesamt,mit Migrationshintergrund,ohne eigene/r Migrationserfahrung,Prozent,8.23828487472935
2017,weiblich,Insgesamt,mit Migrationshintergrund,ohne eigene/r Migrationserfahrung,Prozent,7.11294092521624
2017,insgesamt,Insgesamt,mit Migrationshintergrund,ohne eigene/r Migrationserfahrung,Prozent,7.73307623882092
2017,insgesamt,Rechtskreis SGB II³⁾,mit Migrationshintergrund,ohne eigene/r Migrationserfahrung,Prozent,8.31011178373531
2017,insgesamt,Rechtskreis SGB III³⁾,mit Migrationshintergrund,ohne eigene/r Migrationserfahrung,Prozent,6.58658817914247
2016,männlich,Insgesamt,mit Migrationshintergrund,ohne eigene/r Migrationserfahrung,Prozent,7.76047081715774
2016,weiblich,Insgesamt,mit Migrationshintergrund,ohne eigene/r Migrationserfahrung,Prozent,6.67790183273646
2016,insgesamt,Insgesamt,mit Migrationshintergrund,ohne eigene/r Migrationserfahrung,Prozent,7.27431340193183
2016,insgesamt,Rechtskreis SGB II³⁾,mit Migrationshintergrund,ohne eigene/r Migrationserfahrung,Prozent,7.86205841871846
2016,insgesamt,Rechtskreis SGB III³⁾,mit Migrationshintergrund,ohne eigene/r Migrationserfahrung,Prozent,5.98258999092528
2015,männlich,Insgesamt,mit Migrationshintergrund,ohne eigene/r Migrationserfahrung,Prozent,7.01515892420538
2015,weiblich,Insgesamt,mit Migrationshintergrund,ohne eigene/r Migrationserfahrung,Prozent,6.31752615116692
2015,insgesamt,Insgesamt,mit Migrationshintergrund,ohne eigene/r Migrationserfahrung,Prozent,6.69389176440793
2015,insgesamt,Rechtskreis SGB II³⁾,mit Migrationshintergrund,ohne eigene/r Migrationserfahrung,Prozent,7.46100745411966
2015,insgesamt,Rechtskreis SGB III³⁾,mit Migrationshintergrund,ohne eigene/r Migrationserfahrung,Prozent,4.99108128769218
2014,männlich,Insgesamt,mit Migrationshintergrund,ohne eigene/r Migrationserfahrung,Prozent,6.85490778278993
2014,weiblich,Insgesamt,mit Migrationshintergrund,ohne eigene/r Migrationserfahrung,Prozent,5.84033335538065
2014,insgesamt,Insgesamt,mit Migrationshintergrund,ohne eigene/r Migrationserfahrung,Prozent,6.38483696984555
2014,insgesamt,Rechtskreis SGB II³⁾,mit Migrationshintergrund,ohne eigene/r Migrationserfahrung,Prozent,7.21928600300486
2014,insgesamt,Rechtskreis SGB III³⁾,mit Migrationshintergrund,ohne eigene/r Migrationserfahrung,Prozent,4.69298449073
2013,männlich,Insgesamt,mit Migrationshintergrund,ohne eigene/r Migrationserfahrung,Prozent,6.8305422959543
2013,weiblich,Insgesamt,mit Migrationshintergrund,ohne eigene/r Migrationserfahrung,Prozent,6.00410364506834
2013,insgesamt,Insgesamt,mit Migrationshintergrund,ohne eigene/r Migrationserfahrung,Prozent,6.44547881371427
2013,insgesamt,Rechtskreis SGB II³⁾,mit Migrationshintergrund,ohne eigene/r Migrationserfahrung,Prozent,7.2606994473801
2013,insgesamt,Rechtskreis SGB III³⁾,mit Migrationshintergrund,ohne eigene/r Migrationserfahrung,Prozent,4.9476773485904
