Year,Kategorie,Geschlecht,Units,Value
Juni 2007,Arbeitslosenquote Insgesamt (alle Erwerbspersonen),Insgesamt,%,8.5
Juni 2008,Arbeitslosenquote Insgesamt (alle Erwerbspersonen),Insgesamt,%,7.4
Juni 2009,Arbeitslosenquote Insgesamt (alle Erwerbspersonen),Insgesamt,%,7.6
Juni 2010,Arbeitslosenquote Insgesamt (alle Erwerbspersonen),Insgesamt,%,7.3
Juni 2011,Arbeitslosenquote Insgesamt (alle Erwerbspersonen),Insgesamt,%,6.7
Juni 2012,Arbeitslosenquote Insgesamt (alle Erwerbspersonen),Insgesamt,%,6.2
Juni 2013,Arbeitslosenquote Insgesamt (alle Erwerbspersonen),Insgesamt,%,6.3
Juni 2014,Arbeitslosenquote Insgesamt (alle Erwerbspersonen),Insgesamt,%,6.3
Juni 2015,Arbeitslosenquote Insgesamt (alle Erwerbspersonen),Insgesamt,%,5.9
Juni 2016,Arbeitslosenquote Insgesamt (alle Erwerbspersonen),Insgesamt,%,5.8
Juni 2017,Arbeitslosenquote Insgesamt (alle Erwerbspersonen),Insgesamt,%,5.6
Juni 2018,Arbeitslosenquote Insgesamt (alle Erwerbspersonen),Insgesamt,%,5.1
Juni 2019,Arbeitslosenquote Insgesamt (alle Erwerbspersonen),Insgesamt,%,4.9
Juni 2020,Arbeitslosenquote Insgesamt (alle Erwerbspersonen),Insgesamt,%,6.0
Juni 2021,Arbeitslosenquote Insgesamt (alle Erwerbspersonen),Insgesamt,%,5.5
Juni 2022,Arbeitslosenquote Insgesamt (alle Erwerbspersonen),Insgesamt,%,5.1
Juni 2007,Arbeitslosenquote Insgesamt (alle Erwerbspersonen),Männer,%,7.8
Juni 2008,Arbeitslosenquote Insgesamt (alle Erwerbspersonen),Männer,%,6.9
Juni 2009,Arbeitslosenquote Insgesamt (alle Erwerbspersonen),Männer,%,7.7
Juni 2010,Arbeitslosenquote Insgesamt (alle Erwerbspersonen),Männer,%,7.3
Juni 2011,Arbeitslosenquote Insgesamt (alle Erwerbspersonen),Männer,%,6.5
Juni 2012,Arbeitslosenquote Insgesamt (alle Erwerbspersonen),Männer,%,6.1
Juni 2013,Arbeitslosenquote Insgesamt (alle Erwerbspersonen),Männer,%,6.3
Juni 2014,Arbeitslosenquote Insgesamt (alle Erwerbspersonen),Männer,%,6.3
Juni 2015,Arbeitslosenquote Insgesamt (alle Erwerbspersonen),Männer,%,5.9
Juni 2016,Arbeitslosenquote Insgesamt (alle Erwerbspersonen),Männer,%,6.0
Juni 2017,Arbeitslosenquote Insgesamt (alle Erwerbspersonen),Männer,%,5.8
Juni 2018,Arbeitslosenquote Insgesamt (alle Erwerbspersonen),Männer,%,5.3
Juni 2019,Arbeitslosenquote Insgesamt (alle Erwerbspersonen),Männer,%,5.1
Juni 2020,Arbeitslosenquote Insgesamt (alle Erwerbspersonen),Männer,%,6.4
Juni 2021,Arbeitslosenquote Insgesamt (alle Erwerbspersonen),Männer,%,5.7
Juni 2022,Arbeitslosenquote Insgesamt (alle Erwerbspersonen),Männer,%,5.2
Juni 2007,Arbeitslosenquote Insgesamt (alle Erwerbspersonen),Frauen,%,9.2
Juni 2008,Arbeitslosenquote Insgesamt (alle Erwerbspersonen),Frauen,%,7.9
Juni 2009,Arbeitslosenquote Insgesamt (alle Erwerbspersonen),Frauen,%,7.5
Juni 2010,Arbeitslosenquote Insgesamt (alle Erwerbspersonen),Frauen,%,7.3
Juni 2011,Arbeitslosenquote Insgesamt (alle Erwerbspersonen),Frauen,%,6.9
Juni 2012,Arbeitslosenquote Insgesamt (alle Erwerbspersonen),Frauen,%,6.4
Juni 2013,Arbeitslosenquote Insgesamt (alle Erwerbspersonen),Frauen,%,6.4
Juni 2014,Arbeitslosenquote Insgesamt (alle Erwerbspersonen),Frauen,%,6.3
Juni 2015,Arbeitslosenquote Insgesamt (alle Erwerbspersonen),Frauen,%,5.8
Juni 2016,Arbeitslosenquote Insgesamt (alle Erwerbspersonen),Frauen,%,5.6
Juni 2017,Arbeitslosenquote Insgesamt (alle Erwerbspersonen),Frauen,%,5.5
Juni 2018,Arbeitslosenquote Insgesamt (alle Erwerbspersonen),Frauen,%,5.0
Juni 2019,Arbeitslosenquote Insgesamt (alle Erwerbspersonen),Frauen,%,4.7
Juni 2020,Arbeitslosenquote Insgesamt (alle Erwerbspersonen),Frauen,%,5.7
Juni 2021,Arbeitslosenquote Insgesamt (alle Erwerbspersonen),Frauen,%,5.3
Juni 2022,Arbeitslosenquote Insgesamt (alle Erwerbspersonen),Frauen,%,5.0
Juni 2007,Arbeitslosenquote von Ausländerinnen und Ausländern (alle Erwerbspersonen),Insgesamt,%,21.1
Juni 2008,Arbeitslosenquote von Ausländerinnen und Ausländern (alle Erwerbspersonen),Insgesamt,%,20.0
Juni 2009,Arbeitslosenquote von Ausländerinnen und Ausländern (alle Erwerbspersonen),Insgesamt,%,19.8
Juni 2010,Arbeitslosenquote von Ausländerinnen und Ausländern (alle Erwerbspersonen),Insgesamt,%,18.5
Juni 2011,Arbeitslosenquote von Ausländerinnen und Ausländern (alle Erwerbspersonen),Insgesamt,%,17.4
Juni 2012,Arbeitslosenquote von Ausländerinnen und Ausländern (alle Erwerbspersonen),Insgesamt,%,16.2
Juni 2013,Arbeitslosenquote von Ausländerinnen und Ausländern (alle Erwerbspersonen),Insgesamt,%,15.9
Juni 2014,Arbeitslosenquote von Ausländerinnen und Ausländern (alle Erwerbspersonen),Insgesamt,%,16.2
Juni 2015,Arbeitslosenquote von Ausländerinnen und Ausländern (alle Erwerbspersonen),Insgesamt,%,16.6
Juni 2016,Arbeitslosenquote von Ausländerinnen und Ausländern (alle Erwerbspersonen),Insgesamt,%,18.4
Juni 2017,Arbeitslosenquote von Ausländerinnen und Ausländern (alle Erwerbspersonen),Insgesamt,%,17.9
Juni 2018,Arbeitslosenquote von Ausländerinnen und Ausländern (alle Erwerbspersonen),Insgesamt,%,15.9
Juni 2019,Arbeitslosenquote von Ausländerinnen und Ausländern (alle Erwerbspersonen),Insgesamt,%,15.0
Juni 2020,Arbeitslosenquote von Ausländerinnen und Ausländern (alle Erwerbspersonen),Insgesamt,%,18.1
Juni 2021,Arbeitslosenquote von Ausländerinnen und Ausländern (alle Erwerbspersonen),Insgesamt,%,15.9
Juni 2022,Arbeitslosenquote von Ausländerinnen und Ausländern (alle Erwerbspersonen),Insgesamt,%,16.4
Juni 2007,Arbeitslosenquote von Ausländerinnen und Ausländern (alle Erwerbspersonen),Männer,%,18.8
Juni 2008,Arbeitslosenquote von Ausländerinnen und Ausländern (alle Erwerbspersonen),Männer,%,17.5
Juni 2009,Arbeitslosenquote von Ausländerinnen und Ausländern (alle Erwerbspersonen),Männer,%,18.3
Juni 2010,Arbeitslosenquote von Ausländerinnen und Ausländern (alle Erwerbspersonen),Männer,%,16.9
Juni 2011,Arbeitslosenquote von Ausländerinnen und Ausländern (alle Erwerbspersonen),Männer,%,15.7
Juni 2012,Arbeitslosenquote von Ausländerinnen und Ausländern (alle Erwerbspersonen),Männer,%,14.5
Juni 2013,Arbeitslosenquote von Ausländerinnen und Ausländern (alle Erwerbspersonen),Männer,%,14.3
Juni 2014,Arbeitslosenquote von Ausländerinnen und Ausländern (alle Erwerbspersonen),Männer,%,14.4
Juni 2015,Arbeitslosenquote von Ausländerinnen und Ausländern (alle Erwerbspersonen),Männer,%,14.6
Juni 2016,Arbeitslosenquote von Ausländerinnen und Ausländern (alle Erwerbspersonen),Männer,%,17.6
Juni 2017,Arbeitslosenquote von Ausländerinnen und Ausländern (alle Erwerbspersonen),Männer,%,16.5
Juni 2018,Arbeitslosenquote von Ausländerinnen und Ausländern (alle Erwerbspersonen),Männer,%,14.4
Juni 2019,Arbeitslosenquote von Ausländerinnen und Ausländern (alle Erwerbspersonen),Männer,%,13.5
Juni 2020,Arbeitslosenquote von Ausländerinnen und Ausländern (alle Erwerbspersonen),Männer,%,16.5
Juni 2021,Arbeitslosenquote von Ausländerinnen und Ausländern (alle Erwerbspersonen),Männer,%,13.9
Juni 2022,Arbeitslosenquote von Ausländerinnen und Ausländern (alle Erwerbspersonen),Männer,%,12.8
Juni 2007,Arbeitslosenquote von Ausländerinnen und Ausländern (alle Erwerbspersonen),Frauen,%,24.4
Juni 2008,Arbeitslosenquote von Ausländerinnen und Ausländern (alle Erwerbspersonen),Frauen,%,23.6
Juni 2009,Arbeitslosenquote von Ausländerinnen und Ausländern (alle Erwerbspersonen),Frauen,%,21.8
Juni 2010,Arbeitslosenquote von Ausländerinnen und Ausländern (alle Erwerbspersonen),Frauen,%,20.6
Juni 2011,Arbeitslosenquote von Ausländerinnen und Ausländern (alle Erwerbspersonen),Frauen,%,19.7
Juni 2012,Arbeitslosenquote von Ausländerinnen und Ausländern (alle Erwerbspersonen),Frauen,%,18.5
Juni 2013,Arbeitslosenquote von Ausländerinnen und Ausländern (alle Erwerbspersonen),Frauen,%,18.2
Juni 2014,Arbeitslosenquote von Ausländerinnen und Ausländern (alle Erwerbspersonen),Frauen,%,18.8
Juni 2015,Arbeitslosenquote von Ausländerinnen und Ausländern (alle Erwerbspersonen),Frauen,%,19.4
Juni 2016,Arbeitslosenquote von Ausländerinnen und Ausländern (alle Erwerbspersonen),Frauen,%,19.5
Juni 2017,Arbeitslosenquote von Ausländerinnen und Ausländern (alle Erwerbspersonen),Frauen,%,20.0
Juni 2018,Arbeitslosenquote von Ausländerinnen und Ausländern (alle Erwerbspersonen),Frauen,%,18.2
Juni 2019,Arbeitslosenquote von Ausländerinnen und Ausländern (alle Erwerbspersonen),Frauen,%,17.4
Juni 2020,Arbeitslosenquote von Ausländerinnen und Ausländern (alle Erwerbspersonen),Frauen,%,20.6
Juni 2021,Arbeitslosenquote von Ausländerinnen und Ausländern (alle Erwerbspersonen),Frauen,%,19.3
Juni 2022,Arbeitslosenquote von Ausländerinnen und Ausländern (alle Erwerbspersonen),Frauen,%,22.0
Juni 2007,Arbeitslosenquote (Insgesamt) der bis unter 25-Jährigen,Insgesamt,%,7.9
Juni 2008,Arbeitslosenquote (Insgesamt) der bis unter 25-Jährigen,Insgesamt,%,6.3
Juni 2009,Arbeitslosenquote (Insgesamt) der bis unter 25-Jährigen,Insgesamt,%,7.4
Juni 2010,Arbeitslosenquote (Insgesamt) der bis unter 25-Jährigen,Insgesamt,%,6.6
Juni 2011,Arbeitslosenquote (Insgesamt) der bis unter 25-Jährigen,Insgesamt,%,5.4
Juni 2012,Arbeitslosenquote (Insgesamt) der bis unter 25-Jährigen,Insgesamt,%,5.2
Juni 2013,Arbeitslosenquote (Insgesamt) der bis unter 25-Jährigen,Insgesamt,%,5.7
Juni 2014,Arbeitslosenquote (Insgesamt) der bis unter 25-Jährigen,Insgesamt,%,5.3
Juni 2015,Arbeitslosenquote (Insgesamt) der bis unter 25-Jährigen,Insgesamt,%,4.8
Juni 2016,Arbeitslosenquote (Insgesamt) der bis unter 25-Jährigen,Insgesamt,%,5.6
Juni 2017,Arbeitslosenquote (Insgesamt) der bis unter 25-Jährigen,Insgesamt,%,5.3
Juni 2018,Arbeitslosenquote (Insgesamt) der bis unter 25-Jährigen,Insgesamt,%,4.7
Juni 2019,Arbeitslosenquote (Insgesamt) der bis unter 25-Jährigen,Insgesamt,%,4.4
Juni 2020,Arbeitslosenquote (Insgesamt) der bis unter 25-Jährigen,Insgesamt,%,6.0
Juni 2021,Arbeitslosenquote (Insgesamt) der bis unter 25-Jährigen,Insgesamt,%,4.7
Juni 2022,Arbeitslosenquote (Insgesamt) der bis unter 25-Jährigen,Insgesamt,%,4.2
Juni 2007,Arbeitslosenquote (Insgesamt) der bis unter 25-Jährigen,15 bis unter 20 Jahre,%,4.7
Juni 2008,Arbeitslosenquote (Insgesamt) der bis unter 25-Jährigen,15 bis unter 20 Jahre,%,3.5
Juni 2009,Arbeitslosenquote (Insgesamt) der bis unter 25-Jährigen,15 bis unter 20 Jahre,%,3.7
Juni 2010,Arbeitslosenquote (Insgesamt) der bis unter 25-Jährigen,15 bis unter 20 Jahre,%,3.5
Juni 2011,Arbeitslosenquote (Insgesamt) der bis unter 25-Jährigen,15 bis unter 20 Jahre,%,2.9
Juni 2012,Arbeitslosenquote (Insgesamt) der bis unter 25-Jährigen,15 bis unter 20 Jahre,%,3.0
Juni 2013,Arbeitslosenquote (Insgesamt) der bis unter 25-Jährigen,15 bis unter 20 Jahre,%,3.1
Juni 2014,Arbeitslosenquote (Insgesamt) der bis unter 25-Jährigen,15 bis unter 20 Jahre,%,3.0
Juni 2015,Arbeitslosenquote (Insgesamt) der bis unter 25-Jährigen,15 bis unter 20 Jahre,%,2.9
Juni 2016,Arbeitslosenquote (Insgesamt) der bis unter 25-Jährigen,15 bis unter 20 Jahre,%,3.4
Juni 2017,Arbeitslosenquote (Insgesamt) der bis unter 25-Jährigen,15 bis unter 20 Jahre,%,3.1
Juni 2018,Arbeitslosenquote (Insgesamt) der bis unter 25-Jährigen,15 bis unter 20 Jahre,%,2.9
Juni 2019,Arbeitslosenquote (Insgesamt) der bis unter 25-Jährigen,15 bis unter 20 Jahre,%,2.6
Juni 2020,Arbeitslosenquote (Insgesamt) der bis unter 25-Jährigen,15 bis unter 20 Jahre,%,3.4
Juni 2021,Arbeitslosenquote (Insgesamt) der bis unter 25-Jährigen,15 bis unter 20 Jahre,%,2.7
Juni 2022,Arbeitslosenquote (Insgesamt) der bis unter 25-Jährigen,15 bis unter 20 Jahre,%,3.2
Juni 2007,Arbeitslosenquote (Insgesamt) der bis unter 25-Jährigen,20 bis unter 25 Jahre,%,9.3
Juni 2008,Arbeitslosenquote (Insgesamt) der bis unter 25-Jährigen,20 bis unter 25 Jahre,%,7.5
Juni 2009,Arbeitslosenquote (Insgesamt) der bis unter 25-Jährigen,20 bis unter 25 Jahre,%,9.0
Juni 2010,Arbeitslosenquote (Insgesamt) der bis unter 25-Jährigen,20 bis unter 25 Jahre,%,8.0
Juni 2011,Arbeitslosenquote (Insgesamt) der bis unter 25-Jährigen,20 bis unter 25 Jahre,%,6.5
Juni 2012,Arbeitslosenquote (Insgesamt) der bis unter 25-Jährigen,20 bis unter 25 Jahre,%,6.1
Juni 2013,Arbeitslosenquote (Insgesamt) der bis unter 25-Jährigen,20 bis unter 25 Jahre,%,6.7
Juni 2014,Arbeitslosenquote (Insgesamt) der bis unter 25-Jährigen,20 bis unter 25 Jahre,%,6.2
Juni 2015,Arbeitslosenquote (Insgesamt) der bis unter 25-Jährigen,20 bis unter 25 Jahre,%,5.6
Juni 2016,Arbeitslosenquote (Insgesamt) der bis unter 25-Jährigen,20 bis unter 25 Jahre,%,6.6
Juni 2017,Arbeitslosenquote (Insgesamt) der bis unter 25-Jährigen,20 bis unter 25 Jahre,%,6.3
Juni 2018,Arbeitslosenquote (Insgesamt) der bis unter 25-Jährigen,20 bis unter 25 Jahre,%,5.5
Juni 2019,Arbeitslosenquote (Insgesamt) der bis unter 25-Jährigen,20 bis unter 25 Jahre,%,5.1
Juni 2020,Arbeitslosenquote (Insgesamt) der bis unter 25-Jährigen,20 bis unter 25 Jahre,%,7.1
Juni 2021,Arbeitslosenquote (Insgesamt) der bis unter 25-Jährigen,20 bis unter 25 Jahre,%,5.4
Juni 2022,Arbeitslosenquote (Insgesamt) der bis unter 25-Jährigen,20 bis unter 25 Jahre,%,4.6
Juni 2007,Arbeitslosenquote der Ausländerinnen und Ausländer bis unter 25 Jahren,Insgesamt,%,15.3
Juni 2008,Arbeitslosenquote der Ausländerinnen und Ausländer bis unter 25 Jahren,Insgesamt,%,13.5
Juni 2009,Arbeitslosenquote der Ausländerinnen und Ausländer bis unter 25 Jahren,Insgesamt,%,14.0
Juni 2010,Arbeitslosenquote der Ausländerinnen und Ausländer bis unter 25 Jahren,Insgesamt,%,13.0
Juni 2011,Arbeitslosenquote der Ausländerinnen und Ausländer bis unter 25 Jahren,Insgesamt,%,12.0
Juni 2012,Arbeitslosenquote der Ausländerinnen und Ausländer bis unter 25 Jahren,Insgesamt,%,11.3
Juni 2013,Arbeitslosenquote der Ausländerinnen und Ausländer bis unter 25 Jahren,Insgesamt,%,11.3
Juni 2014,Arbeitslosenquote der Ausländerinnen und Ausländer bis unter 25 Jahren,Insgesamt,%,12.1
Juni 2015,Arbeitslosenquote der Ausländerinnen und Ausländer bis unter 25 Jahren,Insgesamt,%,12.4
Juni 2016,Arbeitslosenquote der Ausländerinnen und Ausländer bis unter 25 Jahren,Insgesamt,%,18.7
Juni 2017,Arbeitslosenquote der Ausländerinnen und Ausländer bis unter 25 Jahren,Insgesamt,%,16.6
Juni 2018,Arbeitslosenquote der Ausländerinnen und Ausländer bis unter 25 Jahren,Insgesamt,%,13.8
Juni 2019,Arbeitslosenquote der Ausländerinnen und Ausländer bis unter 25 Jahren,Insgesamt,%,12.3
Juni 2020,Arbeitslosenquote der Ausländerinnen und Ausländer bis unter 25 Jahren,Insgesamt,%,15.2
Juni 2021,Arbeitslosenquote der Ausländerinnen und Ausländer bis unter 25 Jahren,Insgesamt,%,11.7
Juni 2022,Arbeitslosenquote der Ausländerinnen und Ausländer bis unter 25 Jahren,Insgesamt,%,12.8
Juni 2007,Arbeitslosenquote der Ausländerinnen und Ausländer bis unter 25 Jahren,15 bis unter 20 Jahre,%,14.2
Juni 2008,Arbeitslosenquote der Ausländerinnen und Ausländer bis unter 25 Jahren,15 bis unter 20 Jahre,%,12.0
Juni 2009,Arbeitslosenquote der Ausländerinnen und Ausländer bis unter 25 Jahren,15 bis unter 20 Jahre,%,10.7
Juni 2010,Arbeitslosenquote der Ausländerinnen und Ausländer bis unter 25 Jahren,15 bis unter 20 Jahre,%,10.5
Juni 2011,Arbeitslosenquote der Ausländerinnen und Ausländer bis unter 25 Jahren,15 bis unter 20 Jahre,%,9.4
Juni 2012,Arbeitslosenquote der Ausländerinnen und Ausländer bis unter 25 Jahren,15 bis unter 20 Jahre,%,8.8
Juni 2013,Arbeitslosenquote der Ausländerinnen und Ausländer bis unter 25 Jahren,15 bis unter 20 Jahre,%,9.6
Juni 2014,Arbeitslosenquote der Ausländerinnen und Ausländer bis unter 25 Jahren,15 bis unter 20 Jahre,%,10.8
Juni 2015,Arbeitslosenquote der Ausländerinnen und Ausländer bis unter 25 Jahren,15 bis unter 20 Jahre,%,12.2
Juni 2016,Arbeitslosenquote der Ausländerinnen und Ausländer bis unter 25 Jahren,15 bis unter 20 Jahre,%,16.9
Juni 2017,Arbeitslosenquote der Ausländerinnen und Ausländer bis unter 25 Jahren,15 bis unter 20 Jahre,%,13.6
Juni 2018,Arbeitslosenquote der Ausländerinnen und Ausländer bis unter 25 Jahren,15 bis unter 20 Jahre,%,11.6
Juni 2019,Arbeitslosenquote der Ausländerinnen und Ausländer bis unter 25 Jahren,15 bis unter 20 Jahre,%,9.6
Juni 2020,Arbeitslosenquote der Ausländerinnen und Ausländer bis unter 25 Jahren,15 bis unter 20 Jahre,%,11.4
Juni 2021,Arbeitslosenquote der Ausländerinnen und Ausländer bis unter 25 Jahren,15 bis unter 20 Jahre,%,10.4
Juni 2022,Arbeitslosenquote der Ausländerinnen und Ausländer bis unter 25 Jahren,15 bis unter 20 Jahre,%,18.2
Juni 2007,Arbeitslosenquote der Ausländerinnen und Ausländer bis unter 25 Jahren,20 bis unter 25 Jahre,%,15.6
Juni 2008,Arbeitslosenquote der Ausländerinnen und Ausländer bis unter 25 Jahren,20 bis unter 25 Jahre,%,14.1
Juni 2009,Arbeitslosenquote der Ausländerinnen und Ausländer bis unter 25 Jahren,20 bis unter 25 Jahre,%,15.2
Juni 2010,Arbeitslosenquote der Ausländerinnen und Ausländer bis unter 25 Jahren,20 bis unter 25 Jahre,%,13.9
Juni 2011,Arbeitslosenquote der Ausländerinnen und Ausländer bis unter 25 Jahren,20 bis unter 25 Jahre,%,12.9
Juni 2012,Arbeitslosenquote der Ausländerinnen und Ausländer bis unter 25 Jahren,20 bis unter 25 Jahre,%,12.2
Juni 2013,Arbeitslosenquote der Ausländerinnen und Ausländer bis unter 25 Jahren,20 bis unter 25 Jahre,%,11.8
Juni 2014,Arbeitslosenquote der Ausländerinnen und Ausländer bis unter 25 Jahren,20 bis unter 25 Jahre,%,12.4
Juni 2015,Arbeitslosenquote der Ausländerinnen und Ausländer bis unter 25 Jahren,20 bis unter 25 Jahre,%,12.4
Juni 2016,Arbeitslosenquote der Ausländerinnen und Ausländer bis unter 25 Jahren,20 bis unter 25 Jahre,%,19.2
Juni 2017,Arbeitslosenquote der Ausländerinnen und Ausländer bis unter 25 Jahren,20 bis unter 25 Jahre,%,17.5
Juni 2018,Arbeitslosenquote der Ausländerinnen und Ausländer bis unter 25 Jahren,20 bis unter 25 Jahre,%,14.3
Juni 2019,Arbeitslosenquote der Ausländerinnen und Ausländer bis unter 25 Jahren,20 bis unter 25 Jahre,%,13.0
Juni 2020,Arbeitslosenquote der Ausländerinnen und Ausländer bis unter 25 Jahren,20 bis unter 25 Jahre,%,16.1
Juni 2021,Arbeitslosenquote der Ausländerinnen und Ausländer bis unter 25 Jahren,20 bis unter 25 Jahre,%,11.9
Juni 2022,Arbeitslosenquote der Ausländerinnen und Ausländer bis unter 25 Jahren,20 bis unter 25 Jahre,%,11.7
