Year,Überwiegender Lebensunterhalt,Migrationsstatus,Geschlecht,Units,Value
2019,Insgesamt,Insgesamt,Insgesamt,%,100
2019,Insgesamt,ohne Migrationshintergrund,Männer,%,100
2019,Insgesamt,mit Migrationshintergrund,Männer,%,100
2019,Insgesamt,Insgesamt,Männer,%,100
2019,Insgesamt,ohne Migrationshintergrund,Frauen,%,100
2019,Insgesamt,mit Migrationshintergrund,Frauen,%,100
2019,Insgesamt,Insgesamt,Frauen,%,100
2018,Insgesamt,Insgesamt,Insgesamt,%,100.0
2018,Insgesamt,ohne Migrationshintergrund,Männer,%,100.0
2018,Insgesamt,mit Migrationshintergrund,Männer,%,100.0
2018,Insgesamt,Insgesamt,Männer,%,100.0
2018,Insgesamt,ohne Migrationshintergrund,Frauen,%,100.0
2018,Insgesamt,mit Migrationshintergrund,Frauen,%,100.0
2018,Insgesamt,Insgesamt,Frauen,%,100.0
2017,Insgesamt,Insgesamt,Insgesamt,%,100.0
2017,Insgesamt,ohne Migrationshintergrund,Männer,%,100.0
2017,Insgesamt,mit Migrationshintergrund,Männer,%,100.0
2017,Insgesamt,Insgesamt,Männer,%,100.0
2017,Insgesamt,ohne Migrationshintergrund,Frauen,%,100.0
2017,Insgesamt,mit Migrationshintergrund,Frauen,%,100.0
2017,Insgesamt,Insgesamt,Frauen,%,100.0
2016,Insgesamt,Insgesamt,Insgesamt,%,100.0
2016,Insgesamt,ohne Migrationshintergrund,Männer,%,100.0
2016,Insgesamt,mit Migrationshintergrund,Männer,%,100.0
2016,Insgesamt,Insgesamt,Männer,%,100.0
2016,Insgesamt,ohne Migrationshintergrund,Frauen,%,100.0
2016,Insgesamt,mit Migrationshintergrund,Frauen,%,100.0
2016,Insgesamt,Insgesamt,Frauen,%,100.0
2015,Insgesamt,Insgesamt,Insgesamt,%,100.0
2015,Insgesamt,ohne Migrationshintergrund,Männer,%,100.0
2015,Insgesamt,mit Migrationshintergrund,Männer,%,100.0
2015,Insgesamt,Insgesamt,Männer,%,100.0
2015,Insgesamt,ohne Migrationshintergrund,Frauen,%,100.0
2015,Insgesamt,mit Migrationshintergrund,Frauen,%,100.0
2015,Insgesamt,Insgesamt,Frauen,%,100.0
2014,Insgesamt,Insgesamt,Insgesamt,%,100.0
2014,Insgesamt,ohne Migrationshintergrund,Männer,%,100.0
2014,Insgesamt,mit Migrationshintergrund,Männer,%,100.0
2014,Insgesamt,Insgesamt,Männer,%,100.0
2014,Insgesamt,ohne Migrationshintergrund,Frauen,%,100.0
2014,Insgesamt,mit Migrationshintergrund,Frauen,%,100.0
2014,Insgesamt,Insgesamt,Frauen,%,100.0
2013,Insgesamt,Insgesamt,Insgesamt,%,100.0
2013,Insgesamt,ohne Migrationshintergrund,Männer,%,100.0
2013,Insgesamt,mit Migrationshintergrund,Männer,%,100.0
2013,Insgesamt,Insgesamt,Männer,%,100.0
2013,Insgesamt,ohne Migrationshintergrund,Frauen,%,100.0
2013,Insgesamt,mit Migrationshintergrund,Frauen,%,100.0
2013,Insgesamt,Insgesamt,Frauen,%,100.0
2012,Insgesamt,Insgesamt,Insgesamt,%,100.0
2012,Insgesamt,ohne Migrationshintergrund,Männer,%,100.0
2012,Insgesamt,mit Migrationshintergrund,Männer,%,100.0
2012,Insgesamt,Insgesamt,Männer,%,100.0
2012,Insgesamt,ohne Migrationshintergrund,Frauen,%,100.0
2012,Insgesamt,mit Migrationshintergrund,Frauen,%,100.0
2012,Insgesamt,Insgesamt,Frauen,%,100.0
2011,Insgesamt,Insgesamt,Insgesamt,%,100.0
2011,Insgesamt,ohne Migrationshintergrund,Männer,%,100.0
2011,Insgesamt,mit Migrationshintergrund,Männer,%,100.0
2011,Insgesamt,Insgesamt,Männer,%,100.0
2011,Insgesamt,ohne Migrationshintergrund,Frauen,%,100.0
2011,Insgesamt,mit Migrationshintergrund,Frauen,%,100.0
2011,Insgesamt,Insgesamt,Frauen,%,100.0
2019,eigene Erwerbs-/ Berufstätigkeit,Insgesamt,Insgesamt,%,46
2019,eigene Erwerbs-/ Berufstätigkeit,ohne Migrationshintergrund,Männer,%,52.3
2019,eigene Erwerbs-/ Berufstätigkeit,mit Migrationshintergrund,Männer,%,48.6
2019,eigene Erwerbs-/ Berufstätigkeit,Insgesamt,Männer,%,51.4
2019,eigene Erwerbs-/ Berufstätigkeit,ohne Migrationshintergrund,Frauen,%,42.4
2019,eigene Erwerbs-/ Berufstätigkeit,mit Migrationshintergrund,Frauen,%,34.1
2019,eigene Erwerbs-/ Berufstätigkeit,Insgesamt,Frauen,%,40.6
2018,eigene Erwerbs-/ Berufstätigkeit,Insgesamt,Insgesamt,%,45.3
2018,eigene Erwerbs-/ Berufstätigkeit,ohne Migrationshintergrund,Männer,%,51.6
2018,eigene Erwerbs-/ Berufstätigkeit,mit Migrationshintergrund,Männer,%,48.2
2018,eigene Erwerbs-/ Berufstätigkeit,Insgesamt,Männer,%,50.8
2018,eigene Erwerbs-/ Berufstätigkeit,ohne Migrationshintergrund,Frauen,%,41.5
2018,eigene Erwerbs-/ Berufstätigkeit,mit Migrationshintergrund,Frauen,%,34.0
2018,eigene Erwerbs-/ Berufstätigkeit,Insgesamt,Frauen,%,39.9
2017,eigene Erwerbs-/ Berufstätigkeit,Insgesamt,Insgesamt,%,44.7
2017,eigene Erwerbs-/ Berufstätigkeit,ohne Migrationshintergrund,Männer,%,51.8
2017,eigene Erwerbs-/ Berufstätigkeit,mit Migrationshintergrund,Männer,%,45.3
2017,eigene Erwerbs-/ Berufstätigkeit,Insgesamt,Männer,%,50.4
2017,eigene Erwerbs-/ Berufstätigkeit,ohne Migrationshintergrund,Frauen,%,41.0
2017,eigene Erwerbs-/ Berufstätigkeit,mit Migrationshintergrund,Frauen,%,31.6
2017,eigene Erwerbs-/ Berufstätigkeit,Insgesamt,Frauen,%,39.1
2016,eigene Erwerbs-/ Berufstätigkeit,Insgesamt,Insgesamt,%,43.7
2016,eigene Erwerbs-/ Berufstätigkeit,ohne Migrationshintergrund,Männer,%,51.2
2016,eigene Erwerbs-/ Berufstätigkeit,mit Migrationshintergrund,Männer,%,44.4
2016,eigene Erwerbs-/ Berufstätigkeit,Insgesamt,Männer,%,49.7
2016,eigene Erwerbs-/ Berufstätigkeit,ohne Migrationshintergrund,Frauen,%,39.2
2016,eigene Erwerbs-/ Berufstätigkeit,mit Migrationshintergrund,Frauen,%,31.5
2016,eigene Erwerbs-/ Berufstätigkeit,Insgesamt,Frauen,%,37.8
2015,eigene Erwerbs-/ Berufstätigkeit,Insgesamt,Insgesamt,%,44.7
2015,eigene Erwerbs-/ Berufstätigkeit,ohne Migrationshintergrund,Männer,%,51.8
2015,eigene Erwerbs-/ Berufstätigkeit,mit Migrationshintergrund,Männer,%,76.1
2015,eigene Erwerbs-/ Berufstätigkeit,Insgesamt,Männer,%,50.4
2015,eigene Erwerbs-/ Berufstätigkeit,ohne Migrationshintergrund,Frauen,%,41.0
2015,eigene Erwerbs-/ Berufstätigkeit,mit Migrationshintergrund,Frauen,%,31.6
2015,eigene Erwerbs-/ Berufstätigkeit,Insgesamt,Frauen,%,39.1
2014,eigene Erwerbs-/ Berufstätigkeit,Insgesamt,Insgesamt,%,42.8
2014,eigene Erwerbs-/ Berufstätigkeit,ohne Migrationshintergrund,Männer,%,50.1
2014,eigene Erwerbs-/ Berufstätigkeit,mit Migrationshintergrund,Männer,%,45.7
2014,eigene Erwerbs-/ Berufstätigkeit,Insgesamt,Männer,%,49.3
2014,eigene Erwerbs-/ Berufstätigkeit,ohne Migrationshintergrund,Frauen,%,37.7
2014,eigene Erwerbs-/ Berufstätigkeit,mit Migrationshintergrund,Frauen,%,30.8
2014,eigene Erwerbs-/ Berufstätigkeit,Insgesamt,Frauen,%,36.5
2013,eigene Erwerbs-/ Berufstätigkeit,Insgesamt,Insgesamt,%,42.5
2013,eigene Erwerbs-/ Berufstätigkeit,ohne Migrationshintergrund,Männer,%,49.9
2013,eigene Erwerbs-/ Berufstätigkeit,mit Migrationshintergrund,Männer,%,46.5
2013,eigene Erwerbs-/ Berufstätigkeit,Insgesamt,Männer,%,49.3
2013,eigene Erwerbs-/ Berufstätigkeit,ohne Migrationshintergrund,Frauen,%,36.9
2013,eigene Erwerbs-/ Berufstätigkeit,mit Migrationshintergrund,Frauen,%,31.7
2013,eigene Erwerbs-/ Berufstätigkeit,Insgesamt,Frauen,%,36.0
2012,eigene Erwerbs-/ Berufstätigkeit,Insgesamt,Insgesamt,%,42.1
2012,eigene Erwerbs-/ Berufstätigkeit,ohne Migrationshintergrund,Männer,%,50.1
2012,eigene Erwerbs-/ Berufstätigkeit,mit Migrationshintergrund,Männer,%,45.2
2012,eigene Erwerbs-/ Berufstätigkeit,Insgesamt,Männer,%,49.3
2012,eigene Erwerbs-/ Berufstätigkeit,ohne Migrationshintergrund,Frauen,%,36.2
2012,eigene Erwerbs-/ Berufstätigkeit,mit Migrationshintergrund,Frauen,%,29.9
2012,eigene Erwerbs-/ Berufstätigkeit,Insgesamt,Frauen,%,35.2
2011,eigene Erwerbs-/ Berufstätigkeit,Insgesamt,Insgesamt,%,42.0
2011,eigene Erwerbs-/ Berufstätigkeit,ohne Migrationshintergrund,Männer,%,50.0
2011,eigene Erwerbs-/ Berufstätigkeit,mit Migrationshintergrund,Männer,%,43.9
2011,eigene Erwerbs-/ Berufstätigkeit,Insgesamt,Männer,%,49.0
2011,eigene Erwerbs-/ Berufstätigkeit,ohne Migrationshintergrund,Frauen,%,36.2
2011,eigene Erwerbs-/ Berufstätigkeit,mit Migrationshintergrund,Frauen,%,30.7
2011,eigene Erwerbs-/ Berufstätigkeit,Insgesamt,Frauen,%,35.3
2019,Arbeitslosengeld I,Insgesamt,Insgesamt,%,0.7
2019,Arbeitslosengeld I,ohne Migrationshintergrund,Männer,%,0.8
2019,Arbeitslosengeld I,mit Migrationshintergrund,Männer,%,-1.1
2019,Arbeitslosengeld I,Insgesamt,Männer,%,0.9
2019,Arbeitslosengeld I,ohne Migrationshintergrund,Frauen,%,0.6
2019,Arbeitslosengeld I,mit Migrationshintergrund,Frauen,%,-0.5
2019,Arbeitslosengeld I,Insgesamt,Frauen,%,0.5
2018,Arbeitslosengeld I,Insgesamt,Insgesamt,%,0.7
2018,Arbeitslosengeld I,ohne Migrationshintergrund,Männer,%,0.8
2018,Arbeitslosengeld I,mit Migrationshintergrund,Männer,%,(1.1)
2018,Arbeitslosengeld I,Insgesamt,Männer,%,0.8
2018,Arbeitslosengeld I,ohne Migrationshintergrund,Frauen,%,0.5
2018,Arbeitslosengeld I,mit Migrationshintergrund,Frauen,%,(0.7)
2018,Arbeitslosengeld I,Insgesamt,Frauen,%,0.5
2017,Arbeitslosengeld I,Insgesamt,Insgesamt,%,0.7
2017,Arbeitslosengeld I,ohne Migrationshintergrund,Männer,%,0.9
2017,Arbeitslosengeld I,mit Migrationshintergrund,Männer,%,(0.9)
2017,Arbeitslosengeld I,Insgesamt,Männer,%,0.9
2017,Arbeitslosengeld I,ohne Migrationshintergrund,Frauen,%,0.5
2017,Arbeitslosengeld I,mit Migrationshintergrund,Frauen,%,/
2017,Arbeitslosengeld I,Insgesamt,Frauen,%,0.5
2016,Arbeitslosengeld I,Insgesamt,Insgesamt,%,0.8
2016,Arbeitslosengeld I,ohne Migrationshintergrund,Männer,%,1.0
2016,Arbeitslosengeld I,mit Migrationshintergrund,Männer,%,(1.0)
2016,Arbeitslosengeld I,Insgesamt,Männer,%,1.0
2016,Arbeitslosengeld I,ohne Migrationshintergrund,Frauen,%,0.6
2016,Arbeitslosengeld I,mit Migrationshintergrund,Frauen,%,/
2016,Arbeitslosengeld I,Insgesamt,Frauen,%,0.6
2015,Arbeitslosengeld I,Insgesamt,Insgesamt,%,0.7
2015,Arbeitslosengeld I,ohne Migrationshintergrund,Männer,%,0.9
2015,Arbeitslosengeld I,mit Migrationshintergrund,Männer,%,1.3
2015,Arbeitslosengeld I,Insgesamt,Männer,%,0.9
2015,Arbeitslosengeld I,ohne Migrationshintergrund,Frauen,%,0.5
2015,Arbeitslosengeld I,mit Migrationshintergrund,Frauen,%,/
2015,Arbeitslosengeld I,Insgesamt,Frauen,%,0.5
2014,Arbeitslosengeld I,Insgesamt,Insgesamt,%,0.8
2014,Arbeitslosengeld I,ohne Migrationshintergrund,Männer,%,1.0
2014,Arbeitslosengeld I,mit Migrationshintergrund,Männer,%,1.5
2014,Arbeitslosengeld I,Insgesamt,Männer,%,1.1
2014,Arbeitslosengeld I,ohne Migrationshintergrund,Frauen,%,0.6
2014,Arbeitslosengeld I,mit Migrationshintergrund,Frauen,%,/
2014,Arbeitslosengeld I,Insgesamt,Frauen,%,0.6
2013,Arbeitslosengeld I,Insgesamt,Insgesamt,%,0.8
2013,Arbeitslosengeld I,ohne Migrationshintergrund,Männer,%,0.9
2013,Arbeitslosengeld I,mit Migrationshintergrund,Männer,%,1.6
2013,Arbeitslosengeld I,Insgesamt,Männer,%,1.0
2013,Arbeitslosengeld I,ohne Migrationshintergrund,Frauen,%,0.6
2013,Arbeitslosengeld I,mit Migrationshintergrund,Frauen,%,/
2013,Arbeitslosengeld I,Insgesamt,Frauen,%,0.7
2012,Arbeitslosengeld I,Insgesamt,Insgesamt,%,0.8
2012,Arbeitslosengeld I,ohne Migrationshintergrund,Männer,%,0.8
2012,Arbeitslosengeld I,mit Migrationshintergrund,Männer,%,1.5
2012,Arbeitslosengeld I,Insgesamt,Männer,%,0.9
2012,Arbeitslosengeld I,ohne Migrationshintergrund,Frauen,%,0.6
2012,Arbeitslosengeld I,mit Migrationshintergrund,Frauen,%,/
2012,Arbeitslosengeld I,Insgesamt,Frauen,%,0.6
2011,Arbeitslosengeld I,Insgesamt,Insgesamt,%,0.8
2011,Arbeitslosengeld I,ohne Migrationshintergrund,Männer,%,0.9
2011,Arbeitslosengeld I,mit Migrationshintergrund,Männer,%,(1.3)
2011,Arbeitslosengeld I,Insgesamt,Männer,%,1.0
2011,Arbeitslosengeld I,ohne Migrationshintergrund,Frauen,%,0.7
2011,Arbeitslosengeld I,mit Migrationshintergrund,Frauen,%,/
2011,Arbeitslosengeld I,Insgesamt,Frauen,%,0.6
2019,Rente und Pension,Insgesamt,Insgesamt,%,21.7
2019,Rente und Pension,ohne Migrationshintergrund,Männer,%,24.4
2019,Rente und Pension,mit Migrationshintergrund,Männer,%,9
2019,Rente und Pension,Insgesamt,Männer,%,20.8
2019,Rente und Pension,ohne Migrationshintergrund,Frauen,%,26
2019,Rente und Pension,mit Migrationshintergrund,Frauen,%,10.2
2019,Rente und Pension,Insgesamt,Frauen,%,22.6
2018,Rente und Pension,Insgesamt,Insgesamt,%,21.7
2018,Rente und Pension,ohne Migrationshintergrund,Männer,%,24.8
2018,Rente und Pension,mit Migrationshintergrund,Männer,%,8.7
2018,Rente und Pension,Insgesamt,Männer,%,21.1
2018,Rente und Pension,ohne Migrationshintergrund,Frauen,%,25.7
2018,Rente und Pension,mit Migrationshintergrund,Frauen,%,9.8
2018,Rente und Pension,Insgesamt,Frauen,%,22.3
2017,Rente und Pension,Insgesamt,Insgesamt,%,21.3
2017,Rente und Pension,ohne Migrationshintergrund,Männer,%,24.0
2017,Rente und Pension,mit Migrationshintergrund,Männer,%,9.2
2017,Rente und Pension,Insgesamt,Männer,%,20.8
2017,Rente und Pension,ohne Migrationshintergrund,Frauen,%,24.8
2017,Rente und Pension,mit Migrationshintergrund,Frauen,%,10.1
2017,Rente und Pension,Insgesamt,Frauen,%,21.9
2016,Rente und Pension,Insgesamt,Insgesamt,%,21.9
2016,Rente und Pension,ohne Migrationshintergrund,Männer,%,24.2
2016,Rente und Pension,mit Migrationshintergrund,Männer,%,9.4
2016,Rente und Pension,Insgesamt,Männer,%,21.1
2016,Rente und Pension,ohne Migrationshintergrund,Frauen,%,25.6
2016,Rente und Pension,mit Migrationshintergrund,Frauen,%,10.2
2016,Rente und Pension,Insgesamt,Frauen,%,22.8
2015,Rente und Pension,Insgesamt,Insgesamt,%,21.3
2015,Rente und Pension,ohne Migrationshintergrund,Männer,%,24.0
2015,Rente und Pension,mit Migrationshintergrund,Männer,%,/
2015,Rente und Pension,Insgesamt,Männer,%,20.8
2015,Rente und Pension,ohne Migrationshintergrund,Frauen,%,24.8
2015,Rente und Pension,mit Migrationshintergrund,Frauen,%,10.1
2015,Rente und Pension,Insgesamt,Frauen,%,21.9
2014,Rente und Pension,Insgesamt,Insgesamt,%,22.0
2014,Rente und Pension,ohne Migrationshintergrund,Männer,%,24.3
2014,Rente und Pension,mit Migrationshintergrund,Männer,%,10.5
2014,Rente und Pension,Insgesamt,Männer,%,21.8
2014,Rente und Pension,ohne Migrationshintergrund,Frauen,%,24.6
2014,Rente und Pension,mit Migrationshintergrund,Frauen,%,10.1
2014,Rente und Pension,Insgesamt,Frauen,%,22.1
2013,Rente und Pension,Insgesamt,Insgesamt,%,22.1
2013,Rente und Pension,ohne Migrationshintergrund,Männer,%,24.6
2013,Rente und Pension,mit Migrationshintergrund,Männer,%,9.8
2013,Rente und Pension,Insgesamt,Männer,%,21.9
2013,Rente und Pension,ohne Migrationshintergrund,Frauen,%,24.9
2013,Rente und Pension,mit Migrationshintergrund,Frauen,%,9.6
2013,Rente und Pension,Insgesamt,Frauen,%,22.2
2012,Rente und Pension,Insgesamt,Insgesamt,%,22.0
2012,Rente und Pension,ohne Migrationshintergrund,Männer,%,24.0
2012,Rente und Pension,mit Migrationshintergrund,Männer,%,10.2
2012,Rente und Pension,Insgesamt,Männer,%,21.6
2012,Rente und Pension,ohne Migrationshintergrund,Frauen,%,24.6
2012,Rente und Pension,mit Migrationshintergrund,Frauen,%,10.0
2012,Rente und Pension,Insgesamt,Frauen,%,22.3
2011,Rente und Pension,Insgesamt,Insgesamt,%,22.1
2011,Rente und Pension,ohne Migrationshintergrund,Männer,%,23.8
2011,Rente und Pension,mit Migrationshintergrund,Männer,%,10.0
2011,Rente und Pension,Insgesamt,Männer,%,21.5
2011,Rente und Pension,ohne Migrationshintergrund,Frauen,%,25.0
2011,Rente und Pension,mit Migrationshintergrund,Frauen,%,9.9
2011,Rente und Pension,Insgesamt,Frauen,%,22.6
2019,Einkünfte von Angehörigen,Insgesamt,Insgesamt,%,25.4
2019,Einkünfte von Angehörigen,ohne Migrationshintergrund,Männer,%,18.1
2019,Einkünfte von Angehörigen,mit Migrationshintergrund,Männer,%,29
2019,Einkünfte von Angehörigen,Insgesamt,Männer,%,20.6
2019,Einkünfte von Angehörigen,ohne Migrationshintergrund,Frauen,%,26.5
2019,Einkünfte von Angehörigen,mit Migrationshintergrund,Frauen,%,42.9
2019,Einkünfte von Angehörigen,Insgesamt,Frauen,%,30
2018,Einkünfte von Angehörigen,Insgesamt,Insgesamt,%,25.9
2018,Einkünfte von Angehörigen,ohne Migrationshintergrund,Männer,%,18.2
2018,Einkünfte von Angehörigen,mit Migrationshintergrund,Männer,%,29.1
2018,Einkünfte von Angehörigen,Insgesamt,Männer,%,20.7
2018,Einkünfte von Angehörigen,ohne Migrationshintergrund,Frauen,%,27.7
2018,Einkünfte von Angehörigen,mit Migrationshintergrund,Frauen,%,43.7
2018,Einkünfte von Angehörigen,Insgesamt,Frauen,%,31.1
2017,Einkünfte von Angehörigen,Insgesamt,Insgesamt,%,26.3
2017,Einkünfte von Angehörigen,ohne Migrationshintergrund,Männer,%,18.2
2017,Einkünfte von Angehörigen,mit Migrationshintergrund,Männer,%,29.8
2017,Einkünfte von Angehörigen,Insgesamt,Männer,%,20.8
2017,Einkünfte von Angehörigen,ohne Migrationshintergrund,Frauen,%,28.4
2017,Einkünfte von Angehörigen,mit Migrationshintergrund,Frauen,%,44.8
2017,Einkünfte von Angehörigen,Insgesamt,Frauen,%,31.7
2016,Einkünfte von Angehörigen,Insgesamt,Insgesamt,%,26.8
2016,Einkünfte von Angehörigen,ohne Migrationshintergrund,Männer,%,18.6
2016,Einkünfte von Angehörigen,mit Migrationshintergrund,Männer,%,30.7
2016,Einkünfte von Angehörigen,Insgesamt,Männer,%,21.1
2016,Einkünfte von Angehörigen,ohne Migrationshintergrund,Frauen,%,29.5
2016,Einkünfte von Angehörigen,mit Migrationshintergrund,Frauen,%,45.0
2016,Einkünfte von Angehörigen,Insgesamt,Frauen,%,32.4
2015,Einkünfte von Angehörigen,Insgesamt,Insgesamt,%,26.3
2015,Einkünfte von Angehörigen,ohne Migrationshintergrund,Männer,%,18.2
2015,Einkünfte von Angehörigen,mit Migrationshintergrund,Männer,%,10.7
2015,Einkünfte von Angehörigen,Insgesamt,Männer,%,20.8
2015,Einkünfte von Angehörigen,ohne Migrationshintergrund,Frauen,%,28.4
2015,Einkünfte von Angehörigen,mit Migrationshintergrund,Frauen,%,44.8
2015,Einkünfte von Angehörigen,Insgesamt,Frauen,%,31.7
2014,Einkünfte von Angehörigen,Insgesamt,Insgesamt,%,28.2
2014,Einkünfte von Angehörigen,ohne Migrationshintergrund,Männer,%,19.3
2014,Einkünfte von Angehörigen,mit Migrationshintergrund,Männer,%,32.5
2014,Einkünfte von Angehörigen,Insgesamt,Männer,%,21.7
2014,Einkünfte von Angehörigen,ohne Migrationshintergrund,Frauen,%,31.8
2014,Einkünfte von Angehörigen,mit Migrationshintergrund,Frauen,%,48.1
2014,Einkünfte von Angehörigen,Insgesamt,Frauen,%,34.6
2013,Einkünfte von Angehörigen,Insgesamt,Insgesamt,%,28.8
2013,Einkünfte von Angehörigen,ohne Migrationshintergrund,Männer,%,19.6
2013,Einkünfte von Angehörigen,mit Migrationshintergrund,Männer,%,31.5
2013,Einkünfte von Angehörigen,Insgesamt,Männer,%,21.8
2013,Einkünfte von Angehörigen,ohne Migrationshintergrund,Frauen,%,32.8
2013,Einkünfte von Angehörigen,mit Migrationshintergrund,Frauen,%,47.9
2013,Einkünfte von Angehörigen,Insgesamt,Frauen,%,35.5
2012,Einkünfte von Angehörigen,Insgesamt,Insgesamt,%,29.0
2012,Einkünfte von Angehörigen,ohne Migrationshintergrund,Männer,%,19.7
2012,Einkünfte von Angehörigen,mit Migrationshintergrund,Männer,%,32.5
2012,Einkünfte von Angehörigen,Insgesamt,Männer,%,21.9
2012,Einkünfte von Angehörigen,ohne Migrationshintergrund,Frauen,%,33.2
2012,Einkünfte von Angehörigen,mit Migrationshintergrund,Frauen,%,48.8
2012,Einkünfte von Angehörigen,Insgesamt,Frauen,%,35.8
2011,Einkünfte von Angehörigen,Insgesamt,Insgesamt,%,28.5
2011,Einkünfte von Angehörigen,ohne Migrationshintergrund,Männer,%,19.7
2011,Einkünfte von Angehörigen,mit Migrationshintergrund,Männer,%,32.9
2011,Einkünfte von Angehörigen,Insgesamt,Männer,%,21.9
2011,Einkünfte von Angehörigen,ohne Migrationshintergrund,Frauen,%,32.6
2011,Einkünfte von Angehörigen,mit Migrationshintergrund,Frauen,%,46.6
2011,Einkünfte von Angehörigen,Insgesamt,Frauen,%,34.9
2019,eigenes Vermögen  Vermietung  Zinsen  Altenteil,Insgesamt,Insgesamt,%,0.7
2019,eigenes Vermögen  Vermietung  Zinsen  Altenteil,ohne Migrationshintergrund,Männer,%,1
2019,eigenes Vermögen  Vermietung  Zinsen  Altenteil,mit Migrationshintergrund,Männer,%,-0.4
2019,eigenes Vermögen  Vermietung  Zinsen  Altenteil,Insgesamt,Männer,%,0.8
2019,eigenes Vermögen  Vermietung  Zinsen  Altenteil,ohne Migrationshintergrund,Frauen,%,0.7
2019,eigenes Vermögen  Vermietung  Zinsen  Altenteil,mit Migrationshintergrund,Frauen,%,-0.3
2019,eigenes Vermögen  Vermietung  Zinsen  Altenteil,Insgesamt,Frauen,%,0.6
2018,eigenes Vermögen  Vermietung  Zinsen  Altenteil,Insgesamt,Insgesamt,%,0.7
2018,eigenes Vermögen  Vermietung  Zinsen  Altenteil,ohne Migrationshintergrund,Männer,%,1.0
2018,eigenes Vermögen  Vermietung  Zinsen  Altenteil,mit Migrationshintergrund,Männer,%,(0.4)
2018,eigenes Vermögen  Vermietung  Zinsen  Altenteil,Insgesamt,Männer,%,0.9
2018,eigenes Vermögen  Vermietung  Zinsen  Altenteil,ohne Migrationshintergrund,Frauen,%,0.7
2018,eigenes Vermögen  Vermietung  Zinsen  Altenteil,mit Migrationshintergrund,Frauen,%,(0.3)
2018,eigenes Vermögen  Vermietung  Zinsen  Altenteil,Insgesamt,Frauen,%,0.6
2017,eigenes Vermögen  Vermietung  Zinsen  Altenteil,Insgesamt,Insgesamt,%,0.7
2017,eigenes Vermögen  Vermietung  Zinsen  Altenteil,ohne Migrationshintergrund,Männer,%,1.0
2017,eigenes Vermögen  Vermietung  Zinsen  Altenteil,mit Migrationshintergrund,Männer,%,/
2017,eigenes Vermögen  Vermietung  Zinsen  Altenteil,Insgesamt,Männer,%,0.8
2017,eigenes Vermögen  Vermietung  Zinsen  Altenteil,ohne Migrationshintergrund,Frauen,%,0.7
2017,eigenes Vermögen  Vermietung  Zinsen  Altenteil,mit Migrationshintergrund,Frauen,%,/
2017,eigenes Vermögen  Vermietung  Zinsen  Altenteil,Insgesamt,Frauen,%,0.6
2016,eigenes Vermögen  Vermietung  Zinsen  Altenteil,Insgesamt,Insgesamt,%,0.7
2016,eigenes Vermögen  Vermietung  Zinsen  Altenteil,ohne Migrationshintergrund,Männer,%,1.0
2016,eigenes Vermögen  Vermietung  Zinsen  Altenteil,mit Migrationshintergrund,Männer,%,/
2016,eigenes Vermögen  Vermietung  Zinsen  Altenteil,Insgesamt,Männer,%,0.8
2016,eigenes Vermögen  Vermietung  Zinsen  Altenteil,ohne Migrationshintergrund,Frauen,%,0.7
2016,eigenes Vermögen  Vermietung  Zinsen  Altenteil,mit Migrationshintergrund,Frauen,%,/
2016,eigenes Vermögen  Vermietung  Zinsen  Altenteil,Insgesamt,Frauen,%,0.6
2015,eigenes Vermögen  Vermietung  Zinsen  Altenteil,Insgesamt,Insgesamt,%,0.7
2015,eigenes Vermögen  Vermietung  Zinsen  Altenteil,ohne Migrationshintergrund,Männer,%,1.0
2015,eigenes Vermögen  Vermietung  Zinsen  Altenteil,mit Migrationshintergrund,Männer,%,/
2015,eigenes Vermögen  Vermietung  Zinsen  Altenteil,Insgesamt,Männer,%,0.8
2015,eigenes Vermögen  Vermietung  Zinsen  Altenteil,ohne Migrationshintergrund,Frauen,%,0.7
2015,eigenes Vermögen  Vermietung  Zinsen  Altenteil,mit Migrationshintergrund,Frauen,%,/
2015,eigenes Vermögen  Vermietung  Zinsen  Altenteil,Insgesamt,Frauen,%,0.6
2014,eigenes Vermögen  Vermietung  Zinsen  Altenteil,Insgesamt,Insgesamt,%,0.7
2014,eigenes Vermögen  Vermietung  Zinsen  Altenteil,ohne Migrationshintergrund,Männer,%,0.9
2014,eigenes Vermögen  Vermietung  Zinsen  Altenteil,mit Migrationshintergrund,Männer,%,/
2014,eigenes Vermögen  Vermietung  Zinsen  Altenteil,Insgesamt,Männer,%,0.8
2014,eigenes Vermögen  Vermietung  Zinsen  Altenteil,ohne Migrationshintergrund,Frauen,%,0.8
2014,eigenes Vermögen  Vermietung  Zinsen  Altenteil,mit Migrationshintergrund,Frauen,%,/
2014,eigenes Vermögen  Vermietung  Zinsen  Altenteil,Insgesamt,Frauen,%,0.7
2013,eigenes Vermögen  Vermietung  Zinsen  Altenteil,Insgesamt,Insgesamt,%,0.7
2013,eigenes Vermögen  Vermietung  Zinsen  Altenteil,ohne Migrationshintergrund,Männer,%,0.9
2013,eigenes Vermögen  Vermietung  Zinsen  Altenteil,mit Migrationshintergrund,Männer,%,/
2013,eigenes Vermögen  Vermietung  Zinsen  Altenteil,Insgesamt,Männer,%,0.8
2013,eigenes Vermögen  Vermietung  Zinsen  Altenteil,ohne Migrationshintergrund,Frauen,%,0.6
2013,eigenes Vermögen  Vermietung  Zinsen  Altenteil,mit Migrationshintergrund,Frauen,%,/
2013,eigenes Vermögen  Vermietung  Zinsen  Altenteil,Insgesamt,Frauen,%,0.6
2012,eigenes Vermögen  Vermietung  Zinsen  Altenteil,Insgesamt,Insgesamt,%,0.7
2012,eigenes Vermögen  Vermietung  Zinsen  Altenteil,ohne Migrationshintergrund,Männer,%,0.9
2012,eigenes Vermögen  Vermietung  Zinsen  Altenteil,mit Migrationshintergrund,Männer,%,/
2012,eigenes Vermögen  Vermietung  Zinsen  Altenteil,Insgesamt,Männer,%,0.8
2012,eigenes Vermögen  Vermietung  Zinsen  Altenteil,ohne Migrationshintergrund,Frauen,%,0.6
2012,eigenes Vermögen  Vermietung  Zinsen  Altenteil,mit Migrationshintergrund,Frauen,%,/
2012,eigenes Vermögen  Vermietung  Zinsen  Altenteil,Insgesamt,Frauen,%,0.6
2011,eigenes Vermögen  Vermietung  Zinsen  Altenteil,Insgesamt,Insgesamt,%,0.7
2011,eigenes Vermögen  Vermietung  Zinsen  Altenteil,ohne Migrationshintergrund,Männer,%,0.9
2011,eigenes Vermögen  Vermietung  Zinsen  Altenteil,mit Migrationshintergrund,Männer,%,/
2011,eigenes Vermögen  Vermietung  Zinsen  Altenteil,Insgesamt,Männer,%,0.8
2011,eigenes Vermögen  Vermietung  Zinsen  Altenteil,ohne Migrationshintergrund,Frauen,%,0.7
2011,eigenes Vermögen  Vermietung  Zinsen  Altenteil,mit Migrationshintergrund,Frauen,%,/
2011,eigenes Vermögen  Vermietung  Zinsen  Altenteil,Insgesamt,Frauen,%,0.6
2019,lfd. Hilfe zum Lebensunterhalt2),Insgesamt,Insgesamt,%,1
2019,lfd. Hilfe zum Lebensunterhalt2),ohne Migrationshintergrund,Männer,%,0.6
2019,lfd. Hilfe zum Lebensunterhalt2),mit Migrationshintergrund,Männer,%,2.2
2019,lfd. Hilfe zum Lebensunterhalt2),Insgesamt,Männer,%,1
2019,lfd. Hilfe zum Lebensunterhalt2),ohne Migrationshintergrund,Frauen,%,0.6
2019,lfd. Hilfe zum Lebensunterhalt2),mit Migrationshintergrund,Frauen,%,2.5
2019,lfd. Hilfe zum Lebensunterhalt2),Insgesamt,Frauen,%,1
2018,lfd. Hilfe zum Lebensunterhalt2),Insgesamt,Insgesamt,%,0.9
2018,lfd. Hilfe zum Lebensunterhalt2),ohne Migrationshintergrund,Männer,%,0.5
2018,lfd. Hilfe zum Lebensunterhalt2),mit Migrationshintergrund,Männer,%,2.4
2018,lfd. Hilfe zum Lebensunterhalt2),Insgesamt,Männer,%,1.0
2018,lfd. Hilfe zum Lebensunterhalt2),ohne Migrationshintergrund,Frauen,%,0.5
2018,lfd. Hilfe zum Lebensunterhalt2),mit Migrationshintergrund,Frauen,%,2.3
2018,lfd. Hilfe zum Lebensunterhalt2),Insgesamt,Frauen,%,0.9
2017,lfd. Hilfe zum Lebensunterhalt2),Insgesamt,Insgesamt,%,1.1
2017,lfd. Hilfe zum Lebensunterhalt2),ohne Migrationshintergrund,Männer,%,0.7
2017,lfd. Hilfe zum Lebensunterhalt2),mit Migrationshintergrund,Männer,%,2.8
2017,lfd. Hilfe zum Lebensunterhalt2),Insgesamt,Männer,%,1.2
2017,lfd. Hilfe zum Lebensunterhalt2),ohne Migrationshintergrund,Frauen,%,0.7
2017,lfd. Hilfe zum Lebensunterhalt2),mit Migrationshintergrund,Frauen,%,2.8
2017,lfd. Hilfe zum Lebensunterhalt2),Insgesamt,Frauen,%,1.1
2016,lfd. Hilfe zum Lebensunterhalt2),Insgesamt,Insgesamt,%,1.5
2016,lfd. Hilfe zum Lebensunterhalt2),ohne Migrationshintergrund,Männer,%,1.0
2016,lfd. Hilfe zum Lebensunterhalt2),mit Migrationshintergrund,Männer,%,3.6
2016,lfd. Hilfe zum Lebensunterhalt2),Insgesamt,Männer,%,1.5
2016,lfd. Hilfe zum Lebensunterhalt2),ohne Migrationshintergrund,Frauen,%,1.0
2016,lfd. Hilfe zum Lebensunterhalt2),mit Migrationshintergrund,Frauen,%,3.6
2016,lfd. Hilfe zum Lebensunterhalt2),Insgesamt,Frauen,%,1.4
2015,lfd. Hilfe zum Lebensunterhalt2),Insgesamt,Insgesamt,%,1.1
2015,lfd. Hilfe zum Lebensunterhalt2),ohne Migrationshintergrund,Männer,%,0.7
2015,lfd. Hilfe zum Lebensunterhalt2),mit Migrationshintergrund,Männer,%,1.8
2015,lfd. Hilfe zum Lebensunterhalt2),Insgesamt,Männer,%,1.2
2015,lfd. Hilfe zum Lebensunterhalt2),ohne Migrationshintergrund,Frauen,%,0.7
2015,lfd. Hilfe zum Lebensunterhalt2),mit Migrationshintergrund,Frauen,%,2.8
2015,lfd. Hilfe zum Lebensunterhalt2),Insgesamt,Frauen,%,1.1
2014,lfd. Hilfe zum Lebensunterhalt2),Insgesamt,Insgesamt,%,1.2
2014,lfd. Hilfe zum Lebensunterhalt2),ohne Migrationshintergrund,Männer,%,1.0
2014,lfd. Hilfe zum Lebensunterhalt2),mit Migrationshintergrund,Männer,%,1.9
2014,lfd. Hilfe zum Lebensunterhalt2),Insgesamt,Männer,%,1.1
2014,lfd. Hilfe zum Lebensunterhalt2),ohne Migrationshintergrund,Frauen,%,0.9
2014,lfd. Hilfe zum Lebensunterhalt2),mit Migrationshintergrund,Frauen,%,2.5
2014,lfd. Hilfe zum Lebensunterhalt2),Insgesamt,Frauen,%,1.2
2013,lfd. Hilfe zum Lebensunterhalt2),Insgesamt,Insgesamt,%,0.9
2013,lfd. Hilfe zum Lebensunterhalt2),ohne Migrationshintergrund,Männer,%,0.7
2013,lfd. Hilfe zum Lebensunterhalt2),mit Migrationshintergrund,Männer,%,1.7
2013,lfd. Hilfe zum Lebensunterhalt2),Insgesamt,Männer,%,0.9
2013,lfd. Hilfe zum Lebensunterhalt2),ohne Migrationshintergrund,Frauen,%,0.7
2013,lfd. Hilfe zum Lebensunterhalt2),mit Migrationshintergrund,Frauen,%,2.0
2013,lfd. Hilfe zum Lebensunterhalt2),Insgesamt,Frauen,%,0.9
2012,lfd. Hilfe zum Lebensunterhalt2),Insgesamt,Insgesamt,%,1.0
2012,lfd. Hilfe zum Lebensunterhalt2),ohne Migrationshintergrund,Männer,%,0.9
2012,lfd. Hilfe zum Lebensunterhalt2),mit Migrationshintergrund,Männer,%,1.8
2012,lfd. Hilfe zum Lebensunterhalt2),Insgesamt,Männer,%,1.0
2012,lfd. Hilfe zum Lebensunterhalt2),ohne Migrationshintergrund,Frauen,%,0.7
2012,lfd. Hilfe zum Lebensunterhalt2),mit Migrationshintergrund,Frauen,%,2.0
2012,lfd. Hilfe zum Lebensunterhalt2),Insgesamt,Frauen,%,0.9
2011,lfd. Hilfe zum Lebensunterhalt2),Insgesamt,Insgesamt,%,1.0
2011,lfd. Hilfe zum Lebensunterhalt2),ohne Migrationshintergrund,Männer,%,0.8
2011,lfd. Hilfe zum Lebensunterhalt2),mit Migrationshintergrund,Männer,%,1.9
2011,lfd. Hilfe zum Lebensunterhalt2),Insgesamt,Männer,%,1.0
2011,lfd. Hilfe zum Lebensunterhalt2),ohne Migrationshintergrund,Frauen,%,0.7
2011,lfd. Hilfe zum Lebensunterhalt2),mit Migrationshintergrund,Frauen,%,2.5
2011,lfd. Hilfe zum Lebensunterhalt2),Insgesamt,Frauen,%,1.0
2019,Leistungen nach dem SGB II,Insgesamt,Insgesamt,%,3
2019,Leistungen nach dem SGB II,ohne Migrationshintergrund,Männer,%,1.9
2019,Leistungen nach dem SGB II,mit Migrationshintergrund,Männer,%,7.2
2019,Leistungen nach dem SGB II,Insgesamt,Männer,%,3.1
2019,Leistungen nach dem SGB II,ohne Migrationshintergrund,Frauen,%,1.7
2019,Leistungen nach dem SGB II,mit Migrationshintergrund,Frauen,%,6.7
2019,Leistungen nach dem SGB II,Insgesamt,Frauen,%,2.8
2018,Leistungen nach dem SGB II,Insgesamt,Insgesamt,%,3.0
2018,Leistungen nach dem SGB II,ohne Migrationshintergrund,Männer,%,2.1
2018,Leistungen nach dem SGB II,mit Migrationshintergrund,Männer,%,7.4
2018,Leistungen nach dem SGB II,Insgesamt,Männer,%,3.3
2018,Leistungen nach dem SGB II,ohne Migrationshintergrund,Frauen,%,1.8
2018,Leistungen nach dem SGB II,mit Migrationshintergrund,Frauen,%,6.3
2018,Leistungen nach dem SGB II,Insgesamt,Frauen,%,2.7
2017,Leistungen nach dem SGB II,Insgesamt,Insgesamt,%,3.0
2017,Leistungen nach dem SGB II,ohne Migrationshintergrund,Männer,%,2.1
2017,Leistungen nach dem SGB II,mit Migrationshintergrund,Männer,%,7.2
2017,Leistungen nach dem SGB II,Insgesamt,Männer,%,3.2
2017,Leistungen nach dem SGB II,ohne Migrationshintergrund,Frauen,%,1.8
2017,Leistungen nach dem SGB II,mit Migrationshintergrund,Frauen,%,6.2
2017,Leistungen nach dem SGB II,Insgesamt,Frauen,%,2.7
2016,Leistungen nach dem SGB II,Insgesamt,Insgesamt,%,2.8
2016,Leistungen nach dem SGB II,ohne Migrationshintergrund,Männer,%,2.3
2016,Leistungen nach dem SGB II,mit Migrationshintergrund,Männer,%,6.8
2016,Leistungen nach dem SGB II,Insgesamt,Männer,%,3.2
2016,Leistungen nach dem SGB II,ohne Migrationshintergrund,Frauen,%,1.8
2016,Leistungen nach dem SGB II,mit Migrationshintergrund,Frauen,%,5.2
2016,Leistungen nach dem SGB II,Insgesamt,Frauen,%,2.5
2015,Leistungen nach dem SGB II,Insgesamt,Insgesamt,%,3.0
2015,Leistungen nach dem SGB II,ohne Migrationshintergrund,Männer,%,2.1
2015,Leistungen nach dem SGB II,mit Migrationshintergrund,Männer,%,4.9
2015,Leistungen nach dem SGB II,Insgesamt,Männer,%,3.2
2015,Leistungen nach dem SGB II,ohne Migrationshintergrund,Frauen,%,1.8
2015,Leistungen nach dem SGB II,mit Migrationshintergrund,Frauen,%,6.2
2015,Leistungen nach dem SGB II,Insgesamt,Frauen,%,2.7
2014,Leistungen nach dem SGB II,Insgesamt,Insgesamt,%,3.1
2014,Leistungen nach dem SGB II,ohne Migrationshintergrund,Männer,%,2.7
2014,Leistungen nach dem SGB II,mit Migrationshintergrund,Männer,%,6.3
2014,Leistungen nach dem SGB II,Insgesamt,Männer,%,3.4
2014,Leistungen nach dem SGB II,ohne Migrationshintergrund,Frauen,%,2.2
2014,Leistungen nach dem SGB II,mit Migrationshintergrund,Frauen,%,5.9
2014,Leistungen nach dem SGB II,Insgesamt,Frauen,%,2.9
2013,Leistungen nach dem SGB II,Insgesamt,Insgesamt,%,3.3
2013,Leistungen nach dem SGB II,ohne Migrationshintergrund,Männer,%,2.7
2013,Leistungen nach dem SGB II,mit Migrationshintergrund,Männer,%,7.2
2013,Leistungen nach dem SGB II,Insgesamt,Männer,%,3.5
2013,Leistungen nach dem SGB II,ohne Migrationshintergrund,Frauen,%,2.4
2013,Leistungen nach dem SGB II,mit Migrationshintergrund,Frauen,%,6.2
2013,Leistungen nach dem SGB II,Insgesamt,Frauen,%,3.0
2012,Leistungen nach dem SGB II,Insgesamt,Insgesamt,%,3.3
2012,Leistungen nach dem SGB II,ohne Migrationshintergrund,Männer,%,2.8
2012,Leistungen nach dem SGB II,mit Migrationshintergrund,Männer,%,7.2
2012,Leistungen nach dem SGB II,Insgesamt,Männer,%,3.5
2012,Leistungen nach dem SGB II,ohne Migrationshintergrund,Frauen,%,2.4
2012,Leistungen nach dem SGB II,mit Migrationshintergrund,Frauen,%,6.3
2012,Leistungen nach dem SGB II,Insgesamt,Frauen,%,3.1
2011,Leistungen nach dem SGB II,Insgesamt,Insgesamt,%,3.6
2011,Leistungen nach dem SGB II,ohne Migrationshintergrund,Männer,%,2.9
2011,Leistungen nach dem SGB II,mit Migrationshintergrund,Männer,%,8.4
2011,Leistungen nach dem SGB II,Insgesamt,Männer,%,3.8
2011,Leistungen nach dem SGB II,ohne Migrationshintergrund,Frauen,%,2.6
2011,Leistungen nach dem SGB II,mit Migrationshintergrund,Frauen,%,7.6
2011,Leistungen nach dem SGB II,Insgesamt,Frauen,%,3.4
2019,sonstige Unterstützungen (z.B. BAföG  Elterngeld),Insgesamt,Insgesamt,%,1.3
2019,sonstige Unterstützungen (z.B. BAföG  Elterngeld),ohne Migrationshintergrund,Männer,%,1
2019,sonstige Unterstützungen (z.B. BAföG  Elterngeld),mit Migrationshintergrund,Männer,%,2.6
2019,sonstige Unterstützungen (z.B. BAföG  Elterngeld),Insgesamt,Männer,%,1.3
2019,sonstige Unterstützungen (z.B. BAföG  Elterngeld),ohne Migrationshintergrund,Frauen,%,1
2019,sonstige Unterstützungen (z.B. BAföG  Elterngeld),mit Migrationshintergrund,Frauen,%,2.1
2019,sonstige Unterstützungen (z.B. BAföG  Elterngeld),Insgesamt,Frauen,%,1.2
2018,sonstige Unterstützungen (z.B. BAföG  Elterngeld),Insgesamt,Insgesamt,%,1.3
2018,sonstige Unterstützungen (z.B. BAföG  Elterngeld),ohne Migrationshintergrund,Männer,%,1.0
2018,sonstige Unterstützungen (z.B. BAföG  Elterngeld),mit Migrationshintergrund,Männer,%,2.6
2018,sonstige Unterstützungen (z.B. BAföG  Elterngeld),Insgesamt,Männer,%,1.3
2018,sonstige Unterstützungen (z.B. BAföG  Elterngeld),ohne Migrationshintergrund,Frauen,%,1.0
2018,sonstige Unterstützungen (z.B. BAföG  Elterngeld),mit Migrationshintergrund,Frauen,%,2.2
2018,sonstige Unterstützungen (z.B. BAföG  Elterngeld),Insgesamt,Frauen,%,1.3
2017,sonstige Unterstützungen (z.B. BAföG  Elterngeld),Insgesamt,Insgesamt,%,1.8
2017,sonstige Unterstützungen (z.B. BAföG  Elterngeld),ohne Migrationshintergrund,Männer,%,1.2
2017,sonstige Unterstützungen (z.B. BAföG  Elterngeld),mit Migrationshintergrund,Männer,%,4.4
2017,sonstige Unterstützungen (z.B. BAföG  Elterngeld),Insgesamt,Männer,%,1.9
2017,sonstige Unterstützungen (z.B. BAföG  Elterngeld),ohne Migrationshintergrund,Frauen,%,1.4
2017,sonstige Unterstützungen (z.B. BAföG  Elterngeld),mit Migrationshintergrund,Frauen,%,3.2
2017,sonstige Unterstützungen (z.B. BAföG  Elterngeld),Insgesamt,Frauen,%,1.7
2016,sonstige Unterstützungen (z.B. BAföG  Elterngeld),Insgesamt,Insgesamt,%,1.4
2016,sonstige Unterstützungen (z.B. BAföG  Elterngeld),ohne Migrationshintergrund,Männer,%,0.9
2016,sonstige Unterstützungen (z.B. BAföG  Elterngeld),mit Migrationshintergrund,Männer,%,3.9
2016,sonstige Unterstützungen (z.B. BAföG  Elterngeld),Insgesamt,Männer,%,1.5
2016,sonstige Unterstützungen (z.B. BAföG  Elterngeld),ohne Migrationshintergrund,Frauen,%,0.9
2016,sonstige Unterstützungen (z.B. BAföG  Elterngeld),mit Migrationshintergrund,Frauen,%,2.8
2016,sonstige Unterstützungen (z.B. BAföG  Elterngeld),Insgesamt,Frauen,%,1.3
2015,sonstige Unterstützungen (z.B. BAföG  Elterngeld),Insgesamt,Insgesamt,%,1.8
2015,sonstige Unterstützungen (z.B. BAföG  Elterngeld),ohne Migrationshintergrund,Männer,%,1.2
2015,sonstige Unterstützungen (z.B. BAföG  Elterngeld),mit Migrationshintergrund,Männer,%,4.2
2015,sonstige Unterstützungen (z.B. BAföG  Elterngeld),Insgesamt,Männer,%,1.9
2015,sonstige Unterstützungen (z.B. BAföG  Elterngeld),ohne Migrationshintergrund,Frauen,%,1.4
2015,sonstige Unterstützungen (z.B. BAföG  Elterngeld),mit Migrationshintergrund,Frauen,%,3.2
2015,sonstige Unterstützungen (z.B. BAföG  Elterngeld),Insgesamt,Frauen,%,1.7
2014,sonstige Unterstützungen (z.B. BAföG  Elterngeld),Insgesamt,Insgesamt,%,0.7
2014,sonstige Unterstützungen (z.B. BAföG  Elterngeld),ohne Migrationshintergrund,Männer,%,0.6
2014,sonstige Unterstützungen (z.B. BAföG  Elterngeld),mit Migrationshintergrund,Männer,%,(1.0)
2014,sonstige Unterstützungen (z.B. BAföG  Elterngeld),Insgesamt,Männer,%,0.7
2014,sonstige Unterstützungen (z.B. BAföG  Elterngeld),ohne Migrationshintergrund,Frauen,%,0.6
2014,sonstige Unterstützungen (z.B. BAföG  Elterngeld),mit Migrationshintergrund,Frauen,%,(0.9)
2014,sonstige Unterstützungen (z.B. BAföG  Elterngeld),Insgesamt,Frauen,%,0.7
2013,sonstige Unterstützungen (z.B. BAföG  Elterngeld),Insgesamt,Insgesamt,%,0.7
2013,sonstige Unterstützungen (z.B. BAföG  Elterngeld),ohne Migrationshintergrund,Männer,%,0.6
2013,sonstige Unterstützungen (z.B. BAföG  Elterngeld),mit Migrationshintergrund,Männer,%,(1.1)
2013,sonstige Unterstützungen (z.B. BAföG  Elterngeld),Insgesamt,Männer,%,0.7
2013,sonstige Unterstützungen (z.B. BAföG  Elterngeld),ohne Migrationshintergrund,Frauen,%,0.5
2013,sonstige Unterstützungen (z.B. BAföG  Elterngeld),mit Migrationshintergrund,Frauen,%,(1.0)
2013,sonstige Unterstützungen (z.B. BAföG  Elterngeld),Insgesamt,Frauen,%,0.6
2012,sonstige Unterstützungen (z.B. BAföG  Elterngeld),Insgesamt,Insgesamt,%,1.0
2012,sonstige Unterstützungen (z.B. BAföG  Elterngeld),ohne Migrationshintergrund,Männer,%,0.9
2012,sonstige Unterstützungen (z.B. BAföG  Elterngeld),mit Migrationshintergrund,Männer,%,(1.2)
2012,sonstige Unterstützungen (z.B. BAföG  Elterngeld),Insgesamt,Männer,%,0.9
2012,sonstige Unterstützungen (z.B. BAföG  Elterngeld),ohne Migrationshintergrund,Frauen,%,0.9
2012,sonstige Unterstützungen (z.B. BAföG  Elterngeld),mit Migrationshintergrund,Frauen,%,1.5
2012,sonstige Unterstützungen (z.B. BAföG  Elterngeld),Insgesamt,Frauen,%,1.0
2011,sonstige Unterstützungen (z.B. BAföG  Elterngeld),Insgesamt,Insgesamt,%,0.9
2011,sonstige Unterstützungen (z.B. BAföG  Elterngeld),ohne Migrationshintergrund,Männer,%,0.8
2011,sonstige Unterstützungen (z.B. BAföG  Elterngeld),mit Migrationshintergrund,Männer,%,(1.3)
2011,sonstige Unterstützungen (z.B. BAföG  Elterngeld),Insgesamt,Männer,%,0.9
2011,sonstige Unterstützungen (z.B. BAföG  Elterngeld),ohne Migrationshintergrund,Frauen,%,0.9
2011,sonstige Unterstützungen (z.B. BAföG  Elterngeld),mit Migrationshintergrund,Frauen,%,(1.3)
2011,sonstige Unterstützungen (z.B. BAföG  Elterngeld),Insgesamt,Frauen,%,0.9
2019,Elterngeld,Insgesamt,Insgesamt,%,0.4
2019,Elterngeld,ohne Migrationshintergrund,Männer,%,-0.1
2019,Elterngeld,mit Migrationshintergrund,Männer,%,0
2019,Elterngeld,Insgesamt,Männer,%,0
2019,Elterngeld,ohne Migrationshintergrund,Frauen,%,0.7
2019,Elterngeld,mit Migrationshintergrund,Frauen,%,-0.8
2019,Elterngeld,Insgesamt,Frauen,%,0.7
2018,Elterngeld,Insgesamt,Insgesamt,%,0.4
2018,Elterngeld,ohne Migrationshintergrund,Männer,%,(0.0)
2018,Elterngeld,mit Migrationshintergrund,Männer,%,-
2018,Elterngeld,Insgesamt,Männer,%,(0.0)
2018,Elterngeld,ohne Migrationshintergrund,Frauen,%,0.7
2018,Elterngeld,mit Migrationshintergrund,Frauen,%,(0.8)
2018,Elterngeld,Insgesamt,Frauen,%,0.7
2017,Elterngeld,Insgesamt,Insgesamt,%,0.4
2017,Elterngeld,ohne Migrationshintergrund,Männer,%,/
2017,Elterngeld,mit Migrationshintergrund,Männer,%,/
2017,Elterngeld,Insgesamt,Männer,%,/
2017,Elterngeld,ohne Migrationshintergrund,Frauen,%,0.7
2017,Elterngeld,mit Migrationshintergrund,Frauen,%,(0.6)
2017,Elterngeld,Insgesamt,Frauen,%,0.7
2016,Elterngeld,Insgesamt,Insgesamt,%,0.3
2016,Elterngeld,ohne Migrationshintergrund,Männer,%,/
2016,Elterngeld,mit Migrationshintergrund,Männer,%,/
2016,Elterngeld,Insgesamt,Männer,%,/
2016,Elterngeld,ohne Migrationshintergrund,Frauen,%,0.6
2016,Elterngeld,mit Migrationshintergrund,Frauen,%,(0.7)
2016,Elterngeld,Insgesamt,Frauen,%,0.6
2015,Elterngeld,Insgesamt,Insgesamt,%,0.4
2015,Elterngeld,ohne Migrationshintergrund,Männer,%,/
2015,Elterngeld,mit Migrationshintergrund,Männer,%,/
2015,Elterngeld,Insgesamt,Männer,%,/
2015,Elterngeld,ohne Migrationshintergrund,Frauen,%,0.7
2015,Elterngeld,mit Migrationshintergrund,Frauen,%,(0.6)
2015,Elterngeld,Insgesamt,Frauen,%,0.7
2014,Elterngeld,Insgesamt,Insgesamt,%,0.3
2014,Elterngeld,ohne Migrationshintergrund,Männer,%,/
2014,Elterngeld,mit Migrationshintergrund,Männer,%,/
2014,Elterngeld,Insgesamt,Männer,%,/
2014,Elterngeld,ohne Migrationshintergrund,Frauen,%,0.6
2014,Elterngeld,mit Migrationshintergrund,Frauen,%,/
2014,Elterngeld,Insgesamt,Frauen,%,0.6
2013,Elterngeld,Insgesamt,Insgesamt,%,0.3
2013,Elterngeld,ohne Migrationshintergrund,Männer,%,/
2013,Elterngeld,mit Migrationshintergrund,Männer,%,/
2013,Elterngeld,Insgesamt,Männer,%,/
2013,Elterngeld,ohne Migrationshintergrund,Frauen,%,0.5
2013,Elterngeld,mit Migrationshintergrund,Frauen,%,/
2013,Elterngeld,Insgesamt,Frauen,%,0.5
2012,Elterngeld,Insgesamt,Insgesamt,%,0.3
2012,Elterngeld,ohne Migrationshintergrund,Männer,%,/
2012,Elterngeld,mit Migrationshintergrund,Männer,%,/
2012,Elterngeld,Insgesamt,Männer,%,/
2012,Elterngeld,ohne Migrationshintergrund,Frauen,%,0.6
2012,Elterngeld,mit Migrationshintergrund,Frauen,%,/
2012,Elterngeld,Insgesamt,Frauen,%,0.6
2011,Elterngeld,Insgesamt,Insgesamt,%,0.3
2011,Elterngeld,ohne Migrationshintergrund,Männer,%,/
2011,Elterngeld,mit Migrationshintergrund,Männer,%,/
2011,Elterngeld,Insgesamt,Männer,%,/
2011,Elterngeld,ohne Migrationshintergrund,Frauen,%,0.6
2011,Elterngeld,mit Migrationshintergrund,Frauen,%,/
2011,Elterngeld,Insgesamt,Frauen,%,0.6
